nohup: ignoring input
using gpu:0 to train the model
using gpu:0 to train the model
cuda:0
Namespace(A_split=False, JK='sum', a_fold=100, aggregate=False, alpha=0.5, batch_size=1024, batch_tau=0.2, beta_inter=0.6, conv_layers=4, cuda=True, decay_epoch=10, device=device(type='cuda', index=0), device_id='0', domains='game_video', dropout=0.3, epoch=80, feature_dim=126, hidden_dim=126, k_tau=0.5, lambda_critic=0.3, leakey=0.05, load=False, log='logs.txt', log_epoch=1, lr=0.003, lr_decay=0.95, min_epoch=50, mode='train', model_file=None, model_name='gv', momentum=0.98, num_latent_factors=3, num_negative=100, optim='adam', patience=20, proj_layers=1, projection=1, rectify_epoch=30, residual=1, save=False, save_dir='./saved_models', seed=32, similarity_tau=0.1, test_sample_number=999, user_batch_size=256, weight_decay=0.0002)
number_user 25025
number_item 12319
/home/hourun/invariantCDR_v2/invariantCDR/utils/GraphMaker.py:46: RuntimeWarning: divide by zero encountered in power
  r_inv = np.power(rowsum, -1).flatten()
real graph loaded!
number_user 19457
number_item 8751
real graph loaded!
graph loaded!
Loading data from game_video with batch size 1024...
unseen test: 0
test length: 1381
unseen test: 0
test length: 1304
unseen test: 0
test length: 1435
unseen test: 0
test length: 1458
source_user_num 25025
target_user_num 19457
source_item_num 12319
target_item_num 8751
shared users id: 1737
test users 226, 217
unseen test: 0
dev length: 1000
unseen test: 0
dev length: 1000
source train data : 155036, target train data: 156091, source test data : 1304, target test data : 1458, source dev data : 1000, target dev data : 1000
inter loss 5.621651649475098, intra loss: 0.002051286632195115, critic loss: 3.3738114833831787
recommendation_loss: 2.96824049949646, critic_loss: 3.3738114833831787
inter loss 5.583678245544434, intra loss: 0.001993714366108179, critic loss: 3.3510046005249023
recommendation_loss: 3.1340224742889404, critic_loss: 3.3510046005249023
inter loss 5.566112518310547, intra loss: 0.0019484652439132333, critic loss: 3.340446949005127
recommendation_loss: 2.8863959312438965, critic_loss: 3.340446949005127
inter loss 5.571995735168457, intra loss: 0.0019105779938399792, critic loss: 3.343961715698242
recommendation_loss: 2.923720121383667, critic_loss: 3.343961715698242
inter loss 5.573297500610352, intra loss: 0.0018860776908695698, critic loss: 3.3447329998016357
recommendation_loss: 2.9023566246032715, critic_loss: 3.3447329998016357
inter loss 5.5634307861328125, intra loss: 0.0018808103632181883, critic loss: 3.338810920715332
recommendation_loss: 2.8395838737487793, critic_loss: 3.338810920715332
inter loss 5.557112693786621, intra loss: 0.0018691980512812734, critic loss: 3.3350155353546143
recommendation_loss: 2.8552439212799072, critic_loss: 3.3350155353546143
inter loss 5.559947967529297, intra loss: 0.001858603791333735, critic loss: 3.33671236038208
recommendation_loss: 2.8413913249969482, critic_loss: 3.33671236038208
inter loss 5.57595157623291, intra loss: 0.0018400977132841945, critic loss: 3.3463070392608643
recommendation_loss: 2.868906259536743, critic_loss: 3.3463070392608643
inter loss 5.571399688720703, intra loss: 0.0018391776829957962, critic loss: 3.3435757160186768
recommendation_loss: 2.8387644290924072, critic_loss: 3.3435757160186768
inter loss 5.563694477081299, intra loss: 0.0018355260835960507, critic loss: 3.3389511108398438
recommendation_loss: 2.814145803451538, critic_loss: 3.3389511108398438
inter loss 5.555239677429199, intra loss: 0.0018431260250508785, critic loss: 3.333881139755249
recommendation_loss: 2.820952892303467, critic_loss: 3.333881139755249
inter loss 5.554832458496094, intra loss: 0.0018417262472212315, critic loss: 3.3336362838745117
recommendation_loss: 2.805938959121704, critic_loss: 3.3336362838745117
inter loss 5.561918258666992, intra loss: 0.0018336258362978697, critic loss: 3.3378844261169434
recommendation_loss: 2.786278247833252, critic_loss: 3.3378844261169434
inter loss 5.56696081161499, intra loss: 0.0018184467917308211, critic loss: 3.3409039974212646
recommendation_loss: 2.79034161567688, critic_loss: 3.3409039974212646
inter loss 5.569234848022461, intra loss: 0.0018381655681878328, critic loss: 3.3422763347625732
recommendation_loss: 2.8104259967803955, critic_loss: 3.3422763347625732
inter loss 5.560333251953125, intra loss: 0.001835044240579009, critic loss: 3.3369340896606445
recommendation_loss: 2.8103911876678467, critic_loss: 3.3369340896606445
inter loss 5.564562797546387, intra loss: 0.001848546788096428, critic loss: 3.339477062225342
recommendation_loss: 2.7793405055999756, critic_loss: 3.339477062225342
inter loss 5.555144309997559, intra loss: 0.0018477817066013813, critic loss: 3.3338258266448975
recommendation_loss: 2.7871146202087402, critic_loss: 3.3338258266448975
inter loss 5.561705589294434, intra loss: 0.001846123836003244, critic loss: 3.337761878967285
recommendation_loss: 2.7974207401275635, critic_loss: 3.337761878967285
inter loss 5.553281784057617, intra loss: 0.0018402041168883443, critic loss: 3.33270525932312
recommendation_loss: 2.7981576919555664, critic_loss: 3.33270525932312
inter loss 5.559513092041016, intra loss: 0.0018635764718055725, critic loss: 3.336453437805176
recommendation_loss: 2.77498722076416, critic_loss: 3.336453437805176
inter loss 5.555769443511963, intra loss: 0.0018571133259683847, critic loss: 3.33420467376709
recommendation_loss: 2.7995429039001465, critic_loss: 3.33420467376709
inter loss 5.556931018829346, intra loss: 0.0018806098960340023, critic loss: 3.3349108695983887
recommendation_loss: 2.7923920154571533, critic_loss: 3.3349108695983887
inter loss 5.548479080200195, intra loss: 0.0018757162615656853, critic loss: 3.3298377990722656
recommendation_loss: 2.784808874130249, critic_loss: 3.3298377990722656
inter loss 5.560806751251221, intra loss: 0.0018603559583425522, critic loss: 3.337228298187256
recommendation_loss: 2.812542676925659, critic_loss: 3.337228298187256
inter loss 5.5530853271484375, intra loss: 0.0018744933186098933, critic loss: 3.3326010704040527
recommendation_loss: 2.7842702865600586, critic_loss: 3.3326010704040527
inter loss 5.549309730529785, intra loss: 0.0018965359777212143, critic loss: 3.3303446769714355
recommendation_loss: 2.7906534671783447, critic_loss: 3.3303446769714355
inter loss 5.557339668273926, intra loss: 0.0018813711358234286, critic loss: 3.3351564407348633
recommendation_loss: 2.7706544399261475, critic_loss: 3.3351564407348633
inter loss 5.555089950561523, intra loss: 0.0018994644051417708, critic loss: 3.3338139057159424
recommendation_loss: 2.7860777378082275, critic_loss: 3.3338139057159424
inter loss 5.555794715881348, intra loss: 0.001920944545418024, critic loss: 3.334245443344116
recommendation_loss: 2.769238233566284, critic_loss: 3.334245443344116
inter loss 5.555360794067383, intra loss: 0.0019351593218743801, critic loss: 3.3339908123016357
recommendation_loss: 2.7821993827819824, critic_loss: 3.3339908123016357
inter loss 5.555777072906494, intra loss: 0.0019424778874963522, critic loss: 3.3342432975769043
recommendation_loss: 2.774290084838867, critic_loss: 3.3342432975769043
inter loss 5.560028553009033, intra loss: 0.0019272735808044672, critic loss: 3.3367881774902344
recommendation_loss: 2.787177085876465, critic_loss: 3.3367881774902344
inter loss 5.549769401550293, intra loss: 0.0019428289961069822, critic loss: 3.330639123916626
recommendation_loss: 2.7867627143859863, critic_loss: 3.330639123916626
inter loss 5.5514068603515625, intra loss: 0.001954685663804412, critic loss: 3.3316259384155273
recommendation_loss: 2.8003647327423096, critic_loss: 3.3316259384155273
inter loss 5.550091743469238, intra loss: 0.001962191890925169, critic loss: 3.3308401107788086
recommendation_loss: 2.77162766456604, critic_loss: 3.3308401107788086
inter loss 5.552185535430908, intra loss: 0.001984937582165003, critic loss: 3.3321053981781006
recommendation_loss: 2.783781051635742, critic_loss: 3.3321053981781006
inter loss 5.54446268081665, intra loss: 0.001961332745850086, critic loss: 3.3274624347686768
recommendation_loss: 2.798053026199341, critic_loss: 3.3274624347686768
inter loss 5.549591064453125, intra loss: 0.0019765954930335283, critic loss: 3.330545425415039
recommendation_loss: 2.7825100421905518, critic_loss: 3.330545425415039
inter loss 5.552859306335449, intra loss: 0.0019940300844609737, critic loss: 3.3325133323669434
recommendation_loss: 2.774806261062622, critic_loss: 3.3325133323669434
inter loss 5.545876502990723, intra loss: 0.0019983681850135326, critic loss: 3.3283255100250244
recommendation_loss: 2.7773361206054688, critic_loss: 3.3283255100250244
inter loss 5.542684555053711, intra loss: 0.001990320160984993, critic loss: 3.326406955718994
recommendation_loss: 2.7678427696228027, critic_loss: 3.326406955718994
inter loss 5.545378684997559, intra loss: 0.0020202435553073883, critic loss: 3.328035354614258
recommendation_loss: 2.770939826965332, critic_loss: 3.328035354614258
inter loss 5.540686130523682, intra loss: 0.0020227315835654736, critic loss: 3.325221061706543
recommendation_loss: 2.77752947807312, critic_loss: 3.325221061706543
inter loss 5.545046806335449, intra loss: 0.002017578110098839, critic loss: 3.3278353214263916
recommendation_loss: 2.7885024547576904, critic_loss: 3.3278353214263916
inter loss 5.540762901306152, intra loss: 0.0020135007798671722, critic loss: 3.325263261795044
recommendation_loss: 2.7801685333251953, critic_loss: 3.325263261795044
inter loss 5.548749923706055, intra loss: 0.002025255933403969, critic loss: 3.3300602436065674
recommendation_loss: 2.770610809326172, critic_loss: 3.3300602436065674
inter loss 5.548827171325684, intra loss: 0.002054118551313877, critic loss: 3.33011794090271
recommendation_loss: 2.783696413040161, critic_loss: 3.33011794090271
inter loss 5.543122291564941, intra loss: 0.0020265616476535797, critic loss: 3.3266842365264893
recommendation_loss: 2.7764713764190674, critic_loss: 3.3266842365264893
inter loss 5.54176139831543, intra loss: 0.00205800449475646, critic loss: 3.325880289077759
recommendation_loss: 2.778750419616699, critic_loss: 3.325880289077759
inter loss 5.544395923614502, intra loss: 0.002047737827524543, critic loss: 3.3274569511413574
recommendation_loss: 2.7683401107788086, critic_loss: 3.3274569511413574
inter loss 5.534095764160156, intra loss: 0.002063665073364973, critic loss: 3.3212831020355225
recommendation_loss: 2.7602152824401855, critic_loss: 3.3212831020355225
inter loss 5.548090934753418, intra loss: 0.0020645144395530224, critic loss: 3.3296806812286377
recommendation_loss: 2.7654824256896973, critic_loss: 3.3296806812286377
inter loss 5.5465898513793945, intra loss: 0.002078910591080785, critic loss: 3.3287856578826904
recommendation_loss: 2.7683238983154297, critic_loss: 3.3287856578826904
inter loss 5.536286354064941, intra loss: 0.0020733627025038004, critic loss: 3.322601318359375
recommendation_loss: 2.765489339828491, critic_loss: 3.322601318359375
inter loss 5.540947914123535, intra loss: 0.002079916186630726, critic loss: 3.3254010677337646
recommendation_loss: 2.751384735107422, critic_loss: 3.3254010677337646
inter loss 5.544267177581787, intra loss: 0.0021076102275401354, critic loss: 3.3274035453796387
recommendation_loss: 2.768414258956909, critic_loss: 3.3274035453796387
inter loss 5.54301118850708, intra loss: 0.0020953048951923847, critic loss: 3.3266448974609375
recommendation_loss: 2.7601466178894043, critic_loss: 3.3266448974609375
inter loss 5.53895378112793, intra loss: 0.002110379282385111, critic loss: 3.324216604232788
recommendation_loss: 2.7574853897094727, critic_loss: 3.324216604232788
inter loss 5.525420188903809, intra loss: 0.002079091500490904, critic loss: 3.3160839080810547
recommendation_loss: 2.755837917327881, critic_loss: 3.3160839080810547
inter loss 5.532517910003662, intra loss: 0.0021096407435834408, critic loss: 3.320354700088501
recommendation_loss: 2.753636360168457, critic_loss: 3.320354700088501
inter loss 5.536470413208008, intra loss: 0.002127579413354397, critic loss: 3.3227334022521973
recommendation_loss: 2.7335996627807617, critic_loss: 3.3227334022521973
inter loss 5.539742469787598, intra loss: 0.0021351915784180164, critic loss: 3.324699640274048
recommendation_loss: 2.73146390914917, critic_loss: 3.324699640274048
inter loss 5.534272193908691, intra loss: 0.002114091766998172, critic loss: 3.321409225463867
recommendation_loss: 2.7420573234558105, critic_loss: 3.321409225463867
inter loss 5.540060043334961, intra loss: 0.0021344637498259544, critic loss: 3.324889898300171
recommendation_loss: 2.7618939876556396, critic_loss: 3.324889898300171
inter loss 5.532510280609131, intra loss: 0.002130238339304924, critic loss: 3.3203585147857666
recommendation_loss: 2.7436678409576416, critic_loss: 3.3203585147857666
inter loss 5.538610458374023, intra loss: 0.0021324825938791037, critic loss: 3.324019432067871
recommendation_loss: 2.7325186729431152, critic_loss: 3.324019432067871
inter loss 5.53948974609375, intra loss: 0.002150261774659157, critic loss: 3.324554204940796
recommendation_loss: 2.751232624053955, critic_loss: 3.324554204940796
inter loss 5.5285844802856445, intra loss: 0.0021727734711021185, critic loss: 3.3180198669433594
recommendation_loss: 2.7217061519622803, critic_loss: 3.3180198669433594
inter loss 5.535164833068848, intra loss: 0.0021551274694502354, critic loss: 3.3219611644744873
recommendation_loss: 2.735595703125, critic_loss: 3.3219611644744873
inter loss 5.536262512207031, intra loss: 0.002161353128030896, critic loss: 3.322622060775757
recommendation_loss: 2.735996723175049, critic_loss: 3.322622060775757
inter loss 5.531363010406494, intra loss: 0.0021534741390496492, critic loss: 3.3196792602539062
recommendation_loss: 2.7283947467803955, critic_loss: 3.3196792602539062
inter loss 5.533156871795654, intra loss: 0.002150582615286112, critic loss: 3.3207545280456543
recommendation_loss: 2.723796844482422, critic_loss: 3.3207545280456543
inter loss 5.536171913146973, intra loss: 0.002150813350453973, critic loss: 3.322563409805298
recommendation_loss: 2.7444944381713867, critic_loss: 3.322563409805298
inter loss 5.527313232421875, intra loss: 0.002155522583052516, critic loss: 3.3172502517700195
recommendation_loss: 2.7402100563049316, critic_loss: 3.3172502517700195
inter loss 5.531257629394531, intra loss: 0.0021599801257252693, critic loss: 3.3196187019348145
recommendation_loss: 2.703585386276245, critic_loss: 3.3196187019348145
inter loss 5.541983127593994, intra loss: 0.0021563852205872536, critic loss: 3.326052665710449
recommendation_loss: 2.713531017303467, critic_loss: 3.326052665710449
inter loss 5.5374064445495605, intra loss: 0.0021419022232294083, critic loss: 3.323300838470459
recommendation_loss: 2.734074592590332, critic_loss: 3.323300838470459
inter loss 5.523654937744141, intra loss: 0.002130873268470168, critic loss: 3.3150453567504883
recommendation_loss: 2.7239341735839844, critic_loss: 3.3150453567504883
inter loss 5.530617713928223, intra loss: 0.002169974846765399, critic loss: 3.3192389011383057
recommendation_loss: 2.7274510860443115, critic_loss: 3.3192389011383057
inter loss 5.517704010009766, intra loss: 0.002155119087547064, critic loss: 3.3114845752716064
recommendation_loss: 2.734736919403076, critic_loss: 3.3114845752716064
inter loss 5.513899803161621, intra loss: 0.002161990851163864, critic loss: 3.3092048168182373
recommendation_loss: 2.6752429008483887, critic_loss: 3.3092048168182373
inter loss 5.528101444244385, intra loss: 0.002175076398998499, critic loss: 3.3177309036254883
recommendation_loss: 2.716932535171509, critic_loss: 3.3177309036254883
inter loss 5.524613380432129, intra loss: 0.002156928414478898, critic loss: 3.3156309127807617
recommendation_loss: 2.7213151454925537, critic_loss: 3.3156309127807617
inter loss 5.522444725036621, intra loss: 0.0021719057112932205, critic loss: 3.314335823059082
recommendation_loss: 2.7179784774780273, critic_loss: 3.314335823059082
inter loss 5.522526264190674, intra loss: 0.002174793044105172, critic loss: 3.3143858909606934
recommendation_loss: 2.7272160053253174, critic_loss: 3.3143858909606934
inter loss 5.509725570678711, intra loss: 0.002174672205001116, critic loss: 3.3067052364349365
recommendation_loss: 2.698404312133789, critic_loss: 3.3067052364349365
inter loss 5.530203819274902, intra loss: 0.0021798829548060894, critic loss: 3.3189942836761475
recommendation_loss: 2.7332048416137695, critic_loss: 3.3189942836761475
inter loss 5.510446548461914, intra loss: 0.0021812203340232372, critic loss: 3.307140350341797
recommendation_loss: 2.7166619300842285, critic_loss: 3.307140350341797
inter loss 5.504846572875977, intra loss: 0.0021944670006632805, critic loss: 3.303786039352417
recommendation_loss: 2.709883451461792, critic_loss: 3.303786039352417
inter loss 5.514962673187256, intra loss: 0.002186155878007412, critic loss: 3.309852361679077
recommendation_loss: 2.689831256866455, critic_loss: 3.309852361679077
inter loss 5.522547721862793, intra loss: 0.002171035623177886, critic loss: 3.314397096633911
recommendation_loss: 2.6926567554473877, critic_loss: 3.314397096633911
inter loss 5.501628875732422, intra loss: 0.0021747187711298466, critic loss: 3.301847457885742
recommendation_loss: 2.716890335083008, critic_loss: 3.301847457885742
inter loss 5.5102219581604, intra loss: 0.002186077181249857, critic loss: 3.3070077896118164
recommendation_loss: 2.6843020915985107, critic_loss: 3.3070077896118164
inter loss 5.507486343383789, intra loss: 0.0022041751071810722, critic loss: 3.3053736686706543
recommendation_loss: 2.674510955810547, critic_loss: 3.3053736686706543
inter loss 5.495598316192627, intra loss: 0.002170844003558159, critic loss: 3.298227548599243
recommendation_loss: 2.7020390033721924, critic_loss: 3.298227548599243
inter loss 5.501857757568359, intra loss: 0.002177060581743717, critic loss: 3.301985740661621
recommendation_loss: 2.728757381439209, critic_loss: 3.301985740661621
inter loss 5.50929069519043, intra loss: 0.002183020580559969, critic loss: 3.306447982788086
recommendation_loss: 2.6991822719573975, critic_loss: 3.306447982788086
inter loss 5.496379375457764, intra loss: 0.002187463454902172, critic loss: 3.2987027168273926
recommendation_loss: 2.6884193420410156, critic_loss: 3.2987027168273926
inter loss 5.502758979797363, intra loss: 0.002187115140259266, critic loss: 3.302530288696289
recommendation_loss: 2.6769628524780273, critic_loss: 3.302530288696289
inter loss 5.487255573272705, intra loss: 0.0021822848357260227, critic loss: 3.2932262420654297
recommendation_loss: 2.712249279022217, critic_loss: 3.2932262420654297
inter loss 5.517207145690918, intra loss: 0.002192145213484764, critic loss: 3.311201333999634
recommendation_loss: 2.6951849460601807, critic_loss: 3.311201333999634
inter loss 5.502199172973633, intra loss: 0.0021924395114183426, critic loss: 3.302196502685547
recommendation_loss: 2.686077356338501, critic_loss: 3.302196502685547
inter loss 5.4854021072387695, intra loss: 0.0022197149228304625, critic loss: 3.2921292781829834
recommendation_loss: 2.697831869125366, critic_loss: 3.2921292781829834
inter loss 5.487002372741699, intra loss: 0.0022055732551962137, critic loss: 3.293083667755127
recommendation_loss: 2.6679258346557617, critic_loss: 3.293083667755127
inter loss 5.483768463134766, intra loss: 0.0021959133446216583, critic loss: 3.291139602661133
recommendation_loss: 2.6776974201202393, critic_loss: 3.291139602661133
inter loss 5.483587265014648, intra loss: 0.0021990961395204067, critic loss: 3.291032075881958
recommendation_loss: 2.6480813026428223, critic_loss: 3.291032075881958
inter loss 5.474547386169434, intra loss: 0.002202882431447506, critic loss: 3.285609722137451
recommendation_loss: 2.6558847427368164, critic_loss: 3.285609722137451
inter loss 5.499042510986328, intra loss: 0.0021844948641955853, critic loss: 3.3002994060516357
recommendation_loss: 2.6397147178649902, critic_loss: 3.3002994060516357
inter loss 5.467344284057617, intra loss: 0.002182556549087167, critic loss: 3.2812798023223877
recommendation_loss: 2.637392997741699, critic_loss: 3.2812798023223877
inter loss 5.470052719116211, intra loss: 0.0021719271317124367, critic loss: 3.28290057182312
recommendation_loss: 2.6356029510498047, critic_loss: 3.28290057182312
inter loss 5.446043491363525, intra loss: 0.002143767662346363, critic loss: 3.268483877182007
recommendation_loss: 2.654066324234009, critic_loss: 3.268483877182007
inter loss 5.469063758850098, intra loss: 0.0021363450214266777, critic loss: 3.2822928428649902
recommendation_loss: 2.625356674194336, critic_loss: 3.2822928428649902
inter loss 5.494065284729004, intra loss: 0.002149781212210655, critic loss: 3.297299385070801
recommendation_loss: 2.5829787254333496, critic_loss: 3.297299385070801
inter loss 5.449779510498047, intra loss: 0.0021145003847777843, critic loss: 3.2707138061523438
recommendation_loss: 2.567321538925171, critic_loss: 3.2707138061523438
inter loss 5.477688789367676, intra loss: 0.0021295349579304457, critic loss: 3.2874653339385986
recommendation_loss: 2.576785087585449, critic_loss: 3.2874653339385986
inter loss 5.474206924438477, intra loss: 0.0021224478259682655, critic loss: 3.2853732109069824
recommendation_loss: 2.5735690593719482, critic_loss: 3.2853732109069824
inter loss 5.444124221801758, intra loss: 0.0020857308991253376, critic loss: 3.2673089504241943
recommendation_loss: 2.5841777324676514, critic_loss: 3.2673089504241943
inter loss 5.486893653869629, intra loss: 0.002079919446259737, critic loss: 3.292968511581421
recommendation_loss: 2.5621824264526367, critic_loss: 3.292968511581421
inter loss 5.4510297775268555, intra loss: 0.002117113210260868, critic loss: 3.2714648246765137
recommendation_loss: 2.5053257942199707, critic_loss: 3.2714648246765137
inter loss 5.466153144836426, intra loss: 0.0020676827989518642, critic loss: 3.2805190086364746
recommendation_loss: 2.4853646755218506, critic_loss: 3.2805190086364746
inter loss 5.459882736206055, intra loss: 0.0020961430855095387, critic loss: 3.276768207550049
recommendation_loss: 2.5165138244628906, critic_loss: 3.276768207550049
inter loss 5.44915246963501, intra loss: 0.0020772567950189114, critic loss: 3.270322561264038
recommendation_loss: 2.55607271194458, critic_loss: 3.270322561264038
inter loss 5.466310501098633, intra loss: 0.002087279921397567, critic loss: 3.280621290206909
recommendation_loss: 2.481165885925293, critic_loss: 3.280621290206909
inter loss 5.465536117553711, intra loss: 0.002108424436300993, critic loss: 3.280165195465088
recommendation_loss: 2.523447036743164, critic_loss: 3.280165195465088
inter loss 5.453239440917969, intra loss: 0.002110340166836977, critic loss: 3.2727880477905273
recommendation_loss: 2.538987159729004, critic_loss: 3.2727880477905273
inter loss 5.433045387268066, intra loss: 0.0021132840774953365, critic loss: 3.2606728076934814
recommendation_loss: 2.479198455810547, critic_loss: 3.2606728076934814
inter loss 5.426339626312256, intra loss: 0.002106819534674287, critic loss: 3.2566466331481934
recommendation_loss: 2.4964842796325684, critic_loss: 3.2566466331481934
inter loss 5.4190897941589355, intra loss: 0.0021029608324170113, critic loss: 3.2522952556610107
recommendation_loss: 2.5176355838775635, critic_loss: 3.2522952556610107
inter loss 5.429344177246094, intra loss: 0.002113508991897106, critic loss: 3.2584521770477295
recommendation_loss: 2.5185904502868652, critic_loss: 3.2584521770477295
inter loss 5.42011833190918, intra loss: 0.002111875917762518, critic loss: 3.252915859222412
recommendation_loss: 2.5365114212036133, critic_loss: 3.252915859222412
inter loss 5.387117385864258, intra loss: 0.0021344064734876156, critic loss: 3.233124256134033
recommendation_loss: 2.464994430541992, critic_loss: 3.233124256134033
inter loss 5.4221673011779785, intra loss: 0.0021395236253738403, critic loss: 3.2541563510894775
recommendation_loss: 2.4703681468963623, critic_loss: 3.2541563510894775
inter loss 5.413750648498535, intra loss: 0.002152994740754366, critic loss: 3.2491116523742676
recommendation_loss: 2.4416885375976562, critic_loss: 3.2491116523742676
inter loss 5.405194282531738, intra loss: 0.002164491917937994, critic loss: 3.2439823150634766
recommendation_loss: 2.53521728515625, critic_loss: 3.2439823150634766
inter loss 5.378939628601074, intra loss: 0.0021627757232636213, critic loss: 3.22822904586792
recommendation_loss: 2.4497694969177246, critic_loss: 3.22822904586792
inter loss 5.428682804107666, intra loss: 0.0021632355637848377, critic loss: 3.258074998855591
recommendation_loss: 2.512038230895996, critic_loss: 3.258074998855591
inter loss 5.418006420135498, intra loss: 0.002190042519941926, critic loss: 3.2516798973083496
recommendation_loss: 2.4248270988464355, critic_loss: 3.2516798973083496
inter loss 5.375886917114258, intra loss: 0.0021861661225557327, critic loss: 3.2264068126678467
recommendation_loss: 2.4784536361694336, critic_loss: 3.2264068126678467
inter loss 5.382205963134766, intra loss: 0.0021823919378221035, critic loss: 3.230196475982666
recommendation_loss: 2.4745736122131348, critic_loss: 3.230196475982666
inter loss 5.352374076843262, intra loss: 0.002199323382228613, critic loss: 3.2123043537139893
recommendation_loss: 2.460925579071045, critic_loss: 3.2123043537139893
inter loss 5.384199619293213, intra loss: 0.0022028659004718065, critic loss: 3.231401205062866
recommendation_loss: 2.4036152362823486, critic_loss: 3.231401205062866
inter loss 5.361701011657715, intra loss: 0.0022167784627527, critic loss: 3.217907428741455
recommendation_loss: 2.478144884109497, critic_loss: 3.217907428741455
inter loss 5.303411960601807, intra loss: 0.0022059986367821693, critic loss: 3.182929754257202
recommendation_loss: 2.4680721759796143, critic_loss: 3.182929754257202
inter loss 5.340675354003906, intra loss: 0.0022008544765412807, critic loss: 3.2052855491638184
recommendation_loss: 2.47098970413208, critic_loss: 3.2052855491638184
inter loss 5.351830005645752, intra loss: 0.002236580941826105, critic loss: 3.2119927406311035
recommendation_loss: 2.4772257804870605, critic_loss: 3.2119927406311035
inter loss 5.336086273193359, intra loss: 0.0022394885309040546, critic loss: 3.202547550201416
recommendation_loss: 2.518265724182129, critic_loss: 3.202547550201416
inter loss 5.329469680786133, intra loss: 0.0022293897345662117, critic loss: 3.198573589324951
recommendation_loss: 2.4384279251098633, critic_loss: 3.198573589324951
inter loss 5.366583347320557, intra loss: 0.0022420822642743587, critic loss: 3.2208471298217773
recommendation_loss: 2.455057144165039, critic_loss: 3.2208471298217773
inter loss 5.2860565185546875, intra loss: 0.002234262879937887, critic loss: 3.172527551651001
recommendation_loss: 2.437286138534546, critic_loss: 3.172527551651001
inter loss 5.311427593231201, intra loss: 0.0022339140996336937, critic loss: 3.1877503395080566
recommendation_loss: 2.466569423675537, critic_loss: 3.1877503395080566
inter loss 5.33497428894043, intra loss: 0.0022437684237957, critic loss: 3.2018821239471436
recommendation_loss: 2.4504034519195557, critic_loss: 3.2018821239471436
inter loss 5.341617107391357, intra loss: 0.0022428182419389486, critic loss: 3.2058675289154053
recommendation_loss: 2.475088596343994, critic_loss: 3.2058675289154053
inter loss 5.30487060546875, intra loss: 0.0022549303248524666, critic loss: 3.1838245391845703
recommendation_loss: 2.408006191253662, critic_loss: 3.1838245391845703
inter loss 5.294023036956787, intra loss: 0.002248525619506836, critic loss: 3.1773133277893066
recommendation_loss: 2.4649658203125, critic_loss: 3.1773133277893066
inter loss 5.312132358551025, intra loss: 0.002261301502585411, critic loss: 3.1881840229034424
recommendation_loss: 2.424846649169922, critic_loss: 3.1881840229034424
inter loss 5.226325035095215, intra loss: 0.0022639231756329536, critic loss: 3.1367006301879883
recommendation_loss: 2.395047664642334, critic_loss: 3.1367006301879883
inter loss 5.31352424621582, intra loss: 0.0022933706641197205, critic loss: 3.1890320777893066
recommendation_loss: 2.3878085613250732, critic_loss: 3.1890320777893066
inter loss 5.228672027587891, intra loss: 0.0022614640183746815, critic loss: 3.138108015060425
recommendation_loss: 2.3835346698760986, critic_loss: 3.138108015060425
inter loss 5.234790802001953, intra loss: 0.002295504789799452, critic loss: 3.1417927742004395
recommendation_loss: 2.4797208309173584, critic_loss: 3.1417927742004395
inter loss 5.225412368774414, intra loss: 0.00233229948207736, critic loss: 3.1361804008483887
recommendation_loss: 2.3910491466522217, critic_loss: 3.1361804008483887
inter loss 5.2532148361206055, intra loss: 0.0022944072261452675, critic loss: 3.1528468132019043
recommendation_loss: 2.4749906063079834, critic_loss: 3.1528468132019043
inter loss 5.247478485107422, intra loss: 0.0023129768669605255, critic loss: 3.1494126319885254
recommendation_loss: 2.438872814178467, critic_loss: 3.1494126319885254
inter loss 5.268638610839844, intra loss: 0.0022914339788258076, critic loss: 3.162099838256836
recommendation_loss: 2.4637250900268555, critic_loss: 3.162099838256836
inter loss 5.170619010925293, intra loss: 0.002296558115631342, critic loss: 3.10329008102417
recommendation_loss: 2.5004868507385254, critic_loss: 3.10329008102417
inter loss 5.25442361831665, intra loss: 0.0022947939578443766, critic loss: 3.1535723209381104
recommendation_loss: 2.455512046813965, critic_loss: 3.1535723209381104
inter loss 5.17598819732666, intra loss: 0.0022675967775285244, critic loss: 3.1064999103546143
recommendation_loss: 2.481964111328125, critic_loss: 3.1064999103546143
inter loss 5.215160369873047, intra loss: 0.002274248283356428, critic loss: 3.1300060749053955
recommendation_loss: 2.4338483810424805, critic_loss: 3.1300060749053955
inter loss 5.254906177520752, intra loss: 0.0023007551208138466, critic loss: 3.1538641452789307
recommendation_loss: 2.4300365447998047, critic_loss: 3.1538641452789307
inter loss 5.122132301330566, intra loss: 0.002298906212672591, critic loss: 3.0741991996765137
recommendation_loss: 2.442159652709961, critic_loss: 3.0741991996765137
inter loss 5.2132110595703125, intra loss: 0.002299219835549593, critic loss: 3.1288464069366455
recommendation_loss: 2.4157378673553467, critic_loss: 3.1288464069366455
inter loss 5.156560897827148, intra loss: 0.0023384885862469673, critic loss: 3.094871997833252
recommendation_loss: 2.4347281455993652, critic_loss: 3.094871997833252
inter loss 5.165227890014648, intra loss: 0.002323855645954609, critic loss: 3.1000664234161377
recommendation_loss: 2.4344470500946045, critic_loss: 3.1000664234161377
inter loss 5.178051948547363, intra loss: 0.0023286109790205956, critic loss: 3.1077628135681152
recommendation_loss: 2.445293664932251, critic_loss: 3.1077628135681152
inter loss 5.086659908294678, intra loss: 0.0023304084315896034, critic loss: 3.0529282093048096
recommendation_loss: 2.4132914543151855, critic_loss: 3.0529282093048096
inter loss 5.132741928100586, intra loss: 0.0023175766691565514, critic loss: 3.0805723667144775
recommendation_loss: 2.4375181198120117, critic_loss: 3.0805723667144775
inter loss 5.104997158050537, intra loss: 0.0023259283043444157, critic loss: 3.0639288425445557
recommendation_loss: 2.4225714206695557, critic_loss: 3.0639288425445557
inter loss 5.117387771606445, intra loss: 0.002345071639865637, critic loss: 3.071370840072632
recommendation_loss: 2.462925910949707, critic_loss: 3.071370840072632
inter loss 5.094552040100098, intra loss: 0.002325094770640135, critic loss: 3.057661533355713
recommendation_loss: 2.368795394897461, critic_loss: 3.057661533355713
inter loss 5.1001129150390625, intra loss: 0.0023300605826079845, critic loss: 3.060999870300293
recommendation_loss: 2.4875335693359375, critic_loss: 3.060999870300293
inter loss 5.084678649902344, intra loss: 0.0023361598141491413, critic loss: 3.051741600036621
recommendation_loss: 2.413053274154663, critic_loss: 3.051741600036621
inter loss 5.036055564880371, intra loss: 0.002323309425264597, critic loss: 3.0225627422332764
recommendation_loss: 2.3602781295776367, critic_loss: 3.0225627422332764
inter loss 5.07847785949707, intra loss: 0.0023436853662133217, critic loss: 3.0480244159698486
recommendation_loss: 2.4195239543914795, critic_loss: 3.0480244159698486
inter loss 5.007364273071289, intra loss: 0.0023319122847169638, critic loss: 3.0053513050079346
recommendation_loss: 2.4204912185668945, critic_loss: 3.0053513050079346
inter loss 5.053279876708984, intra loss: 0.0023378082551062107, critic loss: 3.0329031944274902
recommendation_loss: 2.409550189971924, critic_loss: 3.0329031944274902
inter loss 5.004857540130615, intra loss: 0.002317816950380802, critic loss: 3.0038418769836426
recommendation_loss: 2.397268295288086, critic_loss: 3.0038418769836426
inter loss 5.030516624450684, intra loss: 0.00233118305914104, critic loss: 3.019242525100708
recommendation_loss: 2.408872127532959, critic_loss: 3.019242525100708
inter loss 4.967153549194336, intra loss: 0.0023315607104450464, critic loss: 2.98122501373291
recommendation_loss: 2.3942534923553467, critic_loss: 2.98122501373291
inter loss 4.996223449707031, intra loss: 0.002356200711801648, critic loss: 2.9986765384674072
recommendation_loss: 2.4256715774536133, critic_loss: 2.9986765384674072
inter loss 5.062461853027344, intra loss: 0.0023348319809883833, critic loss: 3.0384111404418945
recommendation_loss: 2.408830165863037, critic_loss: 3.0384111404418945
inter loss 5.050427436828613, intra loss: 0.0023342478089034557, critic loss: 3.0311901569366455
recommendation_loss: 2.396915912628174, critic_loss: 3.0311901569366455
inter loss 4.941779136657715, intra loss: 0.0023327136877924204, critic loss: 2.96600079536438
recommendation_loss: 2.403594970703125, critic_loss: 2.96600079536438
inter loss 4.970027446746826, intra loss: 0.002338218269869685, critic loss: 2.9829518795013428
recommendation_loss: 2.3874943256378174, critic_loss: 2.9829518795013428
inter loss 4.964173316955566, intra loss: 0.002362719736993313, critic loss: 2.9794492721557617
recommendation_loss: 2.360095739364624, critic_loss: 2.9794492721557617
inter loss 4.9725022315979, intra loss: 0.00238597858697176, critic loss: 2.9844558238983154
recommendation_loss: 2.398261785507202, critic_loss: 2.9844558238983154
inter loss 4.9067230224609375, intra loss: 0.0023719139862805605, critic loss: 2.9449825286865234
recommendation_loss: 2.345132350921631, critic_loss: 2.9449825286865234
inter loss 4.974643707275391, intra loss: 0.0023635560646653175, critic loss: 2.985731601715088
recommendation_loss: 2.461533546447754, critic_loss: 2.985731601715088
inter loss 4.8836517333984375, intra loss: 0.0023585623130202293, critic loss: 2.9311344623565674
recommendation_loss: 2.3910470008850098, critic_loss: 2.9311344623565674
inter loss 4.866338729858398, intra loss: 0.0023792218416929245, critic loss: 2.92075514793396
recommendation_loss: 2.4211158752441406, critic_loss: 2.92075514793396
inter loss 4.919134140014648, intra loss: 0.0023638862185180187, critic loss: 2.9524261951446533
recommendation_loss: 2.4310688972473145, critic_loss: 2.9524261951446533
inter loss 4.8814802169799805, intra loss: 0.002358943922445178, critic loss: 2.9298319816589355
recommendation_loss: 2.3989157676696777, critic_loss: 2.9298319816589355
inter loss 4.890890598297119, intra loss: 0.0023665260523557663, critic loss: 2.935481071472168
recommendation_loss: 2.4199042320251465, critic_loss: 2.935481071472168
inter loss 4.893437385559082, intra loss: 0.0023705726489424706, critic loss: 2.9370107650756836
recommendation_loss: 2.363516330718994, critic_loss: 2.9370107650756836
inter loss 4.954810619354248, intra loss: 0.00237085809931159, critic loss: 2.973834991455078
recommendation_loss: 2.388731002807617, critic_loss: 2.973834991455078
inter loss 4.833366870880127, intra loss: 0.002395905554294586, critic loss: 2.9009785652160645
recommendation_loss: 2.349341869354248, critic_loss: 2.9009785652160645
inter loss 4.774298667907715, intra loss: 0.002364775398746133, critic loss: 2.865525007247925
recommendation_loss: 2.414506435394287, critic_loss: 2.865525007247925
inter loss 4.824082374572754, intra loss: 0.0023630885407328606, critic loss: 2.895394802093506
recommendation_loss: 2.3852763175964355, critic_loss: 2.895394802093506
inter loss 4.882932662963867, intra loss: 0.0023684618063271046, critic loss: 2.9307072162628174
recommendation_loss: 2.4274415969848633, critic_loss: 2.9307072162628174
inter loss 4.806410312652588, intra loss: 0.002385442377999425, critic loss: 2.884800434112549
recommendation_loss: 2.417999744415283, critic_loss: 2.884800434112549
inter loss 4.786990165710449, intra loss: 0.0023887120187282562, critic loss: 2.873149871826172
recommendation_loss: 2.3823046684265137, critic_loss: 2.873149871826172
inter loss 4.868341445922852, intra loss: 0.0023737347219139338, critic loss: 2.921954393386841
recommendation_loss: 2.369436264038086, critic_loss: 2.921954393386841
inter loss 4.752082824707031, intra loss: 0.0023792993742972612, critic loss: 2.852201461791992
recommendation_loss: 2.300886869430542, critic_loss: 2.852201461791992
inter loss 4.761287689208984, intra loss: 0.0023948298767209053, critic loss: 2.8577306270599365
recommendation_loss: 2.411783218383789, critic_loss: 2.8577306270599365
inter loss 4.699143886566162, intra loss: 0.002399737946689129, critic loss: 2.820446252822876
recommendation_loss: 2.402817487716675, critic_loss: 2.820446252822876
inter loss 4.751337051391602, intra loss: 0.0023975318763405085, critic loss: 2.8517613410949707
recommendation_loss: 2.345827102661133, critic_loss: 2.8517613410949707
inter loss 4.826166152954102, intra loss: 0.0024122712202370167, critic loss: 2.896664619445801
recommendation_loss: 2.390012502670288, critic_loss: 2.896664619445801
inter loss 4.702871322631836, intra loss: 0.0023789729457348585, critic loss: 2.822674512863159
recommendation_loss: 2.3708415031433105, critic_loss: 2.822674512863159
inter loss 4.694973945617676, intra loss: 0.0024055009707808495, critic loss: 2.817946672439575
recommendation_loss: 2.376596450805664, critic_loss: 2.817946672439575
inter loss 4.733959197998047, intra loss: 0.002399167511612177, critic loss: 2.8413352966308594
recommendation_loss: 2.4146780967712402, critic_loss: 2.8413352966308594
inter loss 4.7419304847717285, intra loss: 0.002407501684501767, critic loss: 2.846121311187744
recommendation_loss: 2.3383090496063232, critic_loss: 2.846121311187744
inter loss 4.67631721496582, intra loss: 0.002420931588858366, critic loss: 2.8067588806152344
recommendation_loss: 2.3963489532470703, critic_loss: 2.8067588806152344
inter loss 4.726541042327881, intra loss: 0.0024095047265291214, critic loss: 2.836888313293457
recommendation_loss: 2.416891574859619, critic_loss: 2.836888313293457
inter loss 4.653839111328125, intra loss: 0.0024216091260313988, critic loss: 2.7932722568511963
recommendation_loss: 2.3960165977478027, critic_loss: 2.7932722568511963
inter loss 4.743713855743408, intra loss: 0.0023879206273704767, critic loss: 2.8471834659576416
recommendation_loss: 2.3595311641693115, critic_loss: 2.8471834659576416
inter loss 4.727319717407227, intra loss: 0.0023948061279952526, critic loss: 2.8373498916625977
recommendation_loss: 2.4044437408447266, critic_loss: 2.8373498916625977
inter loss 4.7107086181640625, intra loss: 0.0024176142178475857, critic loss: 2.827392339706421
recommendation_loss: 2.358673572540283, critic_loss: 2.827392339706421
inter loss 4.666313648223877, intra loss: 0.002413311507552862, critic loss: 2.800753593444824
recommendation_loss: 2.422114610671997, critic_loss: 2.800753593444824
inter loss 4.612277030944824, intra loss: 0.0024095322005450726, critic loss: 2.7683303356170654
recommendation_loss: 2.312635898590088, critic_loss: 2.7683303356170654
inter loss 4.6381120681762695, intra loss: 0.002441615564748645, critic loss: 2.783843994140625
recommendation_loss: 2.363363742828369, critic_loss: 2.783843994140625
inter loss 4.709817886352539, intra loss: 0.002441622782498598, critic loss: 2.8268673419952393
recommendation_loss: 2.3733744621276855, critic_loss: 2.8268673419952393
inter loss 4.641871452331543, intra loss: 0.0024348099250346422, critic loss: 2.7860968112945557
recommendation_loss: 2.3594748973846436, critic_loss: 2.7860968112945557
inter loss 4.610256195068359, intra loss: 0.0024543229956179857, critic loss: 2.7671356201171875
recommendation_loss: 2.425356149673462, critic_loss: 2.7671356201171875
inter loss 4.570987701416016, intra loss: 0.0024424283765256405, critic loss: 2.743569850921631
recommendation_loss: 2.410245895385742, critic_loss: 2.743569850921631
inter loss 4.613714694976807, intra loss: 0.002459903247654438, critic loss: 2.7692129611968994
recommendation_loss: 2.417120933532715, critic_loss: 2.7692129611968994
inter loss 4.581301689147949, intra loss: 0.0024508927017450333, critic loss: 2.7497615814208984
recommendation_loss: 2.418400764465332, critic_loss: 2.7497615814208984
inter loss 4.575665473937988, intra loss: 0.0024301940575242043, critic loss: 2.7463715076446533
recommendation_loss: 2.422441005706787, critic_loss: 2.7463715076446533
inter loss 4.570083141326904, intra loss: 0.0024512438103556633, critic loss: 2.743030548095703
recommendation_loss: 2.344370126724243, critic_loss: 2.743030548095703
inter loss 4.62169075012207, intra loss: 0.0024520070292055607, critic loss: 2.7739953994750977
recommendation_loss: 2.3573501110076904, critic_loss: 2.7739953994750977
inter loss 4.538444519042969, intra loss: 0.002461100462824106, critic loss: 2.7240512371063232
recommendation_loss: 2.413149356842041, critic_loss: 2.7240512371063232
inter loss 4.4914231300354, intra loss: 0.002441844902932644, critic loss: 2.695830821990967
recommendation_loss: 2.3485798835754395, critic_loss: 2.695830821990967
inter loss 4.5890374183654785, intra loss: 0.002447155537083745, critic loss: 2.754401445388794
recommendation_loss: 2.3717305660247803, critic_loss: 2.754401445388794
inter loss 4.559134483337402, intra loss: 0.0024570096284151077, critic loss: 2.7364635467529297
recommendation_loss: 2.408982038497925, critic_loss: 2.7364635467529297
inter loss 4.548470497131348, intra loss: 0.0024793301708996296, critic loss: 2.730074167251587
recommendation_loss: 2.3620193004608154, critic_loss: 2.730074167251587
inter loss 4.522704124450684, intra loss: 0.002462178934365511, critic loss: 2.7146074771881104
recommendation_loss: 2.3934037685394287, critic_loss: 2.7146074771881104
inter loss 4.552621841430664, intra loss: 0.0024888773914426565, critic loss: 2.7325687408447266
recommendation_loss: 2.369420051574707, critic_loss: 2.7325687408447266
inter loss 4.520694732666016, intra loss: 0.0024450519122183323, critic loss: 2.7133948802948
recommendation_loss: 2.355611562728882, critic_loss: 2.7133948802948
inter loss 4.524414539337158, intra loss: 0.0024481641594320536, critic loss: 2.715627908706665
recommendation_loss: 2.422581672668457, critic_loss: 2.715627908706665
inter loss 4.519242286682129, intra loss: 0.002463256474584341, critic loss: 2.7125308513641357
recommendation_loss: 2.307091474533081, critic_loss: 2.7125308513641357
inter loss 4.501350402832031, intra loss: 0.0024786938447505236, critic loss: 2.7018020153045654
recommendation_loss: 2.337998628616333, critic_loss: 2.7018020153045654
inter loss 4.491743087768555, intra loss: 0.0024679512716829777, critic loss: 2.696033239364624
recommendation_loss: 2.396475315093994, critic_loss: 2.696033239364624
inter loss 4.455774307250977, intra loss: 0.002473690779879689, critic loss: 2.6744542121887207
recommendation_loss: 2.344317674636841, critic_loss: 2.6744542121887207
inter loss 4.459425926208496, intra loss: 0.002473874483257532, critic loss: 2.676645040512085
recommendation_loss: 2.3830089569091797, critic_loss: 2.676645040512085
inter loss 4.479306221008301, intra loss: 0.0024703701492398977, critic loss: 2.6885721683502197
recommendation_loss: 2.3405113220214844, critic_loss: 2.6885721683502197
inter loss 4.434408187866211, intra loss: 0.002501765498891473, critic loss: 2.6616456508636475
recommendation_loss: 2.369701385498047, critic_loss: 2.6616456508636475
inter loss 4.371219635009766, intra loss: 0.0024745003320276737, critic loss: 2.6237218379974365
recommendation_loss: 2.351325511932373, critic_loss: 2.6237218379974365
inter loss 4.422614097595215, intra loss: 0.002486488549038768, critic loss: 2.6545631885528564
recommendation_loss: 2.3034510612487793, critic_loss: 2.6545631885528564
inter loss 4.461538314819336, intra loss: 0.0025098943151533604, critic loss: 2.677927017211914
recommendation_loss: 2.3182506561279297, critic_loss: 2.677927017211914
inter loss 4.453726768493652, intra loss: 0.002504762029275298, critic loss: 2.6732380390167236
recommendation_loss: 2.378917694091797, critic_loss: 2.6732380390167236
inter loss 4.404160022735596, intra loss: 0.002517120447009802, critic loss: 2.643502950668335
recommendation_loss: 2.38104510307312, critic_loss: 2.643502950668335
inter loss 4.426849365234375, intra loss: 0.002483104821294546, critic loss: 2.6571030616760254
recommendation_loss: 2.332770347595215, critic_loss: 2.6571030616760254
inter loss 4.368100166320801, intra loss: 0.002486205194145441, critic loss: 2.621854543685913
recommendation_loss: 2.3440093994140625, critic_loss: 2.621854543685913
inter loss 4.353419303894043, intra loss: 0.002518473658710718, critic loss: 2.6130590438842773
recommendation_loss: 2.2790629863739014, critic_loss: 2.6130590438842773
inter loss 4.287806510925293, intra loss: 0.0025104498490691185, critic loss: 2.573688268661499
recommendation_loss: 2.344534158706665, critic_loss: 2.573688268661499
inter loss 4.3079915046691895, intra loss: 0.002518372843042016, critic loss: 2.5858023166656494
recommendation_loss: 2.3397812843322754, critic_loss: 2.5858023166656494
inter loss 4.31208610534668, intra loss: 0.0025133853778243065, critic loss: 2.588257074356079
recommendation_loss: 2.353236675262451, critic_loss: 2.588257074356079
inter loss 4.377556800842285, intra loss: 0.0025080025661736727, critic loss: 2.627537488937378
recommendation_loss: 2.3461461067199707, critic_loss: 2.627537488937378
inter loss 4.318696022033691, intra loss: 0.002535726875066757, critic loss: 2.5922319889068604
recommendation_loss: 2.3706767559051514, critic_loss: 2.5922319889068604
inter loss 4.326436996459961, intra loss: 0.0025211432948708534, critic loss: 2.5968708992004395
recommendation_loss: 2.339979648590088, critic_loss: 2.5968708992004395
inter loss 4.318131923675537, intra loss: 0.0024899907875806093, critic loss: 2.5918753147125244
recommendation_loss: 2.3872904777526855, critic_loss: 2.5918753147125244
inter loss 4.354042053222656, intra loss: 0.0025210478343069553, critic loss: 2.613433837890625
recommendation_loss: 2.348320722579956, critic_loss: 2.613433837890625
inter loss 4.324785232543945, intra loss: 0.0025074928998947144, critic loss: 2.595874309539795
recommendation_loss: 2.327897071838379, critic_loss: 2.595874309539795
inter loss 4.36355447769165, intra loss: 0.0025152002926915884, critic loss: 2.6191389560699463
recommendation_loss: 2.354572296142578, critic_loss: 2.6191389560699463
inter loss 4.332217693328857, intra loss: 0.002509168814867735, critic loss: 2.600334405899048
recommendation_loss: 2.3800699710845947, critic_loss: 2.600334405899048
inter loss 4.254129409790039, intra loss: 0.0025303459260612726, critic loss: 2.553489923477173
recommendation_loss: 2.358337879180908, critic_loss: 2.553489923477173
inter loss 4.32198429107666, intra loss: 0.002498866990208626, critic loss: 2.5941901206970215
recommendation_loss: 2.319025993347168, critic_loss: 2.5941901206970215
inter loss 4.262874603271484, intra loss: 0.0025197125505656004, critic loss: 2.558732748031616
recommendation_loss: 2.3930788040161133, critic_loss: 2.558732748031616
inter loss 4.2976179122924805, intra loss: 0.0025122957304120064, critic loss: 2.579575777053833
recommendation_loss: 2.2904767990112305, critic_loss: 2.579575777053833
inter loss 4.293638229370117, intra loss: 0.0025120535865426064, critic loss: 2.577188014984131
recommendation_loss: 2.359668016433716, critic_loss: 2.577188014984131
inter loss 4.335495948791504, intra loss: 0.0025331550277769566, critic loss: 2.6023108959198
recommendation_loss: 2.2719058990478516, critic_loss: 2.6023108959198
inter loss 4.236817359924316, intra loss: 0.0025426833890378475, critic loss: 2.543107509613037
recommendation_loss: 2.366105318069458, critic_loss: 2.543107509613037
inter loss 4.25801944732666, intra loss: 0.0025418743025511503, critic loss: 2.55582857131958
recommendation_loss: 2.418997049331665, critic_loss: 2.55582857131958
inter loss 4.256053924560547, intra loss: 0.0025282278656959534, critic loss: 2.5546438694000244
recommendation_loss: 2.3495025634765625, critic_loss: 2.5546438694000244
inter loss 4.197279930114746, intra loss: 0.002543951151892543, critic loss: 2.519385576248169
recommendation_loss: 2.3327667713165283, critic_loss: 2.519385576248169
inter loss 4.224765777587891, intra loss: 0.002510152757167816, critic loss: 2.5358636379241943
recommendation_loss: 2.3321118354797363, critic_loss: 2.5358636379241943
inter loss 4.216986656188965, intra loss: 0.0025699594989418983, critic loss: 2.5312201976776123
recommendation_loss: 2.338649272918701, critic_loss: 2.5312201976776123
inter loss 4.2419891357421875, intra loss: 0.0025449893437325954, critic loss: 2.5462117195129395
recommendation_loss: 2.3265461921691895, critic_loss: 2.5462117195129395
inter loss 4.25178337097168, intra loss: 0.0025333715602755547, critic loss: 2.5520834922790527
recommendation_loss: 2.2911794185638428, critic_loss: 2.5520834922790527
inter loss 4.2234787940979, intra loss: 0.002554000588133931, critic loss: 2.535109043121338
recommendation_loss: 2.31685733795166, critic_loss: 2.535109043121338
inter loss 4.217291831970215, intra loss: 0.0025132494047284126, critic loss: 2.5313806533813477
recommendation_loss: 2.3321733474731445, critic_loss: 2.5313806533813477
inter loss 4.203831195831299, intra loss: 0.002562694251537323, critic loss: 2.5233237743377686
recommendation_loss: 2.328235626220703, critic_loss: 2.5233237743377686
inter loss 4.169065475463867, intra loss: 0.00255328300409019, critic loss: 2.5024607181549072
recommendation_loss: 2.342386245727539, critic_loss: 2.5024607181549072
inter loss 4.219310283660889, intra loss: 0.0025445250794291496, critic loss: 2.5326039791107178
recommendation_loss: 2.463608980178833, critic_loss: 2.5326039791107178
inter loss 4.169391632080078, intra loss: 0.0025481730699539185, critic loss: 2.5026543140411377
recommendation_loss: 2.3002750873565674, critic_loss: 2.5026543140411377
inter loss 4.128783226013184, intra loss: 0.0025491563137620687, critic loss: 2.478289842605591
recommendation_loss: 2.3201398849487305, critic_loss: 2.478289842605591
inter loss 4.145461082458496, intra loss: 0.0025353545788675547, critic loss: 2.488291025161743
recommendation_loss: 2.3079674243927, critic_loss: 2.488291025161743
inter loss 4.206020355224609, intra loss: 0.002531818812713027, critic loss: 2.524625062942505
recommendation_loss: 2.3915576934814453, critic_loss: 2.524625062942505
inter loss 4.090646743774414, intra loss: 0.0025532939471304417, critic loss: 2.455409526824951
recommendation_loss: 2.330839157104492, critic_loss: 2.455409526824951
inter loss 4.104273796081543, intra loss: 0.002551162848249078, critic loss: 2.4635848999023438
recommendation_loss: 2.314145088195801, critic_loss: 2.4635848999023438
inter loss 4.1314697265625, intra loss: 0.002541977446526289, critic loss: 2.479898691177368
recommendation_loss: 2.374866485595703, critic_loss: 2.479898691177368
inter loss 4.159358024597168, intra loss: 0.0025540043134242296, critic loss: 2.4966366291046143
recommendation_loss: 2.2909913063049316, critic_loss: 2.4966366291046143
inter loss 4.121283531188965, intra loss: 0.0025459988974034786, critic loss: 2.4737884998321533
recommendation_loss: 2.31282114982605, critic_loss: 2.4737884998321533
inter loss 4.121058940887451, intra loss: 0.0025583640672266483, critic loss: 2.473658800125122
recommendation_loss: 2.2935314178466797, critic_loss: 2.473658800125122
inter loss 4.111435890197754, intra loss: 0.0025375247932970524, critic loss: 2.467876672744751
recommendation_loss: 2.3799891471862793, critic_loss: 2.467876672744751
2024-08-09 18:33:40.236304: step 304/24320 (epoch 1/80), loss = 2.693216 (34.080 sec/epoch), lr: 0.003000
Evaluating on dev set...
...........................
source: 	 mrr: 0.016358	 ndcg_5: 0.0116	 ndcg_10: 0.0148	 hit@1:0.002172	 hit@5:0.0210	 hit@10: 0.0311
target: 	 mrr: 0.022131	 ndcg_5: 0.0158	 ndcg_10: 0.0230	 hit@1:0.005575	 hit@5:0.0258	 hit@10: 0.0481
source best!
.............
source: 	 mrr: 0.019887	 ndcg_5: 0.0147	 ndcg_10: 0.0185	 hit@1:0.003834	 hit@5:0.0253	 hit@10: 0.0376
target best!
..............target: 	 mrr: 0.019400	 ndcg_5: 0.0131	 ndcg_10: 0.0208	 hit@1:0.002058	 hit@5:0.0240	 hit@10: 0.0480
epoch 1: train_loss = 2.693216, source_hit@10 = 0.0376, source_ndcg@10 = 0.0185, target_hit@10 = 0.0480, target_ndcg@10 = 0.0208

inter loss 4.099849700927734, intra loss: 0.0025882793124765158, critic loss: 2.4609451293945312
recommendation_loss: 2.365344285964966, critic_loss: 2.4609451293945312
inter loss 4.060200214385986, intra loss: 0.002573892008513212, critic loss: 2.4371497631073
recommendation_loss: 2.3408827781677246, critic_loss: 2.4371497631073
inter loss 4.0504865646362305, intra loss: 0.0025801071897149086, critic loss: 2.4313242435455322
recommendation_loss: 2.284970760345459, critic_loss: 2.4313242435455322
inter loss 4.084873676300049, intra loss: 0.0025803958997130394, critic loss: 2.4519565105438232
recommendation_loss: 2.311593532562256, critic_loss: 2.4519565105438232
inter loss 4.061932563781738, intra loss: 0.0025717574171721935, critic loss: 2.438188314437866
recommendation_loss: 2.291954755783081, critic_loss: 2.438188314437866
inter loss 4.080739974975586, intra loss: 0.0025833905674517155, critic loss: 2.449477434158325
recommendation_loss: 2.341747760772705, critic_loss: 2.449477434158325
inter loss 4.07993221282959, intra loss: 0.0025646546855568886, critic loss: 2.4489853382110596
recommendation_loss: 2.3514089584350586, critic_loss: 2.4489853382110596
inter loss 4.068560600280762, intra loss: 0.002547451527789235, critic loss: 2.442155361175537
recommendation_loss: 2.263014554977417, critic_loss: 2.442155361175537
inter loss 4.129792213439941, intra loss: 0.0025679930113255978, critic loss: 2.478902578353882
recommendation_loss: 2.319051504135132, critic_loss: 2.478902578353882
inter loss 4.065070629119873, intra loss: 0.0025698018725961447, critic loss: 2.440070390701294
recommendation_loss: 2.258497714996338, critic_loss: 2.440070390701294
inter loss 4.089632987976074, intra loss: 0.0025912828277796507, critic loss: 2.4548163414001465
recommendation_loss: 2.2779107093811035, critic_loss: 2.4548163414001465
inter loss 4.046933650970459, intra loss: 0.0025780051946640015, critic loss: 2.4291913509368896
recommendation_loss: 2.345165729522705, critic_loss: 2.4291913509368896
inter loss 4.032297134399414, intra loss: 0.002548635471612215, critic loss: 2.4203977584838867
recommendation_loss: 2.3146302700042725, critic_loss: 2.4203977584838867
inter loss 4.014112949371338, intra loss: 0.0026112981140613556, critic loss: 2.4095122814178467
recommendation_loss: 2.2750601768493652, critic_loss: 2.4095122814178467
inter loss 4.077863693237305, intra loss: 0.0025859843008220196, critic loss: 2.4477527141571045
recommendation_loss: 2.362778902053833, critic_loss: 2.4477527141571045
inter loss 4.045697212219238, intra loss: 0.0026081332471221685, critic loss: 2.428461790084839
recommendation_loss: 2.3067140579223633, critic_loss: 2.428461790084839
inter loss 4.019157886505127, intra loss: 0.002601602114737034, critic loss: 2.4125354290008545
recommendation_loss: 2.2998228073120117, critic_loss: 2.4125354290008545
inter loss 4.045991897583008, intra loss: 0.002585242036730051, critic loss: 2.428629159927368
recommendation_loss: 2.3161873817443848, critic_loss: 2.428629159927368
inter loss 4.009694576263428, intra loss: 0.002598224440589547, critic loss: 2.406856060028076
recommendation_loss: 2.2973389625549316, critic_loss: 2.406856060028076
inter loss 4.020655632019043, intra loss: 0.0026002072263509035, critic loss: 2.41343355178833
recommendation_loss: 2.2558951377868652, critic_loss: 2.41343355178833
inter loss 3.9697608947753906, intra loss: 0.0026154755614697933, critic loss: 2.3829028606414795
recommendation_loss: 2.253481388092041, critic_loss: 2.3829028606414795
inter loss 4.029826641082764, intra loss: 0.0025825505144894123, critic loss: 2.418929100036621
recommendation_loss: 2.280590057373047, critic_loss: 2.418929100036621
inter loss 4.018352508544922, intra loss: 0.002605017274618149, critic loss: 2.4120535850524902
recommendation_loss: 2.270073890686035, critic_loss: 2.4120535850524902
inter loss 3.978229284286499, intra loss: 0.002587598282843828, critic loss: 2.387972593307495
recommendation_loss: 2.3405065536499023, critic_loss: 2.387972593307495
inter loss 3.969529151916504, intra loss: 0.0025942663196474314, critic loss: 2.3827552795410156
recommendation_loss: 2.2727935314178467, critic_loss: 2.3827552795410156
inter loss 3.9690663814544678, intra loss: 0.0026073597837239504, critic loss: 2.3824827671051025
recommendation_loss: 2.2794933319091797, critic_loss: 2.3824827671051025
inter loss 3.9875316619873047, intra loss: 0.0025997371412813663, critic loss: 2.393558979034424
recommendation_loss: 2.304105281829834, critic_loss: 2.393558979034424
inter loss 3.967291831970215, intra loss: 0.0026058312505483627, critic loss: 2.3814175128936768
recommendation_loss: 2.2663350105285645, critic_loss: 2.3814175128936768
inter loss 3.978360891342163, intra loss: 0.002596256323158741, critic loss: 2.3880550861358643
recommendation_loss: 2.3892605304718018, critic_loss: 2.3880550861358643
inter loss 3.967583179473877, intra loss: 0.00261898385360837, critic loss: 2.3815975189208984
recommendation_loss: 2.309636116027832, critic_loss: 2.3815975189208984
inter loss 3.9707584381103516, intra loss: 0.002575692953541875, critic loss: 2.3834853172302246
recommendation_loss: 2.2814595699310303, critic_loss: 2.3834853172302246
inter loss 3.986117124557495, intra loss: 0.0025766603648662567, critic loss: 2.3927011489868164
recommendation_loss: 2.2580692768096924, critic_loss: 2.3927011489868164
inter loss 3.968292474746704, intra loss: 0.0025883957277983427, critic loss: 2.3820109367370605
recommendation_loss: 2.3419747352600098, critic_loss: 2.3820109367370605
inter loss 3.96030330657959, intra loss: 0.002577562350779772, critic loss: 2.3772130012512207
recommendation_loss: 2.2942099571228027, critic_loss: 2.3772130012512207
inter loss 3.95953369140625, intra loss: 0.0026296493597328663, critic loss: 2.376772165298462
recommendation_loss: 2.264742374420166, critic_loss: 2.376772165298462
inter loss 3.9698116779327393, intra loss: 0.0025955629535019398, critic loss: 2.382925510406494
recommendation_loss: 2.2880146503448486, critic_loss: 2.382925510406494
inter loss 3.9724457263946533, intra loss: 0.002606839407235384, critic loss: 2.3845102787017822
recommendation_loss: 2.3400628566741943, critic_loss: 2.3845102787017822
inter loss 3.945432662963867, intra loss: 0.00260813906788826, critic loss: 2.368303060531616
recommendation_loss: 2.3269481658935547, critic_loss: 2.368303060531616
inter loss 3.959333896636963, intra loss: 0.0026228781789541245, critic loss: 2.3766493797302246
recommendation_loss: 2.311919689178467, critic_loss: 2.3766493797302246
inter loss 3.9426112174987793, intra loss: 0.0026191920042037964, critic loss: 2.36661434173584
recommendation_loss: 2.2853667736053467, critic_loss: 2.36661434173584
inter loss 3.9143214225769043, intra loss: 0.0025888029485940933, critic loss: 2.349628448486328
recommendation_loss: 2.326616048812866, critic_loss: 2.349628448486328
inter loss 3.9336400032043457, intra loss: 0.0026209258940070868, critic loss: 2.3612325191497803
recommendation_loss: 2.344123125076294, critic_loss: 2.3612325191497803
inter loss 3.866507053375244, intra loss: 0.002559453248977661, critic loss: 2.3209280967712402
recommendation_loss: 2.2731447219848633, critic_loss: 2.3209280967712402
inter loss 3.884178400039673, intra loss: 0.002618036698549986, critic loss: 2.3315541744232178
recommendation_loss: 2.255988121032715, critic_loss: 2.3315541744232178
inter loss 3.8801777362823486, intra loss: 0.002607810078188777, critic loss: 2.3291497230529785
recommendation_loss: 2.2630646228790283, critic_loss: 2.3291497230529785
inter loss 3.834002733230591, intra loss: 0.002636820310726762, critic loss: 2.3014564514160156
recommendation_loss: 2.3212971687316895, critic_loss: 2.3014564514160156
inter loss 3.8955771923065186, intra loss: 0.002594840945675969, critic loss: 2.3383841514587402
recommendation_loss: 2.25148606300354, critic_loss: 2.3383841514587402
inter loss 3.868391752243042, intra loss: 0.0025909629184752703, critic loss: 2.3220715522766113
recommendation_loss: 2.2708637714385986, critic_loss: 2.3220715522766113
inter loss 3.912271499633789, intra loss: 0.0025928709656000137, critic loss: 2.348400115966797
recommendation_loss: 2.309943437576294, critic_loss: 2.348400115966797
inter loss 3.9039835929870605, intra loss: 0.0026019776705652475, critic loss: 2.343430995941162
recommendation_loss: 2.3000895977020264, critic_loss: 2.343430995941162
inter loss 3.903459310531616, intra loss: 0.002607469679787755, critic loss: 2.343118667602539
recommendation_loss: 2.27492094039917, critic_loss: 2.343118667602539
inter loss 3.8807427883148193, intra loss: 0.0026152157224714756, critic loss: 2.3294918537139893
recommendation_loss: 2.2536208629608154, critic_loss: 2.3294918537139893
inter loss 3.9007105827331543, intra loss: 0.0026428657583892345, critic loss: 2.3414835929870605
recommendation_loss: 2.241819381713867, critic_loss: 2.3414835929870605
inter loss 3.8726675510406494, intra loss: 0.002632825868204236, critic loss: 2.3246536254882812
recommendation_loss: 2.2534561157226562, critic_loss: 2.3246536254882812
inter loss 3.8437957763671875, intra loss: 0.0026216087862849236, critic loss: 2.307326078414917
recommendation_loss: 2.318051338195801, critic_loss: 2.307326078414917
inter loss 3.869534969329834, intra loss: 0.0026425460819154978, critic loss: 2.3227779865264893
recommendation_loss: 2.2349631786346436, critic_loss: 2.3227779865264893
inter loss 3.85078501701355, intra loss: 0.002624901244416833, critic loss: 2.311521053314209
recommendation_loss: 2.2465620040893555, critic_loss: 2.311521053314209
inter loss 3.847684383392334, intra loss: 0.0026229661889374256, critic loss: 2.309659957885742
recommendation_loss: 2.2547383308410645, critic_loss: 2.309659957885742
inter loss 3.8331592082977295, intra loss: 0.0026025469414889812, critic loss: 2.300936460494995
recommendation_loss: 2.244260311126709, critic_loss: 2.300936460494995
inter loss 3.833691358566284, intra loss: 0.0026078633964061737, critic loss: 2.301258087158203
recommendation_loss: 2.2978272438049316, critic_loss: 2.301258087158203
inter loss 3.876523017883301, intra loss: 0.0026400124188512564, critic loss: 2.326969861984253
recommendation_loss: 2.2730870246887207, critic_loss: 2.326969861984253
inter loss 3.8455071449279785, intra loss: 0.0026327313389629126, critic loss: 2.3083574771881104
recommendation_loss: 2.2954955101013184, critic_loss: 2.3083574771881104
inter loss 3.8214962482452393, intra loss: 0.0026095241773873568, critic loss: 2.2939417362213135
recommendation_loss: 2.2151577472686768, critic_loss: 2.2939417362213135
inter loss 3.8401942253112793, intra loss: 0.002608074340969324, critic loss: 2.3051600456237793
recommendation_loss: 2.329025983810425, critic_loss: 2.3051600456237793
inter loss 3.859182834625244, intra loss: 0.002603638917207718, critic loss: 2.3165512084960938
recommendation_loss: 2.274339199066162, critic_loss: 2.3165512084960938
inter loss 3.8262734413146973, intra loss: 0.0026019944343715906, critic loss: 2.296804904937744
recommendation_loss: 2.2418441772460938, critic_loss: 2.296804904937744
inter loss 3.798617124557495, intra loss: 0.0025899214670062065, critic loss: 2.2802062034606934
recommendation_loss: 2.209223985671997, critic_loss: 2.2802062034606934
inter loss 3.822784900665283, intra loss: 0.0025933075230568647, critic loss: 2.294708490371704
recommendation_loss: 2.317002773284912, critic_loss: 2.294708490371704
inter loss 3.8110718727111816, intra loss: 0.0026036566123366356, critic loss: 2.287684679031372
recommendation_loss: 2.2364602088928223, critic_loss: 2.287684679031372
inter loss 3.8255984783172607, intra loss: 0.002611804287880659, critic loss: 2.2964038848876953
recommendation_loss: 2.190706968307495, critic_loss: 2.2964038848876953
inter loss 3.808121681213379, intra loss: 0.0025930816773325205, critic loss: 2.285910129547119
recommendation_loss: 2.2256336212158203, critic_loss: 2.285910129547119
inter loss 3.7861549854278564, intra loss: 0.0025933750439435244, critic loss: 2.2727303504943848
recommendation_loss: 2.1924171447753906, critic_loss: 2.2727303504943848
inter loss 3.7912826538085938, intra loss: 0.0025979275815188885, critic loss: 2.2758090496063232
recommendation_loss: 2.2035346031188965, critic_loss: 2.2758090496063232
inter loss 3.8056528568267822, intra loss: 0.002585270442068577, critic loss: 2.284425735473633
recommendation_loss: 2.282273530960083, critic_loss: 2.284425735473633
inter loss 3.860290765762329, intra loss: 0.0026055413763970137, critic loss: 2.317216634750366
recommendation_loss: 2.2666845321655273, critic_loss: 2.317216634750366
inter loss 3.8186392784118652, intra loss: 0.002580448752269149, critic loss: 2.2922158241271973
recommendation_loss: 2.249239683151245, critic_loss: 2.2922158241271973
inter loss 3.820561408996582, intra loss: 0.0025698477402329445, critic loss: 2.2933647632598877
recommendation_loss: 2.2760567665100098, critic_loss: 2.2933647632598877
inter loss 3.8382558822631836, intra loss: 0.0025989317800849676, critic loss: 2.3039932250976562
recommendation_loss: 2.2325198650360107, critic_loss: 2.3039932250976562
inter loss 3.793079137802124, intra loss: 0.002611111616715789, critic loss: 2.2768921852111816
recommendation_loss: 2.208629608154297, critic_loss: 2.2768921852111816
inter loss 3.817608118057251, intra loss: 0.002601466840133071, critic loss: 2.2916057109832764
recommendation_loss: 2.1833839416503906, critic_loss: 2.2916057109832764
inter loss 3.7833199501037598, intra loss: 0.0026180027052760124, critic loss: 2.2710392475128174
recommendation_loss: 2.280513048171997, critic_loss: 2.2710392475128174
inter loss 3.791635036468506, intra loss: 0.0025933035649359226, critic loss: 2.2760183811187744
recommendation_loss: 2.219754695892334, critic_loss: 2.2760183811187744
inter loss 3.7698941230773926, intra loss: 0.0026089507155120373, critic loss: 2.2629802227020264
recommendation_loss: 2.1831374168395996, critic_loss: 2.2629802227020264
inter loss 3.810183525085449, intra loss: 0.0025807691272348166, critic loss: 2.287142515182495
recommendation_loss: 2.2164547443389893, critic_loss: 2.287142515182495
inter loss 3.8026888370513916, intra loss: 0.002603244734928012, critic loss: 2.2826547622680664
recommendation_loss: 2.1806747913360596, critic_loss: 2.2826547622680664
inter loss 3.745492458343506, intra loss: 0.0026148254983127117, critic loss: 2.2483415603637695
recommendation_loss: 2.2208118438720703, critic_loss: 2.2483415603637695
inter loss 3.7843384742736816, intra loss: 0.002597400452941656, critic loss: 2.2716422080993652
recommendation_loss: 2.2376677989959717, critic_loss: 2.2716422080993652
inter loss 3.7751336097717285, intra loss: 0.002595840487629175, critic loss: 2.2661185264587402
recommendation_loss: 2.2153897285461426, critic_loss: 2.2661185264587402
inter loss 3.752511978149414, intra loss: 0.0026142261922359467, critic loss: 2.2525529861450195
recommendation_loss: 2.1824772357940674, critic_loss: 2.2525529861450195
inter loss 3.7896883487701416, intra loss: 0.0026250712107867002, critic loss: 2.2748630046844482
recommendation_loss: 2.2496211528778076, critic_loss: 2.2748630046844482
inter loss 3.7658419609069824, intra loss: 0.002603660337626934, critic loss: 2.2605466842651367
recommendation_loss: 2.247678518295288, critic_loss: 2.2605466842651367
inter loss 3.751530885696411, intra loss: 0.0026112538762390614, critic loss: 2.2519631385803223
recommendation_loss: 2.2532176971435547, critic_loss: 2.2519631385803223
inter loss 3.7746427059173584, intra loss: 0.0026181868743151426, critic loss: 2.2658331394195557
recommendation_loss: 2.2620034217834473, critic_loss: 2.2658331394195557
inter loss 3.789400577545166, intra loss: 0.0026343497447669506, critic loss: 2.2746942043304443
recommendation_loss: 2.146050453186035, critic_loss: 2.2746942043304443
inter loss 3.7906928062438965, intra loss: 0.0026124557480216026, critic loss: 2.275460720062256
recommendation_loss: 2.2232487201690674, critic_loss: 2.275460720062256
inter loss 3.7662651538848877, intra loss: 0.002630565781146288, critic loss: 2.2608113288879395
recommendation_loss: 2.207512378692627, critic_loss: 2.2608113288879395
inter loss 3.7551212310791016, intra loss: 0.0025945769157260656, critic loss: 2.25411057472229
recommendation_loss: 2.2186765670776367, critic_loss: 2.25411057472229
inter loss 3.785600423812866, intra loss: 0.0026207398623228073, critic loss: 2.2724087238311768
recommendation_loss: 2.165736198425293, critic_loss: 2.2724087238311768
inter loss 3.7208046913146973, intra loss: 0.0026190101634711027, critic loss: 2.2335305213928223
recommendation_loss: 2.1824533939361572, critic_loss: 2.2335305213928223
inter loss 3.7508020401000977, intra loss: 0.0026392927393317223, critic loss: 2.2515370845794678
recommendation_loss: 2.217090129852295, critic_loss: 2.2515370845794678
inter loss 3.76458477973938, intra loss: 0.0026307604275643826, critic loss: 2.259803295135498
recommendation_loss: 2.1123645305633545, critic_loss: 2.259803295135498
inter loss 3.7822375297546387, intra loss: 0.0026303508784621954, critic loss: 2.270394802093506
recommendation_loss: 2.202735662460327, critic_loss: 2.270394802093506
inter loss 3.747973918914795, intra loss: 0.002665384206920862, critic loss: 2.2498507499694824
recommendation_loss: 2.180901050567627, critic_loss: 2.2498507499694824
inter loss 3.7440762519836426, intra loss: 0.002649473026394844, critic loss: 2.2475056648254395
recommendation_loss: 2.1899006366729736, critic_loss: 2.2475056648254395
inter loss 3.7951602935791016, intra loss: 0.0026343001518398523, critic loss: 2.2781500816345215
recommendation_loss: 2.1569011211395264, critic_loss: 2.2781500816345215
inter loss 3.77357816696167, intra loss: 0.002613108605146408, critic loss: 2.2651922702789307
recommendation_loss: 2.2076170444488525, critic_loss: 2.2651922702789307
inter loss 3.7443361282348633, intra loss: 0.0026336682494729757, critic loss: 2.2476553916931152
recommendation_loss: 2.23736572265625, critic_loss: 2.2476553916931152
inter loss 3.7135696411132812, intra loss: 0.0026110473554581404, critic loss: 2.2291862964630127
recommendation_loss: 2.222181797027588, critic_loss: 2.2291862964630127
inter loss 3.705509662628174, intra loss: 0.0026367183309048414, critic loss: 2.224360704421997
recommendation_loss: 2.1999409198760986, critic_loss: 2.224360704421997
inter loss 3.7616286277770996, intra loss: 0.002664933679625392, critic loss: 2.2580432891845703
recommendation_loss: 2.187547206878662, critic_loss: 2.2580432891845703
inter loss 3.6843605041503906, intra loss: 0.002642829902470112, critic loss: 2.2116734981536865
recommendation_loss: 2.2128255367279053, critic_loss: 2.2116734981536865
inter loss 3.7600483894348145, intra loss: 0.002645636908710003, critic loss: 2.257087469100952
recommendation_loss: 2.257556676864624, critic_loss: 2.257087469100952
inter loss 3.7203269004821777, intra loss: 0.0026659562718123198, critic loss: 2.233262777328491
recommendation_loss: 2.1898815631866455, critic_loss: 2.233262777328491
inter loss 3.701881170272827, intra loss: 0.002648010151460767, critic loss: 2.2221879959106445
recommendation_loss: 2.2139787673950195, critic_loss: 2.2221879959106445
inter loss 3.682478189468384, intra loss: 0.0026274770498275757, critic loss: 2.210537910461426
recommendation_loss: 2.2533252239227295, critic_loss: 2.210537910461426
inter loss 3.7024130821228027, intra loss: 0.002650529146194458, critic loss: 2.222508192062378
recommendation_loss: 2.172926902770996, critic_loss: 2.222508192062378
inter loss 3.7289063930511475, intra loss: 0.002604069886729121, critic loss: 2.2383856773376465
recommendation_loss: 2.270756721496582, critic_loss: 2.2383856773376465
inter loss 3.6857686042785645, intra loss: 0.0026425644755363464, critic loss: 2.2125182151794434
recommendation_loss: 2.236342668533325, critic_loss: 2.2125182151794434
inter loss 3.6914234161376953, intra loss: 0.0026565424632281065, critic loss: 2.215916872024536
recommendation_loss: 2.181218147277832, critic_loss: 2.215916872024536
inter loss 3.6787548065185547, intra loss: 0.0026457339990884066, critic loss: 2.2083113193511963
recommendation_loss: 2.246706008911133, critic_loss: 2.2083113193511963
inter loss 3.711900234222412, intra loss: 0.002646717242896557, critic loss: 2.228198766708374
recommendation_loss: 2.1625847816467285, critic_loss: 2.228198766708374
inter loss 3.6863245964050293, intra loss: 0.0026745989453047514, critic loss: 2.212864637374878
recommendation_loss: 2.1140265464782715, critic_loss: 2.212864637374878
inter loss 3.7364885807037354, intra loss: 0.0026432531885802746, critic loss: 2.242950677871704
recommendation_loss: 2.1643667221069336, critic_loss: 2.242950677871704
inter loss 3.688652515411377, intra loss: 0.002647988498210907, critic loss: 2.2142508029937744
recommendation_loss: 2.1854116916656494, critic_loss: 2.2142508029937744
inter loss 3.6909737586975098, intra loss: 0.0026595741510391235, critic loss: 2.2156481742858887
recommendation_loss: 2.2227861881256104, critic_loss: 2.2156481742858887
inter loss 3.728363037109375, intra loss: 0.0026561394333839417, critic loss: 2.2380802631378174
recommendation_loss: 2.1895885467529297, critic_loss: 2.2380802631378174
inter loss 3.684492826461792, intra loss: 0.0026302977930754423, critic loss: 2.211747884750366
recommendation_loss: 2.2594876289367676, critic_loss: 2.211747884750366
inter loss 3.671337366104126, intra loss: 0.0026567543391138315, critic loss: 2.2038650512695312
recommendation_loss: 2.1794769763946533, critic_loss: 2.2038650512695312
inter loss 3.6818933486938477, intra loss: 0.002646528882905841, critic loss: 2.2101945877075195
recommendation_loss: 2.2352054119110107, critic_loss: 2.2101945877075195
inter loss 3.622091770172119, intra loss: 0.0026533757336437702, critic loss: 2.174316644668579
recommendation_loss: 2.1915154457092285, critic_loss: 2.174316644668579
inter loss 3.7053918838500977, intra loss: 0.0026497410144656897, critic loss: 2.224295139312744
recommendation_loss: 2.2029876708984375, critic_loss: 2.224295139312744
inter loss 3.666686534881592, intra loss: 0.0026576356031000614, critic loss: 2.2010750770568848
recommendation_loss: 2.1998677253723145, critic_loss: 2.2010750770568848
inter loss 3.667375326156616, intra loss: 0.0026332628913223743, critic loss: 2.2014787197113037
recommendation_loss: 2.127459764480591, critic_loss: 2.2014787197113037
inter loss 3.6916165351867676, intra loss: 0.002658798359334469, critic loss: 2.216033697128296
recommendation_loss: 2.1818583011627197, critic_loss: 2.216033697128296
inter loss 3.690553903579712, intra loss: 0.002634685719385743, critic loss: 2.215386152267456
recommendation_loss: 2.165928840637207, critic_loss: 2.215386152267456
inter loss 3.679776668548584, intra loss: 0.002655684482306242, critic loss: 2.208928346633911
recommendation_loss: 2.209010362625122, critic_loss: 2.208928346633911
inter loss 3.685934066772461, intra loss: 0.0026493691839277744, critic loss: 2.212620258331299
recommendation_loss: 2.180943489074707, critic_loss: 2.212620258331299
inter loss 3.6498050689697266, intra loss: 0.0026504432316869497, critic loss: 2.190943479537964
recommendation_loss: 2.1668190956115723, critic_loss: 2.190943479537964
inter loss 3.6409506797790527, intra loss: 0.0026483172550797462, critic loss: 2.1856298446655273
recommendation_loss: 2.058690309524536, critic_loss: 2.1856298446655273
inter loss 3.6960530281066895, intra loss: 0.0026785945519804955, critic loss: 2.218703269958496
recommendation_loss: 2.191267251968384, critic_loss: 2.218703269958496
inter loss 3.6469626426696777, intra loss: 0.0026534604839980602, critic loss: 2.189239025115967
recommendation_loss: 2.1720519065856934, critic_loss: 2.189239025115967
inter loss 3.624490737915039, intra loss: 0.0026563291903585196, critic loss: 2.1757571697235107
recommendation_loss: 2.18302059173584, critic_loss: 2.1757571697235107
inter loss 3.6495141983032227, intra loss: 0.0026730485260486603, critic loss: 2.1907780170440674
recommendation_loss: 2.1160101890563965, critic_loss: 2.1907780170440674
inter loss 3.5995678901672363, intra loss: 0.002646308159455657, critic loss: 2.160799503326416
recommendation_loss: 2.2231028079986572, critic_loss: 2.160799503326416
inter loss 3.6130447387695312, intra loss: 0.002696653362363577, critic loss: 2.16890549659729
recommendation_loss: 2.1572213172912598, critic_loss: 2.16890549659729
inter loss 3.5864734649658203, intra loss: 0.0026492660399526358, critic loss: 2.1529438495635986
recommendation_loss: 2.222679615020752, critic_loss: 2.1529438495635986
inter loss 3.646977424621582, intra loss: 0.0026855964679270983, critic loss: 2.189260959625244
recommendation_loss: 2.1828384399414062, critic_loss: 2.189260959625244
inter loss 3.6114957332611084, intra loss: 0.0026677746791392565, critic loss: 2.1679646968841553
recommendation_loss: 2.2373340129852295, critic_loss: 2.1679646968841553
inter loss 3.6355204582214355, intra loss: 0.0026803158689290285, critic loss: 2.182384490966797
recommendation_loss: 2.0964581966400146, critic_loss: 2.182384490966797
inter loss 3.6528148651123047, intra loss: 0.0026868644636124372, critic loss: 2.1927638053894043
recommendation_loss: 2.082432270050049, critic_loss: 2.1927638053894043
inter loss 3.6086556911468506, intra loss: 0.002664410276338458, critic loss: 2.166259288787842
recommendation_loss: 2.1553964614868164, critic_loss: 2.166259288787842
inter loss 3.58217191696167, intra loss: 0.00268168980255723, critic loss: 2.1503758430480957
recommendation_loss: 2.131992816925049, critic_loss: 2.1503758430480957
inter loss 3.6493160724639893, intra loss: 0.0026812925934791565, critic loss: 2.190662145614624
recommendation_loss: 2.181394338607788, critic_loss: 2.190662145614624
inter loss 3.6264028549194336, intra loss: 0.002642211504280567, critic loss: 2.176898717880249
recommendation_loss: 2.1489956378936768, critic_loss: 2.176898717880249
inter loss 3.6373047828674316, intra loss: 0.002675995696336031, critic loss: 2.1834535598754883
recommendation_loss: 2.153773069381714, critic_loss: 2.1834535598754883
inter loss 3.6098976135253906, intra loss: 0.002691166242584586, critic loss: 2.1670150756835938
recommendation_loss: 2.161714792251587, critic_loss: 2.1670150756835938
inter loss 3.625396251678467, intra loss: 0.0027168840169906616, critic loss: 2.1763246059417725
recommendation_loss: 2.1564459800720215, critic_loss: 2.1763246059417725
inter loss 3.616884231567383, intra loss: 0.002684272825717926, critic loss: 2.1712043285369873
recommendation_loss: 2.1879470348358154, critic_loss: 2.1712043285369873
inter loss 3.615381956100464, intra loss: 0.002682883758097887, critic loss: 2.170302391052246
recommendation_loss: 2.126399278640747, critic_loss: 2.170302391052246
inter loss 3.6014351844787598, intra loss: 0.002677265787497163, critic loss: 2.1619322299957275
recommendation_loss: 2.1893513202667236, critic_loss: 2.1619322299957275
inter loss 3.6388444900512695, intra loss: 0.002684609033167362, critic loss: 2.184380531311035
recommendation_loss: 2.164771795272827, critic_loss: 2.184380531311035
inter loss 3.5931143760681152, intra loss: 0.0027023686561733484, critic loss: 2.156949758529663
recommendation_loss: 2.1886062622070312, critic_loss: 2.156949758529663
inter loss 3.608778715133667, intra loss: 0.002664674539119005, critic loss: 2.1663331985473633
recommendation_loss: 2.1664915084838867, critic_loss: 2.1663331985473633
inter loss 3.62030029296875, intra loss: 0.002651230664923787, critic loss: 2.1732406616210938
recommendation_loss: 2.130671501159668, critic_loss: 2.1732406616210938
inter loss 3.6582350730895996, intra loss: 0.0026741065084934235, critic loss: 2.1960105895996094
recommendation_loss: 2.192603349685669, critic_loss: 2.1960105895996094
inter loss 3.5814905166625977, intra loss: 0.002682905178517103, critic loss: 2.1499674320220947
recommendation_loss: 2.1557564735412598, critic_loss: 2.1499674320220947
inter loss 3.634467124938965, intra loss: 0.0026725679636001587, critic loss: 2.1817493438720703
recommendation_loss: 2.0903992652893066, critic_loss: 2.1817493438720703
inter loss 3.622462511062622, intra loss: 0.0026526940055191517, critic loss: 2.1745386123657227
recommendation_loss: 2.167018175125122, critic_loss: 2.1745386123657227
inter loss 3.5796937942504883, intra loss: 0.0026826185639947653, critic loss: 2.1488895416259766
recommendation_loss: 2.102837085723877, critic_loss: 2.1488895416259766
inter loss 3.564216136932373, intra loss: 0.00268994877114892, critic loss: 2.139605760574341
recommendation_loss: 2.1198925971984863, critic_loss: 2.139605760574341
inter loss 3.5812182426452637, intra loss: 0.002686656778678298, critic loss: 2.1498055458068848
recommendation_loss: 2.1886632442474365, critic_loss: 2.1498055458068848
inter loss 3.634941577911377, intra loss: 0.0026902463287115097, critic loss: 2.1820409297943115
recommendation_loss: 2.074084520339966, critic_loss: 2.1820409297943115
inter loss 3.5713284015655518, intra loss: 0.0026630342472344637, critic loss: 2.14386248588562
recommendation_loss: 2.19268536567688, critic_loss: 2.14386248588562
inter loss 3.6251487731933594, intra loss: 0.002667488995939493, critic loss: 2.1761562824249268
recommendation_loss: 2.1031689643859863, critic_loss: 2.1761562824249268
inter loss 3.5845694541931152, intra loss: 0.0026392112486064434, critic loss: 2.1517975330352783
recommendation_loss: 2.255965232849121, critic_loss: 2.1517975330352783
inter loss 3.5626580715179443, intra loss: 0.00267297332175076, critic loss: 2.1386642456054688
recommendation_loss: 2.13590931892395, critic_loss: 2.1386642456054688
inter loss 3.6126785278320312, intra loss: 0.0026849741116166115, critic loss: 2.1686813831329346
recommendation_loss: 2.1521737575531006, critic_loss: 2.1686813831329346
inter loss 3.5850281715393066, intra loss: 0.002677605953067541, critic loss: 2.152087926864624
recommendation_loss: 2.1504569053649902, critic_loss: 2.152087926864624
inter loss 3.5924646854400635, intra loss: 0.002688128501176834, critic loss: 2.1565542221069336
recommendation_loss: 2.13278865814209, critic_loss: 2.1565542221069336
inter loss 3.6386947631835938, intra loss: 0.002667976077646017, critic loss: 2.184284210205078
recommendation_loss: 2.1231493949890137, critic_loss: 2.184284210205078
inter loss 3.5990793704986572, intra loss: 0.0026888158172369003, critic loss: 2.1605231761932373
recommendation_loss: 2.2120025157928467, critic_loss: 2.1605231761932373
inter loss 3.5978379249572754, intra loss: 0.0026828916743397713, critic loss: 2.159775972366333
recommendation_loss: 2.159593105316162, critic_loss: 2.159775972366333
inter loss 3.620542526245117, intra loss: 0.0026776858139783144, critic loss: 2.173396587371826
recommendation_loss: 2.1250245571136475, critic_loss: 2.173396587371826
inter loss 3.5731592178344727, intra loss: 0.0026960133109241724, critic loss: 2.1449739933013916
recommendation_loss: 2.1490674018859863, critic_loss: 2.1449739933013916
inter loss 3.6198370456695557, intra loss: 0.0026854523457586765, critic loss: 2.172976493835449
recommendation_loss: 2.193474769592285, critic_loss: 2.172976493835449
inter loss 3.580793857574463, intra loss: 0.002660521771758795, critic loss: 2.149540662765503
recommendation_loss: 2.170228958129883, critic_loss: 2.149540662765503
inter loss 3.570613384246826, intra loss: 0.002645323518663645, critic loss: 2.1434261798858643
recommendation_loss: 2.1670117378234863, critic_loss: 2.1434261798858643
inter loss 3.6037330627441406, intra loss: 0.0027003122959285975, critic loss: 2.1633200645446777
recommendation_loss: 2.1128768920898438, critic_loss: 2.1633200645446777
inter loss 3.6202926635742188, intra loss: 0.0026914775371551514, critic loss: 2.1732523441314697
recommendation_loss: 2.110780715942383, critic_loss: 2.1732523441314697
inter loss 3.5885143280029297, intra loss: 0.0026718848384916782, critic loss: 2.15417742729187
recommendation_loss: 2.1497910022735596, critic_loss: 2.15417742729187
inter loss 3.5736355781555176, intra loss: 0.00270066293887794, critic loss: 2.145261764526367
recommendation_loss: 2.1142148971557617, critic_loss: 2.145261764526367
inter loss 3.5697269439697266, intra loss: 0.002693349728360772, critic loss: 2.142913579940796
recommendation_loss: 2.1048107147216797, critic_loss: 2.142913579940796
inter loss 3.5470027923583984, intra loss: 0.0026890982408076525, critic loss: 2.129277467727661
recommendation_loss: 2.0942742824554443, critic_loss: 2.129277467727661
inter loss 3.5691990852355957, intra loss: 0.0026988747995346785, critic loss: 2.142599105834961
recommendation_loss: 2.0761773586273193, critic_loss: 2.142599105834961
inter loss 3.578486680984497, intra loss: 0.002683558501303196, critic loss: 2.148165464401245
recommendation_loss: 2.107175588607788, critic_loss: 2.148165464401245
inter loss 3.5404443740844727, intra loss: 0.0027020066045224667, critic loss: 2.125347375869751
recommendation_loss: 2.0511608123779297, critic_loss: 2.125347375869751
inter loss 3.5429248809814453, intra loss: 0.002731847111135721, critic loss: 2.126847743988037
recommendation_loss: 2.147862434387207, critic_loss: 2.126847743988037
inter loss 3.6081762313842773, intra loss: 0.0027168523520231247, critic loss: 2.165992498397827
recommendation_loss: 2.048992872238159, critic_loss: 2.165992498397827
inter loss 3.5315380096435547, intra loss: 0.002730783773586154, critic loss: 2.1200151443481445
recommendation_loss: 2.0836703777313232, critic_loss: 2.1200151443481445
inter loss 3.505436658859253, intra loss: 0.002706300001591444, critic loss: 2.104344606399536
recommendation_loss: 2.0674264430999756, critic_loss: 2.104344606399536
inter loss 3.4842138290405273, intra loss: 0.002703271806240082, critic loss: 2.0916097164154053
recommendation_loss: 2.0723297595977783, critic_loss: 2.0916097164154053
inter loss 3.545837163925171, intra loss: 0.002708680462092161, critic loss: 2.1285858154296875
recommendation_loss: 2.11912202835083, critic_loss: 2.1285858154296875
inter loss 3.488754987716675, intra loss: 0.0027048175688833, critic loss: 2.0943350791931152
recommendation_loss: 2.0638785362243652, critic_loss: 2.0943350791931152
inter loss 3.5163347721099854, intra loss: 0.0026842616498470306, critic loss: 2.110874652862549
recommendation_loss: 2.0158274173736572, critic_loss: 2.110874652862549
inter loss 3.545464515686035, intra loss: 0.0027031167410314083, critic loss: 2.1283600330352783
recommendation_loss: 2.081507682800293, critic_loss: 2.1283600330352783
inter loss 3.5011324882507324, intra loss: 0.0027158220764249563, critic loss: 2.1017658710479736
recommendation_loss: 2.0948925018310547, critic_loss: 2.1017658710479736
inter loss 3.5319948196411133, intra loss: 0.002705247374251485, critic loss: 2.12027907371521
recommendation_loss: 2.1412153244018555, critic_loss: 2.12027907371521
inter loss 3.5478415489196777, intra loss: 0.002693789079785347, critic loss: 2.1297824382781982
recommendation_loss: 2.0594353675842285, critic_loss: 2.1297824382781982
inter loss 3.520563840866089, intra loss: 0.002730667358264327, critic loss: 2.1134305000305176
recommendation_loss: 2.091919422149658, critic_loss: 2.1134305000305176
inter loss 3.5249338150024414, intra loss: 0.002712199930101633, critic loss: 2.1160452365875244
recommendation_loss: 2.079926013946533, critic_loss: 2.1160452365875244
inter loss 3.567873001098633, intra loss: 0.0027012890204787254, critic loss: 2.1418044567108154
recommendation_loss: 2.08082914352417, critic_loss: 2.1418044567108154
inter loss 3.5500845909118652, intra loss: 0.002714082831516862, critic loss: 2.131136417388916
recommendation_loss: 2.097088575363159, critic_loss: 2.131136417388916
inter loss 3.536384344100952, intra loss: 0.002724224701523781, critic loss: 2.122920274734497
recommendation_loss: 2.006877899169922, critic_loss: 2.122920274734497
inter loss 3.519429922103882, intra loss: 0.002711862325668335, critic loss: 2.1127429008483887
recommendation_loss: 2.0155742168426514, critic_loss: 2.1127429008483887
inter loss 3.5205464363098145, intra loss: 0.0026981551200151443, critic loss: 2.1134073734283447
recommendation_loss: 2.1422746181488037, critic_loss: 2.1134073734283447
inter loss 3.5245814323425293, intra loss: 0.002715045353397727, critic loss: 2.115834951400757
recommendation_loss: 2.1262619495391846, critic_loss: 2.115834951400757
inter loss 3.5015053749084473, intra loss: 0.0026786194648593664, critic loss: 2.1019747257232666
recommendation_loss: 2.136974811553955, critic_loss: 2.1019747257232666
inter loss 3.5458931922912598, intra loss: 0.0027033237274736166, critic loss: 2.128617286682129
recommendation_loss: 2.049640417098999, critic_loss: 2.128617286682129
inter loss 3.512634515762329, intra loss: 0.002741886069998145, critic loss: 2.108677625656128
recommendation_loss: 2.072580099105835, critic_loss: 2.108677625656128
inter loss 3.4963016510009766, intra loss: 0.0027319579385221004, critic loss: 2.0988738536834717
recommendation_loss: 2.046123504638672, critic_loss: 2.0988738536834717
inter loss 3.532005548477173, intra loss: 0.002737370552495122, critic loss: 2.120298385620117
recommendation_loss: 2.0375027656555176, critic_loss: 2.120298385620117
inter loss 3.488603353500366, intra loss: 0.002720931312069297, critic loss: 2.094250440597534
recommendation_loss: 2.017397403717041, critic_loss: 2.094250440597534
inter loss 3.4762909412384033, intra loss: 0.0027221667114645243, critic loss: 2.0868635177612305
recommendation_loss: 2.019171714782715, critic_loss: 2.0868635177612305
inter loss 3.513009548187256, intra loss: 0.0027184500358998775, critic loss: 2.1088931560516357
recommendation_loss: 2.070741653442383, critic_loss: 2.1088931560516357
inter loss 3.5215003490448, intra loss: 0.002725759521126747, critic loss: 2.113990545272827
recommendation_loss: 2.012758731842041, critic_loss: 2.113990545272827
inter loss 3.463935613632202, intra loss: 0.0027414285577833652, critic loss: 2.079457998275757
recommendation_loss: 2.0115466117858887, critic_loss: 2.079457998275757
inter loss 3.4890332221984863, intra loss: 0.0027278175111860037, critic loss: 2.0945112705230713
recommendation_loss: 2.0824086666107178, critic_loss: 2.0945112705230713
inter loss 3.488642692565918, intra loss: 0.0027090967632830143, critic loss: 2.094269275665283
recommendation_loss: 2.1124203205108643, critic_loss: 2.094269275665283
inter loss 3.492215394973755, intra loss: 0.0027356985956430435, critic loss: 2.096423625946045
recommendation_loss: 1.967897891998291, critic_loss: 2.096423625946045
inter loss 3.510061740875244, intra loss: 0.0027317169588059187, critic loss: 2.1071298122406006
recommendation_loss: 2.0303122997283936, critic_loss: 2.1071298122406006
inter loss 3.52657151222229, intra loss: 0.0027304436080157757, critic loss: 2.117035150527954
recommendation_loss: 2.052828788757324, critic_loss: 2.117035150527954
inter loss 3.5023722648620605, intra loss: 0.0027158677112311125, critic loss: 2.1025097370147705
recommendation_loss: 2.037734031677246, critic_loss: 2.1025097370147705
inter loss 3.50187087059021, intra loss: 0.0027216915041208267, critic loss: 2.1022112369537354
recommendation_loss: 2.0933961868286133, critic_loss: 2.1022112369537354
inter loss 3.4755935668945312, intra loss: 0.0027370722964406013, critic loss: 2.0864510536193848
recommendation_loss: 2.107327461242676, critic_loss: 2.0864510536193848
inter loss 3.4779906272888184, intra loss: 0.002732192864641547, critic loss: 2.0878872871398926
recommendation_loss: 2.034566879272461, critic_loss: 2.0878872871398926
inter loss 3.4814419746398926, intra loss: 0.002712896326556802, critic loss: 2.0899503231048584
recommendation_loss: 2.0372352600097656, critic_loss: 2.0899503231048584
inter loss 3.461920738220215, intra loss: 0.002725250320509076, critic loss: 2.078242540359497
recommendation_loss: 2.1035361289978027, critic_loss: 2.078242540359497
inter loss 3.4634146690368652, intra loss: 0.0027430644258856773, critic loss: 2.079146146774292
recommendation_loss: 1.9955614805221558, critic_loss: 2.079146146774292
inter loss 3.465900421142578, intra loss: 0.002711285836994648, critic loss: 2.08062481880188
recommendation_loss: 1.9560918807983398, critic_loss: 2.08062481880188
inter loss 3.4477102756500244, intra loss: 0.0027149554807692766, critic loss: 2.0697121620178223
recommendation_loss: 1.9848617315292358, critic_loss: 2.0697121620178223
inter loss 3.460866928100586, intra loss: 0.0027107400819659233, critic loss: 2.0776045322418213
recommendation_loss: 2.0689351558685303, critic_loss: 2.0776045322418213
inter loss 3.4682559967041016, intra loss: 0.002741429954767227, critic loss: 2.082050085067749
recommendation_loss: 2.10097074508667, critic_loss: 2.082050085067749
inter loss 3.45827579498291, intra loss: 0.002742611337453127, critic loss: 2.0760624408721924
recommendation_loss: 2.013920307159424, critic_loss: 2.0760624408721924
inter loss 3.465778350830078, intra loss: 0.0027459850534796715, critic loss: 2.0805654525756836
recommendation_loss: 2.0326945781707764, critic_loss: 2.0805654525756836
inter loss 3.480013370513916, intra loss: 0.002751700347289443, critic loss: 2.089108943939209
recommendation_loss: 1.9954075813293457, critic_loss: 2.089108943939209
inter loss 3.4844207763671875, intra loss: 0.002764580538496375, critic loss: 2.0917582511901855
recommendation_loss: 2.1074366569519043, critic_loss: 2.0917582511901855
inter loss 3.4804887771606445, intra loss: 0.0027695733588188887, critic loss: 2.0894012451171875
recommendation_loss: 2.0504214763641357, critic_loss: 2.0894012451171875
inter loss 3.4590981006622314, intra loss: 0.0027370182797312737, critic loss: 2.0765538215637207
recommendation_loss: 2.0348751544952393, critic_loss: 2.0765538215637207
inter loss 3.4583938121795654, intra loss: 0.0027453694492578506, critic loss: 2.076134443283081
recommendation_loss: 2.049621105194092, critic_loss: 2.076134443283081
inter loss 3.456113815307617, intra loss: 0.0027378839440643787, critic loss: 2.074763536453247
recommendation_loss: 2.075713872909546, critic_loss: 2.074763536453247
inter loss 3.4690260887145996, intra loss: 0.0027381922118365765, critic loss: 2.0825109481811523
recommendation_loss: 2.0187737941741943, critic_loss: 2.0825109481811523
inter loss 3.508493661880493, intra loss: 0.002752965781837702, critic loss: 2.1061975955963135
recommendation_loss: 1.9555920362472534, critic_loss: 2.1061975955963135
inter loss 3.4857921600341797, intra loss: 0.00274052657186985, critic loss: 2.09257173538208
recommendation_loss: 2.0518178939819336, critic_loss: 2.09257173538208
inter loss 3.4671037197113037, intra loss: 0.0027444143779575825, critic loss: 2.081360101699829
recommendation_loss: 2.01979398727417, critic_loss: 2.081360101699829
inter loss 3.4739627838134766, intra loss: 0.00271535268984735, critic loss: 2.0854640007019043
recommendation_loss: 2.0158917903900146, critic_loss: 2.0854640007019043
inter loss 3.4556984901428223, intra loss: 0.0027349123265594244, critic loss: 2.0745129585266113
recommendation_loss: 2.050614595413208, critic_loss: 2.0745129585266113
inter loss 3.4530296325683594, intra loss: 0.0027491487562656403, critic loss: 2.0729174613952637
recommendation_loss: 2.002255439758301, critic_loss: 2.0729174613952637
inter loss 3.4561352729797363, intra loss: 0.0027469247579574585, critic loss: 2.074780225753784
recommendation_loss: 2.0115747451782227, critic_loss: 2.074780225753784
inter loss 3.460404872894287, intra loss: 0.002771190367639065, critic loss: 2.0773513317108154
recommendation_loss: 1.992587685585022, critic_loss: 2.0773513317108154
inter loss 3.4318268299102783, intra loss: 0.0027335870545357466, critic loss: 2.0601894855499268
recommendation_loss: 1.9924225807189941, critic_loss: 2.0601894855499268
inter loss 3.418788433074951, intra loss: 0.0027505350299179554, critic loss: 2.0523734092712402
recommendation_loss: 2.068545341491699, critic_loss: 2.0523734092712402
inter loss 3.3993256092071533, intra loss: 0.0027217024471610785, critic loss: 2.0406839847564697
recommendation_loss: 2.0338199138641357, critic_loss: 2.0406839847564697
inter loss 3.467440366744995, intra loss: 0.002741179894655943, critic loss: 2.0815608501434326
recommendation_loss: 1.9969313144683838, critic_loss: 2.0815608501434326
inter loss 3.405958652496338, intra loss: 0.002736212220042944, critic loss: 2.0446698665618896
recommendation_loss: 2.063225507736206, critic_loss: 2.0446698665618896
inter loss 3.431537389755249, intra loss: 0.0027402490377426147, critic loss: 2.060018539428711
recommendation_loss: 2.078193426132202, critic_loss: 2.060018539428711
inter loss 3.455308198928833, intra loss: 0.002753965090960264, critic loss: 2.074286460876465
recommendation_loss: 2.0070528984069824, critic_loss: 2.074286460876465
inter loss 3.429582357406616, intra loss: 0.002750268206000328, critic loss: 2.058849573135376
recommendation_loss: 1.9659600257873535, critic_loss: 2.058849573135376
inter loss 3.4517173767089844, intra loss: 0.002762677613645792, critic loss: 2.0721356868743896
recommendation_loss: 1.9858107566833496, critic_loss: 2.0721356868743896
inter loss 3.412262439727783, intra loss: 0.0027618841268122196, critic loss: 2.048462390899658
recommendation_loss: 2.011319398880005, critic_loss: 2.048462390899658
inter loss 3.426988124847412, intra loss: 0.002747379243373871, critic loss: 2.0572917461395264
recommendation_loss: 2.0204646587371826, critic_loss: 2.0572917461395264
inter loss 3.433912992477417, intra loss: 0.0027374362107366323, critic loss: 2.0614428520202637
recommendation_loss: 1.93821120262146, critic_loss: 2.0614428520202637
inter loss 3.4377684593200684, intra loss: 0.002750848885625601, critic loss: 2.0637614727020264
recommendation_loss: 2.0273149013519287, critic_loss: 2.0637614727020264
inter loss 3.4319076538085938, intra loss: 0.002717725932598114, critic loss: 2.060231924057007
recommendation_loss: 1.966475009918213, critic_loss: 2.060231924057007
inter loss 3.4339332580566406, intra loss: 0.002727170940488577, critic loss: 2.061450719833374
recommendation_loss: 2.005154609680176, critic_loss: 2.061450719833374
inter loss 3.442983865737915, intra loss: 0.0027181808836758137, critic loss: 2.066877603530884
recommendation_loss: 1.941146731376648, critic_loss: 2.066877603530884
inter loss 3.4765186309814453, intra loss: 0.002731997286900878, critic loss: 2.0870041847229004
recommendation_loss: 2.0674901008605957, critic_loss: 2.0870041847229004
inter loss 3.393329620361328, intra loss: 0.0027528589125722647, critic loss: 2.0370991230010986
recommendation_loss: 1.9757461547851562, critic_loss: 2.0370991230010986
inter loss 3.381528377532959, intra loss: 0.002745456527918577, critic loss: 2.030015230178833
recommendation_loss: 1.946885347366333, critic_loss: 2.030015230178833
inter loss 3.4017200469970703, intra loss: 0.002759816823527217, critic loss: 2.0421359539031982
recommendation_loss: 1.9811301231384277, critic_loss: 2.0421359539031982
inter loss 3.3693861961364746, intra loss: 0.0027558363508433104, critic loss: 2.0227341651916504
recommendation_loss: 1.9703772068023682, critic_loss: 2.0227341651916504
inter loss 3.4491734504699707, intra loss: 0.0027501655276864767, critic loss: 2.0706043243408203
recommendation_loss: 1.9801290035247803, critic_loss: 2.0706043243408203
inter loss 3.4105892181396484, intra loss: 0.0027313479222357273, critic loss: 2.0474460124969482
recommendation_loss: 1.9370944499969482, critic_loss: 2.0474460124969482
inter loss 3.393265724182129, intra loss: 0.0027382730040699244, critic loss: 2.0370547771453857
recommendation_loss: 2.012913942337036, critic_loss: 2.0370547771453857
inter loss 3.415849447250366, intra loss: 0.002748664002865553, critic loss: 2.0506091117858887
recommendation_loss: 1.946426510810852, critic_loss: 2.0506091117858887
inter loss 3.398998498916626, intra loss: 0.002745282370597124, critic loss: 2.040497303009033
recommendation_loss: 2.0719070434570312, critic_loss: 2.040497303009033
inter loss 3.4146385192871094, intra loss: 0.002748951083049178, critic loss: 2.0498828887939453
recommendation_loss: 2.0052366256713867, critic_loss: 2.0498828887939453
inter loss 3.394160032272339, intra loss: 0.0027580938767641783, critic loss: 2.0375993251800537
recommendation_loss: 2.023346185684204, critic_loss: 2.0375993251800537
inter loss 3.4241089820861816, intra loss: 0.002757095033302903, critic loss: 2.0555684566497803
recommendation_loss: 2.0087132453918457, critic_loss: 2.0555684566497803
inter loss 3.372457504272461, intra loss: 0.0027683349326252937, critic loss: 2.0245819091796875
recommendation_loss: 2.064466714859009, critic_loss: 2.0245819091796875
inter loss 3.3572747707366943, intra loss: 0.0027523196768015623, critic loss: 2.0154659748077393
recommendation_loss: 1.9677910804748535, critic_loss: 2.0154659748077393
inter loss 3.421374797821045, intra loss: 0.002772654639557004, critic loss: 2.053934097290039
recommendation_loss: 2.0169496536254883, critic_loss: 2.053934097290039
inter loss 3.384352922439575, intra loss: 0.002751712454482913, critic loss: 2.031712532043457
recommendation_loss: 2.0760738849639893, critic_loss: 2.031712532043457
inter loss 3.377328395843506, intra loss: 0.0027655938174575567, critic loss: 2.027503490447998
recommendation_loss: 2.008524179458618, critic_loss: 2.027503490447998
inter loss 3.3654627799987793, intra loss: 0.0027652427088469267, critic loss: 2.020383834838867
recommendation_loss: 1.8915115594863892, critic_loss: 2.020383834838867
inter loss 3.3587350845336914, intra loss: 0.0027449256740510464, critic loss: 2.016339063644409
recommendation_loss: 1.9538426399230957, critic_loss: 2.016339063644409
inter loss 3.3720498085021973, intra loss: 0.0027558263391256332, critic loss: 2.0243325233459473
recommendation_loss: 1.9574158191680908, critic_loss: 2.0243325233459473
inter loss 3.371147871017456, intra loss: 0.002752952976152301, critic loss: 2.023790121078491
recommendation_loss: 2.05237078666687, critic_loss: 2.023790121078491
inter loss 3.3645663261413574, intra loss: 0.0027463408187031746, critic loss: 2.019838571548462
recommendation_loss: 1.9926923513412476, critic_loss: 2.019838571548462
inter loss 3.3628618717193604, intra loss: 0.0027438681572675705, critic loss: 2.0188145637512207
recommendation_loss: 2.005331039428711, critic_loss: 2.0188145637512207
inter loss 3.3665637969970703, intra loss: 0.002752415370196104, critic loss: 2.0210394859313965
recommendation_loss: 2.09246563911438, critic_loss: 2.0210394859313965
inter loss 3.3823063373565674, intra loss: 0.002742181997746229, critic loss: 2.0304808616638184
recommendation_loss: 1.9958670139312744, critic_loss: 2.0304808616638184
inter loss 3.3758950233459473, intra loss: 0.002735927002504468, critic loss: 2.0266313552856445
recommendation_loss: 2.043696403503418, critic_loss: 2.0266313552856445
inter loss 3.37833833694458, intra loss: 0.0027435123920440674, critic loss: 2.0281004905700684
recommendation_loss: 1.9693748950958252, critic_loss: 2.0281004905700684
inter loss 3.385432720184326, intra loss: 0.0027431687340140343, critic loss: 2.0323569774627686
recommendation_loss: 1.9593796730041504, critic_loss: 2.0323569774627686
2024-08-09 18:34:14.043157: step 608/24320 (epoch 2/80), loss = 2.166652 (33.280 sec/epoch), lr: 0.003000
Evaluating on dev set...
...........................
source: 	 mrr: 0.026458	 ndcg_5: 0.0164	 ndcg_10: 0.0217	 hit@1:0.007965	 hit@5:0.0253	 hit@10: 0.0420
target: 	 mrr: 0.027963	 ndcg_5: 0.0233	 ndcg_10: 0.0283	 hit@1:0.009059	 hit@5:0.0369	 hit@10: 0.0523
source best!
.............
source: 	 mrr: 0.028251	 ndcg_5: 0.0187	 ndcg_10: 0.0273	 hit@1:0.006135	 hit@5:0.0314	 hit@10: 0.0575
target best!
..............target: 	 mrr: 0.021104	 ndcg_5: 0.0137	 ndcg_10: 0.0188	 hit@1:0.005487	 hit@5:0.0206	 hit@10: 0.0364
epoch 2: train_loss = 2.166652, source_hit@10 = 0.0575, source_ndcg@10 = 0.0273, target_hit@10 = 0.0364, target_ndcg@10 = 0.0188
new best model saved.

inter loss 3.3411903381347656, intra loss: 0.0027663400396704674, critic loss: 2.0058207511901855
recommendation_loss: 2.044623374938965, critic_loss: 2.0058207511901855
inter loss 3.3736484050750732, intra loss: 0.0027375752106308937, critic loss: 2.0252842903137207
recommendation_loss: 1.9746441841125488, critic_loss: 2.0252842903137207
inter loss 3.4062209129333496, intra loss: 0.0027550235390663147, critic loss: 2.044834613800049
recommendation_loss: 1.9778130054473877, critic_loss: 2.044834613800049
inter loss 3.362557888031006, intra loss: 0.0027587178628891706, critic loss: 2.0186381340026855
recommendation_loss: 1.9837688207626343, critic_loss: 2.0186381340026855
inter loss 3.3772192001342773, intra loss: 0.0027425542939454317, critic loss: 2.02742862701416
recommendation_loss: 1.9556331634521484, critic_loss: 2.02742862701416
inter loss 3.330047369003296, intra loss: 0.002733687637373805, critic loss: 1.9991220235824585
recommendation_loss: 2.029310464859009, critic_loss: 1.9991220235824585
inter loss 3.3846521377563477, intra loss: 0.002745907288044691, critic loss: 2.0318896770477295
recommendation_loss: 2.016660213470459, critic_loss: 2.0318896770477295
inter loss 3.367703914642334, intra loss: 0.0027648380491882563, critic loss: 2.021728515625
recommendation_loss: 1.9942307472229004, critic_loss: 2.021728515625
inter loss 3.3270606994628906, intra loss: 0.0027511927764862776, critic loss: 1.9973368644714355
recommendation_loss: 2.001265048980713, critic_loss: 1.9973368644714355
inter loss 3.3556041717529297, intra loss: 0.002770093036815524, critic loss: 2.0144705772399902
recommendation_loss: 1.9422918558120728, critic_loss: 2.0144705772399902
inter loss 3.355227470397949, intra loss: 0.002761572366580367, critic loss: 2.0142412185668945
recommendation_loss: 1.972230315208435, critic_loss: 2.0142412185668945
inter loss 3.380972385406494, intra loss: 0.0027609358076006174, critic loss: 2.0296878814697266
recommendation_loss: 1.8592256307601929, critic_loss: 2.0296878814697266
inter loss 3.3405730724334717, intra loss: 0.002782688941806555, critic loss: 2.0054571628570557
recommendation_loss: 1.9513810873031616, critic_loss: 2.0054571628570557
inter loss 3.3431599140167236, intra loss: 0.002764676231890917, critic loss: 2.0070018768310547
recommendation_loss: 1.9513401985168457, critic_loss: 2.0070018768310547
inter loss 3.323812961578369, intra loss: 0.002750092651695013, critic loss: 1.9953879117965698
recommendation_loss: 2.07478666305542, critic_loss: 1.9953879117965698
inter loss 3.3303487300872803, intra loss: 0.0027490821667015553, critic loss: 1.9993089437484741
recommendation_loss: 1.9591617584228516, critic_loss: 1.9993089437484741
inter loss 3.314101219177246, intra loss: 0.002757155103608966, critic loss: 1.9895635843276978
recommendation_loss: 1.914482831954956, critic_loss: 1.9895635843276978
inter loss 3.3126015663146973, intra loss: 0.0027630897238850594, critic loss: 1.9886661767959595
recommendation_loss: 1.9917373657226562, critic_loss: 1.9886661767959595
inter loss 3.3755416870117188, intra loss: 0.0027791026514023542, critic loss: 2.0264368057250977
recommendation_loss: 1.893918514251709, critic_loss: 2.0264368057250977
inter loss 3.36035418510437, intra loss: 0.002769595244899392, critic loss: 2.0173206329345703
recommendation_loss: 2.0113961696624756, critic_loss: 2.0173206329345703
inter loss 3.3147037029266357, intra loss: 0.0027742055244743824, critic loss: 1.9899320602416992
recommendation_loss: 1.984410047531128, critic_loss: 1.9899320602416992
inter loss 3.359797239303589, intra loss: 0.0027588405646383762, critic loss: 2.016982078552246
recommendation_loss: 1.949095368385315, critic_loss: 2.016982078552246
inter loss 3.34207820892334, intra loss: 0.002743865130469203, critic loss: 2.0063445568084717
recommendation_loss: 1.960768699645996, critic_loss: 2.0063445568084717
inter loss 3.3407325744628906, intra loss: 0.0027539716102182865, critic loss: 2.0055410861968994
recommendation_loss: 2.013789653778076, critic_loss: 2.0055410861968994
inter loss 3.342256546020508, intra loss: 0.0027832649648189545, critic loss: 2.006467342376709
recommendation_loss: 1.999605655670166, critic_loss: 2.006467342376709
inter loss 3.3382976055145264, intra loss: 0.002750879619270563, critic loss: 2.0040788650512695
recommendation_loss: 1.953113317489624, critic_loss: 2.0040788650512695
inter loss 3.29868745803833, intra loss: 0.0027404422871768475, critic loss: 1.9803086519241333
recommendation_loss: 1.980561375617981, critic_loss: 1.9803086519241333
inter loss 3.343076705932617, intra loss: 0.0027593031991273165, critic loss: 2.0069496631622314
recommendation_loss: 2.024641275405884, critic_loss: 2.0069496631622314
inter loss 3.323495388031006, intra loss: 0.0027746600098907948, critic loss: 1.9952071905136108
recommendation_loss: 1.952123761177063, critic_loss: 1.9952071905136108
inter loss 3.324822425842285, intra loss: 0.0027602959889918566, critic loss: 1.995997667312622
recommendation_loss: 1.9840929508209229, critic_loss: 1.995997667312622
inter loss 3.346315383911133, intra loss: 0.002735082758590579, critic loss: 2.008883476257324
recommendation_loss: 1.9881103038787842, critic_loss: 2.008883476257324
inter loss 3.3743510246276855, intra loss: 0.0027583567425608635, critic loss: 2.025714159011841
recommendation_loss: 1.937462568283081, critic_loss: 2.025714159011841
inter loss 3.3554792404174805, intra loss: 0.002746578771620989, critic loss: 2.0143861770629883
recommendation_loss: 1.9996663331985474, critic_loss: 2.0143861770629883
inter loss 3.358466625213623, intra loss: 0.0027747403364628553, critic loss: 2.0161898136138916
recommendation_loss: 1.9655354022979736, critic_loss: 2.0161898136138916
inter loss 3.3513851165771484, intra loss: 0.0027520502917468548, critic loss: 2.011931896209717
recommendation_loss: 1.950447916984558, critic_loss: 2.011931896209717
inter loss 3.4092791080474854, intra loss: 0.0027294678147882223, critic loss: 2.046659231185913
recommendation_loss: 1.9552767276763916, critic_loss: 2.046659231185913
inter loss 3.3639559745788574, intra loss: 0.0027433251962065697, critic loss: 2.0194711685180664
recommendation_loss: 2.0231502056121826, critic_loss: 2.0194711685180664
inter loss 3.3697633743286133, intra loss: 0.002703750040382147, critic loss: 2.022939682006836
recommendation_loss: 2.0427603721618652, critic_loss: 2.022939682006836
inter loss 3.3346447944641113, intra loss: 0.0027510335203260183, critic loss: 2.001887321472168
recommendation_loss: 1.9236255884170532, critic_loss: 2.001887321472168
inter loss 3.3323702812194824, intra loss: 0.0027545830234885216, critic loss: 2.0005240440368652
recommendation_loss: 1.967176914215088, critic_loss: 2.0005240440368652
inter loss 3.35538911819458, intra loss: 0.0027665025554597378, critic loss: 2.0143401622772217
recommendation_loss: 1.9318430423736572, critic_loss: 2.0143401622772217
inter loss 3.3226146697998047, intra loss: 0.0027726739645004272, critic loss: 1.994678020477295
recommendation_loss: 1.8732333183288574, critic_loss: 1.994678020477295
inter loss 3.327566623687744, intra loss: 0.0027772202156484127, critic loss: 1.9976509809494019
recommendation_loss: 1.9316701889038086, critic_loss: 1.9976509809494019
inter loss 3.3412492275238037, intra loss: 0.0027688422705978155, critic loss: 2.005856990814209
recommendation_loss: 1.9612940549850464, critic_loss: 2.005856990814209
inter loss 3.3080999851226807, intra loss: 0.002771051600575447, critic loss: 1.9859684705734253
recommendation_loss: 1.9147120714187622, critic_loss: 1.9859684705734253
inter loss 3.313483953475952, intra loss: 0.0027571418322622776, critic loss: 1.9891932010650635
recommendation_loss: 2.0125322341918945, critic_loss: 1.9891932010650635
inter loss 3.343979835510254, intra loss: 0.0027895518578588963, critic loss: 2.0075037479400635
recommendation_loss: 1.9854458570480347, critic_loss: 2.0075037479400635
inter loss 3.3444151878356934, intra loss: 0.002778257941827178, critic loss: 2.007760524749756
recommendation_loss: 1.9183862209320068, critic_loss: 2.007760524749756
inter loss 3.3431472778320312, intra loss: 0.002785968128591776, critic loss: 2.007002830505371
recommendation_loss: 1.9286257028579712, critic_loss: 2.007002830505371
inter loss 3.3178558349609375, intra loss: 0.002776389941573143, critic loss: 1.9918241500854492
recommendation_loss: 1.8862357139587402, critic_loss: 1.9918241500854492
inter loss 3.3450942039489746, intra loss: 0.0027855976950377226, critic loss: 2.0081708431243896
recommendation_loss: 2.018587112426758, critic_loss: 2.0081708431243896
inter loss 3.388326644897461, intra loss: 0.002780911512672901, critic loss: 2.0341086387634277
recommendation_loss: 1.9364538192749023, critic_loss: 2.0341086387634277
inter loss 3.327542543411255, intra loss: 0.0027713882736861706, critic loss: 1.9976341724395752
recommendation_loss: 2.0242302417755127, critic_loss: 1.9976341724395752
inter loss 3.3348522186279297, intra loss: 0.002769988728687167, critic loss: 2.0020194053649902
recommendation_loss: 1.8867675065994263, critic_loss: 2.0020194053649902
inter loss 3.29809308052063, intra loss: 0.0027693568263202906, critic loss: 1.9799636602401733
recommendation_loss: 1.9113579988479614, critic_loss: 1.9799636602401733
inter loss 3.326899766921997, intra loss: 0.0027881055139005184, critic loss: 1.9972550868988037
recommendation_loss: 1.9873979091644287, critic_loss: 1.9972550868988037
inter loss 3.295750379562378, intra loss: 0.002762182615697384, critic loss: 1.9785550832748413
recommendation_loss: 2.010082244873047, critic_loss: 1.9785550832748413
inter loss 3.309913158416748, intra loss: 0.002774378750473261, critic loss: 1.9870576858520508
recommendation_loss: 1.9061970710754395, critic_loss: 1.9870576858520508
inter loss 3.260049343109131, intra loss: 0.0027571609243750572, critic loss: 1.9571324586868286
recommendation_loss: 1.8860642910003662, critic_loss: 1.9571324586868286
inter loss 3.279118537902832, intra loss: 0.0027582452166825533, critic loss: 1.9685745239257812
recommendation_loss: 1.915501356124878, critic_loss: 1.9685745239257812
inter loss 3.271366596221924, intra loss: 0.002781082410365343, critic loss: 1.9639325141906738
recommendation_loss: 2.001948833465576, critic_loss: 1.9639325141906738
inter loss 3.3376359939575195, intra loss: 0.002771616680547595, critic loss: 2.003690242767334
recommendation_loss: 1.997320532798767, critic_loss: 2.003690242767334
inter loss 3.296534538269043, intra loss: 0.0027870540507137775, critic loss: 1.9790356159210205
recommendation_loss: 1.9455567598342896, critic_loss: 1.9790356159210205
inter loss 3.2682526111602783, intra loss: 0.0027923318557441235, critic loss: 1.9620686769485474
recommendation_loss: 1.956422209739685, critic_loss: 1.9620686769485474
inter loss 3.2826385498046875, intra loss: 0.002796488581225276, critic loss: 1.9707016944885254
recommendation_loss: 1.8909651041030884, critic_loss: 1.9707016944885254
inter loss 3.26851487159729, intra loss: 0.0027744672261178493, critic loss: 1.9622188806533813
recommendation_loss: 1.8573050498962402, critic_loss: 1.9622188806533813
inter loss 3.2748069763183594, intra loss: 0.002771062543615699, critic loss: 1.9659926891326904
recommendation_loss: 1.8699157238006592, critic_loss: 1.9659926891326904
inter loss 3.244783878326416, intra loss: 0.002770356833934784, critic loss: 1.9479786157608032
recommendation_loss: 1.9203031063079834, critic_loss: 1.9479786157608032
inter loss 3.320228099822998, intra loss: 0.0027744490653276443, critic loss: 1.9932467937469482
recommendation_loss: 2.018467903137207, critic_loss: 1.9932467937469482
inter loss 3.266063928604126, intra loss: 0.002783259144052863, critic loss: 1.9607517719268799
recommendation_loss: 1.8998494148254395, critic_loss: 1.9607517719268799
inter loss 3.2717676162719727, intra loss: 0.002764924196526408, critic loss: 1.9641666412353516
recommendation_loss: 1.89645516872406, critic_loss: 1.9641666412353516
inter loss 3.2545902729034424, intra loss: 0.0027916529215872288, critic loss: 1.9538708925247192
recommendation_loss: 1.9064687490463257, critic_loss: 1.9538708925247192
inter loss 3.2232091426849365, intra loss: 0.0027772935573011637, critic loss: 1.9350364208221436
recommendation_loss: 1.9245684146881104, critic_loss: 1.9350364208221436
inter loss 3.285402297973633, intra loss: 0.0027669852133840322, critic loss: 1.9723482131958008
recommendation_loss: 1.8657102584838867, critic_loss: 1.9723482131958008
inter loss 3.302551507949829, intra loss: 0.0027803326956927776, critic loss: 1.9826431274414062
recommendation_loss: 1.9462391138076782, critic_loss: 1.9826431274414062
inter loss 3.2545998096466064, intra loss: 0.002786490600556135, critic loss: 1.9538745880126953
recommendation_loss: 1.8657728433609009, critic_loss: 1.9538745880126953
inter loss 3.249448776245117, intra loss: 0.002759731374680996, critic loss: 1.9507732391357422
recommendation_loss: 1.9221138954162598, critic_loss: 1.9507732391357422
inter loss 3.2466020584106445, intra loss: 0.0028037400916218758, critic loss: 1.949082851409912
recommendation_loss: 1.8484601974487305, critic_loss: 1.949082851409912
inter loss 3.276233196258545, intra loss: 0.0027828733436763287, critic loss: 1.966853141784668
recommendation_loss: 1.8160539865493774, critic_loss: 1.966853141784668
inter loss 3.269620418548584, intra loss: 0.002786608412861824, critic loss: 1.962886929512024
recommendation_loss: 1.8874577283859253, critic_loss: 1.962886929512024
inter loss 3.227804183959961, intra loss: 0.00280242832377553, critic loss: 1.9378035068511963
recommendation_loss: 1.8613080978393555, critic_loss: 1.9378035068511963
inter loss 3.2622010707855225, intra loss: 0.002773708663880825, critic loss: 1.9584301710128784
recommendation_loss: 1.8898837566375732, critic_loss: 1.9584301710128784
inter loss 3.285632371902466, intra loss: 0.0027902009896934032, critic loss: 1.9724955558776855
recommendation_loss: 1.9249012470245361, critic_loss: 1.9724955558776855
inter loss 3.305629253387451, intra loss: 0.0027758379001170397, critic loss: 1.9844878911972046
recommendation_loss: 1.8050466775894165, critic_loss: 1.9844878911972046
inter loss 3.2476882934570312, intra loss: 0.00277041457593441, critic loss: 1.9497212171554565
recommendation_loss: 1.8478100299835205, critic_loss: 1.9497212171554565
inter loss 3.2479472160339355, intra loss: 0.002786102471873164, critic loss: 1.9498828649520874
recommendation_loss: 1.8742722272872925, critic_loss: 1.9498828649520874
inter loss 3.2604174613952637, intra loss: 0.002794187283143401, critic loss: 1.95736825466156
recommendation_loss: 1.8717076778411865, critic_loss: 1.95736825466156
inter loss 3.2546393871307373, intra loss: 0.0027969288639724255, critic loss: 1.9539024829864502
recommendation_loss: 1.8460601568222046, critic_loss: 1.9539024829864502
inter loss 3.2561347484588623, intra loss: 0.002787715522572398, critic loss: 1.9547959566116333
recommendation_loss: 1.875976324081421, critic_loss: 1.9547959566116333
inter loss 3.2757556438446045, intra loss: 0.0027870710473507643, critic loss: 1.9665683507919312
recommendation_loss: 1.942665934562683, critic_loss: 1.9665683507919312
inter loss 3.2914280891418457, intra loss: 0.002762719988822937, critic loss: 1.9759620428085327
recommendation_loss: 1.8368477821350098, critic_loss: 1.9759620428085327
inter loss 3.2951931953430176, intra loss: 0.002755242632701993, critic loss: 1.9782180786132812
recommendation_loss: 1.8736525774002075, critic_loss: 1.9782180786132812
inter loss 3.2369301319122314, intra loss: 0.0027955174446105957, critic loss: 1.943276286125183
recommendation_loss: 1.885218858718872, critic_loss: 1.943276286125183
inter loss 3.256244421005249, intra loss: 0.002777403686195612, critic loss: 1.954857587814331
recommendation_loss: 1.8110002279281616, critic_loss: 1.954857587814331
inter loss 3.248347759246826, intra loss: 0.0027798262890428305, critic loss: 1.9501206874847412
recommendation_loss: 1.9360641241073608, critic_loss: 1.9501206874847412
inter loss 3.2195186614990234, intra loss: 0.002792610786855221, critic loss: 1.9328283071517944
recommendation_loss: 1.847011685371399, critic_loss: 1.9328283071517944
inter loss 3.2319605350494385, intra loss: 0.002787009347230196, critic loss: 1.9402912855148315
recommendation_loss: 1.8786457777023315, critic_loss: 1.9402912855148315
inter loss 3.2334461212158203, intra loss: 0.0027713505551218987, critic loss: 1.9411762952804565
recommendation_loss: 1.8998024463653564, critic_loss: 1.9411762952804565
inter loss 3.2347357273101807, intra loss: 0.0027895071543753147, critic loss: 1.9419573545455933
recommendation_loss: 1.8524991273880005, critic_loss: 1.9419573545455933
inter loss 3.260070562362671, intra loss: 0.0027894091326743364, critic loss: 1.9571582078933716
recommendation_loss: 1.9066011905670166, critic_loss: 1.9571582078933716
inter loss 3.2713403701782227, intra loss: 0.002802110742777586, critic loss: 1.9639251232147217
recommendation_loss: 1.852426290512085, critic_loss: 1.9639251232147217
inter loss 3.2843687534332275, intra loss: 0.0027768188156187534, critic loss: 1.9717320203781128
recommendation_loss: 1.8791025876998901, critic_loss: 1.9717320203781128
inter loss 3.278593063354492, intra loss: 0.0027697146870195866, critic loss: 1.968263864517212
recommendation_loss: 1.8826653957366943, critic_loss: 1.968263864517212
inter loss 3.2447848320007324, intra loss: 0.0027773859910666943, critic loss: 1.947981834411621
recommendation_loss: 1.797174334526062, critic_loss: 1.947981834411621
inter loss 3.2324750423431396, intra loss: 0.002772569190710783, critic loss: 1.9405940771102905
recommendation_loss: 1.8684718608856201, critic_loss: 1.9405940771102905
inter loss 3.234262228012085, intra loss: 0.002798859030008316, critic loss: 1.9416768550872803
recommendation_loss: 1.9227343797683716, critic_loss: 1.9416768550872803
inter loss 3.269205093383789, intra loss: 0.0028018937446177006, critic loss: 1.9626439809799194
recommendation_loss: 1.891005039215088, critic_loss: 1.9626439809799194
inter loss 3.2363250255584717, intra loss: 0.00278493738733232, critic loss: 1.9429091215133667
recommendation_loss: 1.8035411834716797, critic_loss: 1.9429091215133667
inter loss 3.229130744934082, intra loss: 0.002795281819999218, critic loss: 1.9385966062545776
recommendation_loss: 1.8534677028656006, critic_loss: 1.9385966062545776
inter loss 3.238247871398926, intra loss: 0.002789532532915473, critic loss: 1.9440646171569824
recommendation_loss: 1.8624703884124756, critic_loss: 1.9440646171569824
inter loss 3.278787136077881, intra loss: 0.002774377353489399, critic loss: 1.9683821201324463
recommendation_loss: 1.8658442497253418, critic_loss: 1.9683821201324463
inter loss 3.2829809188842773, intra loss: 0.0027628715615719557, critic loss: 1.9708938598632812
recommendation_loss: 1.834674596786499, critic_loss: 1.9708938598632812
inter loss 3.2649083137512207, intra loss: 0.002767132129520178, critic loss: 1.9600518941879272
recommendation_loss: 1.807071566581726, critic_loss: 1.9600518941879272
inter loss 3.23117733001709, intra loss: 0.0027804814744740725, critic loss: 1.9398187398910522
recommendation_loss: 1.881422519683838, critic_loss: 1.9398187398910522
inter loss 3.215876579284668, intra loss: 0.0027854228392243385, critic loss: 1.9306401014328003
recommendation_loss: 1.8667291402816772, critic_loss: 1.9306401014328003
inter loss 3.2446835041046143, intra loss: 0.002764855744317174, critic loss: 1.947916030883789
recommendation_loss: 1.755417823791504, critic_loss: 1.947916030883789
inter loss 3.2302863597869873, intra loss: 0.002789379097521305, critic loss: 1.9392876625061035
recommendation_loss: 1.9144978523254395, critic_loss: 1.9392876625061035
inter loss 3.255805015563965, intra loss: 0.002789117395877838, critic loss: 1.9545987844467163
recommendation_loss: 1.931017279624939, critic_loss: 1.9545987844467163
inter loss 3.2697534561157227, intra loss: 0.0027832104824483395, critic loss: 1.962965488433838
recommendation_loss: 1.8280460834503174, critic_loss: 1.962965488433838
inter loss 3.2381062507629395, intra loss: 0.002789051504805684, critic loss: 1.9439795017242432
recommendation_loss: 1.8869576454162598, critic_loss: 1.9439795017242432
inter loss 3.2507355213165283, intra loss: 0.002776077948510647, critic loss: 1.9515517950057983
recommendation_loss: 1.8116275072097778, critic_loss: 1.9515517950057983
inter loss 3.2573115825653076, intra loss: 0.0027731123846024275, critic loss: 1.9554963111877441
recommendation_loss: 1.8325636386871338, critic_loss: 1.9554963111877441
inter loss 3.235257148742676, intra loss: 0.002813054947182536, critic loss: 1.942279577255249
recommendation_loss: 1.8672974109649658, critic_loss: 1.942279577255249
inter loss 3.2699148654937744, intra loss: 0.0028031172696501017, critic loss: 1.963070273399353
recommendation_loss: 1.9645310640335083, critic_loss: 1.963070273399353
inter loss 3.2666358947753906, intra loss: 0.0027766069397330284, critic loss: 1.961092233657837
recommendation_loss: 1.8491382598876953, critic_loss: 1.961092233657837
inter loss 3.2171504497528076, intra loss: 0.0027866181917488575, critic loss: 1.931404948234558
recommendation_loss: 1.8664522171020508, critic_loss: 1.931404948234558
inter loss 3.2393393516540527, intra loss: 0.002790940459817648, critic loss: 1.9447200298309326
recommendation_loss: 1.7525200843811035, critic_loss: 1.9447200298309326
inter loss 3.221043586730957, intra loss: 0.002782182302325964, critic loss: 1.9337390661239624
recommendation_loss: 1.8668690919876099, critic_loss: 1.9337390661239624
inter loss 3.2496414184570312, intra loss: 0.0027955682016909122, critic loss: 1.950903058052063
recommendation_loss: 1.8473796844482422, critic_loss: 1.950903058052063
inter loss 3.22060227394104, intra loss: 0.0028081671334803104, critic loss: 1.9334847927093506
recommendation_loss: 1.9052993059158325, critic_loss: 1.9334847927093506
inter loss 3.2323484420776367, intra loss: 0.002792858052998781, critic loss: 1.9405262470245361
recommendation_loss: 1.8195079565048218, critic_loss: 1.9405262470245361
inter loss 3.2247238159179688, intra loss: 0.0027987768407911062, critic loss: 1.9359538555145264
recommendation_loss: 1.843530297279358, critic_loss: 1.9359538555145264
inter loss 3.235079288482666, intra loss: 0.002781551331281662, critic loss: 1.9421602487564087
recommendation_loss: 1.8699543476104736, critic_loss: 1.9421602487564087
inter loss 3.2018284797668457, intra loss: 0.0027669393457472324, critic loss: 1.9222038984298706
recommendation_loss: 1.9106509685516357, critic_loss: 1.9222038984298706
inter loss 3.215967893600464, intra loss: 0.002776153152808547, critic loss: 1.9306912422180176
recommendation_loss: 1.8904645442962646, critic_loss: 1.9306912422180176
inter loss 3.1819515228271484, intra loss: 0.002786272903904319, critic loss: 1.910285472869873
recommendation_loss: 1.8912171125411987, critic_loss: 1.910285472869873
inter loss 3.25223445892334, intra loss: 0.0027821757830679417, critic loss: 1.95245361328125
recommendation_loss: 1.8656349182128906, critic_loss: 1.95245361328125
inter loss 3.2583553791046143, intra loss: 0.002803907496854663, critic loss: 1.9561347961425781
recommendation_loss: 1.9287714958190918, critic_loss: 1.9561347961425781
inter loss 3.205665111541748, intra loss: 0.0027829559985548258, critic loss: 1.924512267112732
recommendation_loss: 1.7179838418960571, critic_loss: 1.924512267112732
inter loss 3.204058885574341, intra loss: 0.002770849969238043, critic loss: 1.9235436916351318
recommendation_loss: 1.8328185081481934, critic_loss: 1.9235436916351318
inter loss 3.202502965927124, intra loss: 0.0027835420332849026, critic loss: 1.9226152896881104
recommendation_loss: 1.8342196941375732, critic_loss: 1.9226152896881104
inter loss 3.1968650817871094, intra loss: 0.0027697021141648293, critic loss: 1.9192270040512085
recommendation_loss: 1.9128082990646362, critic_loss: 1.9192270040512085
inter loss 3.183634042739868, intra loss: 0.00275836861692369, critic loss: 1.9112838506698608
recommendation_loss: 1.791857123374939, critic_loss: 1.9112838506698608
inter loss 3.2094154357910156, intra loss: 0.0027897541876882315, critic loss: 1.9267652034759521
recommendation_loss: 1.756338119506836, critic_loss: 1.9267652034759521
inter loss 3.1961069107055664, intra loss: 0.0027979756705462933, critic loss: 1.9187833070755005
recommendation_loss: 1.898252248764038, critic_loss: 1.9187833070755005
inter loss 3.2272286415100098, intra loss: 0.0027949847280979156, critic loss: 1.937455177307129
recommendation_loss: 1.8662219047546387, critic_loss: 1.937455177307129
inter loss 3.154682159423828, intra loss: 0.0027861297130584717, critic loss: 1.8939238786697388
recommendation_loss: 1.909395694732666, critic_loss: 1.8939238786697388
inter loss 3.2052245140075684, intra loss: 0.0027654662262648344, critic loss: 1.9242409467697144
recommendation_loss: 1.870006799697876, critic_loss: 1.9242409467697144
inter loss 3.199557304382324, intra loss: 0.0027819378301501274, critic loss: 1.9208472967147827
recommendation_loss: 1.783337950706482, critic_loss: 1.9208472967147827
inter loss 3.2281975746154785, intra loss: 0.00279221567325294, critic loss: 1.938035488128662
recommendation_loss: 1.8249433040618896, critic_loss: 1.938035488128662
inter loss 3.228407382965088, intra loss: 0.002780150156468153, critic loss: 1.9381566047668457
recommendation_loss: 1.857034683227539, critic_loss: 1.9381566047668457
inter loss 3.2176828384399414, intra loss: 0.0027843760326504707, critic loss: 1.9317235946655273
recommendation_loss: 1.8498730659484863, critic_loss: 1.9317235946655273
inter loss 3.1967930793762207, intra loss: 0.002792291110381484, critic loss: 1.9191927909851074
recommendation_loss: 1.9313154220581055, critic_loss: 1.9191927909851074
inter loss 3.195943832397461, intra loss: 0.0028164046816527843, critic loss: 1.918692946434021
recommendation_loss: 1.8220887184143066, critic_loss: 1.918692946434021
inter loss 3.1970818042755127, intra loss: 0.002787224482744932, critic loss: 1.9193639755249023
recommendation_loss: 1.8365620374679565, critic_loss: 1.9193639755249023
inter loss 3.187448263168335, intra loss: 0.0027904852759093046, critic loss: 1.9135851860046387
recommendation_loss: 1.8530666828155518, critic_loss: 1.9135851860046387
inter loss 3.1958818435668945, intra loss: 0.0027875471860170364, critic loss: 1.9186441898345947
recommendation_loss: 1.7887593507766724, critic_loss: 1.9186441898345947
inter loss 3.186838150024414, intra loss: 0.0027777450159192085, critic loss: 1.913214087486267
recommendation_loss: 1.7994965314865112, critic_loss: 1.913214087486267
inter loss 3.227738380432129, intra loss: 0.002793476916849613, critic loss: 1.9377604722976685
recommendation_loss: 1.8129587173461914, critic_loss: 1.9377604722976685
inter loss 3.1929965019226074, intra loss: 0.0027939388528466225, critic loss: 1.9169155359268188
recommendation_loss: 1.78537118434906, critic_loss: 1.9169155359268188
inter loss 3.1762232780456543, intra loss: 0.0028060046024620533, critic loss: 1.9068564176559448
recommendation_loss: 1.7735596895217896, critic_loss: 1.9068564176559448
inter loss 3.1820054054260254, intra loss: 0.002796157728880644, critic loss: 1.9103217124938965
recommendation_loss: 1.8540114164352417, critic_loss: 1.9103217124938965
inter loss 3.20686411857605, intra loss: 0.002798388246446848, critic loss: 1.9252378940582275
recommendation_loss: 1.833365559577942, critic_loss: 1.9252378940582275
inter loss 3.1990833282470703, intra loss: 0.002791066188365221, critic loss: 1.920566439628601
recommendation_loss: 1.7961082458496094, critic_loss: 1.920566439628601
inter loss 3.1590871810913086, intra loss: 0.0028041782788932323, critic loss: 1.8965740203857422
recommendation_loss: 1.852042555809021, critic_loss: 1.8965740203857422
inter loss 3.208364248275757, intra loss: 0.0027875613886862993, critic loss: 1.9261337518692017
recommendation_loss: 1.8173236846923828, critic_loss: 1.9261337518692017
inter loss 3.2350592613220215, intra loss: 0.0027648163959383965, critic loss: 1.9421415328979492
recommendation_loss: 1.7032173871994019, critic_loss: 1.9421415328979492
inter loss 3.16817045211792, intra loss: 0.0027375484351068735, critic loss: 1.901997447013855
recommendation_loss: 1.8630890846252441, critic_loss: 1.901997447013855
inter loss 3.199326992034912, intra loss: 0.002760286210104823, critic loss: 1.9207004308700562
recommendation_loss: 1.9040552377700806, critic_loss: 1.9207004308700562
inter loss 3.1584701538085938, intra loss: 0.00279377494007349, critic loss: 1.8961995840072632
recommendation_loss: 1.8393200635910034, critic_loss: 1.8961995840072632
inter loss 3.1994972229003906, intra loss: 0.002782033057883382, critic loss: 1.9208111763000488
recommendation_loss: 1.7509610652923584, critic_loss: 1.9208111763000488
inter loss 3.193937301635742, intra loss: 0.002780791837722063, critic loss: 1.9174747467041016
recommendation_loss: 1.846769094467163, critic_loss: 1.9174747467041016
inter loss 3.2104053497314453, intra loss: 0.002780123380944133, critic loss: 1.927355408668518
recommendation_loss: 1.793129563331604, critic_loss: 1.927355408668518
inter loss 3.165158748626709, intra loss: 0.002794424071907997, critic loss: 1.9002131223678589
recommendation_loss: 1.9219434261322021, critic_loss: 1.9002131223678589
inter loss 3.2016701698303223, intra loss: 0.002820308320224285, critic loss: 1.9221302270889282
recommendation_loss: 1.8097714185714722, critic_loss: 1.9221302270889282
inter loss 3.2071661949157715, intra loss: 0.0028058229945600033, critic loss: 1.925422191619873
recommendation_loss: 1.7303873300552368, critic_loss: 1.925422191619873
inter loss 3.184544563293457, intra loss: 0.0027992338873445988, critic loss: 1.9118465185165405
recommendation_loss: 1.8543014526367188, critic_loss: 1.9118465185165405
inter loss 3.159085273742676, intra loss: 0.00280272145755589, critic loss: 1.896572232246399
recommendation_loss: 1.815097689628601, critic_loss: 1.896572232246399
inter loss 3.2277495861053467, intra loss: 0.0028084025252610445, critic loss: 1.9377731084823608
recommendation_loss: 1.7586992979049683, critic_loss: 1.9377731084823608
inter loss 3.1423046588897705, intra loss: 0.0028182961978018284, critic loss: 1.8865102529525757
recommendation_loss: 1.8778777122497559, critic_loss: 1.8865102529525757
inter loss 3.176851511001587, intra loss: 0.0027830880135297775, critic loss: 1.907224178314209
recommendation_loss: 1.6776201725006104, critic_loss: 1.907224178314209
inter loss 3.2112162113189697, intra loss: 0.002782667288556695, critic loss: 1.9278428554534912
recommendation_loss: 1.872144103050232, critic_loss: 1.9278428554534912
inter loss 3.2161688804626465, intra loss: 0.0027855064254254103, critic loss: 1.9308156967163086
recommendation_loss: 1.7649145126342773, critic_loss: 1.9308156967163086
inter loss 3.1649749279022217, intra loss: 0.002766408957540989, critic loss: 1.9000916481018066
recommendation_loss: 1.7838358879089355, critic_loss: 1.9000916481018066
inter loss 3.161092758178711, intra loss: 0.0027995959389954805, critic loss: 1.8977755308151245
recommendation_loss: 1.809098720550537, critic_loss: 1.8977755308151245
inter loss 3.189213752746582, intra loss: 0.0027782770339399576, critic loss: 1.9146395921707153
recommendation_loss: 1.7719465494155884, critic_loss: 1.9146395921707153
inter loss 3.189976215362549, intra loss: 0.002775282133370638, critic loss: 1.9150959253311157
recommendation_loss: 1.8350367546081543, critic_loss: 1.9150959253311157
inter loss 3.168118476867676, intra loss: 0.0027780961245298386, critic loss: 1.9019824266433716
recommendation_loss: 1.7599676847457886, critic_loss: 1.9019824266433716
inter loss 3.186460494995117, intra loss: 0.002776842098683119, critic loss: 1.9129871129989624
recommendation_loss: 1.7953627109527588, critic_loss: 1.9129871129989624
inter loss 3.229005813598633, intra loss: 0.0027799862436950207, critic loss: 1.938515543937683
recommendation_loss: 1.825497031211853, critic_loss: 1.938515543937683
inter loss 3.200599193572998, intra loss: 0.002775296801701188, critic loss: 1.9214696884155273
recommendation_loss: 1.7486141920089722, critic_loss: 1.9214696884155273
inter loss 3.1969385147094727, intra loss: 0.0027890391647815704, critic loss: 1.9192787408828735
recommendation_loss: 1.7805986404418945, critic_loss: 1.9192787408828735
inter loss 3.21716046333313, intra loss: 0.0027751184534281492, critic loss: 1.9314063787460327
recommendation_loss: 1.8020097017288208, critic_loss: 1.9314063787460327
inter loss 3.1896884441375732, intra loss: 0.002774378750473261, critic loss: 1.914922833442688
recommendation_loss: 1.786656379699707, critic_loss: 1.914922833442688
inter loss 3.180774688720703, intra loss: 0.002784451236948371, critic loss: 1.9095786809921265
recommendation_loss: 1.8015151023864746, critic_loss: 1.9095786809921265
inter loss 3.1992857456207275, intra loss: 0.0027693393640220165, critic loss: 1.9206792116165161
recommendation_loss: 1.8062626123428345, critic_loss: 1.9206792116165161
inter loss 3.1831259727478027, intra loss: 0.00279579171910882, critic loss: 1.9109939336776733
recommendation_loss: 1.8632277250289917, critic_loss: 1.9109939336776733
inter loss 3.2210781574249268, intra loss: 0.002775972941890359, critic loss: 1.9337574243545532
recommendation_loss: 1.789164662361145, critic_loss: 1.9337574243545532
inter loss 3.164844512939453, intra loss: 0.0027678986079990864, critic loss: 1.900014042854309
recommendation_loss: 1.7287291288375854, critic_loss: 1.900014042854309
inter loss 3.1784286499023438, intra loss: 0.002771213185042143, critic loss: 1.9081658124923706
recommendation_loss: 1.78488028049469, critic_loss: 1.9081658124923706
inter loss 3.169741630554199, intra loss: 0.0027747859712690115, critic loss: 1.9029550552368164
recommendation_loss: 1.7710542678833008, critic_loss: 1.9029550552368164
inter loss 3.1560020446777344, intra loss: 0.002787661738693714, critic loss: 1.8947163820266724
recommendation_loss: 1.8242075443267822, critic_loss: 1.8947163820266724
inter loss 3.192572593688965, intra loss: 0.0027964655309915543, critic loss: 1.9166622161865234
recommendation_loss: 1.7925382852554321, critic_loss: 1.9166622161865234
inter loss 3.16650390625, intra loss: 0.002759866649284959, critic loss: 1.9010064601898193
recommendation_loss: 1.822392225265503, critic_loss: 1.9010064601898193
inter loss 3.169135570526123, intra loss: 0.0027780283708125353, critic loss: 1.902592658996582
recommendation_loss: 1.779383897781372, critic_loss: 1.902592658996582
inter loss 3.168365955352783, intra loss: 0.0027595069259405136, critic loss: 1.9021234512329102
recommendation_loss: 1.7978914976119995, critic_loss: 1.9021234512329102
inter loss 3.2061705589294434, intra loss: 0.002796684857457876, critic loss: 1.9248210191726685
recommendation_loss: 1.7918304204940796, critic_loss: 1.9248210191726685
inter loss 3.1897106170654297, intra loss: 0.0027740164659917355, critic loss: 1.9149360656738281
recommendation_loss: 1.8167781829833984, critic_loss: 1.9149360656738281
inter loss 3.1571874618530273, intra loss: 0.0028030024841427803, critic loss: 1.8954336643218994
recommendation_loss: 1.8097960948944092, critic_loss: 1.8954336643218994
inter loss 3.170064687728882, intra loss: 0.0027743398677557707, critic loss: 1.9031486511230469
recommendation_loss: 1.7762978076934814, critic_loss: 1.9031486511230469
inter loss 3.159543037414551, intra loss: 0.0027739745564758778, critic loss: 1.896835446357727
recommendation_loss: 1.769500732421875, critic_loss: 1.896835446357727
inter loss 3.160386562347412, intra loss: 0.002776463981717825, critic loss: 1.897342562675476
recommendation_loss: 1.7005897760391235, critic_loss: 1.897342562675476
inter loss 3.1610500812530518, intra loss: 0.0027693326119333506, critic loss: 1.8977378606796265
recommendation_loss: 1.7656466960906982, critic_loss: 1.8977378606796265
inter loss 3.145007610321045, intra loss: 0.0027689309790730476, critic loss: 1.888112187385559
recommendation_loss: 1.7468631267547607, critic_loss: 1.888112187385559
inter loss 3.1516380310058594, intra loss: 0.002770349383354187, critic loss: 1.8920910358428955
recommendation_loss: 1.7767730951309204, critic_loss: 1.8920910358428955
inter loss 3.1783103942871094, intra loss: 0.002772671403363347, critic loss: 1.9080954790115356
recommendation_loss: 1.8146607875823975, critic_loss: 1.9080954790115356
inter loss 3.1463143825531006, intra loss: 0.0027654508594423532, critic loss: 1.88889479637146
recommendation_loss: 1.8471696376800537, critic_loss: 1.88889479637146
inter loss 3.167067527770996, intra loss: 0.0027738804928958416, critic loss: 1.9013501405715942
recommendation_loss: 1.6707903146743774, critic_loss: 1.9013501405715942
inter loss 3.1540212631225586, intra loss: 0.0028005291242152452, critic loss: 1.8935329914093018
recommendation_loss: 1.7112255096435547, critic_loss: 1.8935329914093018
inter loss 3.1378979682922363, intra loss: 0.002792307874187827, critic loss: 1.8838557004928589
recommendation_loss: 1.7076621055603027, critic_loss: 1.8838557004928589
inter loss 3.1581921577453613, intra loss: 0.0027891388162970543, critic loss: 1.8960310220718384
recommendation_loss: 1.731250524520874, critic_loss: 1.8960310220718384
inter loss 3.1500749588012695, intra loss: 0.0028198338113725185, critic loss: 1.891173005104065
recommendation_loss: 1.748443841934204, critic_loss: 1.891173005104065
inter loss 3.202599287033081, intra loss: 0.002788580022752285, critic loss: 1.9226751327514648
recommendation_loss: 1.7464818954467773, critic_loss: 1.9226751327514648
inter loss 3.174720287322998, intra loss: 0.002783358097076416, critic loss: 1.9059455394744873
recommendation_loss: 1.754334568977356, critic_loss: 1.9059455394744873
inter loss 3.1753602027893066, intra loss: 0.0027913199737668037, critic loss: 1.9063327312469482
recommendation_loss: 1.7716859579086304, critic_loss: 1.9063327312469482
inter loss 3.180380344390869, intra loss: 0.0027881539426743984, critic loss: 1.9093434810638428
recommendation_loss: 1.7800801992416382, critic_loss: 1.9093434810638428
inter loss 3.152289390563965, intra loss: 0.0027996478602290154, critic loss: 1.8924936056137085
recommendation_loss: 1.7836933135986328, critic_loss: 1.8924936056137085
inter loss 3.168802261352539, intra loss: 0.0027906056493520737, critic loss: 1.9023977518081665
recommendation_loss: 1.7896883487701416, critic_loss: 1.9023977518081665
inter loss 3.1445112228393555, intra loss: 0.0027828263118863106, critic loss: 1.8878200054168701
recommendation_loss: 1.7895536422729492, critic_loss: 1.8878200054168701
inter loss 3.1304900646209717, intra loss: 0.0027825150173157454, critic loss: 1.8794071674346924
recommendation_loss: 1.753913164138794, critic_loss: 1.8794071674346924
inter loss 3.1486377716064453, intra loss: 0.0027802097611129284, critic loss: 1.8902947902679443
recommendation_loss: 1.7413769960403442, critic_loss: 1.8902947902679443
inter loss 3.1306986808776855, intra loss: 0.0027933157980442047, critic loss: 1.8795366287231445
recommendation_loss: 1.8035953044891357, critic_loss: 1.8795366287231445
inter loss 3.130146026611328, intra loss: 0.0027737438213080168, critic loss: 1.879197120666504
recommendation_loss: 1.6829395294189453, critic_loss: 1.879197120666504
inter loss 3.155069351196289, intra loss: 0.0027960140723735094, critic loss: 1.8941601514816284
recommendation_loss: 1.7698849439620972, critic_loss: 1.8941601514816284
inter loss 3.1074676513671875, intra loss: 0.0027906536124646664, critic loss: 1.865596890449524
recommendation_loss: 1.7422934770584106, critic_loss: 1.865596890449524
inter loss 3.124447822570801, intra loss: 0.0027905318420380354, critic loss: 1.8757848739624023
recommendation_loss: 1.7389487028121948, critic_loss: 1.8757848739624023
inter loss 3.1261167526245117, intra loss: 0.0027964049950242043, critic loss: 1.87678861618042
recommendation_loss: 1.8145577907562256, critic_loss: 1.87678861618042
inter loss 3.1270766258239746, intra loss: 0.002817300381138921, critic loss: 1.8773729801177979
recommendation_loss: 1.6614410877227783, critic_loss: 1.8773729801177979
inter loss 3.163043975830078, intra loss: 0.0027995265554636717, critic loss: 1.8989462852478027
recommendation_loss: 1.7216883897781372, critic_loss: 1.8989462852478027
inter loss 3.111401081085205, intra loss: 0.0028059144970029593, critic loss: 1.8679630756378174
recommendation_loss: 1.7652356624603271, critic_loss: 1.8679630756378174
inter loss 3.1608457565307617, intra loss: 0.0027971086092293262, critic loss: 1.8976263999938965
recommendation_loss: 1.6918227672576904, critic_loss: 1.8976263999938965
inter loss 3.1434035301208496, intra loss: 0.0027961472515016794, critic loss: 1.8871606588363647
recommendation_loss: 1.707284927368164, critic_loss: 1.8871606588363647
inter loss 3.10025691986084, intra loss: 0.0027891129720956087, critic loss: 1.8612699508666992
recommendation_loss: 1.8415164947509766, critic_loss: 1.8612699508666992
inter loss 3.136960506439209, intra loss: 0.0027998092118650675, critic loss: 1.8832963705062866
recommendation_loss: 1.6816233396530151, critic_loss: 1.8832963705062866
inter loss 3.1584830284118652, intra loss: 0.0028008667286485434, critic loss: 1.8962101936340332
recommendation_loss: 1.7808713912963867, critic_loss: 1.8962101936340332
inter loss 3.136953592300415, intra loss: 0.0027886503376066685, critic loss: 1.8832876682281494
recommendation_loss: 1.7724781036376953, critic_loss: 1.8832876682281494
inter loss 3.1213929653167725, intra loss: 0.0027845450676977634, critic loss: 1.873949646949768
recommendation_loss: 1.7683733701705933, critic_loss: 1.873949646949768
inter loss 3.11995792388916, intra loss: 0.002785263815894723, critic loss: 1.8730889558792114
recommendation_loss: 1.6513537168502808, critic_loss: 1.8730889558792114
inter loss 3.1465044021606445, intra loss: 0.0027977065183222294, critic loss: 1.889021873474121
recommendation_loss: 1.7031359672546387, critic_loss: 1.889021873474121
inter loss 3.142549514770508, intra loss: 0.0028080958873033524, critic loss: 1.886652946472168
recommendation_loss: 1.7868555784225464, critic_loss: 1.886652946472168
inter loss 3.12319278717041, intra loss: 0.0027950117364525795, critic loss: 1.8750338554382324
recommendation_loss: 1.7326252460479736, critic_loss: 1.8750338554382324
inter loss 3.142101287841797, intra loss: 0.0027907195035368204, critic loss: 1.8863770961761475
recommendation_loss: 1.697415828704834, critic_loss: 1.8863770961761475
inter loss 3.130850076675415, intra loss: 0.0027766372077167034, critic loss: 1.8796207904815674
recommendation_loss: 1.760758399963379, critic_loss: 1.8796207904815674
inter loss 3.1459789276123047, intra loss: 0.0027606356889009476, critic loss: 1.8886916637420654
recommendation_loss: 1.8518716096878052, critic_loss: 1.8886916637420654
inter loss 3.133829116821289, intra loss: 0.0027778958901762962, critic loss: 1.88140869140625
recommendation_loss: 1.8129974603652954, critic_loss: 1.88140869140625
inter loss 3.1354758739471436, intra loss: 0.002794340020045638, critic loss: 1.8824032545089722
recommendation_loss: 1.7189044952392578, critic_loss: 1.8824032545089722
inter loss 3.103670120239258, intra loss: 0.0027773757465183735, critic loss: 1.86331307888031
recommendation_loss: 1.7865737676620483, critic_loss: 1.86331307888031
inter loss 3.104562759399414, intra loss: 0.0027729736175388098, critic loss: 1.863847017288208
recommendation_loss: 1.6630891561508179, critic_loss: 1.863847017288208
inter loss 3.1458284854888916, intra loss: 0.002792859449982643, critic loss: 1.888614296913147
recommendation_loss: 1.7182722091674805, critic_loss: 1.888614296913147
inter loss 3.148991107940674, intra loss: 0.002794662956148386, critic loss: 1.8905125856399536
recommendation_loss: 1.6975418329238892, critic_loss: 1.8905125856399536
inter loss 3.164004325866699, intra loss: 0.0027954350225627422, critic loss: 1.8995208740234375
recommendation_loss: 1.725695252418518, critic_loss: 1.8995208740234375
inter loss 3.135868787765503, intra loss: 0.0027894743252545595, critic loss: 1.8826371431350708
recommendation_loss: 1.7349656820297241, critic_loss: 1.8826371431350708
inter loss 3.1470563411712646, intra loss: 0.0027824663557112217, critic loss: 1.8893468379974365
recommendation_loss: 1.700016736984253, critic_loss: 1.8893468379974365
inter loss 3.120784282684326, intra loss: 0.0027694408781826496, critic loss: 1.873578429222107
recommendation_loss: 1.709641695022583, critic_loss: 1.873578429222107
inter loss 3.092050313949585, intra loss: 0.002796117914840579, critic loss: 1.8563486337661743
recommendation_loss: 1.7605242729187012, critic_loss: 1.8563486337661743
inter loss 3.1260011196136475, intra loss: 0.0027912817895412445, critic loss: 1.876717209815979
recommendation_loss: 1.6604825258255005, critic_loss: 1.876717209815979
inter loss 3.1266205310821533, intra loss: 0.002794175874441862, critic loss: 1.8770900964736938
recommendation_loss: 1.7296311855316162, critic_loss: 1.8770900964736938
inter loss 3.134789228439331, intra loss: 0.0028109783306717873, critic loss: 1.8819979429244995
recommendation_loss: 1.6897790431976318, critic_loss: 1.8819979429244995
inter loss 3.107349157333374, intra loss: 0.0028151250444352627, critic loss: 1.8655356168746948
recommendation_loss: 1.7662571668624878, critic_loss: 1.8655356168746948
inter loss 3.0989179611206055, intra loss: 0.002795657142996788, critic loss: 1.860469102859497
recommendation_loss: 1.7873163223266602, critic_loss: 1.860469102859497
inter loss 3.1115450859069824, intra loss: 0.0028156060725450516, critic loss: 1.8680534362792969
recommendation_loss: 1.7570685148239136, critic_loss: 1.8680534362792969
inter loss 3.1141011714935303, intra loss: 0.0028050641994923353, critic loss: 1.8695827722549438
recommendation_loss: 1.6767480373382568, critic_loss: 1.8695827722549438
inter loss 3.1174674034118652, intra loss: 0.0028031086549162865, critic loss: 1.8716018199920654
recommendation_loss: 1.640120506286621, critic_loss: 1.8716018199920654
inter loss 3.117793083190918, intra loss: 0.0028160123620182276, critic loss: 1.8718023300170898
recommendation_loss: 1.6952253580093384, critic_loss: 1.8718023300170898
inter loss 3.1076760292053223, intra loss: 0.0027843324933201075, critic loss: 1.8657194375991821
recommendation_loss: 1.6292369365692139, critic_loss: 1.8657194375991821
inter loss 3.1291046142578125, intra loss: 0.0028177578933537006, critic loss: 1.8785899877548218
recommendation_loss: 1.8001357316970825, critic_loss: 1.8785899877548218
inter loss 3.122281074523926, intra loss: 0.002828066237270832, critic loss: 1.8744999170303345
recommendation_loss: 1.6425220966339111, critic_loss: 1.8744999170303345
inter loss 3.1209218502044678, intra loss: 0.0028114733286201954, critic loss: 1.8736778497695923
recommendation_loss: 1.7721612453460693, critic_loss: 1.8736778497695923
inter loss 3.1231837272644043, intra loss: 0.002814509440213442, critic loss: 1.8750361204147339
recommendation_loss: 1.6248890161514282, critic_loss: 1.8750361204147339
inter loss 3.1287789344787598, intra loss: 0.002807900309562683, critic loss: 1.8783906698226929
recommendation_loss: 1.6556921005249023, critic_loss: 1.8783906698226929
inter loss 3.0860280990600586, intra loss: 0.0028006944339722395, critic loss: 1.852737307548523
recommendation_loss: 1.709075927734375, critic_loss: 1.852737307548523
inter loss 3.105459213256836, intra loss: 0.0028145189862698317, critic loss: 1.8644014596939087
recommendation_loss: 1.7212384939193726, critic_loss: 1.8644014596939087
inter loss 3.129045009613037, intra loss: 0.002817123895511031, critic loss: 1.8785539865493774
recommendation_loss: 1.7336745262145996, critic_loss: 1.8785539865493774
inter loss 3.09820818901062, intra loss: 0.002810547361150384, critic loss: 1.8600492477416992
recommendation_loss: 1.7440662384033203, critic_loss: 1.8600492477416992
inter loss 3.1079211235046387, intra loss: 0.0028065911028534174, critic loss: 1.8658753633499146
recommendation_loss: 1.769815444946289, critic_loss: 1.8658753633499146
inter loss 3.1115362644195557, intra loss: 0.0028145299293100834, critic loss: 1.8680475950241089
recommendation_loss: 1.642923355102539, critic_loss: 1.8680475950241089
inter loss 3.137800693511963, intra loss: 0.0028208403382450342, critic loss: 1.8838088512420654
recommendation_loss: 1.7641239166259766, critic_loss: 1.8838088512420654
inter loss 3.1097636222839355, intra loss: 0.0028303898870944977, critic loss: 1.866990327835083
recommendation_loss: 1.729111671447754, critic_loss: 1.866990327835083
inter loss 3.1033990383148193, intra loss: 0.002827378921210766, critic loss: 1.8631703853607178
recommendation_loss: 1.676716923713684, critic_loss: 1.8631703853607178
inter loss 3.0983645915985107, intra loss: 0.002825469709932804, critic loss: 1.8601490259170532
recommendation_loss: 1.7291221618652344, critic_loss: 1.8601490259170532
inter loss 3.124218463897705, intra loss: 0.002799262758344412, critic loss: 1.8756508827209473
recommendation_loss: 1.7330743074417114, critic_loss: 1.8756508827209473
inter loss 3.145876884460449, intra loss: 0.002785725286230445, critic loss: 1.8886404037475586
recommendation_loss: 1.7945992946624756, critic_loss: 1.8886404037475586
inter loss 3.0661275386810303, intra loss: 0.0028133830055594444, critic loss: 1.8408019542694092
recommendation_loss: 1.7640101909637451, critic_loss: 1.8408019542694092
inter loss 3.1024508476257324, intra loss: 0.0027886803727597, critic loss: 1.8625860214233398
recommendation_loss: 1.7221815586090088, critic_loss: 1.8625860214233398
inter loss 3.09325909614563, intra loss: 0.0028008907102048397, critic loss: 1.857075810432434
recommendation_loss: 1.687084436416626, critic_loss: 1.857075810432434
inter loss 3.06306791305542, intra loss: 0.0028208023868501186, critic loss: 1.838969111442566
recommendation_loss: 1.6379820108413696, critic_loss: 1.838969111442566
inter loss 3.069943904876709, intra loss: 0.002809470985084772, critic loss: 1.8430901765823364
recommendation_loss: 1.7179428339004517, critic_loss: 1.8430901765823364
inter loss 3.1348037719726562, intra loss: 0.0028136183973401785, critic loss: 1.8820078372955322
recommendation_loss: 1.7394390106201172, critic_loss: 1.8820078372955322
inter loss 3.1097984313964844, intra loss: 0.0028093475848436356, critic loss: 1.8670029640197754
recommendation_loss: 1.70657479763031, critic_loss: 1.8670029640197754
inter loss 3.1173229217529297, intra loss: 0.0028104803059250116, critic loss: 1.8715180158615112
recommendation_loss: 1.6921327114105225, critic_loss: 1.8715180158615112
inter loss 3.1379995346069336, intra loss: 0.002818239154294133, critic loss: 1.8839269876480103
recommendation_loss: 1.731844425201416, critic_loss: 1.8839269876480103
inter loss 3.0853464603424072, intra loss: 0.0028078905306756496, critic loss: 1.8523311614990234
recommendation_loss: 1.7274452447891235, critic_loss: 1.8523311614990234
inter loss 3.081531047821045, intra loss: 0.002807093784213066, critic loss: 1.8500415086746216
recommendation_loss: 1.671615719795227, critic_loss: 1.8500415086746216
inter loss 3.1099162101745605, intra loss: 0.0028298867400735617, critic loss: 1.8670817613601685
recommendation_loss: 1.727595329284668, critic_loss: 1.8670817613601685
2024-08-09 18:34:48.461216: step 912/24320 (epoch 3/80), loss = 1.863798 (33.792 sec/epoch), lr: 0.003000
Evaluating on dev set...
...........................
source: 	 mrr: 0.022455	 ndcg_5: 0.0139	 ndcg_10: 0.0194	 hit@1:0.002172	 hit@5:0.0275	 hit@10: 0.0442
target: 	 mrr: 0.031461	 ndcg_5: 0.0245	 ndcg_10: 0.0318	 hit@1:0.009756	 hit@5:0.0376	 hit@10: 0.0606
target best!
..............target: 	 mrr: 0.032736	 ndcg_5: 0.0261	 ndcg_10: 0.0325	 hit@1:0.013032	 hit@5:0.0398	 hit@10: 0.0597
epoch 3: train_loss = 1.863798, source_hit@10 = 0.0442, source_ndcg@10 = 0.0194, target_hit@10 = 0.0597, target_ndcg@10 = 0.0325
new best model saved.

inter loss 3.1054091453552246, intra loss: 0.002815023995935917, critic loss: 1.864371657371521
recommendation_loss: 1.7372766733169556, critic_loss: 1.864371657371521
inter loss 3.0860209465026855, intra loss: 0.0028255321085453033, critic loss: 1.8527429103851318
recommendation_loss: 1.735979676246643, critic_loss: 1.8527429103851318
inter loss 3.0753612518310547, intra loss: 0.0028119210619479418, critic loss: 1.846341609954834
recommendation_loss: 1.6435092687606812, critic_loss: 1.846341609954834
inter loss 3.1131324768066406, intra loss: 0.0028273137286305428, critic loss: 1.8690104484558105
recommendation_loss: 1.695684552192688, critic_loss: 1.8690104484558105
inter loss 3.1238598823547363, intra loss: 0.0028257661033421755, critic loss: 1.8754463195800781
recommendation_loss: 1.6853464841842651, critic_loss: 1.8754463195800781
inter loss 3.0727224349975586, intra loss: 0.002800397342070937, critic loss: 1.8447537422180176
recommendation_loss: 1.7009265422821045, critic_loss: 1.8447537422180176
inter loss 3.0657196044921875, intra loss: 0.0027929090429097414, critic loss: 1.8405489921569824
recommendation_loss: 1.7771939039230347, critic_loss: 1.8405489921569824
inter loss 3.0759243965148926, intra loss: 0.0028258678503334522, critic loss: 1.8466850519180298
recommendation_loss: 1.8279787302017212, critic_loss: 1.8466850519180298
inter loss 3.0926852226257324, intra loss: 0.0028106323443353176, critic loss: 1.8567354679107666
recommendation_loss: 1.6888611316680908, critic_loss: 1.8567354679107666
inter loss 3.086679458618164, intra loss: 0.0027999188750982285, critic loss: 1.8531277179718018
recommendation_loss: 1.7369632720947266, critic_loss: 1.8531277179718018
inter loss 3.0941038131713867, intra loss: 0.002802361734211445, critic loss: 1.8575832843780518
recommendation_loss: 1.7124742269515991, critic_loss: 1.8575832843780518
inter loss 3.088064193725586, intra loss: 0.002818827982991934, critic loss: 1.8539661169052124
recommendation_loss: 1.6061460971832275, critic_loss: 1.8539661169052124
inter loss 3.108096122741699, intra loss: 0.002825252478942275, critic loss: 1.8659878969192505
recommendation_loss: 1.6902012825012207, critic_loss: 1.8659878969192505
inter loss 3.1081438064575195, intra loss: 0.0028216801583766937, critic loss: 1.866015076637268
recommendation_loss: 1.705122947692871, critic_loss: 1.866015076637268
inter loss 3.060957908630371, intra loss: 0.0028212827164679766, critic loss: 1.8377033472061157
recommendation_loss: 1.735715389251709, critic_loss: 1.8377033472061157
inter loss 3.0591251850128174, intra loss: 0.0027899928390979767, critic loss: 1.8365912437438965
recommendation_loss: 1.7959015369415283, critic_loss: 1.8365912437438965
inter loss 3.0748748779296875, intra loss: 0.0028013652190566063, critic loss: 1.8460456132888794
recommendation_loss: 1.6721665859222412, critic_loss: 1.8460456132888794
inter loss 3.089043617248535, intra loss: 0.0028195257764309645, critic loss: 1.8545540571212769
recommendation_loss: 1.725272297859192, critic_loss: 1.8545540571212769
inter loss 3.0989646911621094, intra loss: 0.0028060544282197952, critic loss: 1.8605014085769653
recommendation_loss: 1.718915581703186, critic_loss: 1.8605014085769653
inter loss 3.094985008239746, intra loss: 0.002793471096083522, critic loss: 1.858108401298523
recommendation_loss: 1.669511318206787, critic_loss: 1.858108401298523
inter loss 3.08767032623291, intra loss: 0.0027967607602477074, critic loss: 1.8537209033966064
recommendation_loss: 1.66672682762146, critic_loss: 1.8537209033966064
inter loss 3.1029715538024902, intra loss: 0.0028085382655262947, critic loss: 1.8629064559936523
recommendation_loss: 1.6350842714309692, critic_loss: 1.8629064559936523
inter loss 3.033010959625244, intra loss: 0.0028130626305937767, critic loss: 1.8209319114685059
recommendation_loss: 1.6795848608016968, critic_loss: 1.8209319114685059
inter loss 3.0972743034362793, intra loss: 0.002821560250595212, critic loss: 1.859493374824524
recommendation_loss: 1.7152910232543945, critic_loss: 1.859493374824524
inter loss 3.083164691925049, intra loss: 0.0028059561736881733, critic loss: 1.8510212898254395
recommendation_loss: 1.6450941562652588, critic_loss: 1.8510212898254395
inter loss 3.1068344116210938, intra loss: 0.0028136270120739937, critic loss: 1.865226149559021
recommendation_loss: 1.6621710062026978, critic_loss: 1.865226149559021
inter loss 3.0692548751831055, intra loss: 0.0027974159456789494, critic loss: 1.8426719903945923
recommendation_loss: 1.721376895904541, critic_loss: 1.8426719903945923
inter loss 3.0784592628479004, intra loss: 0.0027972811367362738, critic loss: 1.8481944799423218
recommendation_loss: 1.7769874334335327, critic_loss: 1.8481944799423218
inter loss 3.098569869995117, intra loss: 0.002824884606525302, critic loss: 1.86027193069458
recommendation_loss: 1.6551008224487305, critic_loss: 1.86027193069458
inter loss 3.1127848625183105, intra loss: 0.0028184233233332634, critic loss: 1.8687983751296997
recommendation_loss: 1.7011988162994385, critic_loss: 1.8687983751296997
inter loss 3.0734894275665283, intra loss: 0.0027989433147013187, critic loss: 1.8452132940292358
recommendation_loss: 1.6862701177597046, critic_loss: 1.8452132940292358
inter loss 3.0860848426818848, intra loss: 0.002836044877767563, critic loss: 1.852785348892212
recommendation_loss: 1.619480848312378, critic_loss: 1.852785348892212
inter loss 3.0639448165893555, intra loss: 0.002823030576109886, critic loss: 1.8394962549209595
recommendation_loss: 1.7980084419250488, critic_loss: 1.8394962549209595
inter loss 3.0536723136901855, intra loss: 0.0028142218943685293, critic loss: 1.833329200744629
recommendation_loss: 1.6906635761260986, critic_loss: 1.833329200744629
inter loss 3.081014633178711, intra loss: 0.0028236969374120235, critic loss: 1.849738359451294
recommendation_loss: 1.7008047103881836, critic_loss: 1.849738359451294
inter loss 3.084261894226074, intra loss: 0.002814018167555332, critic loss: 1.8516827821731567
recommendation_loss: 1.709869623184204, critic_loss: 1.8516827821731567
inter loss 3.070648193359375, intra loss: 0.0028194375336170197, critic loss: 1.8435167074203491
recommendation_loss: 1.7253040075302124, critic_loss: 1.8435167074203491
inter loss 3.0676956176757812, intra loss: 0.0028195693157613277, critic loss: 1.8417452573776245
recommendation_loss: 1.752976894378662, critic_loss: 1.8417452573776245
inter loss 3.075411796569824, intra loss: 0.002824959810823202, critic loss: 1.8463771343231201
recommendation_loss: 1.6221802234649658, critic_loss: 1.8463771343231201
inter loss 3.0741467475891113, intra loss: 0.0028161227237433195, critic loss: 1.8456145524978638
recommendation_loss: 1.6226253509521484, critic_loss: 1.8456145524978638
inter loss 3.065077304840088, intra loss: 0.0027990720700472593, critic loss: 1.8401660919189453
recommendation_loss: 1.640101432800293, critic_loss: 1.8401660919189453
inter loss 3.0679609775543213, intra loss: 0.002835287945345044, critic loss: 1.8419108390808105
recommendation_loss: 1.7392933368682861, critic_loss: 1.8419108390808105
inter loss 3.0506229400634766, intra loss: 0.002802893752232194, critic loss: 1.8314950466156006
recommendation_loss: 1.6236441135406494, critic_loss: 1.8314950466156006
inter loss 3.037909984588623, intra loss: 0.002819550223648548, critic loss: 1.8238738775253296
recommendation_loss: 1.6850948333740234, critic_loss: 1.8238738775253296
inter loss 3.0870141983032227, intra loss: 0.0028019973542541265, critic loss: 1.8533294200897217
recommendation_loss: 1.6911261081695557, critic_loss: 1.8533294200897217
inter loss 3.0707924365997314, intra loss: 0.00280579412356019, critic loss: 1.8435978889465332
recommendation_loss: 1.6289472579956055, critic_loss: 1.8435978889465332
inter loss 3.053513526916504, intra loss: 0.0027852461207658052, critic loss: 1.8332222700119019
recommendation_loss: 1.6781507730484009, critic_loss: 1.8332222700119019
inter loss 3.068368434906006, intra loss: 0.0027991454117000103, critic loss: 1.842140793800354
recommendation_loss: 1.6895296573638916, critic_loss: 1.842140793800354
inter loss 3.074453353881836, intra loss: 0.002826937474310398, critic loss: 1.845802903175354
recommendation_loss: 1.6543684005737305, critic_loss: 1.845802903175354
inter loss 3.076798915863037, intra loss: 0.002821702277287841, critic loss: 1.8472081422805786
recommendation_loss: 1.6469618082046509, critic_loss: 1.8472081422805786
inter loss 3.062899351119995, intra loss: 0.002818129025399685, critic loss: 1.838866949081421
recommendation_loss: 1.748566746711731, critic_loss: 1.838866949081421
inter loss 3.0760579109191895, intra loss: 0.002818700624629855, critic loss: 1.8467622995376587
recommendation_loss: 1.7544350624084473, critic_loss: 1.8467622995376587
inter loss 3.1022751331329346, intra loss: 0.002816845430061221, critic loss: 1.8624919652938843
recommendation_loss: 1.671771764755249, critic_loss: 1.8624919652938843
inter loss 3.0628724098205566, intra loss: 0.0028052041307091713, critic loss: 1.8388456106185913
recommendation_loss: 1.6393722295761108, critic_loss: 1.8388456106185913
inter loss 3.078455924987793, intra loss: 0.0028309256304055452, critic loss: 1.8482060432434082
recommendation_loss: 1.6894806623458862, critic_loss: 1.8482060432434082
inter loss 3.0930519104003906, intra loss: 0.0028187548741698265, critic loss: 1.8569587469100952
recommendation_loss: 1.6506085395812988, critic_loss: 1.8569587469100952
inter loss 3.05080509185791, intra loss: 0.0028236028738319874, critic loss: 1.831612467765808
recommendation_loss: 1.6944308280944824, critic_loss: 1.831612467765808
inter loss 3.0661330223083496, intra loss: 0.0028291954658925533, critic loss: 1.8408114910125732
recommendation_loss: 1.727746605873108, critic_loss: 1.8408114910125732
inter loss 3.057734727859497, intra loss: 0.0028205879498273134, critic loss: 1.8357690572738647
recommendation_loss: 1.6784722805023193, critic_loss: 1.8357690572738647
inter loss 3.0722007751464844, intra loss: 0.00283609377220273, critic loss: 1.8444548845291138
recommendation_loss: 1.6861906051635742, critic_loss: 1.8444548845291138
inter loss 3.054515838623047, intra loss: 0.002825471805408597, critic loss: 1.833839774131775
recommendation_loss: 1.6189496517181396, critic_loss: 1.833839774131775
inter loss 3.065342426300049, intra loss: 0.002805934986099601, critic loss: 1.8403278589248657
recommendation_loss: 1.7335110902786255, critic_loss: 1.8403278589248657
inter loss 3.0542421340942383, intra loss: 0.0028101354837417603, critic loss: 1.8336694240570068
recommendation_loss: 1.6306483745574951, critic_loss: 1.8336694240570068
inter loss 3.067948579788208, intra loss: 0.0028131534345448017, critic loss: 1.8418943881988525
recommendation_loss: 1.6344311237335205, critic_loss: 1.8418943881988525
inter loss 3.0602190494537354, intra loss: 0.002810677047818899, critic loss: 1.8372557163238525
recommendation_loss: 1.7216345071792603, critic_loss: 1.8372557163238525
inter loss 3.037803888320923, intra loss: 0.0027948529459536076, critic loss: 1.8238003253936768
recommendation_loss: 1.7028486728668213, critic_loss: 1.8238003253936768
inter loss 3.0778391361236572, intra loss: 0.0028207600116729736, critic loss: 1.8478318452835083
recommendation_loss: 1.7499618530273438, critic_loss: 1.8478318452835083
inter loss 3.0349607467651367, intra loss: 0.0027964122127741575, critic loss: 1.8220950365066528
recommendation_loss: 1.7491734027862549, critic_loss: 1.8220950365066528
inter loss 3.031932830810547, intra loss: 0.002823395188897848, critic loss: 1.820289134979248
recommendation_loss: 1.6726551055908203, critic_loss: 1.820289134979248
inter loss 3.018190860748291, intra loss: 0.002841569483280182, critic loss: 1.8120512962341309
recommendation_loss: 1.6924208402633667, critic_loss: 1.8120512962341309
inter loss 3.0310921669006348, intra loss: 0.002807706594467163, critic loss: 1.8197784423828125
recommendation_loss: 1.5579607486724854, critic_loss: 1.8197784423828125
inter loss 3.061870574951172, intra loss: 0.0028335924725979567, critic loss: 1.8382558822631836
recommendation_loss: 1.5947580337524414, critic_loss: 1.8382558822631836
inter loss 3.060016393661499, intra loss: 0.002819084096699953, critic loss: 1.8371374607086182
recommendation_loss: 1.6617668867111206, critic_loss: 1.8371374607086182
inter loss 3.0309813022613525, intra loss: 0.002823919290676713, critic loss: 1.8197184801101685
recommendation_loss: 1.6042248010635376, critic_loss: 1.8197184801101685
inter loss 3.032741069793701, intra loss: 0.0028099105693399906, critic loss: 1.8207685947418213
recommendation_loss: 1.6518322229385376, critic_loss: 1.8207685947418213
inter loss 2.996281147003174, intra loss: 0.002831197576597333, critic loss: 1.7989012002944946
recommendation_loss: 1.6835687160491943, critic_loss: 1.7989012002944946
inter loss 3.0313849449157715, intra loss: 0.0028250222094357014, critic loss: 1.8199610710144043
recommendation_loss: 1.6570409536361694, critic_loss: 1.8199610710144043
inter loss 3.037405014038086, intra loss: 0.0028141066431999207, critic loss: 1.8235688209533691
recommendation_loss: 1.674425482749939, critic_loss: 1.8235688209533691
inter loss 3.0135278701782227, intra loss: 0.0028144600801169872, critic loss: 1.809242606163025
recommendation_loss: 1.6452438831329346, critic_loss: 1.809242606163025
inter loss 3.0129642486572266, intra loss: 0.0028015635907649994, critic loss: 1.808899164199829
recommendation_loss: 1.7002079486846924, critic_loss: 1.808899164199829
inter loss 3.0517570972442627, intra loss: 0.0028101596981287003, critic loss: 1.8321783542633057
recommendation_loss: 1.5926518440246582, critic_loss: 1.8321783542633057
inter loss 3.0043106079101562, intra loss: 0.0028252440970391035, critic loss: 1.8037165403366089
recommendation_loss: 1.6701600551605225, critic_loss: 1.8037165403366089
inter loss 3.0361156463623047, intra loss: 0.0028166458941996098, critic loss: 1.822796106338501
recommendation_loss: 1.648817539215088, critic_loss: 1.822796106338501
inter loss 3.0256481170654297, intra loss: 0.002807287499308586, critic loss: 1.816511869430542
recommendation_loss: 1.69435453414917, critic_loss: 1.816511869430542
inter loss 3.0097732543945312, intra loss: 0.0028392605017870665, critic loss: 1.806999683380127
recommendation_loss: 1.6479874849319458, critic_loss: 1.806999683380127
inter loss 3.0623223781585693, intra loss: 0.002829369157552719, critic loss: 1.8385252952575684
recommendation_loss: 1.6584851741790771, critic_loss: 1.8385252952575684
inter loss 3.028120279312134, intra loss: 0.0028252247720956802, critic loss: 1.8180023431777954
recommendation_loss: 1.668553352355957, critic_loss: 1.8180023431777954
inter loss 3.020535945892334, intra loss: 0.002811564365401864, critic loss: 1.813446283340454
recommendation_loss: 1.6063077449798584, critic_loss: 1.813446283340454
inter loss 3.0322532653808594, intra loss: 0.0028185604605823755, critic loss: 1.8204795122146606
recommendation_loss: 1.6103101968765259, critic_loss: 1.8204795122146606
inter loss 3.0070834159851074, intra loss: 0.0028199690859764814, critic loss: 1.8053780794143677
recommendation_loss: 1.6523618698120117, critic_loss: 1.8053780794143677
inter loss 3.051396131515503, intra loss: 0.002815432846546173, critic loss: 1.8319638967514038
recommendation_loss: 1.7118690013885498, critic_loss: 1.8319638967514038
inter loss 2.983375072479248, intra loss: 0.002816219348460436, critic loss: 1.7911516427993774
recommendation_loss: 1.6311618089675903, critic_loss: 1.7911516427993774
inter loss 3.013579845428467, intra loss: 0.002814170438796282, critic loss: 1.8092737197875977
recommendation_loss: 1.7147126197814941, critic_loss: 1.8092737197875977
inter loss 3.0390841960906982, intra loss: 0.002807406708598137, critic loss: 1.8245735168457031
recommendation_loss: 1.6237224340438843, critic_loss: 1.8245735168457031
inter loss 3.0511021614074707, intra loss: 0.0027955479454249144, critic loss: 1.8317795991897583
recommendation_loss: 1.646775722503662, critic_loss: 1.8317795991897583
inter loss 3.0937085151672363, intra loss: 0.0027724704705178738, critic loss: 1.8573341369628906
recommendation_loss: 1.6769695281982422, critic_loss: 1.8573341369628906
inter loss 3.040526866912842, intra loss: 0.002816149964928627, critic loss: 1.8254425525665283
recommendation_loss: 1.6406874656677246, critic_loss: 1.8254425525665283
inter loss 3.0132789611816406, intra loss: 0.0028354518581181765, critic loss: 1.8091015815734863
recommendation_loss: 1.7083933353424072, critic_loss: 1.8091015815734863
inter loss 3.0251684188842773, intra loss: 0.002801044611260295, critic loss: 1.8162215948104858
recommendation_loss: 1.65424382686615, critic_loss: 1.8162215948104858
inter loss 3.0503270626068115, intra loss: 0.002823740476742387, critic loss: 1.8313257694244385
recommendation_loss: 1.7023372650146484, critic_loss: 1.8313257694244385
inter loss 3.046135425567627, intra loss: 0.002818421693518758, critic loss: 1.8288086652755737
recommendation_loss: 1.6698451042175293, critic_loss: 1.8288086652755737
inter loss 3.091125965118408, intra loss: 0.0028125406242907047, critic loss: 1.8558006286621094
recommendation_loss: 1.588059425354004, critic_loss: 1.8558006286621094
inter loss 3.017148971557617, intra loss: 0.002813666593283415, critic loss: 1.8114149570465088
recommendation_loss: 1.5925524234771729, critic_loss: 1.8114149570465088
inter loss 3.051314353942871, intra loss: 0.002817041240632534, critic loss: 1.8319154977798462
recommendation_loss: 1.6858701705932617, critic_loss: 1.8319154977798462
inter loss 3.016214370727539, intra loss: 0.0028078665491193533, critic loss: 1.8108519315719604
recommendation_loss: 1.6458011865615845, critic_loss: 1.8108519315719604
inter loss 3.078874349594116, intra loss: 0.00281521026045084, critic loss: 1.848450779914856
recommendation_loss: 1.639695405960083, critic_loss: 1.848450779914856
inter loss 3.036139965057373, intra loss: 0.0028287542518228292, critic loss: 1.8228155374526978
recommendation_loss: 1.7182421684265137, critic_loss: 1.8228155374526978
inter loss 3.0131564140319824, intra loss: 0.002815490122884512, critic loss: 1.8090200424194336
recommendation_loss: 1.6340209245681763, critic_loss: 1.8090200424194336
inter loss 3.0705788135528564, intra loss: 0.0028350073844194412, critic loss: 1.843481421470642
recommendation_loss: 1.6616222858428955, critic_loss: 1.843481421470642
inter loss 3.011415719985962, intra loss: 0.0028402558527886868, critic loss: 1.807985544204712
recommendation_loss: 1.582111120223999, critic_loss: 1.807985544204712
inter loss 3.0265328884124756, intra loss: 0.0028193341568112373, critic loss: 1.8170474767684937
recommendation_loss: 1.6811720132827759, critic_loss: 1.8170474767684937
inter loss 3.068470001220703, intra loss: 0.0028315363451838493, critic loss: 1.8422147035598755
recommendation_loss: 1.7312953472137451, critic_loss: 1.8422147035598755
inter loss 3.043694496154785, intra loss: 0.0028041533660143614, critic loss: 1.827338457107544
recommendation_loss: 1.626308798789978, critic_loss: 1.827338457107544
inter loss 3.0397756099700928, intra loss: 0.002817909698933363, critic loss: 1.8249925374984741
recommendation_loss: 1.6573885679244995, critic_loss: 1.8249925374984741
inter loss 3.095438003540039, intra loss: 0.002811835613101721, critic loss: 1.8583875894546509
recommendation_loss: 1.6620385646820068, critic_loss: 1.8583875894546509
inter loss 3.0080366134643555, intra loss: 0.0028101345524191856, critic loss: 1.8059461116790771
recommendation_loss: 1.6859629154205322, critic_loss: 1.8059461116790771
inter loss 3.0572714805603027, intra loss: 0.0028259465470910072, critic loss: 1.8354933261871338
recommendation_loss: 1.7368311882019043, critic_loss: 1.8354933261871338
inter loss 3.085987091064453, intra loss: 0.002827706513926387, critic loss: 1.8527233600616455
recommendation_loss: 1.7246047258377075, critic_loss: 1.8527233600616455
inter loss 3.0157992839813232, intra loss: 0.002828732132911682, critic loss: 1.8106111288070679
recommendation_loss: 1.6459108591079712, critic_loss: 1.8106111288070679
inter loss 3.0435709953308105, intra loss: 0.0028210666496306658, critic loss: 1.8272711038589478
recommendation_loss: 1.7266874313354492, critic_loss: 1.8272711038589478
inter loss 3.0574727058410645, intra loss: 0.0028084791265428066, critic loss: 1.8356071710586548
recommendation_loss: 1.6443684101104736, critic_loss: 1.8356071710586548
inter loss 3.042924404144287, intra loss: 0.0028229402378201485, critic loss: 1.8268839120864868
recommendation_loss: 1.6183362007141113, critic_loss: 1.8268839120864868
inter loss 3.05765962600708, intra loss: 0.0028289880137890577, critic loss: 1.8357274532318115
recommendation_loss: 1.6798903942108154, critic_loss: 1.8357274532318115
inter loss 3.035111904144287, intra loss: 0.0028022942133247852, critic loss: 1.822188138961792
recommendation_loss: 1.6900447607040405, critic_loss: 1.822188138961792
inter loss 3.0430397987365723, intra loss: 0.002813878934830427, critic loss: 1.8269494771957397
recommendation_loss: 1.6375806331634521, critic_loss: 1.8269494771957397
inter loss 3.0429577827453613, intra loss: 0.0028114975430071354, critic loss: 1.8268994092941284
recommendation_loss: 1.6579370498657227, critic_loss: 1.8268994092941284
inter loss 3.050886631011963, intra loss: 0.0028142938390374184, critic loss: 1.8316577672958374
recommendation_loss: 1.5752497911453247, critic_loss: 1.8316577672958374
inter loss 3.0433712005615234, intra loss: 0.0028115464374423027, critic loss: 1.827147364616394
recommendation_loss: 1.7801008224487305, critic_loss: 1.827147364616394
inter loss 3.0125174522399902, intra loss: 0.002821878995746374, critic loss: 1.8086392879486084
recommendation_loss: 1.7163465023040771, critic_loss: 1.8086392879486084
inter loss 3.020261526107788, intra loss: 0.00281172594986856, critic loss: 1.813281774520874
recommendation_loss: 1.6819381713867188, critic_loss: 1.813281774520874
inter loss 3.057239294052124, intra loss: 0.002831492107361555, critic loss: 1.835476279258728
recommendation_loss: 1.7021188735961914, critic_loss: 1.835476279258728
inter loss 3.0131187438964844, intra loss: 0.0028015272691845894, critic loss: 1.8089919090270996
recommendation_loss: 1.6793838739395142, critic_loss: 1.8089919090270996
inter loss 3.0313174724578857, intra loss: 0.0028026909567415714, critic loss: 1.8199115991592407
recommendation_loss: 1.621369481086731, critic_loss: 1.8199115991592407
inter loss 3.010931968688965, intra loss: 0.0027918731793761253, critic loss: 1.8076759576797485
recommendation_loss: 1.6378074884414673, critic_loss: 1.8076759576797485
inter loss 3.0227484703063965, intra loss: 0.0027944683097302914, critic loss: 1.8147670030593872
recommendation_loss: 1.7348968982696533, critic_loss: 1.8147670030593872
inter loss 3.018467426300049, intra loss: 0.0028160896617919207, critic loss: 1.8122069835662842
recommendation_loss: 1.6621037721633911, critic_loss: 1.8122069835662842
inter loss 3.012723445892334, intra loss: 0.00280463183298707, critic loss: 1.8087559938430786
recommendation_loss: 1.6610212326049805, critic_loss: 1.8087559938430786
inter loss 3.0451700687408447, intra loss: 0.0028016658034175634, critic loss: 1.8282227516174316
recommendation_loss: 1.6826306581497192, critic_loss: 1.8282227516174316
inter loss 3.035064935684204, intra loss: 0.002821451984345913, critic loss: 1.8221676349639893
recommendation_loss: 1.624813199043274, critic_loss: 1.8221676349639893
inter loss 3.0018224716186523, intra loss: 0.0028128111734986305, critic loss: 1.8022186756134033
recommendation_loss: 1.5928468704223633, critic_loss: 1.8022186756134033
inter loss 3.0199625492095947, intra loss: 0.0028145373798906803, critic loss: 1.813103437423706
recommendation_loss: 1.6252869367599487, critic_loss: 1.813103437423706
inter loss 2.989842414855957, intra loss: 0.002806000178679824, critic loss: 1.7950278520584106
recommendation_loss: 1.695188283920288, critic_loss: 1.7950278520584106
inter loss 3.039931535720825, intra loss: 0.002806012285873294, critic loss: 1.8250813484191895
recommendation_loss: 1.6037402153015137, critic_loss: 1.8250813484191895
inter loss 3.013293743133545, intra loss: 0.0028120544739067554, critic loss: 1.8091012239456177
recommendation_loss: 1.63776433467865, critic_loss: 1.8091012239456177
inter loss 3.024834156036377, intra loss: 0.002805969910696149, critic loss: 1.8160228729248047
recommendation_loss: 1.6503822803497314, critic_loss: 1.8160228729248047
inter loss 3.0320303440093994, intra loss: 0.002803190378472209, critic loss: 1.820339560508728
recommendation_loss: 1.6605172157287598, critic_loss: 1.820339560508728
inter loss 2.99546480178833, intra loss: 0.002835115883499384, critic loss: 1.7984130382537842
recommendation_loss: 1.6615517139434814, critic_loss: 1.7984130382537842
inter loss 3.0032243728637695, intra loss: 0.002820848487317562, critic loss: 1.8030630350112915
recommendation_loss: 1.7130932807922363, critic_loss: 1.8030630350112915
inter loss 3.012816905975342, intra loss: 0.002805488184094429, critic loss: 1.8088124990463257
recommendation_loss: 1.5342483520507812, critic_loss: 1.8088124990463257
inter loss 3.0393290519714355, intra loss: 0.0028012008406221867, critic loss: 1.8247179985046387
recommendation_loss: 1.7288720607757568, critic_loss: 1.8247179985046387
inter loss 3.039060115814209, intra loss: 0.0027972038369625807, critic loss: 1.8245550394058228
recommendation_loss: 1.6374800205230713, critic_loss: 1.8245550394058228
inter loss 3.0364019870758057, intra loss: 0.0028211919125169516, critic loss: 1.822969675064087
recommendation_loss: 1.6592525243759155, critic_loss: 1.822969675064087
inter loss 2.978447914123535, intra loss: 0.0028227772563695908, critic loss: 1.7881979942321777
recommendation_loss: 1.6817877292633057, critic_loss: 1.7881979942321777
inter loss 3.0086090564727783, intra loss: 0.0028108698315918446, critic loss: 1.8062899112701416
recommendation_loss: 1.6476006507873535, critic_loss: 1.8062899112701416
inter loss 3.029613494873047, intra loss: 0.002803168725222349, critic loss: 1.8188894987106323
recommendation_loss: 1.6449023485183716, critic_loss: 1.8188894987106323
inter loss 3.0145881175994873, intra loss: 0.00279500731267035, critic loss: 1.8098708391189575
recommendation_loss: 1.684607982635498, critic_loss: 1.8098708391189575
inter loss 3.015629768371582, intra loss: 0.002803750801831484, critic loss: 1.8104994297027588
recommendation_loss: 1.634291172027588, critic_loss: 1.8104994297027588
inter loss 3.000537872314453, intra loss: 0.0028066460508853197, critic loss: 1.801445484161377
recommendation_loss: 1.5873298645019531, critic_loss: 1.801445484161377
inter loss 2.985598087310791, intra loss: 0.0028108020778745413, critic loss: 1.7924832105636597
recommendation_loss: 1.6473686695098877, critic_loss: 1.7924832105636597
inter loss 3.0045485496520996, intra loss: 0.0028122970834374428, critic loss: 1.80385422706604
recommendation_loss: 1.5994905233383179, critic_loss: 1.80385422706604
inter loss 3.0008327960968018, intra loss: 0.002824079245328903, critic loss: 1.8016294240951538
recommendation_loss: 1.6354442834854126, critic_loss: 1.8016294240951538
inter loss 3.012307643890381, intra loss: 0.002820343477651477, critic loss: 1.808512806892395
recommendation_loss: 1.6153255701065063, critic_loss: 1.808512806892395
inter loss 3.020946979522705, intra loss: 0.002812705934047699, critic loss: 1.8136934041976929
recommendation_loss: 1.7264869213104248, critic_loss: 1.8136934041976929
inter loss 3.030400276184082, intra loss: 0.0028038816526532173, critic loss: 1.8193618059158325
recommendation_loss: 1.6665935516357422, critic_loss: 1.8193618059158325
inter loss 3.014645576477051, intra loss: 0.0027790223248302937, critic loss: 1.809899091720581
recommendation_loss: 1.653969407081604, critic_loss: 1.809899091720581
inter loss 2.9958906173706055, intra loss: 0.0027874293737113476, critic loss: 1.7986494302749634
recommendation_loss: 1.7286782264709473, critic_loss: 1.7986494302749634
inter loss 3.0227017402648926, intra loss: 0.002792654326185584, critic loss: 1.8147382736206055
recommendation_loss: 1.6464035511016846, critic_loss: 1.8147382736206055
inter loss 2.996586322784424, intra loss: 0.002791423350572586, critic loss: 1.7990683317184448
recommendation_loss: 1.7029054164886475, critic_loss: 1.7990683317184448
inter loss 3.0273494720458984, intra loss: 0.00279105082154274, critic loss: 1.81752610206604
recommendation_loss: 1.7105846405029297, critic_loss: 1.81752610206604
inter loss 3.0213847160339355, intra loss: 0.002796655520796776, critic loss: 1.8139495849609375
recommendation_loss: 1.6106042861938477, critic_loss: 1.8139495849609375
inter loss 3.0047097206115723, intra loss: 0.0028167509008198977, critic loss: 1.8039525747299194
recommendation_loss: 1.5427086353302002, critic_loss: 1.8039525747299194
inter loss 2.987441301345825, intra loss: 0.0028156316839158535, critic loss: 1.7935911417007446
recommendation_loss: 1.6485304832458496, critic_loss: 1.7935911417007446
inter loss 2.9971377849578857, intra loss: 0.002788061276078224, critic loss: 1.7993979454040527
recommendation_loss: 1.647637128829956, critic_loss: 1.7993979454040527
inter loss 3.0266942977905273, intra loss: 0.0027960806619375944, critic loss: 1.8171350955963135
recommendation_loss: 1.6018387079238892, critic_loss: 1.8171350955963135
inter loss 3.02290678024292, intra loss: 0.0028114737942814827, critic loss: 1.8148688077926636
recommendation_loss: 1.607300877571106, critic_loss: 1.8148688077926636
inter loss 2.9873552322387695, intra loss: 0.0028213204350322485, critic loss: 1.7935417890548706
recommendation_loss: 1.5977295637130737, critic_loss: 1.7935417890548706
inter loss 2.9913554191589355, intra loss: 0.0028077932074666023, critic loss: 1.7959363460540771
recommendation_loss: 1.6506515741348267, critic_loss: 1.7959363460540771
inter loss 2.98150634765625, intra loss: 0.0027921930886805058, critic loss: 1.7900207042694092
recommendation_loss: 1.689913272857666, critic_loss: 1.7900207042694092
inter loss 3.0083751678466797, intra loss: 0.0028216755017638206, critic loss: 1.8061538934707642
recommendation_loss: 1.721968173980713, critic_loss: 1.8061538934707642
inter loss 2.998852252960205, intra loss: 0.002797301858663559, critic loss: 1.8004302978515625
recommendation_loss: 1.7056066989898682, critic_loss: 1.8004302978515625
inter loss 3.0028421878814697, intra loss: 0.002787912730127573, critic loss: 1.8028205633163452
recommendation_loss: 1.5908085107803345, critic_loss: 1.8028205633163452
inter loss 2.993145227432251, intra loss: 0.002793853171169758, critic loss: 1.7970048189163208
recommendation_loss: 1.6889256238937378, critic_loss: 1.7970048189163208
inter loss 3.0215673446655273, intra loss: 0.0028202116955071688, critic loss: 1.8140685558319092
recommendation_loss: 1.6033434867858887, critic_loss: 1.8140685558319092
inter loss 3.0383572578430176, intra loss: 0.0027908729389309883, critic loss: 1.8241307735443115
recommendation_loss: 1.6971138715744019, critic_loss: 1.8241307735443115
inter loss 2.9791440963745117, intra loss: 0.0028029109816998243, critic loss: 1.7886077165603638
recommendation_loss: 1.6408367156982422, critic_loss: 1.7886077165603638
inter loss 2.9851505756378174, intra loss: 0.0028180915396660566, critic loss: 1.7922176122665405
recommendation_loss: 1.6277766227722168, critic_loss: 1.7922176122665405
inter loss 3.0059971809387207, intra loss: 0.0028065622318536043, critic loss: 1.8047209978103638
recommendation_loss: 1.7323108911514282, critic_loss: 1.8047209978103638
inter loss 3.029369831085205, intra loss: 0.0028204869013279676, critic loss: 1.8187501430511475
recommendation_loss: 1.601440668106079, critic_loss: 1.8187501430511475
inter loss 2.9663681983947754, intra loss: 0.002798443892970681, critic loss: 1.7809404134750366
recommendation_loss: 1.6559693813323975, critic_loss: 1.7809404134750366
inter loss 3.0050954818725586, intra loss: 0.002822704380378127, critic loss: 1.8041863441467285
recommendation_loss: 1.6695932149887085, critic_loss: 1.8041863441467285
inter loss 2.9718003273010254, intra loss: 0.002796185202896595, critic loss: 1.7841986417770386
recommendation_loss: 1.613708257675171, critic_loss: 1.7841986417770386
inter loss 2.990142345428467, intra loss: 0.0028073969297111034, critic loss: 1.79520845413208
recommendation_loss: 1.6423585414886475, critic_loss: 1.79520845413208
inter loss 2.985102653503418, intra loss: 0.0027909670025110245, critic loss: 1.7921780347824097
recommendation_loss: 1.6483032703399658, critic_loss: 1.7921780347824097
inter loss 2.9860923290252686, intra loss: 0.002776969922706485, critic loss: 1.7927662134170532
recommendation_loss: 1.602194905281067, critic_loss: 1.7927662134170532
inter loss 3.0351457595825195, intra loss: 0.0027858447283506393, critic loss: 1.8222018480300903
recommendation_loss: 1.7245136499404907, critic_loss: 1.8222018480300903
inter loss 3.0222671031951904, intra loss: 0.0028170901350677013, critic loss: 1.8144872188568115
recommendation_loss: 1.6278257369995117, critic_loss: 1.8144872188568115
inter loss 3.000645160675049, intra loss: 0.002805212279781699, critic loss: 1.8015092611312866
recommendation_loss: 1.636839509010315, critic_loss: 1.8015092611312866
inter loss 2.9979288578033447, intra loss: 0.0028209169395267963, critic loss: 1.7998857498168945
recommendation_loss: 1.5979223251342773, critic_loss: 1.7998857498168945
inter loss 3.023149251937866, intra loss: 0.002812901046127081, critic loss: 1.8150148391723633
recommendation_loss: 1.6098887920379639, critic_loss: 1.8150148391723633
inter loss 3.008925676345825, intra loss: 0.00282151997089386, critic loss: 1.8064839839935303
recommendation_loss: 1.5223145484924316, critic_loss: 1.8064839839935303
inter loss 3.0384881496429443, intra loss: 0.002818317851051688, critic loss: 1.8242202997207642
recommendation_loss: 1.606323003768921, critic_loss: 1.8242202997207642
inter loss 2.9891371726989746, intra loss: 0.0028155397158116102, critic loss: 1.7946085929870605
recommendation_loss: 1.6562060117721558, critic_loss: 1.7946085929870605
inter loss 2.9476349353790283, intra loss: 0.00280528562143445, critic loss: 1.7697031497955322
recommendation_loss: 1.627898931503296, critic_loss: 1.7697031497955322
inter loss 2.992934226989746, intra loss: 0.0028215441852808, critic loss: 1.796889305114746
recommendation_loss: 1.5790051221847534, critic_loss: 1.796889305114746
inter loss 2.982527732849121, intra loss: 0.002801025053486228, critic loss: 1.7906371355056763
recommendation_loss: 1.686638355255127, critic_loss: 1.7906371355056763
inter loss 2.9669110774993896, intra loss: 0.002819027518853545, critic loss: 1.7812743186950684
recommendation_loss: 1.6451433897018433, critic_loss: 1.7812743186950684
inter loss 2.964740753173828, intra loss: 0.0028104917146265507, critic loss: 1.7799686193466187
recommendation_loss: 1.662519097328186, critic_loss: 1.7799686193466187
inter loss 2.9944844245910645, intra loss: 0.002804382471367717, critic loss: 1.7978124618530273
recommendation_loss: 1.5244851112365723, critic_loss: 1.7978124618530273
inter loss 2.9990978240966797, intra loss: 0.002807441633194685, critic loss: 1.800581693649292
recommendation_loss: 1.6087321043014526, critic_loss: 1.800581693649292
inter loss 2.998513698577881, intra loss: 0.0027969623915851116, critic loss: 1.8002270460128784
recommendation_loss: 1.6135247945785522, critic_loss: 1.8002270460128784
inter loss 2.999790906906128, intra loss: 0.0027950590010732412, critic loss: 1.800992727279663
recommendation_loss: 1.5653563737869263, critic_loss: 1.800992727279663
inter loss 2.999507427215576, intra loss: 0.002806989010423422, critic loss: 1.8008273839950562
recommendation_loss: 1.5706692934036255, critic_loss: 1.8008273839950562
inter loss 2.9986157417297363, intra loss: 0.002814287319779396, critic loss: 1.8002952337265015
recommendation_loss: 1.686607837677002, critic_loss: 1.8002952337265015
inter loss 2.989182472229004, intra loss: 0.002793491119518876, critic loss: 1.7946269512176514
recommendation_loss: 1.6728020906448364, critic_loss: 1.7946269512176514
inter loss 2.9763031005859375, intra loss: 0.0028002848848700523, critic loss: 1.7869020700454712
recommendation_loss: 1.5903223752975464, critic_loss: 1.7869020700454712
inter loss 2.9648916721343994, intra loss: 0.002805470023304224, critic loss: 1.7800573110580444
recommendation_loss: 1.6385501623153687, critic_loss: 1.7800573110580444
inter loss 2.9551615715026855, intra loss: 0.0028098432812839746, critic loss: 1.7742209434509277
recommendation_loss: 1.5852997303009033, critic_loss: 1.7742209434509277
inter loss 3.00632905960083, intra loss: 0.002802970353513956, critic loss: 1.804918646812439
recommendation_loss: 1.6161588430404663, critic_loss: 1.804918646812439
inter loss 2.963380813598633, intra loss: 0.002803836716338992, critic loss: 1.779150128364563
recommendation_loss: 1.6091504096984863, critic_loss: 1.779150128364563
inter loss 2.976083755493164, intra loss: 0.002797455061227083, critic loss: 1.7867693901062012
recommendation_loss: 1.642697811126709, critic_loss: 1.7867693901062012
inter loss 3.0156936645507812, intra loss: 0.002795470179989934, critic loss: 1.8105344772338867
recommendation_loss: 1.6665141582489014, critic_loss: 1.8105344772338867
inter loss 2.9826529026031494, intra loss: 0.002800195012241602, critic loss: 1.7907118797302246
recommendation_loss: 1.6305400133132935, critic_loss: 1.7907118797302246
inter loss 2.9768028259277344, intra loss: 0.0028269202448427677, critic loss: 1.787212610244751
recommendation_loss: 1.6695373058319092, critic_loss: 1.787212610244751
inter loss 2.9468016624450684, intra loss: 0.0028058853931725025, critic loss: 1.7692034244537354
recommendation_loss: 1.6333211660385132, critic_loss: 1.7692034244537354
inter loss 3.01007080078125, intra loss: 0.0028331968933343887, critic loss: 1.807175874710083
recommendation_loss: 1.6730403900146484, critic_loss: 1.807175874710083
inter loss 2.9790968894958496, intra loss: 0.0028051231056451797, critic loss: 1.7885801792144775
recommendation_loss: 1.530106782913208, critic_loss: 1.7885801792144775
inter loss 2.956697702407837, intra loss: 0.0028062360361218452, critic loss: 1.7751411199569702
recommendation_loss: 1.7107524871826172, critic_loss: 1.7751411199569702
inter loss 2.975437641143799, intra loss: 0.0028022006154060364, critic loss: 1.7863836288452148
recommendation_loss: 1.628711462020874, critic_loss: 1.7863836288452148
inter loss 2.972784996032715, intra loss: 0.0028196778148412704, critic loss: 1.7847988605499268
recommendation_loss: 1.6188585758209229, critic_loss: 1.7847988605499268
inter loss 2.9850640296936035, intra loss: 0.0028243972919881344, critic loss: 1.7921682596206665
recommendation_loss: 1.6072477102279663, critic_loss: 1.7921682596206665
inter loss 2.986004590988159, intra loss: 0.0028390628285706043, critic loss: 1.792738437652588
recommendation_loss: 1.603935956954956, critic_loss: 1.792738437652588
inter loss 3.0013961791992188, intra loss: 0.002799619920551777, critic loss: 1.801957607269287
recommendation_loss: 1.6153063774108887, critic_loss: 1.801957607269287
inter loss 3.0093436241149902, intra loss: 0.0028218692168593407, critic loss: 1.8067350387573242
recommendation_loss: 1.6476141214370728, critic_loss: 1.8067350387573242
inter loss 2.9591445922851562, intra loss: 0.002796720014885068, critic loss: 1.776605486869812
recommendation_loss: 1.6094551086425781, critic_loss: 1.776605486869812
inter loss 2.9672954082489014, intra loss: 0.0028037410229444504, critic loss: 1.7814987897872925
recommendation_loss: 1.6620526313781738, critic_loss: 1.7814987897872925
inter loss 3.0286645889282227, intra loss: 0.002814076142385602, critic loss: 1.8183244466781616
recommendation_loss: 1.7115356922149658, critic_loss: 1.8183244466781616
inter loss 2.9707436561584473, intra loss: 0.002808829303830862, critic loss: 1.7835698127746582
recommendation_loss: 1.6847654581069946, critic_loss: 1.7835698127746582
inter loss 2.9778056144714355, intra loss: 0.002787699457257986, critic loss: 1.787798523902893
recommendation_loss: 1.5268852710723877, critic_loss: 1.787798523902893
inter loss 3.015193462371826, intra loss: 0.002789212390780449, critic loss: 1.8102318048477173
recommendation_loss: 1.6203949451446533, critic_loss: 1.8102318048477173
inter loss 2.9454429149627686, intra loss: 0.002787709468975663, critic loss: 1.768380880355835
recommendation_loss: 1.6491032838821411, critic_loss: 1.768380880355835
inter loss 2.971432685852051, intra loss: 0.002802884206175804, critic loss: 1.7839808464050293
recommendation_loss: 1.6224541664123535, critic_loss: 1.7839808464050293
inter loss 2.9867687225341797, intra loss: 0.002807833254337311, critic loss: 1.793184518814087
recommendation_loss: 1.6061394214630127, critic_loss: 1.793184518814087
inter loss 2.934957504272461, intra loss: 0.0028127478435635567, critic loss: 1.7620996236801147
recommendation_loss: 1.6715723276138306, critic_loss: 1.7620996236801147
inter loss 2.9637961387634277, intra loss: 0.002775746863335371, critic loss: 1.7793880701065063
recommendation_loss: 1.5426537990570068, critic_loss: 1.7793880701065063
inter loss 3.002643585205078, intra loss: 0.0027981942985206842, critic loss: 1.8027055263519287
recommendation_loss: 1.5995450019836426, critic_loss: 1.8027055263519287
inter loss 3.032027244567871, intra loss: 0.0027901488356292248, critic loss: 1.820332407951355
recommendation_loss: 1.6652635335922241, critic_loss: 1.820332407951355
inter loss 3.0150208473205566, intra loss: 0.0028035896830260754, critic loss: 1.810133934020996
recommendation_loss: 1.630615472793579, critic_loss: 1.810133934020996
inter loss 2.9836649894714355, intra loss: 0.002811848185956478, critic loss: 1.7913237810134888
recommendation_loss: 1.558823823928833, critic_loss: 1.7913237810134888
inter loss 2.9704527854919434, intra loss: 0.0027904121670871973, critic loss: 1.7833878993988037
recommendation_loss: 1.6269296407699585, critic_loss: 1.7833878993988037
inter loss 2.9673943519592285, intra loss: 0.0028062250930815935, critic loss: 1.7815591096878052
recommendation_loss: 1.7008785009384155, critic_loss: 1.7815591096878052
inter loss 2.9773025512695312, intra loss: 0.0027968473732471466, critic loss: 1.7875003814697266
recommendation_loss: 1.6524080038070679, critic_loss: 1.7875003814697266
inter loss 3.0006918907165527, intra loss: 0.0027952080126851797, critic loss: 1.8015332221984863
recommendation_loss: 1.5683809518814087, critic_loss: 1.8015332221984863
inter loss 3.0029327869415283, intra loss: 0.002802925882861018, critic loss: 1.802880883216858
recommendation_loss: 1.728824496269226, critic_loss: 1.802880883216858
inter loss 2.966214179992676, intra loss: 0.0027862247079610825, critic loss: 1.7808430194854736
recommendation_loss: 1.6572633981704712, critic_loss: 1.7808430194854736
inter loss 2.9808402061462402, intra loss: 0.0028078181203454733, critic loss: 1.7896273136138916
recommendation_loss: 1.6869244575500488, critic_loss: 1.7896273136138916
inter loss 2.9811975955963135, intra loss: 0.0028146393597126007, critic loss: 1.7898443937301636
recommendation_loss: 1.6155869960784912, critic_loss: 1.7898443937301636
inter loss 2.950294256210327, intra loss: 0.002799243200570345, critic loss: 1.7712963819503784
recommendation_loss: 1.6329314708709717, critic_loss: 1.7712963819503784
inter loss 2.9453556537628174, intra loss: 0.0028036865405738354, critic loss: 1.768334984779358
recommendation_loss: 1.6231671571731567, critic_loss: 1.768334984779358
inter loss 2.977750301361084, intra loss: 0.0028076961170881987, critic loss: 1.7877733707427979
recommendation_loss: 1.6360766887664795, critic_loss: 1.7877733707427979
inter loss 2.9986209869384766, intra loss: 0.002784184878692031, critic loss: 1.8002862930297852
recommendation_loss: 1.609405517578125, critic_loss: 1.8002862930297852
inter loss 2.9515981674194336, intra loss: 0.0027889073826372623, critic loss: 1.772074580192566
recommendation_loss: 1.629399299621582, critic_loss: 1.772074580192566
inter loss 2.9829630851745605, intra loss: 0.0027774495538324118, critic loss: 1.7908889055252075
recommendation_loss: 1.5715641975402832, critic_loss: 1.7908889055252075
inter loss 2.990492343902588, intra loss: 0.002796458313241601, critic loss: 1.7954139709472656
recommendation_loss: 1.5485870838165283, critic_loss: 1.7954139709472656
inter loss 2.962665557861328, intra loss: 0.0027797319926321507, critic loss: 1.7787113189697266
recommendation_loss: 1.587531566619873, critic_loss: 1.7787113189697266
inter loss 2.9843831062316895, intra loss: 0.0027925248723477125, critic loss: 1.791746973991394
recommendation_loss: 1.642803430557251, critic_loss: 1.791746973991394
inter loss 2.945962429046631, intra loss: 0.0027891499921679497, critic loss: 1.768693208694458
recommendation_loss: 1.610736608505249, critic_loss: 1.768693208694458
inter loss 2.9911348819732666, intra loss: 0.002791429404169321, critic loss: 1.7957974672317505
recommendation_loss: 1.643144965171814, critic_loss: 1.7957974672317505
inter loss 2.9613890647888184, intra loss: 0.0027946154586970806, critic loss: 1.7779513597488403
recommendation_loss: 1.5937082767486572, critic_loss: 1.7779513597488403
inter loss 2.9752390384674072, intra loss: 0.0028215309139341116, critic loss: 1.7862720489501953
recommendation_loss: 1.6112788915634155, critic_loss: 1.7862720489501953
inter loss 2.9684243202209473, intra loss: 0.0028162822127342224, critic loss: 1.7821811437606812
recommendation_loss: 1.5983390808105469, critic_loss: 1.7821811437606812
inter loss 2.9289703369140625, intra loss: 0.002811326179653406, critic loss: 1.7585067749023438
recommendation_loss: 1.6997489929199219, critic_loss: 1.7585067749023438
inter loss 2.9524810314178467, intra loss: 0.0028098556213080883, critic loss: 1.7726125717163086
recommendation_loss: 1.564584732055664, critic_loss: 1.7726125717163086
inter loss 2.9654412269592285, intra loss: 0.0028003414627164602, critic loss: 1.78038489818573
recommendation_loss: 1.5914599895477295, critic_loss: 1.78038489818573
inter loss 2.9501562118530273, intra loss: 0.002832003403455019, critic loss: 1.7712266445159912
recommendation_loss: 1.5770779848098755, critic_loss: 1.7712266445159912
inter loss 2.958782196044922, intra loss: 0.0028118083719164133, critic loss: 1.7763941287994385
recommendation_loss: 1.5445014238357544, critic_loss: 1.7763941287994385
inter loss 2.995011806488037, intra loss: 0.0027924980968236923, critic loss: 1.7981241941452026
recommendation_loss: 1.6787879467010498, critic_loss: 1.7981241941452026
inter loss 2.9448494911193848, intra loss: 0.002784834476187825, critic loss: 1.7680236101150513
recommendation_loss: 1.587705135345459, critic_loss: 1.7680236101150513
inter loss 2.9143459796905518, intra loss: 0.0028219830710440874, critic loss: 1.7497364282608032
recommendation_loss: 1.633898377418518, critic_loss: 1.7497364282608032
inter loss 2.9538345336914062, intra loss: 0.0028102118521928787, critic loss: 1.7734249830245972
recommendation_loss: 1.5371484756469727, critic_loss: 1.7734249830245972
inter loss 2.945770740509033, intra loss: 0.0028051964472979307, critic loss: 1.7685846090316772
recommendation_loss: 1.5769630670547485, critic_loss: 1.7685846090316772
inter loss 2.9576170444488525, intra loss: 0.002800526563078165, critic loss: 1.7756905555725098
recommendation_loss: 1.5762797594070435, critic_loss: 1.7756905555725098
inter loss 2.984524965286255, intra loss: 0.0027951523661613464, critic loss: 1.7918331623077393
recommendation_loss: 1.5433460474014282, critic_loss: 1.7918331623077393
inter loss 2.9557132720947266, intra loss: 0.0028143380768597126, critic loss: 1.7745537757873535
recommendation_loss: 1.5478177070617676, critic_loss: 1.7745537757873535
inter loss 2.952700614929199, intra loss: 0.0027964215259999037, critic loss: 1.7727389335632324
recommendation_loss: 1.685328483581543, critic_loss: 1.7727389335632324
inter loss 2.930070400238037, intra loss: 0.002810337580740452, critic loss: 1.7591664791107178
recommendation_loss: 1.6756455898284912, critic_loss: 1.7591664791107178
inter loss 2.979365348815918, intra loss: 0.0028129529673606157, critic loss: 1.7887444496154785
recommendation_loss: 1.4880387783050537, critic_loss: 1.7887444496154785
inter loss 2.9495491981506348, intra loss: 0.0028165141120553017, critic loss: 1.770856261253357
recommendation_loss: 1.6261688470840454, critic_loss: 1.770856261253357
inter loss 2.95633602142334, intra loss: 0.0028283705469220877, critic loss: 1.7749329805374146
recommendation_loss: 1.5903550386428833, critic_loss: 1.7749329805374146
inter loss 2.9466893672943115, intra loss: 0.0028119278140366077, critic loss: 1.7691384553909302
recommendation_loss: 1.4871888160705566, critic_loss: 1.7691384553909302
inter loss 2.973679304122925, intra loss: 0.0028122481890022755, critic loss: 1.7853325605392456
recommendation_loss: 1.4949243068695068, critic_loss: 1.7853325605392456
inter loss 2.9611034393310547, intra loss: 0.0028036071453243494, critic loss: 1.7777835130691528
recommendation_loss: 1.6356725692749023, critic_loss: 1.7777835130691528
inter loss 2.9317378997802734, intra loss: 0.0028010813985019922, critic loss: 1.7601633071899414
recommendation_loss: 1.6570582389831543, critic_loss: 1.7601633071899414
inter loss 2.927894353866577, intra loss: 0.0028166049160063267, critic loss: 1.7578632831573486
recommendation_loss: 1.6960254907608032, critic_loss: 1.7578632831573486
inter loss 2.9570512771606445, intra loss: 0.002815511077642441, critic loss: 1.7753570079803467
recommendation_loss: 1.5358330011367798, critic_loss: 1.7753570079803467
inter loss 2.965726375579834, intra loss: 0.0028183660469949245, critic loss: 1.780563235282898
recommendation_loss: 1.5704971551895142, critic_loss: 1.780563235282898
inter loss 2.919853687286377, intra loss: 0.002802949631586671, critic loss: 1.7530333995819092
recommendation_loss: 1.5691407918930054, critic_loss: 1.7530333995819092
inter loss 2.9528112411499023, intra loss: 0.0027979076839983463, critic loss: 1.77280592918396
recommendation_loss: 1.6599217653274536, critic_loss: 1.77280592918396
inter loss 2.9340977668762207, intra loss: 0.002830738667398691, critic loss: 1.7615909576416016
recommendation_loss: 1.5789591073989868, critic_loss: 1.7615909576416016
inter loss 2.9498133659362793, intra loss: 0.0028202938847243786, critic loss: 1.7710161209106445
recommendation_loss: 1.6196540594100952, critic_loss: 1.7710161209106445
inter loss 2.9436755180358887, intra loss: 0.002802420873194933, critic loss: 1.7673263549804688
recommendation_loss: 1.5005894899368286, critic_loss: 1.7673263549804688
inter loss 2.9769442081451416, intra loss: 0.002798420377075672, critic loss: 1.7872859239578247
recommendation_loss: 1.6245903968811035, critic_loss: 1.7872859239578247
inter loss 2.9131669998168945, intra loss: 0.002802754519507289, critic loss: 1.749021291732788
recommendation_loss: 1.6291919946670532, critic_loss: 1.749021291732788
inter loss 2.904726982116699, intra loss: 0.002817584900185466, critic loss: 1.7439632415771484
recommendation_loss: 1.482400894165039, critic_loss: 1.7439632415771484
inter loss 2.8926727771759033, intra loss: 0.0027958417776972055, critic loss: 1.7367219924926758
recommendation_loss: 1.6399381160736084, critic_loss: 1.7367219924926758
2024-08-09 18:35:22.278664: step 1216/24320 (epoch 4/80), loss = 1.697910 (33.288 sec/epoch), lr: 0.003000
Evaluating on dev set...
...........................
source: 	 mrr: 0.028298	 ndcg_5: 0.0171	 ndcg_10: 0.0255	 hit@1:0.007241	 hit@5:0.0275	 hit@10: 0.0543
target: 	 mrr: 0.028723	 ndcg_5: 0.0211	 ndcg_10: 0.0274	 hit@1:0.009756	 hit@5:0.0321	 hit@10: 0.0516
source best!
.............
source: 	 mrr: 0.034289	 ndcg_5: 0.0262	 ndcg_10: 0.0348	 hit@1:0.012270	 hit@5:0.0422	 hit@10: 0.0698
epoch 4: train_loss = 1.697910, source_hit@10 = 0.0698, source_ndcg@10 = 0.0348, target_hit@10 = 0.0516, target_ndcg@10 = 0.0274
new best model saved.

inter loss 2.906757354736328, intra loss: 0.0028165923431515694, critic loss: 1.7451810836791992
recommendation_loss: 1.5910612344741821, critic_loss: 1.7451810836791992
inter loss 2.8998804092407227, intra loss: 0.0028393734246492386, critic loss: 1.7410640716552734
recommendation_loss: 1.6284836530685425, critic_loss: 1.7410640716552734
inter loss 2.9617176055908203, intra loss: 0.0028303060680627823, critic loss: 1.7781627178192139
recommendation_loss: 1.5003653764724731, critic_loss: 1.7781627178192139
inter loss 2.9071872234344482, intra loss: 0.0028066877275705338, critic loss: 1.745435118675232
recommendation_loss: 1.5926177501678467, critic_loss: 1.745435118675232
inter loss 2.935213088989258, intra loss: 0.0027972930110991, critic loss: 1.76224684715271
recommendation_loss: 1.621601939201355, critic_loss: 1.76224684715271
inter loss 2.9427969455718994, intra loss: 0.0028016497381031513, critic loss: 1.766798973083496
recommendation_loss: 1.538752555847168, critic_loss: 1.766798973083496
inter loss 2.9139561653137207, intra loss: 0.0028045952785760164, critic loss: 1.7494956254959106
recommendation_loss: 1.6081889867782593, critic_loss: 1.7494956254959106
inter loss 2.9311482906341553, intra loss: 0.0028194081969559193, critic loss: 1.7598167657852173
recommendation_loss: 1.5726152658462524, critic_loss: 1.7598167657852173
inter loss 2.942229986190796, intra loss: 0.002823502290993929, critic loss: 1.7664674520492554
recommendation_loss: 1.6232309341430664, critic_loss: 1.7664674520492554
inter loss 2.933074951171875, intra loss: 0.0028128144331276417, critic loss: 1.760970115661621
recommendation_loss: 1.473408818244934, critic_loss: 1.760970115661621
inter loss 2.9009435176849365, intra loss: 0.0028097874019294977, critic loss: 1.7416900396347046
recommendation_loss: 1.63677179813385, critic_loss: 1.7416900396347046
inter loss 2.9297995567321777, intra loss: 0.0028023235499858856, critic loss: 1.7590007781982422
recommendation_loss: 1.464255928993225, critic_loss: 1.7590007781982422
inter loss 2.9343321323394775, intra loss: 0.002799821551889181, critic loss: 1.7617193460464478
recommendation_loss: 1.6432033777236938, critic_loss: 1.7617193460464478
inter loss 2.937777042388916, intra loss: 0.0027898019179701805, critic loss: 1.763782262802124
recommendation_loss: 1.6557971239089966, critic_loss: 1.763782262802124
inter loss 2.9146780967712402, intra loss: 0.002783736912533641, critic loss: 1.7499204874038696
recommendation_loss: 1.7509472370147705, critic_loss: 1.7499204874038696
inter loss 2.920825958251953, intra loss: 0.0028147303964942694, critic loss: 1.7536215782165527
recommendation_loss: 1.620593786239624, critic_loss: 1.7536215782165527
inter loss 2.972097396850586, intra loss: 0.0027943202294409275, critic loss: 1.7843762636184692
recommendation_loss: 1.560718059539795, critic_loss: 1.7843762636184692
inter loss 2.9230620861053467, intra loss: 0.0027979984879493713, critic loss: 1.754956603050232
recommendation_loss: 1.6329374313354492, critic_loss: 1.754956603050232
inter loss 2.9057528972625732, intra loss: 0.0028214920312166214, critic loss: 1.7445803880691528
recommendation_loss: 1.4826159477233887, critic_loss: 1.7445803880691528
inter loss 2.9197802543640137, intra loss: 0.002818147651851177, critic loss: 1.752995491027832
recommendation_loss: 1.457662582397461, critic_loss: 1.752995491027832
inter loss 2.925975799560547, intra loss: 0.002808383433148265, critic loss: 1.7567088603973389
recommendation_loss: 1.6209700107574463, critic_loss: 1.7567088603973389
inter loss 2.907106399536133, intra loss: 0.0027988064102828503, critic loss: 1.745383381843567
recommendation_loss: 1.4835209846496582, critic_loss: 1.745383381843567
inter loss 2.94193172454834, intra loss: 0.002809886820614338, critic loss: 1.7662830352783203
recommendation_loss: 1.5631699562072754, critic_loss: 1.7662830352783203
inter loss 2.9078457355499268, intra loss: 0.002807368990033865, critic loss: 1.7458304166793823
recommendation_loss: 1.6190301179885864, critic_loss: 1.7458304166793823
inter loss 2.9299330711364746, intra loss: 0.002826849464327097, critic loss: 1.7590906620025635
recommendation_loss: 1.602360486984253, critic_loss: 1.7590906620025635
inter loss 2.893657922744751, intra loss: 0.002838981105014682, critic loss: 1.737330436706543
recommendation_loss: 1.5743680000305176, critic_loss: 1.737330436706543
inter loss 2.918830394744873, intra loss: 0.002792579820379615, critic loss: 1.7524152994155884
recommendation_loss: 1.5474307537078857, critic_loss: 1.7524152994155884
inter loss 2.919936180114746, intra loss: 0.0027673409786075354, critic loss: 1.7530688047409058
recommendation_loss: 1.668873906135559, critic_loss: 1.7530688047409058
inter loss 2.9637396335601807, intra loss: 0.002810370409861207, critic loss: 1.7793680429458618
recommendation_loss: 1.5392239093780518, critic_loss: 1.7793680429458618
inter loss 2.9357666969299316, intra loss: 0.00280261249281466, critic loss: 1.7625811100006104
recommendation_loss: 1.6114214658737183, critic_loss: 1.7625811100006104
inter loss 2.9127821922302246, intra loss: 0.0027919411659240723, critic loss: 1.7487860918045044
recommendation_loss: 1.6162374019622803, critic_loss: 1.7487860918045044
inter loss 2.9344348907470703, intra loss: 0.0028188093565404415, critic loss: 1.7617884874343872
recommendation_loss: 1.5116591453552246, critic_loss: 1.7617884874343872
inter loss 2.970365524291992, intra loss: 0.0028170659206807613, critic loss: 1.7833462953567505
recommendation_loss: 1.6556904315948486, critic_loss: 1.7833462953567505
inter loss 2.8766984939575195, intra loss: 0.002801080932840705, critic loss: 1.7271395921707153
recommendation_loss: 1.5690629482269287, critic_loss: 1.7271395921707153
inter loss 2.9196667671203613, intra loss: 0.0028129692655056715, critic loss: 1.7529253959655762
recommendation_loss: 1.5975040197372437, critic_loss: 1.7529253959655762
inter loss 2.9111762046813965, intra loss: 0.0028267872985452414, critic loss: 1.7478364706039429
recommendation_loss: 1.6016852855682373, critic_loss: 1.7478364706039429
inter loss 2.9043750762939453, intra loss: 0.0028090253472328186, critic loss: 1.7437487840652466
recommendation_loss: 1.6372160911560059, critic_loss: 1.7437487840652466
inter loss 2.8920083045959473, intra loss: 0.0027900070417672396, critic loss: 1.7363210916519165
recommendation_loss: 1.6428089141845703, critic_loss: 1.7363210916519165
inter loss 2.908618450164795, intra loss: 0.0028107836842536926, critic loss: 1.74629545211792
recommendation_loss: 1.6269515752792358, critic_loss: 1.74629545211792
inter loss 2.8954124450683594, intra loss: 0.00281075038947165, critic loss: 1.7383718490600586
recommendation_loss: 1.5645114183425903, critic_loss: 1.7383718490600586
inter loss 2.9173784255981445, intra loss: 0.0027973796240985394, critic loss: 1.751546025276184
recommendation_loss: 1.5715446472167969, critic_loss: 1.751546025276184
inter loss 2.925356388092041, intra loss: 0.002809306140989065, critic loss: 1.7563375234603882
recommendation_loss: 1.675845980644226, critic_loss: 1.7563375234603882
inter loss 2.924424171447754, intra loss: 0.0028135483153164387, critic loss: 1.7557799816131592
recommendation_loss: 1.5628565549850464, critic_loss: 1.7557799816131592
inter loss 2.9007582664489746, intra loss: 0.0027913046069443226, critic loss: 1.7415715456008911
recommendation_loss: 1.5641415119171143, critic_loss: 1.7415715456008911
inter loss 2.9031829833984375, intra loss: 0.0028382358141243458, critic loss: 1.7430452108383179
recommendation_loss: 1.5805330276489258, critic_loss: 1.7430452108383179
inter loss 2.89738130569458, intra loss: 0.0027958983555436134, critic loss: 1.7395471334457397
recommendation_loss: 1.5745961666107178, critic_loss: 1.7395471334457397
inter loss 2.882455587387085, intra loss: 0.0028284688014537096, critic loss: 1.730604887008667
recommendation_loss: 1.517824411392212, critic_loss: 1.730604887008667
inter loss 2.900057792663574, intra loss: 0.002831900492310524, critic loss: 1.741167426109314
recommendation_loss: 1.6329584121704102, critic_loss: 1.741167426109314
inter loss 2.897249698638916, intra loss: 0.0028173201717436314, critic loss: 1.7394767999649048
recommendation_loss: 1.548577904701233, critic_loss: 1.7394767999649048
inter loss 2.908446788787842, intra loss: 0.002804394345730543, critic loss: 1.7461899518966675
recommendation_loss: 1.554857611656189, critic_loss: 1.7461899518966675
inter loss 2.8911561965942383, intra loss: 0.0028032318223267794, critic loss: 1.7358150482177734
recommendation_loss: 1.5966862440109253, critic_loss: 1.7358150482177734
inter loss 2.896824359893799, intra loss: 0.0028125187382102013, critic loss: 1.7392196655273438
recommendation_loss: 1.5457196235656738, critic_loss: 1.7392196655273438
inter loss 2.9003894329071045, intra loss: 0.002806419972330332, critic loss: 1.741356372833252
recommendation_loss: 1.4924061298370361, critic_loss: 1.741356372833252
inter loss 2.954709053039551, intra loss: 0.0028107543475925922, critic loss: 1.7739497423171997
recommendation_loss: 1.5607330799102783, critic_loss: 1.7739497423171997
inter loss 2.925450325012207, intra loss: 0.002810646779835224, critic loss: 1.7563945055007935
recommendation_loss: 1.5993189811706543, critic_loss: 1.7563945055007935
inter loss 2.9271717071533203, intra loss: 0.0027998387813568115, critic loss: 1.7574230432510376
recommendation_loss: 1.6050505638122559, critic_loss: 1.7574230432510376
inter loss 2.935619592666626, intra loss: 0.0027999570593237877, critic loss: 1.7624918222427368
recommendation_loss: 1.5570876598358154, critic_loss: 1.7624918222427368
inter loss 2.929408073425293, intra loss: 0.002810024656355381, critic loss: 1.758768916130066
recommendation_loss: 1.6207220554351807, critic_loss: 1.758768916130066
inter loss 2.9038429260253906, intra loss: 0.002828538417816162, critic loss: 1.7434372901916504
recommendation_loss: 1.582919955253601, critic_loss: 1.7434372901916504
inter loss 2.9212093353271484, intra loss: 0.0028286853339523077, critic loss: 1.753857135772705
recommendation_loss: 1.5618988275527954, critic_loss: 1.753857135772705
inter loss 2.945039987564087, intra loss: 0.002810670528560877, critic loss: 1.7681483030319214
recommendation_loss: 1.5648207664489746, critic_loss: 1.7681483030319214
inter loss 2.884073257446289, intra loss: 0.002815201412886381, critic loss: 1.7315701246261597
recommendation_loss: 1.7097762823104858, critic_loss: 1.7315701246261597
inter loss 2.8990142345428467, intra loss: 0.002793733263388276, critic loss: 1.7405260801315308
recommendation_loss: 1.515316367149353, critic_loss: 1.7405260801315308
inter loss 2.900374412536621, intra loss: 0.0028019666206091642, critic loss: 1.7413455247879028
recommendation_loss: 1.6095428466796875, critic_loss: 1.7413455247879028
inter loss 2.9272661209106445, intra loss: 0.0028080742340534925, critic loss: 1.757482886314392
recommendation_loss: 1.5612828731536865, critic_loss: 1.757482886314392
inter loss 2.955777406692505, intra loss: 0.00280444766394794, critic loss: 1.7745882272720337
recommendation_loss: 1.473897099494934, critic_loss: 1.7745882272720337
inter loss 2.909080982208252, intra loss: 0.0028033461421728134, critic loss: 1.7465699911117554
recommendation_loss: 1.5805236101150513, critic_loss: 1.7465699911117554
inter loss 2.9069063663482666, intra loss: 0.0028128381818532944, critic loss: 1.7452689409255981
recommendation_loss: 1.6236802339553833, critic_loss: 1.7452689409255981
inter loss 2.8866987228393555, intra loss: 0.0028121131472289562, critic loss: 1.7331441640853882
recommendation_loss: 1.5597686767578125, critic_loss: 1.7331441640853882
inter loss 2.891453504562378, intra loss: 0.0028134435415267944, critic loss: 1.7359975576400757
recommendation_loss: 1.6147630214691162, critic_loss: 1.7359975576400757
inter loss 2.918330192565918, intra loss: 0.0028078542090952396, critic loss: 1.7521213293075562
recommendation_loss: 1.5045626163482666, critic_loss: 1.7521213293075562
inter loss 2.8862338066101074, intra loss: 0.0028159422799944878, critic loss: 1.7328667640686035
recommendation_loss: 1.509021520614624, critic_loss: 1.7328667640686035
inter loss 2.898789882659912, intra loss: 0.0028087792452424765, critic loss: 1.740397572517395
recommendation_loss: 1.4735608100891113, critic_loss: 1.740397572517395
inter loss 2.885286569595337, intra loss: 0.00279877707362175, critic loss: 1.7322914600372314
recommendation_loss: 1.5185450315475464, critic_loss: 1.7322914600372314
inter loss 2.9286372661590576, intra loss: 0.0027856871020048857, critic loss: 1.7582967281341553
recommendation_loss: 1.5600193738937378, critic_loss: 1.7582967281341553
inter loss 2.890519857406616, intra loss: 0.002787861740216613, critic loss: 1.7354271411895752
recommendation_loss: 1.6205250024795532, critic_loss: 1.7354271411895752
inter loss 2.914177894592285, intra loss: 0.0028127292171120644, critic loss: 1.7496318817138672
recommendation_loss: 1.5885050296783447, critic_loss: 1.7496318817138672
inter loss 2.9141180515289307, intra loss: 0.002805085387080908, critic loss: 1.749592900276184
recommendation_loss: 1.5226342678070068, critic_loss: 1.749592900276184
inter loss 2.9298224449157715, intra loss: 0.0028081440832465887, critic loss: 1.7590168714523315
recommendation_loss: 1.455207109451294, critic_loss: 1.7590168714523315
inter loss 2.9119515419006348, intra loss: 0.0028162384405732155, critic loss: 1.7482975721359253
recommendation_loss: 1.471688985824585, critic_loss: 1.7482975721359253
inter loss 2.938187837600708, intra loss: 0.0028124158270657063, critic loss: 1.7640377283096313
recommendation_loss: 1.507893443107605, critic_loss: 1.7640377283096313
inter loss 2.945676326751709, intra loss: 0.0028112675063312054, critic loss: 1.7685303688049316
recommendation_loss: 1.6000721454620361, critic_loss: 1.7685303688049316
inter loss 2.916168689727783, intra loss: 0.002790234051644802, critic loss: 1.7508172988891602
recommendation_loss: 1.5691511631011963, critic_loss: 1.7508172988891602
inter loss 2.921058416366577, intra loss: 0.002805941505357623, critic loss: 1.7537574768066406
recommendation_loss: 1.5810140371322632, critic_loss: 1.7537574768066406
inter loss 2.9327101707458496, intra loss: 0.0028060588520020247, critic loss: 1.7607486248016357
recommendation_loss: 1.5216474533081055, critic_loss: 1.7607486248016357
inter loss 2.9000046253204346, intra loss: 0.002799754263833165, critic loss: 1.7411227226257324
recommendation_loss: 1.534538984298706, critic_loss: 1.7411227226257324
inter loss 2.897887706756592, intra loss: 0.0028092237189412117, critic loss: 1.7398563623428345
recommendation_loss: 1.628206491470337, critic_loss: 1.7398563623428345
inter loss 2.885363817214966, intra loss: 0.0027915011160075665, critic loss: 1.7323349714279175
recommendation_loss: 1.492342233657837, critic_loss: 1.7323349714279175
inter loss 2.8975954055786133, intra loss: 0.0028092670254409313, critic loss: 1.7396810054779053
recommendation_loss: 1.6625077724456787, critic_loss: 1.7396810054779053
inter loss 2.893956184387207, intra loss: 0.0028058611787855625, critic loss: 1.7374961376190186
recommendation_loss: 1.6514450311660767, critic_loss: 1.7374961376190186
inter loss 2.894912004470825, intra loss: 0.0027916445396840572, critic loss: 1.738063931465149
recommendation_loss: 1.578059434890747, critic_loss: 1.738063931465149
inter loss 2.9332523345947266, intra loss: 0.002790884580463171, critic loss: 1.7610678672790527
recommendation_loss: 1.5433067083358765, critic_loss: 1.7610678672790527
inter loss 2.8931667804718018, intra loss: 0.0027830011676996946, critic loss: 1.737013339996338
recommendation_loss: 1.5931122303009033, critic_loss: 1.737013339996338
inter loss 2.9229774475097656, intra loss: 0.0027863492723554373, critic loss: 1.7549010515213013
recommendation_loss: 1.5128566026687622, critic_loss: 1.7549010515213013
inter loss 2.9243040084838867, intra loss: 0.0027855101507157087, critic loss: 1.7556967735290527
recommendation_loss: 1.5718510150909424, critic_loss: 1.7556967735290527
inter loss 2.8901724815368652, intra loss: 0.002808965742588043, critic loss: 1.735227108001709
recommendation_loss: 1.5898083448410034, critic_loss: 1.735227108001709
inter loss 2.896266460418701, intra loss: 0.0028075305745005608, critic loss: 1.7388830184936523
recommendation_loss: 1.598689079284668, critic_loss: 1.7388830184936523
inter loss 2.8827567100524902, intra loss: 0.0027934005483984947, critic loss: 1.7307714223861694
recommendation_loss: 1.5221482515335083, critic_loss: 1.7307714223861694
inter loss 2.941431999206543, intra loss: 0.0027768102008849382, critic loss: 1.76596999168396
recommendation_loss: 1.5951555967330933, critic_loss: 1.76596999168396
inter loss 2.906238317489624, intra loss: 0.0027697200421243906, critic loss: 1.744850993156433
recommendation_loss: 1.5479886531829834, critic_loss: 1.744850993156433
inter loss 2.9197773933410645, intra loss: 0.0027833781205117702, critic loss: 1.7529797554016113
recommendation_loss: 1.5661768913269043, critic_loss: 1.7529797554016113
inter loss 2.917801856994629, intra loss: 0.002795114181935787, critic loss: 1.75179922580719
recommendation_loss: 1.5503127574920654, critic_loss: 1.75179922580719
inter loss 2.9349334239959717, intra loss: 0.00279284012503922, critic loss: 1.7620772123336792
recommendation_loss: 1.528832197189331, critic_loss: 1.7620772123336792
inter loss 2.903158187866211, intra loss: 0.0027849245816469193, critic loss: 1.7430089712142944
recommendation_loss: 1.520447015762329, critic_loss: 1.7430089712142944
inter loss 2.961465835571289, intra loss: 0.0028152638114988804, critic loss: 1.778005599975586
recommendation_loss: 1.6319118738174438, critic_loss: 1.778005599975586
inter loss 2.908822536468506, intra loss: 0.002804967574775219, critic loss: 1.746415615081787
recommendation_loss: 1.5941903591156006, critic_loss: 1.746415615081787
inter loss 2.9261598587036133, intra loss: 0.0027682201471179724, critic loss: 1.756803274154663
recommendation_loss: 1.5588436126708984, critic_loss: 1.756803274154663
inter loss 2.91294527053833, intra loss: 0.002788673620671034, critic loss: 1.7488826513290405
recommendation_loss: 1.6761409044265747, critic_loss: 1.7488826513290405
inter loss 2.9094667434692383, intra loss: 0.0027693898882716894, critic loss: 1.7467879056930542
recommendation_loss: 1.5105862617492676, critic_loss: 1.7467879056930542
inter loss 2.9168219566345215, intra loss: 0.0027970639057457447, critic loss: 1.7512120008468628
recommendation_loss: 1.5239999294281006, critic_loss: 1.7512120008468628
inter loss 2.9090607166290283, intra loss: 0.0027834817301481962, critic loss: 1.7465499639511108
recommendation_loss: 1.5953998565673828, critic_loss: 1.7465499639511108
inter loss 2.8712339401245117, intra loss: 0.002785555087029934, critic loss: 1.723854660987854
recommendation_loss: 1.5699846744537354, critic_loss: 1.723854660987854
inter loss 2.888546943664551, intra loss: 0.0027737347409129143, critic loss: 1.7342376708984375
recommendation_loss: 1.502320647239685, critic_loss: 1.7342376708984375
inter loss 2.9098196029663086, intra loss: 0.002761248266324401, critic loss: 1.746996283531189
recommendation_loss: 1.5803656578063965, critic_loss: 1.746996283531189
inter loss 2.89564847946167, intra loss: 0.0027766493149101734, critic loss: 1.7384998798370361
recommendation_loss: 1.6181212663650513, critic_loss: 1.7384998798370361
inter loss 2.9059996604919434, intra loss: 0.002766608726233244, critic loss: 1.7447065114974976
recommendation_loss: 1.5680819749832153, critic_loss: 1.7447065114974976
inter loss 2.902130603790283, intra loss: 0.002774708904325962, critic loss: 1.7423882484436035
recommendation_loss: 1.6340587139129639, critic_loss: 1.7423882484436035
inter loss 2.8955674171447754, intra loss: 0.002784247975796461, critic loss: 1.7384542226791382
recommendation_loss: 1.6307069063186646, critic_loss: 1.7384542226791382
inter loss 2.8958194255828857, intra loss: 0.002779938979074359, critic loss: 1.7386037111282349
recommendation_loss: 1.5388283729553223, critic_loss: 1.7386037111282349
inter loss 2.9249343872070312, intra loss: 0.0027899781707674265, critic loss: 1.756076693534851
recommendation_loss: 1.4300529956817627, critic_loss: 1.756076693534851
inter loss 2.877577066421509, intra loss: 0.002814881969243288, critic loss: 1.7276722192764282
recommendation_loss: 1.545160174369812, critic_loss: 1.7276722192764282
inter loss 2.896479606628418, intra loss: 0.0027906594332307577, critic loss: 1.739004135131836
recommendation_loss: 1.484909176826477, critic_loss: 1.739004135131836
inter loss 2.900397300720215, intra loss: 0.002786177210509777, critic loss: 1.741352915763855
recommendation_loss: 1.5440011024475098, critic_loss: 1.741352915763855
inter loss 2.8757972717285156, intra loss: 0.002801161725074053, critic loss: 1.726598858833313
recommendation_loss: 1.6262673139572144, critic_loss: 1.726598858833313
inter loss 2.8976850509643555, intra loss: 0.002791518345475197, critic loss: 1.7397277355194092
recommendation_loss: 1.53057062625885, critic_loss: 1.7397277355194092
inter loss 2.891662120819092, intra loss: 0.0027892030775547028, critic loss: 1.7361130714416504
recommendation_loss: 1.509413719177246, critic_loss: 1.7361130714416504
inter loss 2.8662681579589844, intra loss: 0.0027931330259889364, critic loss: 1.72087824344635
recommendation_loss: 1.485910177230835, critic_loss: 1.72087824344635
inter loss 2.8807833194732666, intra loss: 0.002793390303850174, critic loss: 1.729587435722351
recommendation_loss: 1.5276789665222168, critic_loss: 1.729587435722351
inter loss 2.922680139541626, intra loss: 0.00278109242208302, critic loss: 1.7547205686569214
recommendation_loss: 1.5341440439224243, critic_loss: 1.7547205686569214
inter loss 2.8927602767944336, intra loss: 0.0027894400991499424, critic loss: 1.736772060394287
recommendation_loss: 1.509429931640625, critic_loss: 1.736772060394287
inter loss 2.894943952560425, intra loss: 0.0027830624021589756, critic loss: 1.7380796670913696
recommendation_loss: 1.5258443355560303, critic_loss: 1.7380796670913696
inter loss 2.939331531524658, intra loss: 0.002786050783470273, critic loss: 1.7647134065628052
recommendation_loss: 1.5640192031860352, critic_loss: 1.7647134065628052
inter loss 2.909681797027588, intra loss: 0.002797149820253253, critic loss: 1.746928095817566
recommendation_loss: 1.5555419921875, critic_loss: 1.746928095817566
inter loss 2.878833293914795, intra loss: 0.002806718461215496, critic loss: 1.72842276096344
recommendation_loss: 1.512086272239685, critic_loss: 1.72842276096344
inter loss 2.8633012771606445, intra loss: 0.0027934876270592213, critic loss: 1.7190982103347778
recommendation_loss: 1.5481197834014893, critic_loss: 1.7190982103347778
inter loss 2.8681414127349854, intra loss: 0.0028044749051332474, critic loss: 1.7220066785812378
recommendation_loss: 1.5814414024353027, critic_loss: 1.7220066785812378
inter loss 2.893190622329712, intra loss: 0.0027904855087399483, critic loss: 1.7370306253433228
recommendation_loss: 1.5466959476470947, critic_loss: 1.7370306253433228
inter loss 2.8918204307556152, intra loss: 0.00277258874848485, critic loss: 1.736201286315918
recommendation_loss: 1.6117470264434814, critic_loss: 1.736201286315918
inter loss 2.873744010925293, intra loss: 0.0027886831667274237, critic loss: 1.725361943244934
recommendation_loss: 1.4674257040023804, critic_loss: 1.725361943244934
inter loss 2.8826181888580322, intra loss: 0.0027902605943381786, critic loss: 1.730687141418457
recommendation_loss: 1.51573646068573, critic_loss: 1.730687141418457
inter loss 2.8324244022369385, intra loss: 0.0027896175161004066, critic loss: 1.7005704641342163
recommendation_loss: 1.5332789421081543, critic_loss: 1.7005704641342163
inter loss 2.8551506996154785, intra loss: 0.002801831578835845, critic loss: 1.7142112255096436
recommendation_loss: 1.570111870765686, critic_loss: 1.7142112255096436
inter loss 2.871337413787842, intra loss: 0.002810339443385601, critic loss: 1.7239266633987427
recommendation_loss: 1.567612886428833, critic_loss: 1.7239266633987427
inter loss 2.8926913738250732, intra loss: 0.002788717160001397, critic loss: 1.7367303371429443
recommendation_loss: 1.5192973613739014, critic_loss: 1.7367303371429443
inter loss 2.9016518592834473, intra loss: 0.002799596870318055, critic loss: 1.742111086845398
recommendation_loss: 1.610407829284668, critic_loss: 1.742111086845398
inter loss 2.9268670082092285, intra loss: 0.002806523349136114, critic loss: 1.7572429180145264
recommendation_loss: 1.569748878479004, critic_loss: 1.7572429180145264
inter loss 2.8870439529418945, intra loss: 0.0027917949482798576, critic loss: 1.733343243598938
recommendation_loss: 1.5534330606460571, critic_loss: 1.733343243598938
inter loss 2.877906084060669, intra loss: 0.0027940806467086077, critic loss: 1.7278612852096558
recommendation_loss: 1.6322340965270996, critic_loss: 1.7278612852096558
inter loss 2.8997302055358887, intra loss: 0.002788613084703684, critic loss: 1.7409536838531494
recommendation_loss: 1.5015907287597656, critic_loss: 1.7409536838531494
inter loss 2.88535737991333, intra loss: 0.002790347207337618, critic loss: 1.7323306798934937
recommendation_loss: 1.477172613143921, critic_loss: 1.7323306798934937
inter loss 2.887084484100342, intra loss: 0.002801470225676894, critic loss: 1.733371376991272
recommendation_loss: 1.5074008703231812, critic_loss: 1.733371376991272
inter loss 2.873483180999756, intra loss: 0.0027905215974897146, critic loss: 1.7252061367034912
recommendation_loss: 1.448170781135559, critic_loss: 1.7252061367034912
inter loss 2.8809852600097656, intra loss: 0.0028032895643264055, critic loss: 1.7297124862670898
recommendation_loss: 1.6394343376159668, critic_loss: 1.7297124862670898
inter loss 2.860774040222168, intra loss: 0.0027970713563263416, critic loss: 1.7175832986831665
recommendation_loss: 1.4829998016357422, critic_loss: 1.7175832986831665
inter loss 2.893850326538086, intra loss: 0.002790068741887808, critic loss: 1.7374262809753418
recommendation_loss: 1.4757734537124634, critic_loss: 1.7374262809753418
inter loss 2.8560469150543213, intra loss: 0.002806813223287463, critic loss: 1.71475088596344
recommendation_loss: 1.5154950618743896, critic_loss: 1.71475088596344
inter loss 2.884056568145752, intra loss: 0.002788582583889365, critic loss: 1.7315495014190674
recommendation_loss: 1.4406743049621582, critic_loss: 1.7315495014190674
inter loss 2.8821606636047363, intra loss: 0.0027930880896747112, critic loss: 1.7304136753082275
recommendation_loss: 1.5201566219329834, critic_loss: 1.7304136753082275
inter loss 2.9307048320770264, intra loss: 0.0027965279296040535, critic loss: 1.759541630744934
recommendation_loss: 1.527863621711731, critic_loss: 1.759541630744934
inter loss 2.8647165298461914, intra loss: 0.002808952471241355, critic loss: 1.7199535369873047
recommendation_loss: 1.484802484512329, critic_loss: 1.7199535369873047
inter loss 2.880615711212158, intra loss: 0.002809084951877594, critic loss: 1.7294931411743164
recommendation_loss: 1.562552809715271, critic_loss: 1.7294931411743164
inter loss 2.872689723968506, intra loss: 0.002802340080961585, critic loss: 1.7247347831726074
recommendation_loss: 1.556823492050171, critic_loss: 1.7247347831726074
inter loss 2.8814773559570312, intra loss: 0.002784003270789981, critic loss: 1.7300001382827759
recommendation_loss: 1.6606086492538452, critic_loss: 1.7300001382827759
inter loss 2.8534293174743652, intra loss: 0.0027915597893297672, critic loss: 1.7131743431091309
recommendation_loss: 1.4944745302200317, critic_loss: 1.7131743431091309
inter loss 2.8648366928100586, intra loss: 0.002814514795318246, critic loss: 1.7200279235839844
recommendation_loss: 1.550222396850586, critic_loss: 1.7200279235839844
inter loss 2.9005441665649414, intra loss: 0.0027976250275969505, critic loss: 1.741445541381836
recommendation_loss: 1.5221822261810303, critic_loss: 1.741445541381836
inter loss 2.8997812271118164, intra loss: 0.0028156423941254616, critic loss: 1.7409950494766235
recommendation_loss: 1.496352195739746, critic_loss: 1.7409950494766235
inter loss 2.8719003200531006, intra loss: 0.002779945032671094, critic loss: 1.7242522239685059
recommendation_loss: 1.6002800464630127, critic_loss: 1.7242522239685059
inter loss 2.909003496170044, intra loss: 0.002753649838268757, critic loss: 1.7465037107467651
recommendation_loss: 1.5928337574005127, critic_loss: 1.7465037107467651
inter loss 2.8886897563934326, intra loss: 0.0027829527389258146, critic loss: 1.7343270778656006
recommendation_loss: 1.5100610256195068, critic_loss: 1.7343270778656006
inter loss 2.871062994003296, intra loss: 0.0027976057026535273, critic loss: 1.7237569093704224
recommendation_loss: 1.4996401071548462, critic_loss: 1.7237569093704224
inter loss 2.881314277648926, intra loss: 0.0027848239988088608, critic loss: 1.7299025058746338
recommendation_loss: 1.5530047416687012, critic_loss: 1.7299025058746338
inter loss 2.861879348754883, intra loss: 0.002785926451906562, critic loss: 1.7182420492172241
recommendation_loss: 1.5323034524917603, critic_loss: 1.7182420492172241
inter loss 2.8812355995178223, intra loss: 0.002785263815894723, critic loss: 1.7298555374145508
recommendation_loss: 1.5175044536590576, critic_loss: 1.7298555374145508
inter loss 2.9114162921905518, intra loss: 0.0027787068393081427, critic loss: 1.747961401939392
recommendation_loss: 1.5821053981781006, critic_loss: 1.747961401939392
inter loss 2.8814334869384766, intra loss: 0.002778028603643179, critic loss: 1.7299714088439941
recommendation_loss: 1.5696008205413818, critic_loss: 1.7299714088439941
inter loss 2.897367000579834, intra loss: 0.002777138724923134, critic loss: 1.73953115940094
recommendation_loss: 1.5650854110717773, critic_loss: 1.73953115940094
inter loss 2.888514518737793, intra loss: 0.0027867623139172792, critic loss: 1.734223484992981
recommendation_loss: 1.5014877319335938, critic_loss: 1.734223484992981
inter loss 2.8843817710876465, intra loss: 0.0027852654457092285, critic loss: 1.7317432165145874
recommendation_loss: 1.5329384803771973, critic_loss: 1.7317432165145874
inter loss 2.9049463272094727, intra loss: 0.0027957542333751917, critic loss: 1.7440861463546753
recommendation_loss: 1.5418118238449097, critic_loss: 1.7440861463546753
inter loss 2.8501639366149902, intra loss: 0.002784987911581993, critic loss: 1.711212396621704
recommendation_loss: 1.5244216918945312, critic_loss: 1.711212396621704
inter loss 2.9148149490356445, intra loss: 0.0027897311374545097, critic loss: 1.7500050067901611
recommendation_loss: 1.6051218509674072, critic_loss: 1.7500050067901611
inter loss 2.8949742317199707, intra loss: 0.0027711924631148577, critic loss: 1.7380931377410889
recommendation_loss: 1.4482532739639282, critic_loss: 1.7380931377410889
inter loss 2.865238904953003, intra loss: 0.0027600708417594433, critic loss: 1.7202473878860474
recommendation_loss: 1.5151704549789429, critic_loss: 1.7202473878860474
inter loss 2.9035704135894775, intra loss: 0.002758653834462166, critic loss: 1.7432458400726318
recommendation_loss: 1.6175240278244019, critic_loss: 1.7432458400726318
inter loss 2.892345428466797, intra loss: 0.0027779971715062857, critic loss: 1.7365185022354126
recommendation_loss: 1.533860445022583, critic_loss: 1.7365185022354126
inter loss 2.925760269165039, intra loss: 0.0027810109313577414, critic loss: 1.7565686702728271
recommendation_loss: 1.5408015251159668, critic_loss: 1.7565686702728271
inter loss 2.877413511276245, intra loss: 0.0027872552163898945, critic loss: 1.7275630235671997
recommendation_loss: 1.5940781831741333, critic_loss: 1.7275630235671997
inter loss 2.8622822761535645, intra loss: 0.0028106498066335917, critic loss: 1.7184937000274658
recommendation_loss: 1.549674153327942, critic_loss: 1.7184937000274658
inter loss 2.8602218627929688, intra loss: 0.0028141934890300035, critic loss: 1.7172589302062988
recommendation_loss: 1.573913812637329, critic_loss: 1.7172589302062988
inter loss 2.9057135581970215, intra loss: 0.0027923467569053173, critic loss: 1.7445452213287354
recommendation_loss: 1.4368791580200195, critic_loss: 1.7445452213287354
inter loss 2.8821277618408203, intra loss: 0.0027852326165884733, critic loss: 1.7303909063339233
recommendation_loss: 1.585632085800171, critic_loss: 1.7303909063339233
inter loss 2.896327018737793, intra loss: 0.002785227494314313, critic loss: 1.738910436630249
recommendation_loss: 1.5137630701065063, critic_loss: 1.738910436630249
inter loss 2.8723502159118652, intra loss: 0.0027979256119579077, critic loss: 1.7245293855667114
recommendation_loss: 1.5343588590621948, critic_loss: 1.7245293855667114
inter loss 2.884916067123413, intra loss: 0.002794993110001087, critic loss: 1.7320677042007446
recommendation_loss: 1.5364856719970703, critic_loss: 1.7320677042007446
inter loss 2.875265121459961, intra loss: 0.002799815032631159, critic loss: 1.7262791395187378
recommendation_loss: 1.5158288478851318, critic_loss: 1.7262791395187378
inter loss 2.887364387512207, intra loss: 0.002788723446428776, critic loss: 1.7335340976715088
recommendation_loss: 1.5129388570785522, critic_loss: 1.7335340976715088
inter loss 2.906709671020508, intra loss: 0.002769441343843937, critic loss: 1.745133638381958
recommendation_loss: 1.5629231929779053, critic_loss: 1.745133638381958
inter loss 2.901764392852783, intra loss: 0.002790579106658697, critic loss: 1.7421749830245972
recommendation_loss: 1.516815185546875, critic_loss: 1.7421749830245972
inter loss 2.9024887084960938, intra loss: 0.002818452659994364, critic loss: 1.7426207065582275
recommendation_loss: 1.4657598733901978, critic_loss: 1.7426207065582275
inter loss 2.869596481323242, intra loss: 0.002813446568325162, critic loss: 1.7228833436965942
recommendation_loss: 1.5244364738464355, critic_loss: 1.7228833436965942
inter loss 2.855480194091797, intra loss: 0.0027974117547273636, critic loss: 1.714407205581665
recommendation_loss: 1.5349149703979492, critic_loss: 1.714407205581665
inter loss 2.887834072113037, intra loss: 0.0027804397977888584, critic loss: 1.733812689781189
recommendation_loss: 1.5441129207611084, critic_loss: 1.733812689781189
inter loss 2.9199461936950684, intra loss: 0.0027653651777654886, critic loss: 1.7530739307403564
recommendation_loss: 1.5619406700134277, critic_loss: 1.7530739307403564
inter loss 2.8741183280944824, intra loss: 0.0027826873119920492, critic loss: 1.7255841493606567
recommendation_loss: 1.4863027334213257, critic_loss: 1.7255841493606567
inter loss 2.8877453804016113, intra loss: 0.0027960659936070442, critic loss: 1.733765721321106
recommendation_loss: 1.6047929525375366, critic_loss: 1.733765721321106
inter loss 2.878296375274658, intra loss: 0.0028163616079837084, critic loss: 1.7281044721603394
recommendation_loss: 1.6150158643722534, critic_loss: 1.7281044721603394
inter loss 2.897284507751465, intra loss: 0.002786694560199976, critic loss: 1.739485502243042
recommendation_loss: 1.4913418292999268, critic_loss: 1.739485502243042
inter loss 2.88065767288208, intra loss: 0.0027886517345905304, critic loss: 1.7295100688934326
recommendation_loss: 1.555446743965149, critic_loss: 1.7295100688934326
inter loss 2.8360400199890137, intra loss: 0.0027974145486950874, critic loss: 1.7027430534362793
recommendation_loss: 1.566900610923767, critic_loss: 1.7027430534362793
inter loss 2.849997043609619, intra loss: 0.002793914172798395, critic loss: 1.711115837097168
recommendation_loss: 1.512342095375061, critic_loss: 1.711115837097168
inter loss 2.880885124206543, intra loss: 0.002776932902634144, critic loss: 1.7296419143676758
recommendation_loss: 1.5908182859420776, critic_loss: 1.7296419143676758
inter loss 2.8952536582946777, intra loss: 0.0027925230097025633, critic loss: 1.7382692098617554
recommendation_loss: 1.6025632619857788, critic_loss: 1.7382692098617554
inter loss 2.861320734024048, intra loss: 0.0027928173076361418, critic loss: 1.717909574508667
recommendation_loss: 1.5903477668762207, critic_loss: 1.717909574508667
inter loss 2.8571953773498535, intra loss: 0.0028006266802549362, critic loss: 1.7154375314712524
recommendation_loss: 1.522080898284912, critic_loss: 1.7154375314712524
inter loss 2.8839540481567383, intra loss: 0.0028093266300857067, critic loss: 1.7314963340759277
recommendation_loss: 1.539346694946289, critic_loss: 1.7314963340759277
inter loss 2.873570442199707, intra loss: 0.002819912973791361, critic loss: 1.7252702713012695
recommendation_loss: 1.4880082607269287, critic_loss: 1.7252702713012695
inter loss 2.88447904586792, intra loss: 0.002807140816003084, critic loss: 1.7318103313446045
recommendation_loss: 1.4609955549240112, critic_loss: 1.7318103313446045
inter loss 2.9117894172668457, intra loss: 0.002807902405038476, critic loss: 1.7481969594955444
recommendation_loss: 1.5207247734069824, critic_loss: 1.7481969594955444
inter loss 2.8732497692108154, intra loss: 0.0027855955995619297, critic loss: 1.7250641584396362
recommendation_loss: 1.46945321559906, critic_loss: 1.7250641584396362
inter loss 2.843667984008789, intra loss: 0.0027972289826720953, critic loss: 1.707319736480713
recommendation_loss: 1.543784260749817, critic_loss: 1.707319736480713
inter loss 2.8680007457733154, intra loss: 0.0027933157980442047, critic loss: 1.7219178676605225
recommendation_loss: 1.4758543968200684, critic_loss: 1.7219178676605225
inter loss 2.8389434814453125, intra loss: 0.0027828379534184933, critic loss: 1.7044793367385864
recommendation_loss: 1.4872429370880127, critic_loss: 1.7044793367385864
inter loss 2.8728890419006348, intra loss: 0.0027915046084672213, critic loss: 1.7248501777648926
recommendation_loss: 1.5025080442428589, critic_loss: 1.7248501777648926
inter loss 2.8465163707733154, intra loss: 0.0028012858238071203, critic loss: 1.7090305089950562
recommendation_loss: 1.6079946756362915, critic_loss: 1.7090305089950562
inter loss 2.8647494316101074, intra loss: 0.002776580397039652, critic loss: 1.7199604511260986
recommendation_loss: 1.5225489139556885, critic_loss: 1.7199604511260986
inter loss 2.813361883163452, intra loss: 0.0027848780155181885, critic loss: 1.689131259918213
recommendation_loss: 1.6261334419250488, critic_loss: 1.689131259918213
inter loss 2.83774733543396, intra loss: 0.002787560224533081, critic loss: 1.703763484954834
recommendation_loss: 1.5006567239761353, critic_loss: 1.703763484954834
inter loss 2.852773666381836, intra loss: 0.0028038988821208477, critic loss: 1.7127858400344849
recommendation_loss: 1.5054795742034912, critic_loss: 1.7127858400344849
inter loss 2.866098403930664, intra loss: 0.0027766162529587746, critic loss: 1.7207697629928589
recommendation_loss: 1.5150176286697388, critic_loss: 1.7207697629928589
inter loss 2.8615317344665527, intra loss: 0.00281286658719182, critic loss: 1.7180441617965698
recommendation_loss: 1.5572513341903687, critic_loss: 1.7180441617965698
inter loss 2.8384640216827393, intra loss: 0.002759326947852969, critic loss: 1.7041822671890259
recommendation_loss: 1.5906533002853394, critic_loss: 1.7041822671890259
inter loss 2.805216073989868, intra loss: 0.002782196272164583, critic loss: 1.684242606163025
recommendation_loss: 1.4638572931289673, critic_loss: 1.684242606163025
inter loss 2.862677574157715, intra loss: 0.0027830793987959623, critic loss: 1.7187198400497437
recommendation_loss: 1.5615735054016113, critic_loss: 1.7187198400497437
inter loss 2.799870729446411, intra loss: 0.0027948638889938593, critic loss: 1.6810404062271118
recommendation_loss: 1.489678144454956, critic_loss: 1.6810404062271118
inter loss 2.8230714797973633, intra loss: 0.0027745470870286226, critic loss: 1.6949528455734253
recommendation_loss: 1.6694871187210083, critic_loss: 1.6949528455734253
inter loss 2.8595829010009766, intra loss: 0.002780495211482048, critic loss: 1.7168620824813843
recommendation_loss: 1.6138384342193604, critic_loss: 1.7168620824813843
inter loss 2.879746913909912, intra loss: 0.002789270132780075, critic loss: 1.728963851928711
recommendation_loss: 1.5321823358535767, critic_loss: 1.728963851928711
inter loss 2.8591806888580322, intra loss: 0.0027681435458362103, critic loss: 1.7166156768798828
recommendation_loss: 1.5077366828918457, critic_loss: 1.7166156768798828
inter loss 2.8394222259521484, intra loss: 0.0027816733345389366, critic loss: 1.7047661542892456
recommendation_loss: 1.4938760995864868, critic_loss: 1.7047661542892456
inter loss 2.8419113159179688, intra loss: 0.002794630592688918, critic loss: 1.7062647342681885
recommendation_loss: 1.5341559648513794, critic_loss: 1.7062647342681885
inter loss 2.8572487831115723, intra loss: 0.002785002114251256, critic loss: 1.715463399887085
recommendation_loss: 1.5561801195144653, critic_loss: 1.715463399887085
inter loss 2.8991072177886963, intra loss: 0.002793911611661315, critic loss: 1.74058198928833
recommendation_loss: 1.5044610500335693, critic_loss: 1.74058198928833
inter loss 2.8407602310180664, intra loss: 0.0027831457555294037, critic loss: 1.7055695056915283
recommendation_loss: 1.5235837697982788, critic_loss: 1.7055695056915283
inter loss 2.871481418609619, intra loss: 0.002812611637637019, critic loss: 1.7240140438079834
recommendation_loss: 1.6790074110031128, critic_loss: 1.7240140438079834
inter loss 2.8384957313537598, intra loss: 0.002804260700941086, critic loss: 1.7042192220687866
recommendation_loss: 1.5882362127304077, critic_loss: 1.7042192220687866
inter loss 2.854278564453125, intra loss: 0.0027839099057018757, critic loss: 1.7136807441711426
recommendation_loss: 1.6230520009994507, critic_loss: 1.7136807441711426
inter loss 2.8540287017822266, intra loss: 0.0027658031322062016, critic loss: 1.713523507118225
recommendation_loss: 1.4694467782974243, critic_loss: 1.713523507118225
inter loss 2.851613998413086, intra loss: 0.0027954811230301857, critic loss: 1.7120866775512695
recommendation_loss: 1.516831874847412, critic_loss: 1.7120866775512695
inter loss 2.856429100036621, intra loss: 0.0027853616047650576, critic loss: 1.714971661567688
recommendation_loss: 1.5329229831695557, critic_loss: 1.714971661567688
inter loss 2.8629472255706787, intra loss: 0.002774130320176482, critic loss: 1.7188780307769775
recommendation_loss: 1.5317761898040771, critic_loss: 1.7188780307769775
inter loss 2.840714454650879, intra loss: 0.002775410423055291, critic loss: 1.7055389881134033
recommendation_loss: 1.3995171785354614, critic_loss: 1.7055389881134033
inter loss 2.873732566833496, intra loss: 0.0027776684146374464, critic loss: 1.7253506183624268
recommendation_loss: 1.503326177597046, critic_loss: 1.7253506183624268
inter loss 2.8440322875976562, intra loss: 0.002793230814859271, critic loss: 1.7075368165969849
recommendation_loss: 1.5529968738555908, critic_loss: 1.7075368165969849
inter loss 2.8457376956939697, intra loss: 0.0028025484643876553, critic loss: 1.7085636854171753
recommendation_loss: 1.556994915008545, critic_loss: 1.7085636854171753
inter loss 2.8461523056030273, intra loss: 0.0027903993614017963, critic loss: 1.7088075876235962
recommendation_loss: 1.5597178936004639, critic_loss: 1.7088075876235962
inter loss 2.8268239498138428, intra loss: 0.002792683430016041, critic loss: 1.697211503982544
recommendation_loss: 1.5528538227081299, critic_loss: 1.697211503982544
inter loss 2.86838698387146, intra loss: 0.0027835634537041187, critic loss: 1.722145676612854
recommendation_loss: 1.454160451889038, critic_loss: 1.722145676612854
inter loss 2.821877956390381, intra loss: 0.0027992217801511288, critic loss: 1.694246530532837
recommendation_loss: 1.4298638105392456, critic_loss: 1.694246530532837
inter loss 2.8317151069641113, intra loss: 0.002784805605188012, critic loss: 1.7001429796218872
recommendation_loss: 1.586076259613037, critic_loss: 1.7001429796218872
inter loss 2.8579227924346924, intra loss: 0.0027837036177515984, critic loss: 1.715867280960083
recommendation_loss: 1.5018219947814941, critic_loss: 1.715867280960083
inter loss 2.834846258163452, intra loss: 0.002779862377792597, critic loss: 1.7020198106765747
recommendation_loss: 1.523557424545288, critic_loss: 1.7020198106765747
inter loss 2.838742256164551, intra loss: 0.0028026283252984285, critic loss: 1.7043664455413818
recommendation_loss: 1.5483191013336182, critic_loss: 1.7043664455413818
inter loss 2.8456363677978516, intra loss: 0.0027900098357349634, critic loss: 1.7084978818893433
recommendation_loss: 1.5300384759902954, critic_loss: 1.7084978818893433
inter loss 2.841989040374756, intra loss: 0.002795816631987691, critic loss: 1.706311821937561
recommendation_loss: 1.4684311151504517, critic_loss: 1.706311821937561
inter loss 2.8568904399871826, intra loss: 0.0027733270544558764, critic loss: 1.7152436971664429
recommendation_loss: 1.4957690238952637, critic_loss: 1.7152436971664429
inter loss 2.8690648078918457, intra loss: 0.0028026169165968895, critic loss: 1.7225600481033325
recommendation_loss: 1.4550089836120605, critic_loss: 1.7225600481033325
inter loss 2.8584063053131104, intra loss: 0.0027854633517563343, critic loss: 1.7161580324172974
recommendation_loss: 1.4975813627243042, critic_loss: 1.7161580324172974
inter loss 2.8828446865081787, intra loss: 0.002791405189782381, critic loss: 1.7308233976364136
recommendation_loss: 1.560017466545105, critic_loss: 1.7308233976364136
inter loss 2.815603256225586, intra loss: 0.002800649031996727, critic loss: 1.690482258796692
recommendation_loss: 1.5718328952789307, critic_loss: 1.690482258796692
inter loss 2.833742618560791, intra loss: 0.0027981565799564123, critic loss: 1.7013648748397827
recommendation_loss: 1.5305719375610352, critic_loss: 1.7013648748397827
inter loss 2.8579607009887695, intra loss: 0.0027769748121500015, critic loss: 1.7158873081207275
recommendation_loss: 1.5353001356124878, critic_loss: 1.7158873081207275
inter loss 2.823221206665039, intra loss: 0.002798784291371703, critic loss: 1.6950522661209106
recommendation_loss: 1.5431790351867676, critic_loss: 1.6950522661209106
inter loss 2.820157051086426, intra loss: 0.0027837527450174093, critic loss: 1.693207859992981
recommendation_loss: 1.5583469867706299, critic_loss: 1.693207859992981
inter loss 2.807647705078125, intra loss: 0.0027938573621213436, critic loss: 1.6857062578201294
recommendation_loss: 1.566096544265747, critic_loss: 1.6857062578201294
inter loss 2.8670907020568848, intra loss: 0.0028108374681323767, critic loss: 1.7213789224624634
recommendation_loss: 1.54892098903656, critic_loss: 1.7213789224624634
inter loss 2.84804368019104, intra loss: 0.002808463294059038, critic loss: 1.7099497318267822
recommendation_loss: 1.4925575256347656, critic_loss: 1.7099497318267822
inter loss 2.8383355140686035, intra loss: 0.0027849432080984116, critic loss: 1.704115390777588
recommendation_loss: 1.5528626441955566, critic_loss: 1.704115390777588
inter loss 2.870131492614746, intra loss: 0.0027703926898539066, critic loss: 1.7231870889663696
recommendation_loss: 1.505211591720581, critic_loss: 1.7231870889663696
inter loss 2.90315842628479, intra loss: 0.002780328504741192, critic loss: 1.7430071830749512
recommendation_loss: 1.5182321071624756, critic_loss: 1.7430071830749512
inter loss 2.8467814922332764, intra loss: 0.00278401467949152, critic loss: 1.709182620048523
recommendation_loss: 1.5383994579315186, critic_loss: 1.709182620048523
inter loss 2.8416614532470703, intra loss: 0.0027712492737919092, critic loss: 1.7061054706573486
recommendation_loss: 1.5549895763397217, critic_loss: 1.7061054706573486
inter loss 2.8924732208251953, intra loss: 0.0027688443660736084, critic loss: 1.7365915775299072
recommendation_loss: 1.5545037984848022, critic_loss: 1.7365915775299072
inter loss 2.859734058380127, intra loss: 0.0027668531984090805, critic loss: 1.7169471979141235
recommendation_loss: 1.4615041017532349, critic_loss: 1.7169471979141235
inter loss 2.856865406036377, intra loss: 0.0027586943469941616, critic loss: 1.7152228355407715
recommendation_loss: 1.5233820676803589, critic_loss: 1.7152228355407715
inter loss 2.853328227996826, intra loss: 0.0027840386610478163, critic loss: 1.7131106853485107
recommendation_loss: 1.4752616882324219, critic_loss: 1.7131106853485107
inter loss 2.840027093887329, intra loss: 0.0027663707733154297, critic loss: 1.7051228284835815
recommendation_loss: 1.520485758781433, critic_loss: 1.7051228284835815
inter loss 2.844585418701172, intra loss: 0.0027837962843477726, critic loss: 1.7078648805618286
recommendation_loss: 1.5235627889633179, critic_loss: 1.7078648805618286
inter loss 2.803642511367798, intra loss: 0.002765926066786051, critic loss: 1.6832919120788574
recommendation_loss: 1.5278804302215576, critic_loss: 1.6832919120788574
inter loss 2.855884075164795, intra loss: 0.0027911574579775333, critic loss: 1.7146470546722412
recommendation_loss: 1.490322470664978, critic_loss: 1.7146470546722412
inter loss 2.8247811794281006, intra loss: 0.002780771581456065, critic loss: 1.6959811449050903
recommendation_loss: 1.531200885772705, critic_loss: 1.6959811449050903
inter loss 2.8567914962768555, intra loss: 0.0027843660209327936, critic loss: 1.71518874168396
recommendation_loss: 1.5051474571228027, critic_loss: 1.71518874168396
inter loss 2.8377175331115723, intra loss: 0.0027842745184898376, critic loss: 1.7037442922592163
recommendation_loss: 1.5066521167755127, critic_loss: 1.7037442922592163
inter loss 2.8297760486602783, intra loss: 0.0027929143980145454, critic loss: 1.698982834815979
recommendation_loss: 1.5018740892410278, critic_loss: 1.698982834815979
inter loss 2.862914562225342, intra loss: 0.0028129047714173794, critic loss: 1.7188739776611328
recommendation_loss: 1.4830164909362793, critic_loss: 1.7188739776611328
inter loss 2.8312816619873047, intra loss: 0.002808939665555954, critic loss: 1.6998926401138306
recommendation_loss: 1.4315489530563354, critic_loss: 1.6998926401138306
inter loss 2.8299927711486816, intra loss: 0.002790354425087571, critic loss: 1.6991119384765625
recommendation_loss: 1.6200224161148071, critic_loss: 1.6991119384765625
inter loss 2.833224296569824, intra loss: 0.0027934680692851543, critic loss: 1.701051950454712
recommendation_loss: 1.512860894203186, critic_loss: 1.701051950454712
inter loss 2.812746286392212, intra loss: 0.0027985800988972187, critic loss: 1.6887671947479248
recommendation_loss: 1.514029860496521, critic_loss: 1.6887671947479248
inter loss 2.8438808917999268, intra loss: 0.002781266113743186, critic loss: 1.7074410915374756
recommendation_loss: 1.536128044128418, critic_loss: 1.7074410915374756
inter loss 2.8311257362365723, intra loss: 0.0028028914239257574, critic loss: 1.6997966766357422
recommendation_loss: 1.5693386793136597, critic_loss: 1.6997966766357422
inter loss 2.81180739402771, intra loss: 0.002778352703899145, critic loss: 1.6881959438323975
recommendation_loss: 1.5238971710205078, critic_loss: 1.6881959438323975
inter loss 2.84682559967041, intra loss: 0.0028113066218793392, critic loss: 1.7092199325561523
recommendation_loss: 1.4874422550201416, critic_loss: 1.7092199325561523
inter loss 2.8100075721740723, intra loss: 0.0027808314189314842, critic loss: 1.6871169805526733
recommendation_loss: 1.5826642513275146, critic_loss: 1.6871169805526733
2024-08-09 18:35:56.119170: step 1520/24320 (epoch 5/80), loss = 1.604091 (33.315 sec/epoch), lr: 0.003000
Evaluating on dev set...
...........................
source: 	 mrr: 0.029018	 ndcg_5: 0.0207	 ndcg_10: 0.0266	 hit@1:0.008689	 hit@5:0.0333	 hit@10: 0.0521
target: 	 mrr: 0.030395	 ndcg_5: 0.0243	 ndcg_10: 0.0315	 hit@1:0.008362	 hit@5:0.0404	 hit@10: 0.0634
source best!
.............
source: 	 mrr: 0.030788	 ndcg_5: 0.0210	 ndcg_10: 0.0304	 hit@1:0.006902	 hit@5:0.0345	 hit@10: 0.0637
epoch 5: train_loss = 1.604091, source_hit@10 = 0.0637, source_ndcg@10 = 0.0304, target_hit@10 = 0.0634, target_ndcg@10 = 0.0315
new best model saved.

inter loss 2.8169045448303223, intra loss: 0.00278408732265234, critic loss: 1.6912564039230347
recommendation_loss: 1.5058400630950928, critic_loss: 1.6912564039230347
inter loss 2.84091854095459, intra loss: 0.0027837189845740795, critic loss: 1.7056647539138794
recommendation_loss: 1.538915753364563, critic_loss: 1.7056647539138794
inter loss 2.841839075088501, intra loss: 0.002793762134388089, critic loss: 1.7062209844589233
recommendation_loss: 1.4412524700164795, critic_loss: 1.7062209844589233
inter loss 2.821051836013794, intra loss: 0.002790736500173807, critic loss: 1.6937474012374878
recommendation_loss: 1.4740409851074219, critic_loss: 1.6937474012374878
inter loss 2.8324570655822754, intra loss: 0.0028151609003543854, critic loss: 1.7006003856658936
recommendation_loss: 1.5370573997497559, critic_loss: 1.7006003856658936
inter loss 2.824739933013916, intra loss: 0.0027755508199334145, critic loss: 1.6959542036056519
recommendation_loss: 1.5098087787628174, critic_loss: 1.6959542036056519
inter loss 2.815845012664795, intra loss: 0.00279816472902894, critic loss: 1.6906263828277588
recommendation_loss: 1.4287021160125732, critic_loss: 1.6906263828277588
inter loss 2.818274974822998, intra loss: 0.00280600693076849, critic loss: 1.6920874118804932
recommendation_loss: 1.5819696187973022, critic_loss: 1.6920874118804932
inter loss 2.7909507751464844, intra loss: 0.002801975468173623, critic loss: 1.6756913661956787
recommendation_loss: 1.5753942728042603, critic_loss: 1.6756913661956787
inter loss 2.8415677547454834, intra loss: 0.0027952520176768303, critic loss: 1.7060587406158447
recommendation_loss: 1.4881397485733032, critic_loss: 1.7060587406158447
inter loss 2.8632540702819824, intra loss: 0.0027882542926818132, critic loss: 1.7190678119659424
recommendation_loss: 1.5832010507583618, critic_loss: 1.7190678119659424
inter loss 2.84368634223938, intra loss: 0.002782660536468029, critic loss: 1.7073249816894531
recommendation_loss: 1.4216649532318115, critic_loss: 1.7073249816894531
inter loss 2.8644938468933105, intra loss: 0.0027814749628305435, critic loss: 1.7198089361190796
recommendation_loss: 1.534428358078003, critic_loss: 1.7198089361190796
inter loss 2.8760838508605957, intra loss: 0.0027783699333667755, critic loss: 1.726761817932129
recommendation_loss: 1.498845100402832, critic_loss: 1.726761817932129
inter loss 2.8064918518066406, intra loss: 0.0027893921360373497, critic loss: 1.6850110292434692
recommendation_loss: 1.5863295793533325, critic_loss: 1.6850110292434692
inter loss 2.825016975402832, intra loss: 0.002784508280456066, critic loss: 1.6961240768432617
recommendation_loss: 1.5137412548065186, critic_loss: 1.6961240768432617
inter loss 2.8247218132019043, intra loss: 0.0027944694738835096, critic loss: 1.695950984954834
recommendation_loss: 1.5358734130859375, critic_loss: 1.695950984954834
inter loss 2.8291258811950684, intra loss: 0.0028003251645714045, critic loss: 1.698595643043518
recommendation_loss: 1.4889469146728516, critic_loss: 1.698595643043518
inter loss 2.8328487873077393, intra loss: 0.0028208279982209206, critic loss: 1.7008376121520996
recommendation_loss: 1.4771533012390137, critic_loss: 1.7008376121520996
inter loss 2.852931022644043, intra loss: 0.0027877045795321465, critic loss: 1.7128738164901733
recommendation_loss: 1.5145013332366943, critic_loss: 1.7128738164901733
inter loss 2.8342223167419434, intra loss: 0.002803824609145522, critic loss: 1.7016550302505493
recommendation_loss: 1.4818588495254517, critic_loss: 1.7016550302505493
inter loss 2.8261332511901855, intra loss: 0.0027889672201126814, critic loss: 1.6967955827713013
recommendation_loss: 1.4013051986694336, critic_loss: 1.6967955827713013
inter loss 2.8371124267578125, intra loss: 0.00278215273283422, critic loss: 1.7033803462982178
recommendation_loss: 1.5110682249069214, critic_loss: 1.7033803462982178
inter loss 2.814054250717163, intra loss: 0.0027810889296233654, critic loss: 1.6895450353622437
recommendation_loss: 1.5617893934249878, critic_loss: 1.6895450353622437
inter loss 2.832882881164551, intra loss: 0.0027782118413597345, critic loss: 1.7008410692214966
recommendation_loss: 1.5368493795394897, critic_loss: 1.7008410692214966
inter loss 2.8174891471862793, intra loss: 0.0028025156352669, critic loss: 1.6916146278381348
recommendation_loss: 1.5070109367370605, critic_loss: 1.6916146278381348
inter loss 2.8328335285186768, intra loss: 0.0027917453553527594, critic loss: 1.7008169889450073
recommendation_loss: 1.4853893518447876, critic_loss: 1.7008169889450073
inter loss 2.839683771133423, intra loss: 0.0027698264457285404, critic loss: 1.7049182653427124
recommendation_loss: 1.4966118335723877, critic_loss: 1.7049182653427124
inter loss 2.8307156562805176, intra loss: 0.002806356642395258, critic loss: 1.699552059173584
recommendation_loss: 1.4415297508239746, critic_loss: 1.699552059173584
inter loss 2.7885165214538574, intra loss: 0.002783691044896841, critic loss: 1.67422354221344
recommendation_loss: 1.4485349655151367, critic_loss: 1.67422354221344
inter loss 2.8175454139709473, intra loss: 0.002795405685901642, critic loss: 1.6916455030441284
recommendation_loss: 1.4463448524475098, critic_loss: 1.6916455030441284
inter loss 2.837639331817627, intra loss: 0.002781730145215988, critic loss: 1.703696370124817
recommendation_loss: 1.5113437175750732, critic_loss: 1.703696370124817
inter loss 2.827876091003418, intra loss: 0.002788398414850235, critic loss: 1.6978410482406616
recommendation_loss: 1.5660053491592407, critic_loss: 1.6978410482406616
inter loss 2.841369390487671, intra loss: 0.0027941542211920023, critic loss: 1.7059394121170044
recommendation_loss: 1.45538330078125, critic_loss: 1.7059394121170044
inter loss 2.8015103340148926, intra loss: 0.0027921004220843315, critic loss: 1.6820231676101685
recommendation_loss: 1.4757312536239624, critic_loss: 1.6820231676101685
inter loss 2.7903175354003906, intra loss: 0.0028042630292475224, critic loss: 1.6753123998641968
recommendation_loss: 1.511827826499939, critic_loss: 1.6753123998641968
inter loss 2.824154853820801, intra loss: 0.0027977623976767063, critic loss: 1.6956120729446411
recommendation_loss: 1.5637807846069336, critic_loss: 1.6956120729446411
inter loss 2.78747820854187, intra loss: 0.0028002369217574596, critic loss: 1.6736071109771729
recommendation_loss: 1.5613847970962524, critic_loss: 1.6736071109771729
inter loss 2.808077812194824, intra loss: 0.002794623142108321, critic loss: 1.685964584350586
recommendation_loss: 1.4491771459579468, critic_loss: 1.685964584350586
inter loss 2.804680347442627, intra loss: 0.0027794502675533295, critic loss: 1.6839200258255005
recommendation_loss: 1.4781067371368408, critic_loss: 1.6839200258255005
inter loss 2.7778382301330566, intra loss: 0.002800214337185025, critic loss: 1.667823076248169
recommendation_loss: 1.611029863357544, critic_loss: 1.667823076248169
inter loss 2.8045766353607178, intra loss: 0.002790242899209261, critic loss: 1.6838622093200684
recommendation_loss: 1.4392811059951782, critic_loss: 1.6838622093200684
inter loss 2.835646152496338, intra loss: 0.002776727546006441, critic loss: 1.702498435974121
recommendation_loss: 1.509036898612976, critic_loss: 1.702498435974121
inter loss 2.813225746154785, intra loss: 0.0027953137177973986, critic loss: 1.6890536546707153
recommendation_loss: 1.4963878393173218, critic_loss: 1.6890536546707153
inter loss 2.8756866455078125, intra loss: 0.0027881311252713203, critic loss: 1.726527214050293
recommendation_loss: 1.477057933807373, critic_loss: 1.726527214050293
inter loss 2.83359432220459, intra loss: 0.002793403109535575, critic loss: 1.701274037361145
recommendation_loss: 1.4392142295837402, critic_loss: 1.701274037361145
inter loss 2.819720983505249, intra loss: 0.00279341172426939, critic loss: 1.6929500102996826
recommendation_loss: 1.5565704107284546, critic_loss: 1.6929500102996826
inter loss 2.817230701446533, intra loss: 0.0027923122979700565, critic loss: 1.691455364227295
recommendation_loss: 1.4627091884613037, critic_loss: 1.691455364227295
inter loss 2.8419857025146484, intra loss: 0.0027886771131306887, critic loss: 1.7063069343566895
recommendation_loss: 1.468119502067566, critic_loss: 1.7063069343566895
inter loss 2.8160250186920166, intra loss: 0.0027838372625410557, critic loss: 1.6907286643981934
recommendation_loss: 1.4670606851577759, critic_loss: 1.6907286643981934
inter loss 2.833329200744629, intra loss: 0.0027809205930680037, critic loss: 1.7011098861694336
recommendation_loss: 1.5196185111999512, critic_loss: 1.7011098861694336
inter loss 2.830242156982422, intra loss: 0.002779321512207389, critic loss: 1.6992571353912354
recommendation_loss: 1.5245708227157593, critic_loss: 1.6992571353912354
inter loss 2.7971878051757812, intra loss: 0.0027834679931402206, critic loss: 1.6794261932373047
recommendation_loss: 1.444059133529663, critic_loss: 1.6794261932373047
inter loss 2.824618339538574, intra loss: 0.002776281675323844, critic loss: 1.6958816051483154
recommendation_loss: 1.4826158285140991, critic_loss: 1.6958816051483154
inter loss 2.841193199157715, intra loss: 0.0027859131805598736, critic loss: 1.7058303356170654
recommendation_loss: 1.4883863925933838, critic_loss: 1.7058303356170654
inter loss 2.8152530193328857, intra loss: 0.0027864945586770773, critic loss: 1.690266489982605
recommendation_loss: 1.4690234661102295, critic_loss: 1.690266489982605
inter loss 2.8162617683410645, intra loss: 0.002770149614661932, critic loss: 1.690865159034729
recommendation_loss: 1.5043675899505615, critic_loss: 1.690865159034729
inter loss 2.8581981658935547, intra loss: 0.002758125774562359, critic loss: 1.716022253036499
recommendation_loss: 1.563314437866211, critic_loss: 1.716022253036499
inter loss 2.9064688682556152, intra loss: 0.002759813331067562, critic loss: 1.7449852228164673
recommendation_loss: 1.5272692441940308, critic_loss: 1.7449852228164673
inter loss 2.8393666744232178, intra loss: 0.00277353310957551, critic loss: 1.704729437828064
recommendation_loss: 1.4336508512496948, critic_loss: 1.704729437828064
inter loss 2.828456401824951, intra loss: 0.002773406682536006, critic loss: 1.698183298110962
recommendation_loss: 1.5423223972320557, critic_loss: 1.698183298110962
inter loss 2.8457894325256348, intra loss: 0.002757156966254115, critic loss: 1.7085765600204468
recommendation_loss: 1.579142689704895, critic_loss: 1.7085765600204468
inter loss 2.8214704990386963, intra loss: 0.0027872647624462843, critic loss: 1.6939973831176758
recommendation_loss: 1.5535666942596436, critic_loss: 1.6939973831176758
inter loss 2.806077003479004, intra loss: 0.002764919539913535, critic loss: 1.684752345085144
recommendation_loss: 1.5709569454193115, critic_loss: 1.684752345085144
inter loss 2.8736703395843506, intra loss: 0.002781040035188198, critic loss: 1.725314736366272
recommendation_loss: 1.4600882530212402, critic_loss: 1.725314736366272
inter loss 2.8320016860961914, intra loss: 0.0027797077782452106, critic loss: 1.7003129720687866
recommendation_loss: 1.4559955596923828, critic_loss: 1.7003129720687866
inter loss 2.8648056983947754, intra loss: 0.0027783443219959736, critic loss: 1.7199949026107788
recommendation_loss: 1.4848603010177612, critic_loss: 1.7199949026107788
inter loss 2.8172073364257812, intra loss: 0.002754844957962632, critic loss: 1.691426396369934
recommendation_loss: 1.5323153734207153, critic_loss: 1.691426396369934
inter loss 2.8452796936035156, intra loss: 0.002793742809444666, critic loss: 1.7082853317260742
recommendation_loss: 1.550588607788086, critic_loss: 1.7082853317260742
inter loss 2.8218634128570557, intra loss: 0.0027941761072725058, critic loss: 1.6942358016967773
recommendation_loss: 1.459667682647705, critic_loss: 1.6942358016967773
inter loss 2.839001417160034, intra loss: 0.002780372742563486, critic loss: 1.7045130729675293
recommendation_loss: 1.4659693241119385, critic_loss: 1.7045130729675293
inter loss 2.8040597438812256, intra loss: 0.002808957826346159, critic loss: 1.6835594177246094
recommendation_loss: 1.6198399066925049, critic_loss: 1.6835594177246094
inter loss 2.8469130992889404, intra loss: 0.002789375837892294, critic loss: 1.7092636823654175
recommendation_loss: 1.4228453636169434, critic_loss: 1.7092636823654175
inter loss 2.8247666358947754, intra loss: 0.00279624224640429, critic loss: 1.6959786415100098
recommendation_loss: 1.4236801862716675, critic_loss: 1.6959786415100098
inter loss 2.819040298461914, intra loss: 0.0027774865739047527, critic loss: 1.6925352811813354
recommendation_loss: 1.5870085954666138, critic_loss: 1.6925352811813354
inter loss 2.7713892459869385, intra loss: 0.0027705782558768988, critic loss: 1.6639418601989746
recommendation_loss: 1.541743516921997, critic_loss: 1.6639418601989746
inter loss 2.8028573989868164, intra loss: 0.0027866510208696127, critic loss: 1.6828291416168213
recommendation_loss: 1.4439489841461182, critic_loss: 1.6828291416168213
inter loss 2.822084903717041, intra loss: 0.0027898666448891163, critic loss: 1.6943669319152832
recommendation_loss: 1.4701905250549316, critic_loss: 1.6943669319152832
inter loss 2.824514389038086, intra loss: 0.0027715323958545923, critic loss: 1.6958173513412476
recommendation_loss: 1.4784324169158936, critic_loss: 1.6958173513412476
inter loss 2.8129708766937256, intra loss: 0.0027860463596880436, critic loss: 1.6888970136642456
recommendation_loss: 1.4953906536102295, critic_loss: 1.6888970136642456
inter loss 2.824697971343994, intra loss: 0.0027683277148753405, critic loss: 1.6959261894226074
recommendation_loss: 1.5066475868225098, critic_loss: 1.6959261894226074
inter loss 2.8237385749816895, intra loss: 0.0027802211698144674, critic loss: 1.6953552961349487
recommendation_loss: 1.581376075744629, critic_loss: 1.6953552961349487
inter loss 2.817110061645508, intra loss: 0.0027788456063717604, critic loss: 1.6913776397705078
recommendation_loss: 1.5042855739593506, critic_loss: 1.6913776397705078
inter loss 2.8594276905059814, intra loss: 0.0027605637442320585, critic loss: 1.7167608737945557
recommendation_loss: 1.5845067501068115, critic_loss: 1.7167608737945557
inter loss 2.8133621215820312, intra loss: 0.002767401747405529, critic loss: 1.689124345779419
recommendation_loss: 1.5741357803344727, critic_loss: 1.689124345779419
inter loss 2.803614616394043, intra loss: 0.0027922054287046194, critic loss: 1.6832857131958008
recommendation_loss: 1.5526994466781616, critic_loss: 1.6832857131958008
inter loss 2.7913594245910645, intra loss: 0.0027845464646816254, critic loss: 1.6759295463562012
recommendation_loss: 1.5403640270233154, critic_loss: 1.6759295463562012
inter loss 2.7821831703186035, intra loss: 0.002799685811623931, critic loss: 1.6704298257827759
recommendation_loss: 1.4227451086044312, critic_loss: 1.6704298257827759
inter loss 2.8143157958984375, intra loss: 0.0027831331826746464, critic loss: 1.6897028684616089
recommendation_loss: 1.5734151601791382, critic_loss: 1.6897028684616089
inter loss 2.785526752471924, intra loss: 0.002794503467157483, critic loss: 1.6724339723587036
recommendation_loss: 1.457197666168213, critic_loss: 1.6724339723587036
inter loss 2.850053310394287, intra loss: 0.0027820260729640722, critic loss: 1.7111449241638184
recommendation_loss: 1.5083025693893433, critic_loss: 1.7111449241638184
inter loss 2.831655263900757, intra loss: 0.0027840803377330303, critic loss: 1.7001068592071533
recommendation_loss: 1.524437427520752, critic_loss: 1.7001068592071533
inter loss 2.7989728450775146, intra loss: 0.002793156309053302, critic loss: 1.6805009841918945
recommendation_loss: 1.4720150232315063, critic_loss: 1.6805009841918945
inter loss 2.8053231239318848, intra loss: 0.0027917646802961826, critic loss: 1.6843106746673584
recommendation_loss: 1.4238464832305908, critic_loss: 1.6843106746673584
inter loss 2.8290810585021973, intra loss: 0.0027791429311037064, critic loss: 1.698560357093811
recommendation_loss: 1.506838321685791, critic_loss: 1.698560357093811
inter loss 2.8563380241394043, intra loss: 0.0027817520312964916, critic loss: 1.7149156332015991
recommendation_loss: 1.5280227661132812, critic_loss: 1.7149156332015991
inter loss 2.8075406551361084, intra loss: 0.0027762327808886766, critic loss: 1.6856348514556885
recommendation_loss: 1.4888041019439697, critic_loss: 1.6856348514556885
inter loss 2.772798538208008, intra loss: 0.0027916906401515007, critic loss: 1.6647958755493164
recommendation_loss: 1.482906699180603, critic_loss: 1.6647958755493164
inter loss 2.8070130348205566, intra loss: 0.002790800528600812, critic loss: 1.6853241920471191
recommendation_loss: 1.4807636737823486, critic_loss: 1.6853241920471191
inter loss 2.8204917907714844, intra loss: 0.0027866940945386887, critic loss: 1.6934099197387695
recommendation_loss: 1.5663847923278809, critic_loss: 1.6934099197387695
inter loss 2.833303928375244, intra loss: 0.0028018285520374775, critic loss: 1.7011030912399292
recommendation_loss: 1.506376028060913, critic_loss: 1.7011030912399292
inter loss 2.8152294158935547, intra loss: 0.0027942059095948935, critic loss: 1.6902554035186768
recommendation_loss: 1.4157657623291016, critic_loss: 1.6902554035186768
inter loss 2.8366284370422363, intra loss: 0.0027849783655256033, critic loss: 1.7030911445617676
recommendation_loss: 1.4869401454925537, critic_loss: 1.7030911445617676
inter loss 2.810136556625366, intra loss: 0.0027722858358174562, critic loss: 1.6871908903121948
recommendation_loss: 1.4701581001281738, critic_loss: 1.6871908903121948
inter loss 2.8111162185668945, intra loss: 0.002796907676383853, critic loss: 1.6877886056900024
recommendation_loss: 1.5552120208740234, critic_loss: 1.6877886056900024
inter loss 2.848356246948242, intra loss: 0.00279027852229774, critic loss: 1.710129976272583
recommendation_loss: 1.5001952648162842, critic_loss: 1.710129976272583
inter loss 2.797732353210449, intra loss: 0.0028040693141520023, critic loss: 1.6797611713409424
recommendation_loss: 1.4817827939987183, critic_loss: 1.6797611713409424
inter loss 2.779049873352051, intra loss: 0.0027861488051712513, critic loss: 1.6685445308685303
recommendation_loss: 1.51301109790802, critic_loss: 1.6685445308685303
inter loss 2.773871898651123, intra loss: 0.0027969740331172943, critic loss: 1.6654419898986816
recommendation_loss: 1.4943842887878418, critic_loss: 1.6654419898986816
inter loss 2.766307830810547, intra loss: 0.0027911802753806114, critic loss: 1.6609013080596924
recommendation_loss: 1.3962538242340088, critic_loss: 1.6609013080596924
inter loss 2.802216053009033, intra loss: 0.0027965146582573652, critic loss: 1.682448387145996
recommendation_loss: 1.5637004375457764, critic_loss: 1.682448387145996
inter loss 2.809659481048584, intra loss: 0.0027771717868745327, critic loss: 1.6869066953659058
recommendation_loss: 1.5143778324127197, critic_loss: 1.6869066953659058
inter loss 2.7940168380737305, intra loss: 0.002800646936520934, critic loss: 1.6775304079055786
recommendation_loss: 1.5348639488220215, critic_loss: 1.6775304079055786
inter loss 2.799609661102295, intra loss: 0.0028079780749976635, critic loss: 1.6808890104293823
recommendation_loss: 1.527531385421753, critic_loss: 1.6808890104293823
inter loss 2.77612042427063, intra loss: 0.0027909246273338795, critic loss: 1.6667886972427368
recommendation_loss: 1.4735560417175293, critic_loss: 1.6667886972427368
inter loss 2.812269687652588, intra loss: 0.002776956185698509, critic loss: 1.6884726285934448
recommendation_loss: 1.472237467765808, critic_loss: 1.6884726285934448
inter loss 2.8252902030944824, intra loss: 0.0028020532336086035, critic loss: 1.6962950229644775
recommendation_loss: 1.4738746881484985, critic_loss: 1.6962950229644775
inter loss 2.7970588207244873, intra loss: 0.002804370364174247, critic loss: 1.6793571710586548
recommendation_loss: 1.5606310367584229, critic_loss: 1.6793571710586548
inter loss 2.8126134872436523, intra loss: 0.0027924426831305027, critic loss: 1.6886851787567139
recommendation_loss: 1.4864799976348877, critic_loss: 1.6886851787567139
inter loss 2.824563503265381, intra loss: 0.002795430365949869, critic loss: 1.6958563327789307
recommendation_loss: 1.4198410511016846, critic_loss: 1.6958563327789307
inter loss 2.814485549926758, intra loss: 0.0027818316593766212, critic loss: 1.6898040771484375
recommendation_loss: 1.4515888690948486, critic_loss: 1.6898040771484375
inter loss 2.8371524810791016, intra loss: 0.0028136293403804302, critic loss: 1.7034170627593994
recommendation_loss: 1.4841532707214355, critic_loss: 1.7034170627593994
inter loss 2.834683656692505, intra loss: 0.0027978187426924706, critic loss: 1.7019294500350952
recommendation_loss: 1.4632047414779663, critic_loss: 1.7019294500350952
inter loss 2.8231406211853027, intra loss: 0.002804310992360115, critic loss: 1.695006251335144
recommendation_loss: 1.562859058380127, critic_loss: 1.695006251335144
inter loss 2.8236708641052246, intra loss: 0.0027851194608956575, critic loss: 1.6953165531158447
recommendation_loss: 1.463249921798706, critic_loss: 1.6953165531158447
inter loss 2.829866647720337, intra loss: 0.0027853113133460283, critic loss: 1.6990342140197754
recommendation_loss: 1.5637156963348389, critic_loss: 1.6990342140197754
inter loss 2.818971872329712, intra loss: 0.002807099372148514, critic loss: 1.6925060749053955
recommendation_loss: 1.4360315799713135, critic_loss: 1.6925060749053955
inter loss 2.837407112121582, intra loss: 0.0028005712665617466, critic loss: 1.7035645246505737
recommendation_loss: 1.4698615074157715, critic_loss: 1.7035645246505737
inter loss 2.8524575233459473, intra loss: 0.0027964795008301735, critic loss: 1.7125930786132812
recommendation_loss: 1.5397424697875977, critic_loss: 1.7125930786132812
inter loss 2.8476598262786865, intra loss: 0.0027765147387981415, critic loss: 1.7097065448760986
recommendation_loss: 1.4842275381088257, critic_loss: 1.7097065448760986
inter loss 2.858337879180908, intra loss: 0.0027880214620381594, critic loss: 1.7161179780960083
recommendation_loss: 1.505331039428711, critic_loss: 1.7161179780960083
inter loss 2.8477280139923096, intra loss: 0.0027856463566422462, critic loss: 1.7097511291503906
recommendation_loss: 1.511462688446045, critic_loss: 1.7097511291503906
inter loss 2.832658290863037, intra loss: 0.0027611663099378347, critic loss: 1.7006995677947998
recommendation_loss: 1.4819729328155518, critic_loss: 1.7006995677947998
inter loss 2.817115306854248, intra loss: 0.002785180928185582, critic loss: 1.6913833618164062
recommendation_loss: 1.5064153671264648, critic_loss: 1.6913833618164062
inter loss 2.8468289375305176, intra loss: 0.002769211307168007, critic loss: 1.709205150604248
recommendation_loss: 1.6251392364501953, critic_loss: 1.709205150604248
inter loss 2.821793794631958, intra loss: 0.002799623180180788, critic loss: 1.6941962242126465
recommendation_loss: 1.541064739227295, critic_loss: 1.6941962242126465
inter loss 2.8250741958618164, intra loss: 0.0027901188004761934, critic loss: 1.6961606740951538
recommendation_loss: 1.4053361415863037, critic_loss: 1.6961606740951538
inter loss 2.825965404510498, intra loss: 0.002802245318889618, critic loss: 1.6967002153396606
recommendation_loss: 1.563952922821045, critic_loss: 1.6967002153396606
inter loss 2.802549362182617, intra loss: 0.0027806065045297146, critic loss: 1.682641863822937
recommendation_loss: 1.4144432544708252, critic_loss: 1.682641863822937
inter loss 2.8301217555999756, intra loss: 0.002802781295031309, critic loss: 1.699194312095642
recommendation_loss: 1.4796621799468994, critic_loss: 1.699194312095642
inter loss 2.8109130859375, intra loss: 0.0028073450084775686, critic loss: 1.6876708269119263
recommendation_loss: 1.4008625745773315, critic_loss: 1.6876708269119263
inter loss 2.794882297515869, intra loss: 0.0028165492694824934, critic loss: 1.6780561208724976
recommendation_loss: 1.4207590818405151, critic_loss: 1.6780561208724976
inter loss 2.8169467449188232, intra loss: 0.0027899518609046936, critic loss: 1.6912841796875
recommendation_loss: 1.4274744987487793, critic_loss: 1.6912841796875
inter loss 2.8572511672973633, intra loss: 0.0027729286812245846, critic loss: 1.715459942817688
recommendation_loss: 1.4941904544830322, critic_loss: 1.715459942817688
inter loss 2.8067283630371094, intra loss: 0.00278698792681098, critic loss: 1.6851519346237183
recommendation_loss: 1.4637179374694824, critic_loss: 1.6851519346237183
inter loss 2.846008777618408, intra loss: 0.0027749529108405113, critic loss: 1.7087153196334839
recommendation_loss: 1.421292781829834, critic_loss: 1.7087153196334839
inter loss 2.8510279655456543, intra loss: 0.002777011599391699, critic loss: 1.7117276191711426
recommendation_loss: 1.4409066438674927, critic_loss: 1.7117276191711426
inter loss 2.809298276901245, intra loss: 0.002761376090347767, critic loss: 1.6866836547851562
recommendation_loss: 1.5415750741958618, critic_loss: 1.6866836547851562
inter loss 2.8427882194519043, intra loss: 0.0027952678501605988, critic loss: 1.7067910432815552
recommendation_loss: 1.3169317245483398, critic_loss: 1.7067910432815552
inter loss 2.781517267227173, intra loss: 0.0027884235605597496, critic loss: 1.6700257062911987
recommendation_loss: 1.460000991821289, critic_loss: 1.6700257062911987
inter loss 2.820789098739624, intra loss: 0.0027891858480870724, critic loss: 1.693589210510254
recommendation_loss: 1.5264472961425781, critic_loss: 1.693589210510254
inter loss 2.81650447845459, intra loss: 0.0027578328736126423, critic loss: 1.6910059452056885
recommendation_loss: 1.4845268726348877, critic_loss: 1.6910059452056885
inter loss 2.8278698921203613, intra loss: 0.0028063380159437656, critic loss: 1.6978446245193481
recommendation_loss: 1.5636022090911865, critic_loss: 1.6978446245193481
inter loss 2.8301753997802734, intra loss: 0.0028055734001100063, critic loss: 1.6992275714874268
recommendation_loss: 1.3856388330459595, critic_loss: 1.6992275714874268
inter loss 2.815459728240967, intra loss: 0.0027984739281237125, critic loss: 1.6903952360153198
recommendation_loss: 1.4215916395187378, critic_loss: 1.6903952360153198
inter loss 2.8183000087738037, intra loss: 0.002777841640636325, critic loss: 1.6920912265777588
recommendation_loss: 1.5776612758636475, critic_loss: 1.6920912265777588
inter loss 2.8215551376342773, intra loss: 0.002785890828818083, critic loss: 1.6940475702285767
recommendation_loss: 1.4293421506881714, critic_loss: 1.6940475702285767
inter loss 2.8129477500915527, intra loss: 0.002758514601737261, critic loss: 1.6888720989227295
recommendation_loss: 1.4922361373901367, critic_loss: 1.6888720989227295
inter loss 2.81278657913208, intra loss: 0.002763719530776143, critic loss: 1.6887775659561157
recommendation_loss: 1.5314507484436035, critic_loss: 1.6887775659561157
inter loss 2.809337615966797, intra loss: 0.002765124198049307, critic loss: 1.686708688735962
recommendation_loss: 1.4898817539215088, critic_loss: 1.686708688735962
inter loss 2.8111701011657715, intra loss: 0.0027713035233318806, critic loss: 1.6878106594085693
recommendation_loss: 1.5370252132415771, critic_loss: 1.6878106594085693
inter loss 2.824662446975708, intra loss: 0.002788543701171875, critic loss: 1.6959129571914673
recommendation_loss: 1.5079619884490967, critic_loss: 1.6959129571914673
inter loss 2.806950569152832, intra loss: 0.002790468744933605, critic loss: 1.685286521911621
recommendation_loss: 1.5396817922592163, critic_loss: 1.685286521911621
inter loss 2.8385932445526123, intra loss: 0.002789073856547475, critic loss: 1.704271674156189
recommendation_loss: 1.5007123947143555, critic_loss: 1.704271674156189
inter loss 2.8032708168029785, intra loss: 0.0027913274243474007, critic loss: 1.6830791234970093
recommendation_loss: 1.5881497859954834, critic_loss: 1.6830791234970093
inter loss 2.8436083793640137, intra loss: 0.002771936124190688, critic loss: 1.7072738409042358
recommendation_loss: 1.5048378705978394, critic_loss: 1.7072738409042358
inter loss 2.8189210891723633, intra loss: 0.0027870002668350935, critic loss: 1.6924675703048706
recommendation_loss: 1.4134565591812134, critic_loss: 1.6924675703048706
inter loss 2.810851573944092, intra loss: 0.002762600313872099, critic loss: 1.6876161098480225
recommendation_loss: 1.4974756240844727, critic_loss: 1.6876161098480225
inter loss 2.795598030090332, intra loss: 0.0027752495370805264, critic loss: 1.678468942642212
recommendation_loss: 1.5427606105804443, critic_loss: 1.678468942642212
inter loss 2.8048110008239746, intra loss: 0.0027701819781214, critic loss: 1.6839947700500488
recommendation_loss: 1.4401817321777344, critic_loss: 1.6839947700500488
inter loss 2.828078269958496, intra loss: 0.002762436866760254, critic loss: 1.6979520320892334
recommendation_loss: 1.4615147113800049, critic_loss: 1.6979520320892334
inter loss 2.825596809387207, intra loss: 0.0027752178721129894, critic loss: 1.6964682340621948
recommendation_loss: 1.4692177772521973, critic_loss: 1.6964682340621948
inter loss 2.791469097137451, intra loss: 0.0027738474309444427, critic loss: 1.6759910583496094
recommendation_loss: 1.4725520610809326, critic_loss: 1.6759910583496094
inter loss 2.83125901222229, intra loss: 0.002783191855996847, critic loss: 1.6998687982559204
recommendation_loss: 1.3990103006362915, critic_loss: 1.6998687982559204
inter loss 2.787189245223999, intra loss: 0.0027919700369238853, critic loss: 1.673430323600769
recommendation_loss: 1.562019944190979, critic_loss: 1.673430323600769
inter loss 2.787358045578003, intra loss: 0.0027898624539375305, critic loss: 1.6735308170318604
recommendation_loss: 1.41386079788208, critic_loss: 1.6735308170318604
inter loss 2.807926654815674, intra loss: 0.0027629840187728405, critic loss: 1.6858612298965454
recommendation_loss: 1.5270414352416992, critic_loss: 1.6858612298965454
inter loss 2.8092572689056396, intra loss: 0.0027784183621406555, critic loss: 1.6866657733917236
recommendation_loss: 1.4765249490737915, critic_loss: 1.6866657733917236
inter loss 2.7863564491271973, intra loss: 0.002769446698948741, critic loss: 1.6729217767715454
recommendation_loss: 1.5261585712432861, critic_loss: 1.6729217767715454
inter loss 2.836905002593994, intra loss: 0.002769083483144641, critic loss: 1.703250765800476
recommendation_loss: 1.5490696430206299, critic_loss: 1.703250765800476
inter loss 2.7935147285461426, intra loss: 0.002778679598122835, critic loss: 1.6772204637527466
recommendation_loss: 1.4870672225952148, critic_loss: 1.6772204637527466
inter loss 2.84698486328125, intra loss: 0.0027785105630755424, critic loss: 1.7093024253845215
recommendation_loss: 1.5446386337280273, critic_loss: 1.7093024253845215
inter loss 2.8055262565612793, intra loss: 0.002764338394626975, critic loss: 1.6844216585159302
recommendation_loss: 1.4234471321105957, critic_loss: 1.6844216585159302
inter loss 2.8229057788848877, intra loss: 0.0027622804045677185, critic loss: 1.6948485374450684
recommendation_loss: 1.4980971813201904, critic_loss: 1.6948485374450684
inter loss 2.815821886062622, intra loss: 0.002775771077722311, critic loss: 1.690603494644165
recommendation_loss: 1.5405731201171875, critic_loss: 1.690603494644165
inter loss 2.8260955810546875, intra loss: 0.002780648646876216, critic loss: 1.6967695951461792
recommendation_loss: 1.5687880516052246, critic_loss: 1.6967695951461792
inter loss 2.8292043209075928, intra loss: 0.00276667601428926, critic loss: 1.6986292600631714
recommendation_loss: 1.560131549835205, critic_loss: 1.6986292600631714
inter loss 2.8255982398986816, intra loss: 0.002766776829957962, critic loss: 1.6964657306671143
recommendation_loss: 1.5346496105194092, critic_loss: 1.6964657306671143
inter loss 2.817422389984131, intra loss: 0.002771080704405904, critic loss: 1.6915619373321533
recommendation_loss: 1.507800817489624, critic_loss: 1.6915619373321533
inter loss 2.814279794692993, intra loss: 0.0027761245146393776, critic loss: 1.689678430557251
recommendation_loss: 1.494602084159851, critic_loss: 1.689678430557251
inter loss 2.7942588329315186, intra loss: 0.0027769743464887142, critic loss: 1.677666187286377
recommendation_loss: 1.4752283096313477, critic_loss: 1.677666187286377
inter loss 2.8170652389526367, intra loss: 0.002776213688775897, critic loss: 1.6913496255874634
recommendation_loss: 1.4828181266784668, critic_loss: 1.6913496255874634
inter loss 2.822093963623047, intra loss: 0.002780360169708729, critic loss: 1.694368600845337
recommendation_loss: 1.4640381336212158, critic_loss: 1.694368600845337
inter loss 2.8264036178588867, intra loss: 0.0027765007689595222, critic loss: 1.6969528198242188
recommendation_loss: 1.538542628288269, critic_loss: 1.6969528198242188
inter loss 2.8090713024139404, intra loss: 0.00278905569575727, critic loss: 1.686558485031128
recommendation_loss: 1.4849042892456055, critic_loss: 1.686558485031128
inter loss 2.8214707374572754, intra loss: 0.002780778566375375, critic loss: 1.6939948797225952
recommendation_loss: 1.5358452796936035, critic_loss: 1.6939948797225952
inter loss 2.7940707206726074, intra loss: 0.0027759517543017864, critic loss: 1.6775529384613037
recommendation_loss: 1.5070390701293945, critic_loss: 1.6775529384613037
inter loss 2.8251590728759766, intra loss: 0.002781761111691594, critic loss: 1.6962082386016846
recommendation_loss: 1.55722177028656, critic_loss: 1.6962082386016846
inter loss 2.825254440307617, intra loss: 0.002776495646685362, critic loss: 1.696263313293457
recommendation_loss: 1.520667552947998, critic_loss: 1.696263313293457
inter loss 2.7953808307647705, intra loss: 0.00278805335983634, critic loss: 1.6783437728881836
recommendation_loss: 1.4800493717193604, critic_loss: 1.6783437728881836
inter loss 2.8093631267547607, intra loss: 0.0027846884913742542, critic loss: 1.6867318153381348
recommendation_loss: 1.3770768642425537, critic_loss: 1.6867318153381348
inter loss 2.8187313079833984, intra loss: 0.002809949917718768, critic loss: 1.692362904548645
recommendation_loss: 1.6271041631698608, critic_loss: 1.692362904548645
inter loss 2.820977210998535, intra loss: 0.0027854223735630512, critic loss: 1.6937005519866943
recommendation_loss: 1.4993631839752197, critic_loss: 1.6937005519866943
inter loss 2.7983779907226562, intra loss: 0.002787451259791851, critic loss: 1.680141806602478
recommendation_loss: 1.3948525190353394, critic_loss: 1.680141806602478
inter loss 2.816258430480957, intra loss: 0.002770860679447651, critic loss: 1.6908633708953857
recommendation_loss: 1.5288174152374268, critic_loss: 1.6908633708953857
inter loss 2.842543601989746, intra loss: 0.00276128645054996, critic loss: 1.7066307067871094
recommendation_loss: 1.5568104982376099, critic_loss: 1.7066307067871094
inter loss 2.820925712585449, intra loss: 0.00277953059412539, critic loss: 1.6936674118041992
recommendation_loss: 1.594564437866211, critic_loss: 1.6936674118041992
inter loss 2.772275686264038, intra loss: 0.0027725889813154936, critic loss: 1.6644744873046875
recommendation_loss: 1.5726770162582397, critic_loss: 1.6644744873046875
inter loss 2.8115792274475098, intra loss: 0.0027817911468446255, critic loss: 1.6880602836608887
recommendation_loss: 1.4083623886108398, critic_loss: 1.6880602836608887
inter loss 2.8246686458587646, intra loss: 0.002779259579256177, critic loss: 1.6959129571914673
recommendation_loss: 1.4730942249298096, critic_loss: 1.6959129571914673
inter loss 2.7929530143737793, intra loss: 0.0027750146109610796, critic loss: 1.6768817901611328
recommendation_loss: 1.4837104082107544, critic_loss: 1.6768817901611328
inter loss 2.8088529109954834, intra loss: 0.002786314347758889, critic loss: 1.6864262819290161
recommendation_loss: 1.433228850364685, critic_loss: 1.6864262819290161
inter loss 2.802351236343384, intra loss: 0.0027702352963387966, critic loss: 1.6825188398361206
recommendation_loss: 1.4770959615707397, critic_loss: 1.6825188398361206
inter loss 2.807640314102173, intra loss: 0.002766682766377926, critic loss: 1.6856908798217773
recommendation_loss: 1.455129861831665, critic_loss: 1.6856908798217773
inter loss 2.8169403076171875, intra loss: 0.0027650294359773397, critic loss: 1.6912702322006226
recommendation_loss: 1.4695329666137695, critic_loss: 1.6912702322006226
inter loss 2.8149280548095703, intra loss: 0.0027823306154459715, critic loss: 1.6900697946548462
recommendation_loss: 1.38674795627594, critic_loss: 1.6900697946548462
inter loss 2.836209297180176, intra loss: 0.0027734278701245785, critic loss: 1.702834963798523
recommendation_loss: 1.5006096363067627, critic_loss: 1.702834963798523
inter loss 2.795166492462158, intra loss: 0.002788310870528221, critic loss: 1.6782152652740479
recommendation_loss: 1.4441778659820557, critic_loss: 1.6782152652740479
inter loss 2.815835475921631, intra loss: 0.002775079570710659, critic loss: 1.690611481666565
recommendation_loss: 1.5318442583084106, critic_loss: 1.690611481666565
inter loss 2.7730607986450195, intra loss: 0.002796107903122902, critic loss: 1.6649550199508667
recommendation_loss: 1.3360562324523926, critic_loss: 1.6649550199508667
inter loss 2.795386791229248, intra loss: 0.0027883294969797134, critic loss: 1.6783474683761597
recommendation_loss: 1.5123536586761475, critic_loss: 1.6783474683761597
inter loss 2.82950496673584, intra loss: 0.0027806065045297146, critic loss: 1.6988152265548706
recommendation_loss: 1.4782592058181763, critic_loss: 1.6988152265548706
inter loss 2.8346433639526367, intra loss: 0.0027984753251075745, critic loss: 1.7019054889678955
recommendation_loss: 1.3927509784698486, critic_loss: 1.7019054889678955
inter loss 2.819337844848633, intra loss: 0.0027854652144014835, critic loss: 1.6927169561386108
recommendation_loss: 1.491796612739563, critic_loss: 1.6927169561386108
inter loss 2.770684003829956, intra loss: 0.002795699518173933, critic loss: 1.6635288000106812
recommendation_loss: 1.5549241304397583, critic_loss: 1.6635288000106812
inter loss 2.7903199195861816, intra loss: 0.0027809208258986473, critic loss: 1.6753044128417969
recommendation_loss: 1.4464423656463623, critic_loss: 1.6753044128417969
inter loss 2.802203893661499, intra loss: 0.002780758310109377, critic loss: 1.6824347972869873
recommendation_loss: 1.5382881164550781, critic_loss: 1.6824347972869873
inter loss 2.8067386150360107, intra loss: 0.002772365929558873, critic loss: 1.685152292251587
recommendation_loss: 1.4823558330535889, critic_loss: 1.685152292251587
inter loss 2.7837820053100586, intra loss: 0.0027707077097147703, critic loss: 1.6713775396347046
recommendation_loss: 1.4383655786514282, critic_loss: 1.6713775396347046
inter loss 2.8101754188537598, intra loss: 0.002781124319881201, critic loss: 1.6872178316116333
recommendation_loss: 1.4426283836364746, critic_loss: 1.6872178316116333
inter loss 2.7957749366760254, intra loss: 0.002798739355057478, critic loss: 1.6785845756530762
recommendation_loss: 1.462409496307373, critic_loss: 1.6785845756530762
inter loss 2.807974338531494, intra loss: 0.0027897064574062824, critic loss: 1.6859005689620972
recommendation_loss: 1.5737509727478027, critic_loss: 1.6859005689620972
inter loss 2.804452896118164, intra loss: 0.002801959402859211, critic loss: 1.6837925910949707
recommendation_loss: 1.4303144216537476, critic_loss: 1.6837925910949707
inter loss 2.807236671447754, intra loss: 0.0027691773138940334, critic loss: 1.6854497194290161
recommendation_loss: 1.5535547733306885, critic_loss: 1.6854497194290161
inter loss 2.8183507919311523, intra loss: 0.0027748700231313705, critic loss: 1.6921205520629883
recommendation_loss: 1.4872651100158691, critic_loss: 1.6921205520629883
inter loss 2.8025689125061035, intra loss: 0.00278020859695971, critic loss: 1.682653546333313
recommendation_loss: 1.4767656326293945, critic_loss: 1.682653546333313
inter loss 2.782930850982666, intra loss: 0.0027586068026721478, critic loss: 1.6708619594573975
recommendation_loss: 1.5275542736053467, critic_loss: 1.6708619594573975
inter loss 2.7700390815734863, intra loss: 0.0027646487578749657, critic loss: 1.663129448890686
recommendation_loss: 1.4591565132141113, critic_loss: 1.663129448890686
inter loss 2.759182929992676, intra loss: 0.0027751438319683075, critic loss: 1.656619906425476
recommendation_loss: 1.3989167213439941, critic_loss: 1.656619906425476
inter loss 2.7864370346069336, intra loss: 0.002768252044916153, critic loss: 1.6729695796966553
recommendation_loss: 1.4170682430267334, critic_loss: 1.6729695796966553
inter loss 2.798518419265747, intra loss: 0.002768514212220907, critic loss: 1.6802185773849487
recommendation_loss: 1.4679111242294312, critic_loss: 1.6802185773849487
inter loss 2.776461601257324, intra loss: 0.0027709417045116425, critic loss: 1.6669853925704956
recommendation_loss: 1.541480541229248, critic_loss: 1.6669853925704956
inter loss 2.7875442504882812, intra loss: 0.002772880718111992, critic loss: 1.673635721206665
recommendation_loss: 1.5308282375335693, critic_loss: 1.673635721206665
inter loss 2.805184841156006, intra loss: 0.0027655004523694515, critic loss: 1.684217095375061
recommendation_loss: 1.4905061721801758, critic_loss: 1.684217095375061
inter loss 2.83072566986084, intra loss: 0.0027771922759711742, critic loss: 1.6995463371276855
recommendation_loss: 1.5802327394485474, critic_loss: 1.6995463371276855
inter loss 2.802218437194824, intra loss: 0.00276876799762249, critic loss: 1.682438611984253
recommendation_loss: 1.6213414669036865, critic_loss: 1.682438611984253
inter loss 2.8097970485687256, intra loss: 0.002762178424745798, critic loss: 1.6869831085205078
recommendation_loss: 1.5014431476593018, critic_loss: 1.6869831085205078
inter loss 2.7892961502075195, intra loss: 0.0027686438988894224, critic loss: 1.6746852397918701
recommendation_loss: 1.4654427766799927, critic_loss: 1.6746852397918701
inter loss 2.8001646995544434, intra loss: 0.002770783379673958, critic loss: 1.6812071800231934
recommendation_loss: 1.468461036682129, critic_loss: 1.6812071800231934
inter loss 2.817439079284668, intra loss: 0.0027659060433506966, critic loss: 1.6915699243545532
recommendation_loss: 1.4475041627883911, critic_loss: 1.6915699243545532
inter loss 2.790457248687744, intra loss: 0.0027566319331526756, critic loss: 1.6753771305084229
recommendation_loss: 1.389479160308838, critic_loss: 1.6753771305084229
inter loss 2.806229829788208, intra loss: 0.002765069715678692, critic loss: 1.6848440170288086
recommendation_loss: 1.4213041067123413, critic_loss: 1.6848440170288086
inter loss 2.8120131492614746, intra loss: 0.002763025928288698, critic loss: 1.6883131265640259
recommendation_loss: 1.5158500671386719, critic_loss: 1.6883131265640259
inter loss 2.7739157676696777, intra loss: 0.002763947704806924, critic loss: 1.6654551029205322
recommendation_loss: 1.4905381202697754, critic_loss: 1.6654551029205322
inter loss 2.7975656986236572, intra loss: 0.0027868051547557116, critic loss: 1.6796542406082153
recommendation_loss: 1.5532166957855225, critic_loss: 1.6796542406082153
inter loss 2.805339813232422, intra loss: 0.0027679794002324343, critic loss: 1.6843111515045166
recommendation_loss: 1.5202443599700928, critic_loss: 1.6843111515045166
inter loss 2.80810284614563, intra loss: 0.002759331837296486, critic loss: 1.6859655380249023
recommendation_loss: 1.4374632835388184, critic_loss: 1.6859655380249023
inter loss 2.7990529537200928, intra loss: 0.002761226147413254, critic loss: 1.6805362701416016
recommendation_loss: 1.5003587007522583, critic_loss: 1.6805362701416016
inter loss 2.8305904865264893, intra loss: 0.0027550107333809137, critic loss: 1.6994563341140747
recommendation_loss: 1.5250976085662842, critic_loss: 1.6994563341140747
inter loss 2.8145878314971924, intra loss: 0.0027701035141944885, critic loss: 1.6898608207702637
recommendation_loss: 1.5077258348464966, critic_loss: 1.6898608207702637
inter loss 2.7866249084472656, intra loss: 0.002774045802652836, critic loss: 1.6730846166610718
recommendation_loss: 1.5355238914489746, critic_loss: 1.6730846166610718
inter loss 2.7900164127349854, intra loss: 0.0027745424304157495, critic loss: 1.6751197576522827
recommendation_loss: 1.5468257665634155, critic_loss: 1.6751197576522827
inter loss 2.7847797870635986, intra loss: 0.0027796560898423195, critic loss: 1.6719797849655151
recommendation_loss: 1.4764180183410645, critic_loss: 1.6719797849655151
inter loss 2.779118299484253, intra loss: 0.0027780095115303993, critic loss: 1.6685822010040283
recommendation_loss: 1.5645490884780884, critic_loss: 1.6685822010040283
inter loss 2.787980556488037, intra loss: 0.0027744441758841276, critic loss: 1.6738981008529663
recommendation_loss: 1.5784428119659424, critic_loss: 1.6738981008529663
inter loss 2.777949333190918, intra loss: 0.002765003591775894, critic loss: 1.6678756475448608
recommendation_loss: 1.4981441497802734, critic_loss: 1.6678756475448608
inter loss 2.79738712310791, intra loss: 0.002756808651611209, critic loss: 1.6795350313186646
recommendation_loss: 1.5182822942733765, critic_loss: 1.6795350313186646
inter loss 2.7969424724578857, intra loss: 0.002765912562608719, critic loss: 1.679271936416626
recommendation_loss: 1.5686403512954712, critic_loss: 1.679271936416626
inter loss 2.772824287414551, intra loss: 0.0027553036343306303, critic loss: 1.6647967100143433
recommendation_loss: 1.6260960102081299, critic_loss: 1.6647967100143433
inter loss 2.7821028232574463, intra loss: 0.0027610529214143753, critic loss: 1.6703662872314453
recommendation_loss: 1.5892350673675537, critic_loss: 1.6703662872314453
inter loss 2.795830249786377, intra loss: 0.0027545467019081116, critic loss: 1.6786000728607178
recommendation_loss: 1.4733083248138428, critic_loss: 1.6786000728607178
inter loss 2.781247854232788, intra loss: 0.002754886168986559, critic loss: 1.6698507070541382
recommendation_loss: 1.471613883972168, critic_loss: 1.6698507070541382
inter loss 2.791055202484131, intra loss: 0.0027693200390785933, critic loss: 1.6757408380508423
recommendation_loss: 1.5049192905426025, critic_loss: 1.6757408380508423
inter loss 2.8228397369384766, intra loss: 0.002750392071902752, critic loss: 1.694804072380066
recommendation_loss: 1.4906866550445557, critic_loss: 1.694804072380066
inter loss 2.7860822677612305, intra loss: 0.002763382624834776, critic loss: 1.6727547645568848
recommendation_loss: 1.5650577545166016, critic_loss: 1.6727547645568848
inter loss 2.75753116607666, intra loss: 0.0027729282155632973, critic loss: 1.6556278467178345
recommendation_loss: 1.5398662090301514, critic_loss: 1.6556278467178345
inter loss 2.7506706714630127, intra loss: 0.0027596652507781982, critic loss: 1.6515063047409058
recommendation_loss: 1.574450969696045, critic_loss: 1.6515063047409058
inter loss 2.785233497619629, intra loss: 0.0027610016986727715, critic loss: 1.6722445487976074
recommendation_loss: 1.5330263376235962, critic_loss: 1.6722445487976074
inter loss 2.763679265975952, intra loss: 0.0027535455301404, critic loss: 1.6593090295791626
recommendation_loss: 1.5661348104476929, critic_loss: 1.6593090295791626
inter loss 2.7827696800231934, intra loss: 0.002778890309855342, critic loss: 1.6707733869552612
recommendation_loss: 1.4727810621261597, critic_loss: 1.6707733869552612
inter loss 2.792835235595703, intra loss: 0.0027669155970215797, critic loss: 1.6768079996109009
recommendation_loss: 1.5073647499084473, critic_loss: 1.6768079996109009
inter loss 2.7590789794921875, intra loss: 0.0027629430405795574, critic loss: 1.6565526723861694
recommendation_loss: 1.5483782291412354, critic_loss: 1.6565526723861694
inter loss 2.7521283626556396, intra loss: 0.002757922513410449, critic loss: 1.6523802280426025
recommendation_loss: 1.52743661403656, critic_loss: 1.6523802280426025
inter loss 2.784132957458496, intra loss: 0.0027723161038011312, critic loss: 1.6715887784957886
recommendation_loss: 1.5032674074172974, critic_loss: 1.6715887784957886
inter loss 2.7444286346435547, intra loss: 0.002777041867375374, critic loss: 1.6477680206298828
recommendation_loss: 1.5665944814682007, critic_loss: 1.6477680206298828
inter loss 2.804682731628418, intra loss: 0.0027884389273822308, critic loss: 1.6839250326156616
recommendation_loss: 1.4790141582489014, critic_loss: 1.6839250326156616
inter loss 2.7612438201904297, intra loss: 0.0027646718081086874, critic loss: 1.657852292060852
recommendation_loss: 1.46115243434906, critic_loss: 1.657852292060852
inter loss 2.8124148845672607, intra loss: 0.0027651614509522915, critic loss: 1.6885550022125244
recommendation_loss: 1.5584845542907715, critic_loss: 1.6885550022125244
inter loss 2.787325143814087, intra loss: 0.0027730781584978104, critic loss: 1.67350435256958
recommendation_loss: 1.481971025466919, critic_loss: 1.67350435256958
inter loss 2.8041470050811768, intra loss: 0.002767745638266206, critic loss: 1.6835954189300537
recommendation_loss: 1.5219271183013916, critic_loss: 1.6835954189300537
inter loss 2.788949489593506, intra loss: 0.0027785105630755424, critic loss: 1.6744811534881592
recommendation_loss: 1.4924862384796143, critic_loss: 1.6744811534881592
inter loss 2.781247615814209, intra loss: 0.002794278785586357, critic loss: 1.6698663234710693
recommendation_loss: 1.559633493423462, critic_loss: 1.6698663234710693
inter loss 2.766084671020508, intra loss: 0.002760982373729348, critic loss: 1.6607552766799927
recommendation_loss: 1.4768130779266357, critic_loss: 1.6607552766799927
inter loss 2.8166890144348145, intra loss: 0.0027694636955857277, critic loss: 1.6911213397979736
recommendation_loss: 1.4500188827514648, critic_loss: 1.6911213397979736
inter loss 2.7848429679870605, intra loss: 0.0027932506054639816, critic loss: 1.6720231771469116
recommendation_loss: 1.4356032609939575, critic_loss: 1.6720231771469116
inter loss 2.766096591949463, intra loss: 0.0027751862071454525, critic loss: 1.6607681512832642
recommendation_loss: 1.5378482341766357, critic_loss: 1.6607681512832642
inter loss 2.7576234340667725, intra loss: 0.0027662275824695826, critic loss: 1.6556806564331055
recommendation_loss: 1.5952894687652588, critic_loss: 1.6556806564331055
inter loss 2.7888221740722656, intra loss: 0.0027703633531928062, critic loss: 1.6744015216827393
recommendation_loss: 1.4779155254364014, critic_loss: 1.6744015216827393
inter loss 2.7715885639190674, intra loss: 0.0027659274637699127, critic loss: 1.6640596389770508
recommendation_loss: 1.4641590118408203, critic_loss: 1.6640596389770508
inter loss 2.788224220275879, intra loss: 0.0027826977893710136, critic loss: 1.6740477085113525
recommendation_loss: 1.4819309711456299, critic_loss: 1.6740477085113525
inter loss 2.787783622741699, intra loss: 0.0027622454799711704, critic loss: 1.6737751960754395
recommendation_loss: 1.4319219589233398, critic_loss: 1.6737751960754395
inter loss 2.7808942794799805, intra loss: 0.002765115350484848, critic loss: 1.669642686843872
recommendation_loss: 1.501604676246643, critic_loss: 1.669642686843872
inter loss 2.788661003112793, intra loss: 0.0027740143705159426, critic loss: 1.6743062734603882
recommendation_loss: 1.572627305984497, critic_loss: 1.6743062734603882
inter loss 2.7669920921325684, intra loss: 0.0027665074449032545, critic loss: 1.6613019704818726
recommendation_loss: 1.4428107738494873, critic_loss: 1.6613019704818726
2024-08-09 18:36:29.883293: step 1824/24320 (epoch 6/80), loss = 1.555382 (33.256 sec/epoch), lr: 0.003000
Evaluating on dev set...
...........................
source: 	 mrr: 0.033228	 ndcg_5: 0.0234	 ndcg_10: 0.0309	 hit@1:0.011586	 hit@5:0.0348	 hit@10: 0.0587
target: 	 mrr: 0.025519	 ndcg_5: 0.0175	 ndcg_10: 0.0241	 hit@1:0.009059	 hit@5:0.0265	 hit@10: 0.0474
source best!
.............
source: 	 mrr: 0.026290	 ndcg_5: 0.0166	 ndcg_10: 0.0236	 hit@1:0.004601	 hit@5:0.0299	 hit@10: 0.0514
epoch 6: train_loss = 1.555382, source_hit@10 = 0.0514, source_ndcg@10 = 0.0236, target_hit@10 = 0.0474, target_ndcg@10 = 0.0241
new best model saved.

inter loss 2.7933502197265625, intra loss: 0.0027890324126929045, critic loss: 1.6771258115768433
recommendation_loss: 1.5746769905090332, critic_loss: 1.6771258115768433
inter loss 2.8183202743530273, intra loss: 0.002772218082100153, critic loss: 1.6921011209487915
recommendation_loss: 1.511183500289917, critic_loss: 1.6921011209487915
inter loss 2.793142795562744, intra loss: 0.0027879762928932905, critic loss: 1.6770009994506836
recommendation_loss: 1.3577454090118408, critic_loss: 1.6770009994506836
inter loss 2.7842509746551514, intra loss: 0.0027638308238238096, critic loss: 1.6716562509536743
recommendation_loss: 1.5037422180175781, critic_loss: 1.6716562509536743
inter loss 2.8065433502197266, intra loss: 0.002768138889223337, critic loss: 1.6850333213806152
recommendation_loss: 1.4677101373672485, critic_loss: 1.6850333213806152
inter loss 2.761974573135376, intra loss: 0.0027615735307335854, critic loss: 1.6582894325256348
recommendation_loss: 1.4394372701644897, critic_loss: 1.6582894325256348
inter loss 2.7844886779785156, intra loss: 0.0027640352491289377, critic loss: 1.6717989444732666
recommendation_loss: 1.4891068935394287, critic_loss: 1.6717989444732666
inter loss 2.7481720447540283, intra loss: 0.0027874233201146126, critic loss: 1.6500182151794434
recommendation_loss: 1.46945059299469, critic_loss: 1.6500182151794434
inter loss 2.7599401473999023, intra loss: 0.002768617821857333, critic loss: 1.657071590423584
recommendation_loss: 1.524032473564148, critic_loss: 1.657071590423584
inter loss 2.784301519393921, intra loss: 0.0027828868478536606, critic loss: 1.6716941595077515
recommendation_loss: 1.5008586645126343, critic_loss: 1.6716941595077515
inter loss 2.7961175441741943, intra loss: 0.002759310882538557, critic loss: 1.678774356842041
recommendation_loss: 1.5380076169967651, critic_loss: 1.678774356842041
inter loss 2.749011516571045, intra loss: 0.002752554602921009, critic loss: 1.6505080461502075
recommendation_loss: 1.3608866930007935, critic_loss: 1.6505080461502075
inter loss 2.7743709087371826, intra loss: 0.0027698613703250885, critic loss: 1.665730595588684
recommendation_loss: 1.5063540935516357, critic_loss: 1.665730595588684
inter loss 2.7490925788879395, intra loss: 0.002750322688370943, critic loss: 1.6505558490753174
recommendation_loss: 1.4270905256271362, critic_loss: 1.6505558490753174
inter loss 2.780808448791504, intra loss: 0.0027683302760124207, critic loss: 1.6695924997329712
recommendation_loss: 1.5916714668273926, critic_loss: 1.6695924997329712
inter loss 2.7757644653320312, intra loss: 0.002777626272290945, critic loss: 1.6665698289871216
recommendation_loss: 1.485379695892334, critic_loss: 1.6665698289871216
inter loss 2.774852752685547, intra loss: 0.0027664899826049805, critic loss: 1.6660183668136597
recommendation_loss: 1.484526515007019, critic_loss: 1.6660183668136597
inter loss 2.757645845413208, intra loss: 0.002783997915685177, critic loss: 1.6557012796401978
recommendation_loss: 1.4833089113235474, critic_loss: 1.6557012796401978
inter loss 2.7655179500579834, intra loss: 0.0027814803179353476, critic loss: 1.6604233980178833
recommendation_loss: 1.4590129852294922, critic_loss: 1.6604233980178833
inter loss 2.782963991165161, intra loss: 0.002775338478386402, critic loss: 1.6708885431289673
recommendation_loss: 1.4449729919433594, critic_loss: 1.6708885431289673
inter loss 2.768547534942627, intra loss: 0.0027682569343596697, critic loss: 1.662235975265503
recommendation_loss: 1.4654171466827393, critic_loss: 1.662235975265503
inter loss 2.798765182495117, intra loss: 0.002758295740932226, critic loss: 1.6803624629974365
recommendation_loss: 1.4474188089370728, critic_loss: 1.6803624629974365
inter loss 2.7973036766052246, intra loss: 0.0027638685423880816, critic loss: 1.6794878244400024
recommendation_loss: 1.5072766542434692, critic_loss: 1.6794878244400024
inter loss 2.7841458320617676, intra loss: 0.0027851792983710766, critic loss: 1.67160165309906
recommendation_loss: 1.497801661491394, critic_loss: 1.67160165309906
inter loss 2.7533257007598877, intra loss: 0.0027858957182615995, critic loss: 1.6531099081039429
recommendation_loss: 1.401082992553711, critic_loss: 1.6531099081039429
inter loss 2.7531235218048096, intra loss: 0.00277481391094625, critic loss: 1.6529841423034668
recommendation_loss: 1.504841685295105, critic_loss: 1.6529841423034668
inter loss 2.7602434158325195, intra loss: 0.0027827960439026356, critic loss: 1.6572593450546265
recommendation_loss: 1.419856309890747, critic_loss: 1.6572593450546265
inter loss 2.779003143310547, intra loss: 0.002776165958493948, critic loss: 1.6685123443603516
recommendation_loss: 1.4753295183181763, critic_loss: 1.6685123443603516
inter loss 2.758527994155884, intra loss: 0.002761910203844309, critic loss: 1.656221628189087
recommendation_loss: 1.340428352355957, critic_loss: 1.656221628189087
inter loss 2.7805919647216797, intra loss: 0.002770043909549713, critic loss: 1.6694632768630981
recommendation_loss: 1.5163309574127197, critic_loss: 1.6694632768630981
inter loss 2.743932008743286, intra loss: 0.002744162455201149, critic loss: 1.6474570035934448
recommendation_loss: 1.4820884466171265, critic_loss: 1.6474570035934448
inter loss 2.803434133529663, intra loss: 0.0027729172725230455, critic loss: 1.6831697225570679
recommendation_loss: 1.433068037033081, critic_loss: 1.6831697225570679
inter loss 2.7488136291503906, intra loss: 0.002768149133771658, critic loss: 1.6503955125808716
recommendation_loss: 1.5959486961364746, critic_loss: 1.6503955125808716
inter loss 2.789796829223633, intra loss: 0.002786551835015416, critic loss: 1.6749927997589111
recommendation_loss: 1.5040011405944824, critic_loss: 1.6749927997589111
inter loss 2.7693920135498047, intra loss: 0.002774316119030118, critic loss: 1.6627449989318848
recommendation_loss: 1.482538104057312, critic_loss: 1.6627449989318848
inter loss 2.7751336097717285, intra loss: 0.002770764287561178, critic loss: 1.6661884784698486
recommendation_loss: 1.4693328142166138, critic_loss: 1.6661884784698486
inter loss 2.7854461669921875, intra loss: 0.0027860337868332863, critic loss: 1.672382116317749
recommendation_loss: 1.5470954179763794, critic_loss: 1.672382116317749
inter loss 2.754579544067383, intra loss: 0.0027713230811059475, critic loss: 1.6538562774658203
recommendation_loss: 1.4444636106491089, critic_loss: 1.6538562774658203
inter loss 2.7688214778900146, intra loss: 0.0027632121928036213, critic loss: 1.6623982191085815
recommendation_loss: 1.5089359283447266, critic_loss: 1.6623982191085815
inter loss 2.7256932258605957, intra loss: 0.0027763284742832184, critic loss: 1.6365265846252441
recommendation_loss: 1.4647446870803833, critic_loss: 1.6365265846252441
inter loss 2.777283191680908, intra loss: 0.00276318215765059, critic loss: 1.6674753427505493
recommendation_loss: 1.4540352821350098, critic_loss: 1.6674753427505493
inter loss 2.7627100944519043, intra loss: 0.002769822720438242, critic loss: 1.6587340831756592
recommendation_loss: 1.5156337022781372, critic_loss: 1.6587340831756592
inter loss 2.8087191581726074, intra loss: 0.0027686832472682, critic loss: 1.686339020729065
recommendation_loss: 1.5081610679626465, critic_loss: 1.686339020729065
inter loss 2.7470178604125977, intra loss: 0.0027835480868816376, critic loss: 1.6493241786956787
recommendation_loss: 1.476289987564087, critic_loss: 1.6493241786956787
inter loss 2.751674175262451, intra loss: 0.0027762246318161488, critic loss: 1.652114987373352
recommendation_loss: 1.4394068717956543, critic_loss: 1.652114987373352
inter loss 2.7818450927734375, intra loss: 0.0027823729906231165, critic loss: 1.6702200174331665
recommendation_loss: 1.4541599750518799, critic_loss: 1.6702200174331665
inter loss 2.7722012996673584, intra loss: 0.0027704620733857155, critic loss: 1.6644290685653687
recommendation_loss: 1.398380160331726, critic_loss: 1.6644290685653687
inter loss 2.740630626678467, intra loss: 0.0027749461587518454, critic loss: 1.6454883813858032
recommendation_loss: 1.4683494567871094, critic_loss: 1.6454883813858032
inter loss 2.7467446327209473, intra loss: 0.0027680189814418554, critic loss: 1.6491540670394897
recommendation_loss: 1.429579496383667, critic_loss: 1.6491540670394897
inter loss 2.7535135746002197, intra loss: 0.0027796283829957247, critic loss: 1.6532200574874878
recommendation_loss: 1.480097770690918, critic_loss: 1.6532200574874878
inter loss 2.7868332862854004, intra loss: 0.0027791920583695173, critic loss: 1.673211693763733
recommendation_loss: 1.4949595928192139, critic_loss: 1.673211693763733
inter loss 2.764474630355835, intra loss: 0.0027824456337839365, critic loss: 1.6597977876663208
recommendation_loss: 1.4624226093292236, critic_loss: 1.6597977876663208
inter loss 2.806030750274658, intra loss: 0.002774203661829233, critic loss: 1.6847282648086548
recommendation_loss: 1.4503809213638306, critic_loss: 1.6847282648086548
inter loss 2.7817225456237793, intra loss: 0.0027809233870357275, critic loss: 1.6701459884643555
recommendation_loss: 1.442701816558838, critic_loss: 1.6701459884643555
inter loss 2.7611844539642334, intra loss: 0.0027431566268205643, critic loss: 1.6578080654144287
recommendation_loss: 1.512869954109192, critic_loss: 1.6578080654144287
inter loss 2.785524845123291, intra loss: 0.0027611663099378347, critic loss: 1.6724194288253784
recommendation_loss: 1.4845608472824097, critic_loss: 1.6724194288253784
inter loss 2.798995018005371, intra loss: 0.0027712718583643436, critic loss: 1.680505633354187
recommendation_loss: 1.473009705543518, critic_loss: 1.680505633354187
inter loss 2.7819008827209473, intra loss: 0.002774536609649658, critic loss: 1.670250415802002
recommendation_loss: 1.5904631614685059, critic_loss: 1.670250415802002
inter loss 2.7720751762390137, intra loss: 0.0027828223537653685, critic loss: 1.664358377456665
recommendation_loss: 1.4170331954956055, critic_loss: 1.664358377456665
inter loss 2.8046176433563232, intra loss: 0.0027586305513978004, critic loss: 1.6838740110397339
recommendation_loss: 1.5352765321731567, critic_loss: 1.6838740110397339
inter loss 2.7864632606506348, intra loss: 0.002779324073344469, critic loss: 1.6729897260665894
recommendation_loss: 1.4463082551956177, critic_loss: 1.6729897260665894
inter loss 2.796996593475342, intra loss: 0.0027612370904535055, critic loss: 1.679302453994751
recommendation_loss: 1.521396517753601, critic_loss: 1.679302453994751
inter loss 2.812053680419922, intra loss: 0.0027724127285182476, critic loss: 1.6883412599563599
recommendation_loss: 1.4284852743148804, critic_loss: 1.6883412599563599
inter loss 2.7878568172454834, intra loss: 0.002765160519629717, critic loss: 1.6738201379776
recommendation_loss: 1.4667083024978638, critic_loss: 1.6738201379776
inter loss 2.7813148498535156, intra loss: 0.00276801735162735, critic loss: 1.6698962450027466
recommendation_loss: 1.5323925018310547, critic_loss: 1.6698962450027466
inter loss 2.77297043800354, intra loss: 0.0027739163488149643, critic loss: 1.6648919582366943
recommendation_loss: 1.4451141357421875, critic_loss: 1.6648919582366943
inter loss 2.755547046661377, intra loss: 0.002764460165053606, critic loss: 1.654434084892273
recommendation_loss: 1.5112965106964111, critic_loss: 1.654434084892273
inter loss 2.7768936157226562, intra loss: 0.0027805545832961798, critic loss: 1.6672484874725342
recommendation_loss: 1.5151253938674927, critic_loss: 1.6672484874725342
inter loss 2.7643163204193115, intra loss: 0.0027718793135136366, critic loss: 1.6596986055374146
recommendation_loss: 1.5887175798416138, critic_loss: 1.6596986055374146
inter loss 2.7842748165130615, intra loss: 0.0027891616337001324, critic loss: 1.6716806888580322
recommendation_loss: 1.4512939453125, critic_loss: 1.6716806888580322
inter loss 2.771831512451172, intra loss: 0.00279234885238111, critic loss: 1.6642159223556519
recommendation_loss: 1.457405686378479, critic_loss: 1.6642159223556519
inter loss 2.7719411849975586, intra loss: 0.002769558923318982, critic loss: 1.6642725467681885
recommendation_loss: 1.428048014640808, critic_loss: 1.6642725467681885
inter loss 2.750269651412964, intra loss: 0.002784314099699259, critic loss: 1.651275634765625
recommendation_loss: 1.3703343868255615, critic_loss: 1.651275634765625
inter loss 2.767571449279785, intra loss: 0.002779965288937092, critic loss: 1.6616549491882324
recommendation_loss: 1.455666422843933, critic_loss: 1.6616549491882324
inter loss 2.7636232376098633, intra loss: 0.002778954105451703, critic loss: 1.6592856645584106
recommendation_loss: 1.4495540857315063, critic_loss: 1.6592856645584106
inter loss 2.7741434574127197, intra loss: 0.0027869446203112602, critic loss: 1.6656008958816528
recommendation_loss: 1.4892668724060059, critic_loss: 1.6656008958816528
inter loss 2.7592673301696777, intra loss: 0.002789401449263096, critic loss: 1.6566762924194336
recommendation_loss: 1.3855903148651123, critic_loss: 1.6566762924194336
inter loss 2.780082941055298, intra loss: 0.0027830549515783787, critic loss: 1.6691629886627197
recommendation_loss: 1.4704225063323975, critic_loss: 1.6691629886627197
inter loss 2.780414581298828, intra loss: 0.002764751436188817, critic loss: 1.6693546772003174
recommendation_loss: 1.4348251819610596, critic_loss: 1.6693546772003174
inter loss 2.7881414890289307, intra loss: 0.0027790297754108906, critic loss: 1.6739965677261353
recommendation_loss: 1.431023359298706, critic_loss: 1.6739965677261353
inter loss 2.7831225395202637, intra loss: 0.0027794567868113518, critic loss: 1.6709853410720825
recommendation_loss: 1.3911798000335693, critic_loss: 1.6709853410720825
inter loss 2.777560234069824, intra loss: 0.0027747531421482563, critic loss: 1.6676461696624756
recommendation_loss: 1.5016059875488281, critic_loss: 1.6676461696624756
inter loss 2.7587761878967285, intra loss: 0.002779129659757018, critic loss: 1.6563774347305298
recommendation_loss: 1.5221389532089233, critic_loss: 1.6563774347305298
inter loss 2.758692979812622, intra loss: 0.002800963819026947, critic loss: 1.6563361883163452
recommendation_loss: 1.4373860359191895, critic_loss: 1.6563361883163452
inter loss 2.7914133071899414, intra loss: 0.0027667684480547905, critic loss: 1.675954818725586
recommendation_loss: 1.4970712661743164, critic_loss: 1.675954818725586
inter loss 2.7716031074523926, intra loss: 0.0027892179787158966, critic loss: 1.664077639579773
recommendation_loss: 1.5053725242614746, critic_loss: 1.664077639579773
inter loss 2.807626724243164, intra loss: 0.0027658515609800816, critic loss: 1.6856825351715088
recommendation_loss: 1.531270980834961, critic_loss: 1.6856825351715088
inter loss 2.775297164916992, intra loss: 0.0027660727500915527, critic loss: 1.6662847995758057
recommendation_loss: 1.4621325731277466, critic_loss: 1.6662847995758057
inter loss 2.76615834236145, intra loss: 0.00278401467949152, critic loss: 1.6608086824417114
recommendation_loss: 1.4806933403015137, critic_loss: 1.6608086824417114
inter loss 2.7708258628845215, intra loss: 0.0027776057831943035, critic loss: 1.6636066436767578
recommendation_loss: 1.3710052967071533, critic_loss: 1.6636066436767578
inter loss 2.8053336143493652, intra loss: 0.002764637116342783, critic loss: 1.6843061447143555
recommendation_loss: 1.4642846584320068, critic_loss: 1.6843061447143555
inter loss 2.775083303451538, intra loss: 0.002765107899904251, critic loss: 1.6661560535430908
recommendation_loss: 1.3706955909729004, critic_loss: 1.6661560535430908
inter loss 2.7931580543518066, intra loss: 0.002746117999777198, critic loss: 1.6769932508468628
recommendation_loss: 1.5114562511444092, critic_loss: 1.6769932508468628
inter loss 2.783912181854248, intra loss: 0.0027718234341591597, critic loss: 1.6714560985565186
recommendation_loss: 1.4513602256774902, critic_loss: 1.6714560985565186
inter loss 2.7623908519744873, intra loss: 0.0027753175236284733, critic loss: 1.658544659614563
recommendation_loss: 1.473465919494629, critic_loss: 1.658544659614563
inter loss 2.7885446548461914, intra loss: 0.0027770071756094694, critic loss: 1.674237608909607
recommendation_loss: 1.4434614181518555, critic_loss: 1.674237608909607
inter loss 2.744854211807251, intra loss: 0.0027820260729640722, critic loss: 1.648025393486023
recommendation_loss: 1.5051828622817993, critic_loss: 1.648025393486023
inter loss 2.770747661590576, intra loss: 0.0027934240642935038, critic loss: 1.663565993309021
recommendation_loss: 1.4064626693725586, critic_loss: 1.663565993309021
inter loss 2.7575459480285645, intra loss: 0.0027908040210604668, critic loss: 1.6556439399719238
recommendation_loss: 1.3968384265899658, critic_loss: 1.6556439399719238
inter loss 2.741875648498535, intra loss: 0.00279215513728559, critic loss: 1.646242380142212
recommendation_loss: 1.5046164989471436, critic_loss: 1.646242380142212
inter loss 2.781357765197754, intra loss: 0.0027858237735927105, critic loss: 1.6699291467666626
recommendation_loss: 1.4199042320251465, critic_loss: 1.6699291467666626
inter loss 2.807861804962158, intra loss: 0.002758673159405589, critic loss: 1.6858206987380981
recommendation_loss: 1.4184343814849854, critic_loss: 1.6858206987380981
inter loss 2.7613821029663086, intra loss: 0.002789413323625922, critic loss: 1.657945156097412
recommendation_loss: 1.505982756614685, critic_loss: 1.657945156097412
inter loss 2.7712950706481934, intra loss: 0.0027712667360901833, critic loss: 1.6638855934143066
recommendation_loss: 1.442071557044983, critic_loss: 1.6638855934143066
inter loss 2.7454211711883545, intra loss: 0.0027831848710775375, critic loss: 1.648366093635559
recommendation_loss: 1.5469837188720703, critic_loss: 1.648366093635559
inter loss 2.759026527404785, intra loss: 0.002773010404780507, critic loss: 1.6565252542495728
recommendation_loss: 1.5019028186798096, critic_loss: 1.6565252542495728
inter loss 2.776096820831299, intra loss: 0.002762904390692711, critic loss: 1.6667633056640625
recommendation_loss: 1.5258398056030273, critic_loss: 1.6667633056640625
inter loss 2.7923998832702637, intra loss: 0.0027635744772851467, critic loss: 1.6765453815460205
recommendation_loss: 1.4082688093185425, critic_loss: 1.6765453815460205
inter loss 2.7797865867614746, intra loss: 0.0027683470398187637, critic loss: 1.6689794063568115
recommendation_loss: 1.3988564014434814, critic_loss: 1.6689794063568115
inter loss 2.8053975105285645, intra loss: 0.00275691831484437, critic loss: 1.6843414306640625
recommendation_loss: 1.4977459907531738, critic_loss: 1.6843414306640625
inter loss 2.756674289703369, intra loss: 0.0027755415067076683, critic loss: 1.6551148891448975
recommendation_loss: 1.5315958261489868, critic_loss: 1.6551148891448975
inter loss 2.780656337738037, intra loss: 0.0027686613611876965, critic loss: 1.6695013046264648
recommendation_loss: 1.5331085920333862, critic_loss: 1.6695013046264648
inter loss 2.7976717948913574, intra loss: 0.0027800509706139565, critic loss: 1.6797151565551758
recommendation_loss: 1.5155282020568848, critic_loss: 1.6797151565551758
inter loss 2.790106773376465, intra loss: 0.002756417728960514, critic loss: 1.6751667261123657
recommendation_loss: 1.4864879846572876, critic_loss: 1.6751667261123657
inter loss 2.8000288009643555, intra loss: 0.002764923730865121, critic loss: 1.6811233758926392
recommendation_loss: 1.4895238876342773, critic_loss: 1.6811233758926392
inter loss 2.7711803913116455, intra loss: 0.0027699535712599754, critic loss: 1.663816213607788
recommendation_loss: 1.480193853378296, critic_loss: 1.663816213607788
inter loss 2.7928733825683594, intra loss: 0.002766677178442478, critic loss: 1.676830768585205
recommendation_loss: 1.5311665534973145, critic_loss: 1.676830768585205
inter loss 2.742860794067383, intra loss: 0.002781804883852601, critic loss: 1.6468292474746704
recommendation_loss: 1.5550554990768433, critic_loss: 1.6468292474746704
inter loss 2.7466678619384766, intra loss: 0.002745810430496931, critic loss: 1.6490991115570068
recommendation_loss: 1.3971624374389648, critic_loss: 1.6490991115570068
inter loss 2.7641592025756836, intra loss: 0.0027767338324338198, critic loss: 1.6596062183380127
recommendation_loss: 1.415610671043396, critic_loss: 1.6596062183380127
inter loss 2.7692651748657227, intra loss: 0.00277580670081079, critic loss: 1.6626695394515991
recommendation_loss: 1.4324299097061157, critic_loss: 1.6626695394515991
inter loss 2.7568531036376953, intra loss: 0.002784648211672902, critic loss: 1.6552258729934692
recommendation_loss: 1.4048709869384766, critic_loss: 1.6552258729934692
inter loss 2.791989326477051, intra loss: 0.002783960197120905, critic loss: 1.676307201385498
recommendation_loss: 1.4781546592712402, critic_loss: 1.676307201385498
inter loss 2.7526779174804688, intra loss: 0.002776762004941702, critic loss: 1.6527174711227417
recommendation_loss: 1.5065298080444336, critic_loss: 1.6527174711227417
inter loss 2.789499282836914, intra loss: 0.0027785736601799726, critic loss: 1.6748110055923462
recommendation_loss: 1.4795020818710327, critic_loss: 1.6748110055923462
inter loss 2.771646022796631, intra loss: 0.002785331103950739, critic loss: 1.6641018390655518
recommendation_loss: 1.4535731077194214, critic_loss: 1.6641018390655518
inter loss 2.787339687347412, intra loss: 0.002777050482109189, critic loss: 1.673514723777771
recommendation_loss: 1.497259497642517, critic_loss: 1.673514723777771
inter loss 2.765556812286377, intra loss: 0.0027647444512695074, critic loss: 1.6604400873184204
recommendation_loss: 1.4311951398849487, critic_loss: 1.6604400873184204
inter loss 2.7610394954681396, intra loss: 0.002793697640299797, critic loss: 1.6577411890029907
recommendation_loss: 1.461385726928711, critic_loss: 1.6577411890029907
inter loss 2.7860498428344727, intra loss: 0.002791407983750105, critic loss: 1.6727465391159058
recommendation_loss: 1.4578843116760254, critic_loss: 1.6727465391159058
inter loss 2.7367119789123535, intra loss: 0.002781321294605732, critic loss: 1.6431398391723633
recommendation_loss: 1.4573783874511719, critic_loss: 1.6431398391723633
inter loss 2.783377170562744, intra loss: 0.0027825478464365005, critic loss: 1.6711394786834717
recommendation_loss: 1.4268269538879395, critic_loss: 1.6711394786834717
inter loss 2.791043281555176, intra loss: 0.0027836656663566828, critic loss: 1.6757394075393677
recommendation_loss: 1.4729576110839844, critic_loss: 1.6757394075393677
inter loss 2.765326976776123, intra loss: 0.0027684769593179226, critic loss: 1.6603035926818848
recommendation_loss: 1.4486145973205566, critic_loss: 1.6603035926818848
inter loss 2.782550096511841, intra loss: 0.002754709217697382, critic loss: 1.670632004737854
recommendation_loss: 1.4859907627105713, critic_loss: 1.670632004737854
inter loss 2.7514681816101074, intra loss: 0.002774589229375124, critic loss: 1.6519907712936401
recommendation_loss: 1.564300775527954, critic_loss: 1.6519907712936401
inter loss 2.7457218170166016, intra loss: 0.0027643893845379353, critic loss: 1.6485389471054077
recommendation_loss: 1.4266690015792847, critic_loss: 1.6485389471054077
inter loss 2.768517017364502, intra loss: 0.0027541550807654858, critic loss: 1.6622118949890137
recommendation_loss: 1.431809425354004, critic_loss: 1.6622118949890137
inter loss 2.7558329105377197, intra loss: 0.0027794092893600464, critic loss: 1.654611587524414
recommendation_loss: 1.441774606704712, critic_loss: 1.654611587524414
inter loss 2.7595884799957275, intra loss: 0.0027616696897894144, critic loss: 1.6568578481674194
recommendation_loss: 1.4607782363891602, critic_loss: 1.6568578481674194
inter loss 2.7112748622894287, intra loss: 0.0027729428838938475, critic loss: 1.6278741359710693
recommendation_loss: 1.453941822052002, critic_loss: 1.6278741359710693
inter loss 2.7612099647521973, intra loss: 0.002764459466561675, critic loss: 1.6578317880630493
recommendation_loss: 1.5116910934448242, critic_loss: 1.6578317880630493
inter loss 2.7787532806396484, intra loss: 0.002764590084552765, critic loss: 1.6683578491210938
recommendation_loss: 1.4547725915908813, critic_loss: 1.6683578491210938
inter loss 2.765176296234131, intra loss: 0.002783000934869051, critic loss: 1.6602190732955933
recommendation_loss: 1.4644008874893188, critic_loss: 1.6602190732955933
inter loss 2.7553842067718506, intra loss: 0.0027819599490612745, critic loss: 1.6543433666229248
recommendation_loss: 1.5318031311035156, critic_loss: 1.6543433666229248
inter loss 2.793217658996582, intra loss: 0.002759806578978896, critic loss: 1.6770344972610474
recommendation_loss: 1.4396885633468628, critic_loss: 1.6770344972610474
inter loss 2.753084659576416, intra loss: 0.0027718376368284225, critic loss: 1.6529595851898193
recommendation_loss: 1.4563405513763428, critic_loss: 1.6529595851898193
inter loss 2.821859836578369, intra loss: 0.0027893593069165945, critic loss: 1.6942317485809326
recommendation_loss: 1.5339325666427612, critic_loss: 1.6942317485809326
inter loss 2.770087718963623, intra loss: 0.0027794470079243183, critic loss: 1.663164496421814
recommendation_loss: 1.2979938983917236, critic_loss: 1.663164496421814
inter loss 2.745617628097534, intra loss: 0.002784833312034607, critic loss: 1.6484845876693726
recommendation_loss: 1.579039216041565, critic_loss: 1.6484845876693726
inter loss 2.7567832469940186, intra loss: 0.002747677266597748, critic loss: 1.655169129371643
recommendation_loss: 1.3474209308624268, critic_loss: 1.655169129371643
inter loss 2.7649288177490234, intra loss: 0.0027549187652766705, critic loss: 1.6600593328475952
recommendation_loss: 1.4863327741622925, critic_loss: 1.6600593328475952
inter loss 2.7482750415802, intra loss: 0.002757069654762745, critic loss: 1.650067925453186
recommendation_loss: 1.530424952507019, critic_loss: 1.650067925453186
inter loss 2.7513511180877686, intra loss: 0.0027663446962833405, critic loss: 1.6519172191619873
recommendation_loss: 1.403761625289917, critic_loss: 1.6519172191619873
inter loss 2.7592175006866455, intra loss: 0.002762677613645792, critic loss: 1.6566356420516968
recommendation_loss: 1.4084582328796387, critic_loss: 1.6566356420516968
inter loss 2.767287015914917, intra loss: 0.0027647793758660555, critic loss: 1.6614781618118286
recommendation_loss: 1.5196712017059326, critic_loss: 1.6614781618118286
inter loss 2.746035099029541, intra loss: 0.0027629018295556307, critic loss: 1.6487263441085815
recommendation_loss: 1.367051601409912, critic_loss: 1.6487263441085815
inter loss 2.7764272689819336, intra loss: 0.002777539426460862, critic loss: 1.666967511177063
recommendation_loss: 1.4481608867645264, critic_loss: 1.666967511177063
inter loss 2.7335288524627686, intra loss: 0.002755582332611084, critic loss: 1.6412196159362793
recommendation_loss: 1.4044179916381836, critic_loss: 1.6412196159362793
inter loss 2.7881758213043213, intra loss: 0.002770632039755583, critic loss: 1.6740138530731201
recommendation_loss: 1.4306317567825317, critic_loss: 1.6740138530731201
inter loss 2.741110324859619, intra loss: 0.002770338673144579, critic loss: 1.645774483680725
recommendation_loss: 1.4440109729766846, critic_loss: 1.645774483680725
inter loss 2.7577452659606934, intra loss: 0.00277500762604177, critic loss: 1.655757188796997
recommendation_loss: 1.4848259687423706, critic_loss: 1.655757188796997
inter loss 2.761439323425293, intra loss: 0.002775964792817831, critic loss: 1.657974123954773
recommendation_loss: 1.486444354057312, critic_loss: 1.657974123954773
inter loss 2.7533674240112305, intra loss: 0.0027767703868448734, critic loss: 1.6531312465667725
recommendation_loss: 1.478630542755127, critic_loss: 1.6531312465667725
inter loss 2.7368059158325195, intra loss: 0.0027988923247903585, critic loss: 1.6432032585144043
recommendation_loss: 1.5138933658599854, critic_loss: 1.6432032585144043
inter loss 2.736466884613037, intra loss: 0.00276343896985054, critic loss: 1.6429855823516846
recommendation_loss: 1.4571731090545654, critic_loss: 1.6429855823516846
inter loss 2.746756076812744, intra loss: 0.002771827857941389, critic loss: 1.6491625308990479
recommendation_loss: 1.4704999923706055, critic_loss: 1.6491625308990479
inter loss 2.758087396621704, intra loss: 0.0027691354043781757, critic loss: 1.655960202217102
recommendation_loss: 1.5251340866088867, critic_loss: 1.655960202217102
inter loss 2.7582998275756836, intra loss: 0.0027418509125709534, critic loss: 1.6560766696929932
recommendation_loss: 1.4930529594421387, critic_loss: 1.6560766696929932
inter loss 2.757387399673462, intra loss: 0.0027610687538981438, critic loss: 1.6555370092391968
recommendation_loss: 1.5027179718017578, critic_loss: 1.6555370092391968
inter loss 2.7406365871429443, intra loss: 0.002763264812529087, critic loss: 1.6454873085021973
recommendation_loss: 1.3597253561019897, critic_loss: 1.6454873085021973
inter loss 2.750936508178711, intra loss: 0.002775364089757204, critic loss: 1.651672124862671
recommendation_loss: 1.4853425025939941, critic_loss: 1.651672124862671
inter loss 2.757632255554199, intra loss: 0.00277133216150105, critic loss: 1.655687928199768
recommendation_loss: 1.4612948894500732, critic_loss: 1.655687928199768
inter loss 2.7401702404022217, intra loss: 0.0027878519613295794, critic loss: 1.6452172994613647
recommendation_loss: 1.4265121221542358, critic_loss: 1.6452172994613647
inter loss 2.7379462718963623, intra loss: 0.002785211196169257, critic loss: 1.643881916999817
recommendation_loss: 1.512378454208374, critic_loss: 1.643881916999817
inter loss 2.7697200775146484, intra loss: 0.002762207295745611, critic loss: 1.6629369258880615
recommendation_loss: 1.390884518623352, critic_loss: 1.6629369258880615
inter loss 2.761355400085449, intra loss: 0.0027616084553301334, critic loss: 1.657917857170105
recommendation_loss: 1.3567702770233154, critic_loss: 1.657917857170105
inter loss 2.7532272338867188, intra loss: 0.0027692699804902077, critic loss: 1.6530441045761108
recommendation_loss: 1.4220173358917236, critic_loss: 1.6530441045761108
inter loss 2.7368242740631104, intra loss: 0.0027755768969655037, critic loss: 1.6432048082351685
recommendation_loss: 1.4953758716583252, critic_loss: 1.6432048082351685
inter loss 2.7209112644195557, intra loss: 0.0027794749476015568, critic loss: 1.633658528327942
recommendation_loss: 1.48490571975708, critic_loss: 1.633658528327942
inter loss 2.7413837909698486, intra loss: 0.002800919581204653, critic loss: 1.6459506750106812
recommendation_loss: 1.4486796855926514, critic_loss: 1.6459506750106812
inter loss 2.780777931213379, intra loss: 0.0027804584242403507, critic loss: 1.669579029083252
recommendation_loss: 1.5205925703048706, critic_loss: 1.669579029083252
inter loss 2.7416272163391113, intra loss: 0.002782488474622369, critic loss: 1.6460893154144287
recommendation_loss: 1.4063247442245483, critic_loss: 1.6460893154144287
inter loss 2.735067367553711, intra loss: 0.0027743824757635593, critic loss: 1.6421501636505127
recommendation_loss: 1.468226432800293, critic_loss: 1.6421501636505127
inter loss 2.7425851821899414, intra loss: 0.0027672364376485348, critic loss: 1.6466580629348755
recommendation_loss: 1.512450933456421, critic_loss: 1.6466580629348755
inter loss 2.747941017150879, intra loss: 0.002774024149402976, critic loss: 1.6498743295669556
recommendation_loss: 1.439773440361023, critic_loss: 1.6498743295669556
inter loss 2.7370142936706543, intra loss: 0.002773749642074108, critic loss: 1.6433181762695312
recommendation_loss: 1.5316987037658691, critic_loss: 1.6433181762695312
inter loss 2.7582850456237793, intra loss: 0.002765741664916277, critic loss: 1.6560773849487305
recommendation_loss: 1.487228512763977, critic_loss: 1.6560773849487305
inter loss 2.751814842224121, intra loss: 0.002792870160192251, critic loss: 1.6522060632705688
recommendation_loss: 1.5351204872131348, critic_loss: 1.6522060632705688
inter loss 2.7546210289001465, intra loss: 0.0027900359127670527, critic loss: 1.6538887023925781
recommendation_loss: 1.490438461303711, critic_loss: 1.6538887023925781
inter loss 2.749342441558838, intra loss: 0.0027605879586189985, critic loss: 1.6507097482681274
recommendation_loss: 1.4069355726242065, critic_loss: 1.6507097482681274
inter loss 2.731994390487671, intra loss: 0.0027629495598375797, critic loss: 1.6403019428253174
recommendation_loss: 1.3955177068710327, critic_loss: 1.6403019428253174
inter loss 2.7573447227478027, intra loss: 0.002771499566733837, critic loss: 1.6555155515670776
recommendation_loss: 1.4908380508422852, critic_loss: 1.6555155515670776
inter loss 2.7628583908081055, intra loss: 0.0027800588868558407, critic loss: 1.6588270664215088
recommendation_loss: 1.466475248336792, critic_loss: 1.6588270664215088
inter loss 2.7351865768432617, intra loss: 0.0027703247033059597, critic loss: 1.642220139503479
recommendation_loss: 1.5402374267578125, critic_loss: 1.642220139503479
inter loss 2.747504472732544, intra loss: 0.002788079436868429, critic loss: 1.6496179103851318
recommendation_loss: 1.5253986120224, critic_loss: 1.6496179103851318
inter loss 2.7741260528564453, intra loss: 0.0027724350802600384, critic loss: 1.665584683418274
recommendation_loss: 1.4785891771316528, critic_loss: 1.665584683418274
inter loss 2.7208337783813477, intra loss: 0.0027626645751297474, critic loss: 1.6336053609848022
recommendation_loss: 1.4883251190185547, critic_loss: 1.6336053609848022
inter loss 2.743082046508789, intra loss: 0.002766885794699192, critic loss: 1.6469560861587524
recommendation_loss: 1.377246379852295, critic_loss: 1.6469560861587524
inter loss 2.7386837005615234, intra loss: 0.0027785571292042732, critic loss: 1.6443216800689697
recommendation_loss: 1.4751681089401245, critic_loss: 1.6443216800689697
inter loss 2.746654510498047, intra loss: 0.0027850342448800802, critic loss: 1.649106740951538
recommendation_loss: 1.420332670211792, critic_loss: 1.649106740951538
inter loss 2.7648820877075195, intra loss: 0.0027918911073356867, critic loss: 1.660046100616455
recommendation_loss: 1.4561766386032104, critic_loss: 1.660046100616455
inter loss 2.7720041275024414, intra loss: 0.002772360574454069, critic loss: 1.664311408996582
recommendation_loss: 1.439568281173706, critic_loss: 1.664311408996582
inter loss 2.7619199752807617, intra loss: 0.002763633616268635, critic loss: 1.6582574844360352
recommendation_loss: 1.4416468143463135, critic_loss: 1.6582574844360352
inter loss 2.7637345790863037, intra loss: 0.002756269183009863, critic loss: 1.6593433618545532
recommendation_loss: 1.4728282690048218, critic_loss: 1.6593433618545532
inter loss 2.7562737464904785, intra loss: 0.0027496013790369034, critic loss: 1.6548641920089722
recommendation_loss: 1.5279327630996704, critic_loss: 1.6548641920089722
inter loss 2.7586898803710938, intra loss: 0.0027545022312551737, critic loss: 1.656315803527832
recommendation_loss: 1.5515689849853516, critic_loss: 1.656315803527832
inter loss 2.7299623489379883, intra loss: 0.0027827410958707333, critic loss: 1.6390905380249023
recommendation_loss: 1.4715160131454468, critic_loss: 1.6390905380249023
inter loss 2.7923805713653564, intra loss: 0.002742395270615816, critic loss: 1.676525354385376
recommendation_loss: 1.4269979000091553, critic_loss: 1.676525354385376
inter loss 2.7346010208129883, intra loss: 0.0027711973525583744, critic loss: 1.6418691873550415
recommendation_loss: 1.552270770072937, critic_loss: 1.6418691873550415
inter loss 2.7407114505767822, intra loss: 0.002753996755927801, critic loss: 1.6455285549163818
recommendation_loss: 1.548837661743164, critic_loss: 1.6455285549163818
inter loss 2.7454700469970703, intra loss: 0.002765835728496313, critic loss: 1.6483885049819946
recommendation_loss: 1.4164094924926758, critic_loss: 1.6483885049819946
inter loss 2.7560696601867676, intra loss: 0.0027478488627821207, critic loss: 1.6547409296035767
recommendation_loss: 1.4013241529464722, critic_loss: 1.6547409296035767
inter loss 2.7631964683532715, intra loss: 0.002759418450295925, critic loss: 1.6590217351913452
recommendation_loss: 1.4073566198349, critic_loss: 1.6590217351913452
inter loss 2.7387847900390625, intra loss: 0.0027611495461314917, critic loss: 1.6443754434585571
recommendation_loss: 1.4057796001434326, critic_loss: 1.6443754434585571
inter loss 2.7661590576171875, intra loss: 0.0027398765087127686, critic loss: 1.6607913970947266
recommendation_loss: 1.529366135597229, critic_loss: 1.6607913970947266
inter loss 2.724870204925537, intra loss: 0.002751945983618498, critic loss: 1.636022925376892
recommendation_loss: 1.5247575044631958, critic_loss: 1.636022925376892
inter loss 2.752931833267212, intra loss: 0.0027688583359122276, critic loss: 1.6528667211532593
recommendation_loss: 1.4983923435211182, critic_loss: 1.6528667211532593
inter loss 2.75580096244812, intra loss: 0.002776485402137041, critic loss: 1.6545912027359009
recommendation_loss: 1.4304170608520508, critic_loss: 1.6545912027359009
inter loss 2.7506065368652344, intra loss: 0.0027626720257103443, critic loss: 1.651469111442566
recommendation_loss: 1.4153437614440918, critic_loss: 1.651469111442566
inter loss 2.765815019607544, intra loss: 0.0027541802264750004, critic loss: 1.660590648651123
recommendation_loss: 1.5056123733520508, critic_loss: 1.660590648651123
inter loss 2.759441614151001, intra loss: 0.0027751417364925146, critic loss: 1.6567751169204712
recommendation_loss: 1.3958749771118164, critic_loss: 1.6567751169204712
inter loss 2.783693790435791, intra loss: 0.0027467100881040096, critic loss: 1.6713149547576904
recommendation_loss: 1.425112009048462, critic_loss: 1.6713149547576904
inter loss 2.764404773712158, intra loss: 0.0027607183437794447, critic loss: 1.6597471237182617
recommendation_loss: 1.4934260845184326, critic_loss: 1.6597471237182617
inter loss 2.7657904624938965, intra loss: 0.002770227612927556, critic loss: 1.660582423210144
recommendation_loss: 1.5037442445755005, critic_loss: 1.660582423210144
inter loss 2.733043909072876, intra loss: 0.0027828682214021683, critic loss: 1.6409395933151245
recommendation_loss: 1.4657034873962402, critic_loss: 1.6409395933151245
inter loss 2.7163009643554688, intra loss: 0.0027779527008533478, critic loss: 1.6308917999267578
recommendation_loss: 1.4639172554016113, critic_loss: 1.6308917999267578
inter loss 2.7977662086486816, intra loss: 0.0027599120512604713, critic loss: 1.6797637939453125
recommendation_loss: 1.4954153299331665, critic_loss: 1.6797637939453125
inter loss 2.7403581142425537, intra loss: 0.0027507920749485493, critic loss: 1.6453152894973755
recommendation_loss: 1.4524660110473633, critic_loss: 1.6453152894973755
inter loss 2.7552101612091064, intra loss: 0.002773375017568469, critic loss: 1.6542354822158813
recommendation_loss: 1.4257020950317383, critic_loss: 1.6542354822158813
inter loss 2.7457189559936523, intra loss: 0.002752680331468582, critic loss: 1.648532509803772
recommendation_loss: 1.4626866579055786, critic_loss: 1.648532509803772
inter loss 2.7626771926879883, intra loss: 0.0027497669216245413, critic loss: 1.6587063074111938
recommendation_loss: 1.5410654544830322, critic_loss: 1.6587063074111938
inter loss 2.753500461578369, intra loss: 0.002768958918750286, critic loss: 1.6532078981399536
recommendation_loss: 1.5236271619796753, critic_loss: 1.6532078981399536
inter loss 2.7411975860595703, intra loss: 0.0027498328126966953, critic loss: 1.6458185911178589
recommendation_loss: 1.5655853748321533, critic_loss: 1.6458185911178589
inter loss 2.7239909172058105, intra loss: 0.002756832167506218, critic loss: 1.6354973316192627
recommendation_loss: 1.5063923597335815, critic_loss: 1.6354973316192627
inter loss 2.724499464035034, intra loss: 0.0027429612819105387, critic loss: 1.6357969045639038
recommendation_loss: 1.5534347295761108, critic_loss: 1.6357969045639038
inter loss 2.734984874725342, intra loss: 0.002745798323303461, critic loss: 1.6420892477035522
recommendation_loss: 1.5611307621002197, critic_loss: 1.6420892477035522
inter loss 2.800337791442871, intra loss: 0.002777651883661747, critic loss: 1.6813137531280518
recommendation_loss: 1.3697530031204224, critic_loss: 1.6813137531280518
inter loss 2.7573604583740234, intra loss: 0.0027833112981170416, critic loss: 1.6555296182632446
recommendation_loss: 1.4837069511413574, critic_loss: 1.6555296182632446
inter loss 2.7231521606445312, intra loss: 0.002742601791396737, critic loss: 1.6349884271621704
recommendation_loss: 1.4214283227920532, critic_loss: 1.6349884271621704
inter loss 2.7457222938537598, intra loss: 0.002758574206382036, critic loss: 1.6485368013381958
recommendation_loss: 1.3949124813079834, critic_loss: 1.6485368013381958
inter loss 2.7386691570281982, intra loss: 0.002760153030976653, critic loss: 1.64430570602417
recommendation_loss: 1.4389127492904663, critic_loss: 1.64430570602417
inter loss 2.748410701751709, intra loss: 0.0027631192933768034, critic loss: 1.6501517295837402
recommendation_loss: 1.4636049270629883, critic_loss: 1.6501517295837402
inter loss 2.767335891723633, intra loss: 0.0027559534646570683, critic loss: 1.6615039110183716
recommendation_loss: 1.4438105821609497, critic_loss: 1.6615039110183716
inter loss 2.7447144985198975, intra loss: 0.0027654897421598434, critic loss: 1.647934913635254
recommendation_loss: 1.5097718238830566, critic_loss: 1.647934913635254
inter loss 2.7717373371124268, intra loss: 0.002757505513727665, critic loss: 1.6641454696655273
recommendation_loss: 1.484336495399475, critic_loss: 1.6641454696655273
inter loss 2.7627639770507812, intra loss: 0.002757526934146881, critic loss: 1.6587615013122559
recommendation_loss: 1.5236492156982422, critic_loss: 1.6587615013122559
inter loss 2.720299243927002, intra loss: 0.002760267583653331, critic loss: 1.6332837343215942
recommendation_loss: 1.4798707962036133, critic_loss: 1.6332837343215942
inter loss 2.729802131652832, intra loss: 0.002740674652159214, critic loss: 1.6389776468276978
recommendation_loss: 1.509053349494934, critic_loss: 1.6389776468276978
inter loss 2.726815938949585, intra loss: 0.0027606047224253416, critic loss: 1.6371939182281494
recommendation_loss: 1.4902971982955933, critic_loss: 1.6371939182281494
inter loss 2.7327382564544678, intra loss: 0.002741506090387702, critic loss: 1.6407396793365479
recommendation_loss: 1.4907081127166748, critic_loss: 1.6407396793365479
inter loss 2.7179009914398193, intra loss: 0.0027598596643656492, critic loss: 1.6318446397781372
recommendation_loss: 1.4059878587722778, critic_loss: 1.6318446397781372
inter loss 2.7367196083068848, intra loss: 0.0027603176422417164, critic loss: 1.643135905265808
recommendation_loss: 1.5166640281677246, critic_loss: 1.643135905265808
inter loss 2.73943829536438, intra loss: 0.0027441373094916344, critic loss: 1.6447607278823853
recommendation_loss: 1.4933497905731201, critic_loss: 1.6447607278823853
inter loss 2.750973701477051, intra loss: 0.0027421165723353624, critic loss: 1.6516811847686768
recommendation_loss: 1.4238932132720947, critic_loss: 1.6516811847686768
inter loss 2.735957145690918, intra loss: 0.002750975079834461, critic loss: 1.6426748037338257
recommendation_loss: 1.4786535501480103, critic_loss: 1.6426748037338257
inter loss 2.7553534507751465, intra loss: 0.002746762242168188, critic loss: 1.654310941696167
recommendation_loss: 1.4448206424713135, critic_loss: 1.654310941696167
inter loss 2.753325939178467, intra loss: 0.00276004895567894, critic loss: 1.6530996561050415
recommendation_loss: 1.4729254245758057, critic_loss: 1.6530996561050415
inter loss 2.758199691772461, intra loss: 0.002750541316345334, critic loss: 1.6560200452804565
recommendation_loss: 1.451761245727539, critic_loss: 1.6560200452804565
inter loss 2.7635364532470703, intra loss: 0.002764997538179159, critic loss: 1.659227967262268
recommendation_loss: 1.460866928100586, critic_loss: 1.659227967262268
inter loss 2.7718453407287598, intra loss: 0.0027788635343313217, critic loss: 1.664218783378601
recommendation_loss: 1.4673457145690918, critic_loss: 1.664218783378601
inter loss 2.757180690765381, intra loss: 0.0027630070690065622, critic loss: 1.6554136276245117
recommendation_loss: 1.434316635131836, critic_loss: 1.6554136276245117
inter loss 2.7760536670684814, intra loss: 0.002757560694590211, critic loss: 1.666735291481018
recommendation_loss: 1.4130488634109497, critic_loss: 1.666735291481018
inter loss 2.720547676086426, intra loss: 0.00275249220430851, critic loss: 1.6334296464920044
recommendation_loss: 1.439087986946106, critic_loss: 1.6334296464920044
inter loss 2.746896266937256, intra loss: 0.0027487995103001595, critic loss: 1.6492372751235962
recommendation_loss: 1.4049129486083984, critic_loss: 1.6492372751235962
inter loss 2.7375431060791016, intra loss: 0.002750455169007182, critic loss: 1.643626093864441
recommendation_loss: 1.4967155456542969, critic_loss: 1.643626093864441
inter loss 2.7678050994873047, intra loss: 0.0027393915224820375, critic loss: 1.6617789268493652
recommendation_loss: 1.3968604803085327, critic_loss: 1.6617789268493652
inter loss 2.74855375289917, intra loss: 0.0027536230627447367, critic loss: 1.6502338647842407
recommendation_loss: 1.4062308073043823, critic_loss: 1.6502338647842407
inter loss 2.752274751663208, intra loss: 0.002766761463135481, critic loss: 1.652471661567688
recommendation_loss: 1.4757030010223389, critic_loss: 1.652471661567688
inter loss 2.7338271141052246, intra loss: 0.0027603914495557547, critic loss: 1.6414004564285278
recommendation_loss: 1.5348104238510132, critic_loss: 1.6414004564285278
inter loss 2.7233939170837402, intra loss: 0.0027571208775043488, critic loss: 1.6351392269134521
recommendation_loss: 1.5133131742477417, critic_loss: 1.6351392269134521
inter loss 2.751051664352417, intra loss: 0.0027596773579716682, critic loss: 1.6517349481582642
recommendation_loss: 1.4048964977264404, critic_loss: 1.6517349481582642
inter loss 2.75508451461792, intra loss: 0.002759898081421852, critic loss: 1.6541547775268555
recommendation_loss: 1.5282135009765625, critic_loss: 1.6541547775268555
inter loss 2.7342140674591064, intra loss: 0.0027566440403461456, critic loss: 1.6416312456130981
recommendation_loss: 1.4322620630264282, critic_loss: 1.6416312456130981
inter loss 2.756617546081543, intra loss: 0.0027602214831858873, critic loss: 1.6550747156143188
recommendation_loss: 1.502910852432251, critic_loss: 1.6550747156143188
inter loss 2.7705259323120117, intra loss: 0.002757709939032793, critic loss: 1.6634186506271362
recommendation_loss: 1.537129282951355, critic_loss: 1.6634186506271362
inter loss 2.732029438018799, intra loss: 0.0027542838361114264, critic loss: 1.6403194665908813
recommendation_loss: 1.462677240371704, critic_loss: 1.6403194665908813
inter loss 2.737649917602539, intra loss: 0.002772582694888115, critic loss: 1.643699049949646
recommendation_loss: 1.429732322692871, critic_loss: 1.643699049949646
inter loss 2.7304701805114746, intra loss: 0.002756084781140089, critic loss: 1.6393846273422241
recommendation_loss: 1.477341890335083, critic_loss: 1.6393846273422241
inter loss 2.771862506866455, intra loss: 0.0027547781355679035, critic loss: 1.6642194986343384
recommendation_loss: 1.3629220724105835, critic_loss: 1.6642194986343384
inter loss 2.76798939704895, intra loss: 0.0027420646511018276, critic loss: 1.6618905067443848
recommendation_loss: 1.4418797492980957, critic_loss: 1.6618905067443848
inter loss 2.754984140396118, intra loss: 0.002753910142928362, critic loss: 1.6540921926498413
recommendation_loss: 1.3965859413146973, critic_loss: 1.6540921926498413
inter loss 2.7259764671325684, intra loss: 0.0027460118290036917, critic loss: 1.6366842985153198
recommendation_loss: 1.5806825160980225, critic_loss: 1.6366842985153198
inter loss 2.724696397781372, intra loss: 0.0027539138682186604, critic loss: 1.6359195709228516
recommendation_loss: 1.4295873641967773, critic_loss: 1.6359195709228516
inter loss 2.7244114875793457, intra loss: 0.002748712431639433, critic loss: 1.6357464790344238
recommendation_loss: 1.4615098237991333, critic_loss: 1.6357464790344238
inter loss 2.748770236968994, intra loss: 0.0027439503464847803, critic loss: 1.6503597497940063
recommendation_loss: 1.4707390069961548, critic_loss: 1.6503597497940063
inter loss 2.74238920211792, intra loss: 0.0027563441544771194, critic loss: 1.646536111831665
recommendation_loss: 1.393938422203064, critic_loss: 1.646536111831665
inter loss 2.7270922660827637, intra loss: 0.0027519878931343555, critic loss: 1.637356162071228
recommendation_loss: 1.5261403322219849, critic_loss: 1.637356162071228
inter loss 2.7468347549438477, intra loss: 0.002736967522650957, critic loss: 1.6491957902908325
recommendation_loss: 1.5106874704360962, critic_loss: 1.6491957902908325
inter loss 2.7370951175689697, intra loss: 0.002740884432569146, critic loss: 1.6433534622192383
recommendation_loss: 1.457016110420227, critic_loss: 1.6433534622192383
inter loss 2.7484116554260254, intra loss: 0.002756483620032668, critic loss: 1.6501495838165283
recommendation_loss: 1.4465562105178833, critic_loss: 1.6501495838165283
inter loss 2.728886842727661, intra loss: 0.0027694590389728546, critic loss: 1.6384400129318237
recommendation_loss: 1.4446271657943726, critic_loss: 1.6384400129318237
inter loss 2.7314324378967285, intra loss: 0.0027494097594171762, critic loss: 1.6399592161178589
recommendation_loss: 1.538276195526123, critic_loss: 1.6399592161178589
inter loss 2.711916446685791, intra loss: 0.0027607413940131664, critic loss: 1.6282542943954468
recommendation_loss: 1.409700632095337, critic_loss: 1.6282542943954468
inter loss 2.7454018592834473, intra loss: 0.0027374052442610264, critic loss: 1.6483361721038818
recommendation_loss: 1.466625690460205, critic_loss: 1.6483361721038818
inter loss 2.7324280738830566, intra loss: 0.002744679804891348, critic loss: 1.6405547857284546
recommendation_loss: 1.4311556816101074, critic_loss: 1.6405547857284546
inter loss 2.7341949939727783, intra loss: 0.0027508982457220554, critic loss: 1.6416174173355103
recommendation_loss: 1.4661567211151123, critic_loss: 1.6416174173355103
inter loss 2.7308542728424072, intra loss: 0.0027560258749872446, critic loss: 1.6396150588989258
recommendation_loss: 1.5051937103271484, critic_loss: 1.6396150588989258
inter loss 2.7504611015319824, intra loss: 0.002751302905380726, critic loss: 1.6513773202896118
recommendation_loss: 1.4349510669708252, critic_loss: 1.6513773202896118
inter loss 2.7639989852905273, intra loss: 0.0027609416283667088, critic loss: 1.6595038175582886
recommendation_loss: 1.4852051734924316, critic_loss: 1.6595038175582886
inter loss 2.77026104927063, intra loss: 0.002752074971795082, critic loss: 1.6632574796676636
recommendation_loss: 1.4283400774002075, critic_loss: 1.6632574796676636
inter loss 2.7312171459198, intra loss: 0.0027798607479780912, critic loss: 1.6398423910140991
recommendation_loss: 1.399099588394165, critic_loss: 1.6398423910140991
inter loss 2.7137300968170166, intra loss: 0.002763706026598811, critic loss: 1.6293435096740723
recommendation_loss: 1.4658749103546143, critic_loss: 1.6293435096740723
inter loss 2.7187089920043945, intra loss: 0.0027427817694842815, critic loss: 1.6323225498199463
recommendation_loss: 1.562134861946106, critic_loss: 1.6323225498199463
2024-08-09 18:37:04.045149: step 2128/24320 (epoch 7/80), loss = 1.525030 (33.654 sec/epoch), lr: 0.003000
Evaluating on dev set...
...........................
source: 	 mrr: 0.035698	 ndcg_5: 0.0247	 ndcg_10: 0.0324	 hit@1:0.013034	 hit@5:0.0369	 hit@10: 0.0608
target: 	 mrr: 0.043615	 ndcg_5: 0.0352	 ndcg_10: 0.0476	 hit@1:0.013937	 hit@5:0.0551	 hit@10: 0.0934
source best!
.............
source: 	 mrr: 0.035522	 ndcg_5: 0.0257	 ndcg_10: 0.0353	 hit@1:0.009969	 hit@5:0.0414	 hit@10: 0.0721
target best!
..............target: 	 mrr: 0.043358	 ndcg_5: 0.0363	 ndcg_10: 0.0462	 hit@1:0.016461	 hit@5:0.0562	 hit@10: 0.0871
epoch 7: train_loss = 1.525030, source_hit@10 = 0.0721, source_ndcg@10 = 0.0353, target_hit@10 = 0.0871, target_ndcg@10 = 0.0462
new best model saved.

inter loss 2.738685131072998, intra loss: 0.0027458311524242163, critic loss: 1.644309401512146
recommendation_loss: 1.4128596782684326, critic_loss: 1.644309401512146
inter loss 2.7131927013397217, intra loss: 0.002738937269896269, critic loss: 1.6290112733840942
recommendation_loss: 1.499487042427063, critic_loss: 1.6290112733840942
inter loss 2.744119167327881, intra loss: 0.0027478812262415886, critic loss: 1.6475707292556763
recommendation_loss: 1.3858377933502197, critic_loss: 1.6475707292556763
inter loss 2.7241370677948, intra loss: 0.002745869103819132, critic loss: 1.6355806589126587
recommendation_loss: 1.415683388710022, critic_loss: 1.6355806589126587
inter loss 2.7703866958618164, intra loss: 0.0027667873073369265, critic loss: 1.6633387804031372
recommendation_loss: 1.486344814300537, critic_loss: 1.6633387804031372
inter loss 2.7176151275634766, intra loss: 0.0027644685469567776, critic loss: 1.631674885749817
recommendation_loss: 1.4883790016174316, critic_loss: 1.631674885749817
inter loss 2.7393741607666016, intra loss: 0.002751109655946493, critic loss: 1.64472496509552
recommendation_loss: 1.4772275686264038, critic_loss: 1.64472496509552
inter loss 2.7135226726531982, intra loss: 0.0027368247974663973, critic loss: 1.6292083263397217
recommendation_loss: 1.4456437826156616, critic_loss: 1.6292083263397217
inter loss 2.7257275581359863, intra loss: 0.002754101064056158, critic loss: 1.6365382671356201
recommendation_loss: 1.4185686111450195, critic_loss: 1.6365382671356201
inter loss 2.7105154991149902, intra loss: 0.002760014496743679, critic loss: 1.6274133920669556
recommendation_loss: 1.4366507530212402, critic_loss: 1.6274133920669556
inter loss 2.7351412773132324, intra loss: 0.0027506020851433277, critic loss: 1.6421849727630615
recommendation_loss: 1.444949984550476, critic_loss: 1.6421849727630615
inter loss 2.699247360229492, intra loss: 0.0027658334001898766, critic loss: 1.620654821395874
recommendation_loss: 1.3985865116119385, critic_loss: 1.620654821395874
inter loss 2.741361141204834, intra loss: 0.0027501804288476706, critic loss: 1.6459168195724487
recommendation_loss: 1.5457630157470703, critic_loss: 1.6459168195724487
inter loss 2.7320780754089355, intra loss: 0.0027617947198450565, critic loss: 1.64035165309906
recommendation_loss: 1.4092793464660645, critic_loss: 1.64035165309906
inter loss 2.7353954315185547, intra loss: 0.002755003282800317, critic loss: 1.6423393487930298
recommendation_loss: 1.5757390260696411, critic_loss: 1.6423393487930298
inter loss 2.7345993518829346, intra loss: 0.002768370322883129, critic loss: 1.6418670415878296
recommendation_loss: 1.4121458530426025, critic_loss: 1.6418670415878296
inter loss 2.7352895736694336, intra loss: 0.0027747401036322117, critic loss: 1.6422836780548096
recommendation_loss: 1.5238971710205078, critic_loss: 1.6422836780548096
inter loss 2.7161049842834473, intra loss: 0.0027561772149056196, critic loss: 1.6307655572891235
recommendation_loss: 1.410050630569458, critic_loss: 1.6307655572891235
inter loss 2.7329890727996826, intra loss: 0.0027491808868944645, critic loss: 1.6408932209014893
recommendation_loss: 1.430817723274231, critic_loss: 1.6408932209014893
inter loss 2.7542738914489746, intra loss: 0.0027550477534532547, critic loss: 1.653666377067566
recommendation_loss: 1.4148443937301636, critic_loss: 1.653666377067566
inter loss 2.724351406097412, intra loss: 0.0027396632358431816, critic loss: 1.6357067823410034
recommendation_loss: 1.4022468328475952, critic_loss: 1.6357067823410034
inter loss 2.723560333251953, intra loss: 0.0027696518227458, critic loss: 1.6352441310882568
recommendation_loss: 1.4324582815170288, critic_loss: 1.6352441310882568
inter loss 2.6789093017578125, intra loss: 0.0027526961639523506, critic loss: 1.6084468364715576
recommendation_loss: 1.4864678382873535, critic_loss: 1.6084468364715576
inter loss 2.7076797485351562, intra loss: 0.00274340040050447, critic loss: 1.6257052421569824
recommendation_loss: 1.456129550933838, critic_loss: 1.6257052421569824
inter loss 2.7171483039855957, intra loss: 0.002759247785434127, critic loss: 1.6313927173614502
recommendation_loss: 1.4655789136886597, critic_loss: 1.6313927173614502
inter loss 2.7261924743652344, intra loss: 0.0027558947913348675, critic loss: 1.6368179321289062
recommendation_loss: 1.4725816249847412, critic_loss: 1.6368179321289062
inter loss 2.7207140922546387, intra loss: 0.002760434290394187, critic loss: 1.6335326433181763
recommendation_loss: 1.3928651809692383, critic_loss: 1.6335326433181763
inter loss 2.6724183559417725, intra loss: 0.002758241258561611, critic loss: 1.6045544147491455
recommendation_loss: 1.4262773990631104, critic_loss: 1.6045544147491455
inter loss 2.7142200469970703, intra loss: 0.002750369952991605, critic loss: 1.6296322345733643
recommendation_loss: 1.3133299350738525, critic_loss: 1.6296322345733643
inter loss 2.7295267581939697, intra loss: 0.0027517382986843586, critic loss: 1.6388168334960938
recommendation_loss: 1.6104029417037964, critic_loss: 1.6388168334960938
inter loss 2.7151241302490234, intra loss: 0.0027760001830756664, critic loss: 1.6301850080490112
recommendation_loss: 1.4896607398986816, critic_loss: 1.6301850080490112
inter loss 2.7020063400268555, intra loss: 0.002761443145573139, critic loss: 1.6223084926605225
recommendation_loss: 1.3735398054122925, critic_loss: 1.6223084926605225
inter loss 2.727677345275879, intra loss: 0.0027604999486356974, critic loss: 1.637710690498352
recommendation_loss: 1.5499411821365356, critic_loss: 1.637710690498352
inter loss 2.701542854309082, intra loss: 0.002757258480414748, critic loss: 1.6220287084579468
recommendation_loss: 1.486035704612732, critic_loss: 1.6220287084579468
inter loss 2.738152503967285, intra loss: 0.0027689337730407715, critic loss: 1.6439990997314453
recommendation_loss: 1.349022388458252, critic_loss: 1.6439990997314453
inter loss 2.7384109497070312, intra loss: 0.002753454726189375, critic loss: 1.6441479921340942
recommendation_loss: 1.494442105293274, critic_loss: 1.6441479921340942
inter loss 2.734598159790039, intra loss: 0.0027368313167244196, critic loss: 1.6418536901474
recommendation_loss: 1.4949402809143066, critic_loss: 1.6418536901474
inter loss 2.730506420135498, intra loss: 0.0027653020806610584, critic loss: 1.6394100189208984
recommendation_loss: 1.5046329498291016, critic_loss: 1.6394100189208984
inter loss 2.722219944000244, intra loss: 0.0027490786742419004, critic loss: 1.6344316005706787
recommendation_loss: 1.4468178749084473, critic_loss: 1.6344316005706787
inter loss 2.728483200073242, intra loss: 0.0027579094748944044, critic loss: 1.638193130493164
recommendation_loss: 1.4942679405212402, critic_loss: 1.638193130493164
inter loss 2.7058448791503906, intra loss: 0.002757420763373375, critic loss: 1.6246099472045898
recommendation_loss: 1.4160438776016235, critic_loss: 1.6246099472045898
inter loss 2.7033448219299316, intra loss: 0.0027429903857409954, critic loss: 1.623104214668274
recommendation_loss: 1.488955020904541, critic_loss: 1.623104214668274
inter loss 2.7326159477233887, intra loss: 0.00274343928322196, critic loss: 1.6406669616699219
recommendation_loss: 1.401047945022583, critic_loss: 1.6406669616699219
inter loss 2.7130513191223145, intra loss: 0.0027553755789995193, critic loss: 1.628933072090149
recommendation_loss: 1.3711036443710327, critic_loss: 1.628933072090149
inter loss 2.70729398727417, intra loss: 0.0027479208074510098, critic loss: 1.625475525856018
recommendation_loss: 1.400325894355774, critic_loss: 1.625475525856018
inter loss 2.706563949584961, intra loss: 0.0027659786865115166, critic loss: 1.625044822692871
recommendation_loss: 1.541211485862732, critic_loss: 1.625044822692871
inter loss 2.724494695663452, intra loss: 0.0027399517130106688, critic loss: 1.635792851448059
recommendation_loss: 1.3883895874023438, critic_loss: 1.635792851448059
inter loss 2.722778797149658, intra loss: 0.002763037569820881, critic loss: 1.634772539138794
recommendation_loss: 1.4257066249847412, critic_loss: 1.634772539138794
inter loss 2.719442129135132, intra loss: 0.002738616429269314, critic loss: 1.632760763168335
recommendation_loss: 1.4058729410171509, critic_loss: 1.632760763168335
inter loss 2.718275785446167, intra loss: 0.002727145329117775, critic loss: 1.632056474685669
recommendation_loss: 1.4915447235107422, critic_loss: 1.632056474685669
inter loss 2.7207515239715576, intra loss: 0.002755919937044382, critic loss: 1.6335532665252686
recommendation_loss: 1.4616211652755737, critic_loss: 1.6335532665252686
inter loss 2.7232682704925537, intra loss: 0.0027551378589123487, critic loss: 1.6350631713867188
recommendation_loss: 1.5150961875915527, critic_loss: 1.6350631713867188
inter loss 2.705387592315674, intra loss: 0.002755354391410947, critic loss: 1.624334692955017
recommendation_loss: 1.501046895980835, critic_loss: 1.624334692955017
inter loss 2.7113616466522217, intra loss: 0.0027503552846610546, critic loss: 1.6279172897338867
recommendation_loss: 1.4262309074401855, critic_loss: 1.6279172897338867
inter loss 2.706540107727051, intra loss: 0.002762360032647848, critic loss: 1.6250290870666504
recommendation_loss: 1.435258150100708, critic_loss: 1.6250290870666504
inter loss 2.7403011322021484, intra loss: 0.002741940086707473, critic loss: 1.645277500152588
recommendation_loss: 1.482598066329956, critic_loss: 1.645277500152588
inter loss 2.76497483253479, intra loss: 0.002762080868706107, critic loss: 1.6600898504257202
recommendation_loss: 1.3779388666152954, critic_loss: 1.6600898504257202
inter loss 2.7505264282226562, intra loss: 0.00277095939964056, critic loss: 1.6514242887496948
recommendation_loss: 1.4706761837005615, critic_loss: 1.6514242887496948
inter loss 2.6794402599334717, intra loss: 0.002770587569102645, critic loss: 1.6087725162506104
recommendation_loss: 1.5278983116149902, critic_loss: 1.6087725162506104
inter loss 2.7167601585388184, intra loss: 0.0027526547200977802, critic loss: 1.6311571598052979
recommendation_loss: 1.4064123630523682, critic_loss: 1.6311571598052979
inter loss 2.6977717876434326, intra loss: 0.0027668378315865993, critic loss: 1.6197699308395386
recommendation_loss: 1.4557397365570068, critic_loss: 1.6197699308395386
inter loss 2.713857412338257, intra loss: 0.0027461685240268707, critic loss: 1.6294130086898804
recommendation_loss: 1.4638330936431885, critic_loss: 1.6294130086898804
inter loss 2.7088255882263184, intra loss: 0.0027489247731864452, critic loss: 1.6263949871063232
recommendation_loss: 1.3885178565979004, critic_loss: 1.6263949871063232
inter loss 2.688953161239624, intra loss: 0.002752495463937521, critic loss: 1.6144729852676392
recommendation_loss: 1.479438066482544, critic_loss: 1.6144729852676392
inter loss 2.703514575958252, intra loss: 0.0027586924843490124, critic loss: 1.6232123374938965
recommendation_loss: 1.4098490476608276, critic_loss: 1.6232123374938965
inter loss 2.7129292488098145, intra loss: 0.0027281332295387983, critic loss: 1.628848910331726
recommendation_loss: 1.4124733209609985, critic_loss: 1.628848910331726
inter loss 2.7220938205718994, intra loss: 0.002768796868622303, critic loss: 1.6343638896942139
recommendation_loss: 1.4545948505401611, critic_loss: 1.6343638896942139
inter loss 2.731917381286621, intra loss: 0.0027807995211333036, critic loss: 1.6402628421783447
recommendation_loss: 1.5642319917678833, critic_loss: 1.6402628421783447
inter loss 2.7189407348632812, intra loss: 0.0027426169253885746, critic loss: 1.6324615478515625
recommendation_loss: 1.4553755521774292, critic_loss: 1.6324615478515625
inter loss 2.7054343223571777, intra loss: 0.002768354257568717, critic loss: 1.6243679523468018
recommendation_loss: 1.404531717300415, critic_loss: 1.6243679523468018
inter loss 2.706172466278076, intra loss: 0.0027761911042034626, critic loss: 1.6248140335083008
recommendation_loss: 1.4899487495422363, critic_loss: 1.6248140335083008
inter loss 2.6878161430358887, intra loss: 0.0027723375242203474, critic loss: 1.6137986183166504
recommendation_loss: 1.5122175216674805, critic_loss: 1.6137986183166504
inter loss 2.713603973388672, intra loss: 0.002754791174083948, critic loss: 1.6292644739151
recommendation_loss: 1.3258106708526611, critic_loss: 1.6292644739151
inter loss 2.7078747749328613, intra loss: 0.002748752711340785, critic loss: 1.6258244514465332
recommendation_loss: 1.4645445346832275, critic_loss: 1.6258244514465332
inter loss 2.7111411094665527, intra loss: 0.002758315997198224, critic loss: 1.6277880668640137
recommendation_loss: 1.3948016166687012, critic_loss: 1.6277880668640137
inter loss 2.7214303016662598, intra loss: 0.0027560791932046413, critic loss: 1.6339607238769531
recommendation_loss: 1.4733483791351318, critic_loss: 1.6339607238769531
inter loss 2.7336769104003906, intra loss: 0.002752714790403843, critic loss: 1.6413073539733887
recommendation_loss: 1.491132378578186, critic_loss: 1.6413073539733887
inter loss 2.7112059593200684, intra loss: 0.002756298752501607, critic loss: 1.62782621383667
recommendation_loss: 1.4061506986618042, critic_loss: 1.62782621383667
inter loss 2.715541362762451, intra loss: 0.0027637649327516556, critic loss: 1.6304304599761963
recommendation_loss: 1.319354772567749, critic_loss: 1.6304304599761963
inter loss 2.7253506183624268, intra loss: 0.002758975839242339, critic loss: 1.636314034461975
recommendation_loss: 1.446216344833374, critic_loss: 1.636314034461975
inter loss 2.7522177696228027, intra loss: 0.002775939181447029, critic loss: 1.652441143989563
recommendation_loss: 1.4047681093215942, critic_loss: 1.652441143989563
inter loss 2.708630323410034, intra loss: 0.0027677060570567846, critic loss: 1.6262853145599365
recommendation_loss: 1.407070279121399, critic_loss: 1.6262853145599365
inter loss 2.6990528106689453, intra loss: 0.0027750730514526367, critic loss: 1.6205418109893799
recommendation_loss: 1.4534897804260254, critic_loss: 1.6205418109893799
inter loss 2.734276056289673, intra loss: 0.002765760524198413, critic loss: 1.6416720151901245
recommendation_loss: 1.4200695753097534, critic_loss: 1.6416720151901245
inter loss 2.7023258209228516, intra loss: 0.0027570785023272038, critic loss: 1.6224983930587769
recommendation_loss: 1.4305157661437988, critic_loss: 1.6224983930587769
inter loss 2.697674512863159, intra loss: 0.002753741806373, critic loss: 1.6197062730789185
recommendation_loss: 1.4234541654586792, critic_loss: 1.6197062730789185
inter loss 2.691180944442749, intra loss: 0.0027578447479754686, critic loss: 1.615811824798584
recommendation_loss: 1.4625999927520752, critic_loss: 1.615811824798584
inter loss 2.69813871383667, intra loss: 0.002760777249932289, critic loss: 1.6199876070022583
recommendation_loss: 1.4410122632980347, critic_loss: 1.6199876070022583
inter loss 2.6868953704833984, intra loss: 0.0027350783348083496, critic loss: 1.6132313013076782
recommendation_loss: 1.390498399734497, critic_loss: 1.6132313013076782
inter loss 2.6954219341278076, intra loss: 0.0027510146610438824, critic loss: 1.6183536052703857
recommendation_loss: 1.5200920104980469, critic_loss: 1.6183536052703857
inter loss 2.7240264415740967, intra loss: 0.0027689021080732346, critic loss: 1.6355235576629639
recommendation_loss: 1.3397184610366821, critic_loss: 1.6355235576629639
inter loss 2.7177858352661133, intra loss: 0.0027614606078714132, critic loss: 1.631776213645935
recommendation_loss: 1.414884090423584, critic_loss: 1.631776213645935
inter loss 2.692779064178467, intra loss: 0.0027777664363384247, critic loss: 1.6167786121368408
recommendation_loss: 1.4010844230651855, critic_loss: 1.6167786121368408
inter loss 2.687840461730957, intra loss: 0.0027629260439425707, critic loss: 1.613809585571289
recommendation_loss: 1.3589808940887451, critic_loss: 1.613809585571289
inter loss 2.6913375854492188, intra loss: 0.002754415152594447, critic loss: 1.6159043312072754
recommendation_loss: 1.4133051633834839, critic_loss: 1.6159043312072754
inter loss 2.6957263946533203, intra loss: 0.002746621146798134, critic loss: 1.6185345649719238
recommendation_loss: 1.420729637145996, critic_loss: 1.6185345649719238
inter loss 2.7051870822906494, intra loss: 0.0027479117270559072, critic loss: 1.6242114305496216
recommendation_loss: 1.4854130744934082, critic_loss: 1.6242114305496216
inter loss 2.6989240646362305, intra loss: 0.002772558480501175, critic loss: 1.620463490486145
recommendation_loss: 1.3842222690582275, critic_loss: 1.620463490486145
inter loss 2.6853370666503906, intra loss: 0.002769297920167446, critic loss: 1.6123100519180298
recommendation_loss: 1.3935221433639526, critic_loss: 1.6123100519180298
inter loss 2.7046871185302734, intra loss: 0.002764491830021143, critic loss: 1.6239181756973267
recommendation_loss: 1.4441370964050293, critic_loss: 1.6239181756973267
inter loss 2.695615291595459, intra loss: 0.002754053333774209, critic loss: 1.6184709072113037
recommendation_loss: 1.4124475717544556, critic_loss: 1.6184709072113037
inter loss 2.671308994293213, intra loss: 0.002742238575592637, critic loss: 1.6038823127746582
recommendation_loss: 1.3854937553405762, critic_loss: 1.6038823127746582
inter loss 2.70914363861084, intra loss: 0.002749316394329071, critic loss: 1.6265859603881836
recommendation_loss: 1.3799402713775635, critic_loss: 1.6265859603881836
inter loss 2.717103958129883, intra loss: 0.002739971037954092, critic loss: 1.6313585042953491
recommendation_loss: 1.4267421960830688, critic_loss: 1.6313585042953491
inter loss 2.7028493881225586, intra loss: 0.0027641691267490387, critic loss: 1.6228153705596924
recommendation_loss: 1.4562441110610962, critic_loss: 1.6228153705596924
inter loss 2.692523241043091, intra loss: 0.002750162035226822, critic loss: 1.6166141033172607
recommendation_loss: 1.4117087125778198, critic_loss: 1.6166141033172607
inter loss 2.695756435394287, intra loss: 0.0027775068301707506, critic loss: 1.6185649633407593
recommendation_loss: 1.455845832824707, critic_loss: 1.6185649633407593
inter loss 2.6938352584838867, intra loss: 0.0027642182540148497, critic loss: 1.6174068450927734
recommendation_loss: 1.446934700012207, critic_loss: 1.6174068450927734
inter loss 2.6708385944366455, intra loss: 0.002769649028778076, critic loss: 1.6036109924316406
recommendation_loss: 1.4766476154327393, critic_loss: 1.6036109924316406
inter loss 2.689204454421997, intra loss: 0.0027887425385415554, critic loss: 1.6146382093429565
recommendation_loss: 1.351069688796997, critic_loss: 1.6146382093429565
inter loss 2.6960506439208984, intra loss: 0.0027669756673276424, critic loss: 1.6187372207641602
recommendation_loss: 1.4754294157028198, critic_loss: 1.6187372207641602
inter loss 2.702263832092285, intra loss: 0.002774690743535757, critic loss: 1.6224682331085205
recommendation_loss: 1.423480749130249, critic_loss: 1.6224682331085205
inter loss 2.699495553970337, intra loss: 0.0027680411003530025, critic loss: 1.6208046674728394
recommendation_loss: 1.5117473602294922, critic_loss: 1.6208046674728394
inter loss 2.7008628845214844, intra loss: 0.002764189150184393, critic loss: 1.6216235160827637
recommendation_loss: 1.4695417881011963, critic_loss: 1.6216235160827637
inter loss 2.7085132598876953, intra loss: 0.0027431175112724304, critic loss: 1.6262052059173584
recommendation_loss: 1.4386022090911865, critic_loss: 1.6262052059173584
inter loss 2.724151134490967, intra loss: 0.002771497005596757, critic loss: 1.6355993747711182
recommendation_loss: 1.3841822147369385, critic_loss: 1.6355993747711182
inter loss 2.6829514503479004, intra loss: 0.0027480742428451777, critic loss: 1.610870122909546
recommendation_loss: 1.4874392747879028, critic_loss: 1.610870122909546
inter loss 2.720536708831787, intra loss: 0.002752204891294241, critic loss: 1.6334229707717896
recommendation_loss: 1.4734811782836914, critic_loss: 1.6334229707717896
inter loss 2.7177748680114746, intra loss: 0.002755529247224331, critic loss: 1.6317671537399292
recommendation_loss: 1.4229507446289062, critic_loss: 1.6317671537399292
inter loss 2.717532157897949, intra loss: 0.0027676885947585106, critic loss: 1.6316264867782593
recommendation_loss: 1.4312995672225952, critic_loss: 1.6316264867782593
inter loss 2.663046360015869, intra loss: 0.0027506474871188402, critic loss: 1.5989282131195068
recommendation_loss: 1.43172287940979, critic_loss: 1.5989282131195068
inter loss 2.692800283432007, intra loss: 0.0027533629909157753, critic loss: 1.6167815923690796
recommendation_loss: 1.383333444595337, critic_loss: 1.6167815923690796
inter loss 2.6803064346313477, intra loss: 0.00275781424716115, critic loss: 1.609287142753601
recommendation_loss: 1.3817368745803833, critic_loss: 1.609287142753601
inter loss 2.6999921798706055, intra loss: 0.002750687301158905, critic loss: 1.6210956573486328
recommendation_loss: 1.5307393074035645, critic_loss: 1.6210956573486328
inter loss 2.6915760040283203, intra loss: 0.00275792321190238, critic loss: 1.616048812866211
recommendation_loss: 1.4483520984649658, critic_loss: 1.616048812866211
inter loss 2.7144274711608887, intra loss: 0.002756513888016343, critic loss: 1.6297590732574463
recommendation_loss: 1.5010395050048828, critic_loss: 1.6297590732574463
inter loss 2.681126117706299, intra loss: 0.002749322447925806, critic loss: 1.609775424003601
recommendation_loss: 1.3914762735366821, critic_loss: 1.609775424003601
inter loss 2.6793599128723145, intra loss: 0.0027694771997630596, critic loss: 1.6087238788604736
recommendation_loss: 1.4427186250686646, critic_loss: 1.6087238788604736
inter loss 2.7022387981414795, intra loss: 0.002749683102592826, critic loss: 1.6224431991577148
recommendation_loss: 1.4364057779312134, critic_loss: 1.6224431991577148
inter loss 2.691499948501587, intra loss: 0.0027577646542340517, critic loss: 1.616003155708313
recommendation_loss: 1.4983245134353638, critic_loss: 1.616003155708313
inter loss 2.69313907623291, intra loss: 0.0027650059200823307, critic loss: 1.6169894933700562
recommendation_loss: 1.4513630867004395, critic_loss: 1.6169894933700562
inter loss 2.69046688079834, intra loss: 0.0027501718141138554, critic loss: 1.6153802871704102
recommendation_loss: 1.512632966041565, critic_loss: 1.6153802871704102
inter loss 2.7173027992248535, intra loss: 0.002748597413301468, critic loss: 1.6314811706542969
recommendation_loss: 1.486918568611145, critic_loss: 1.6314811706542969
inter loss 2.7006826400756836, intra loss: 0.002793880645185709, critic loss: 1.6215271949768066
recommendation_loss: 1.4340932369232178, critic_loss: 1.6215271949768066
inter loss 2.6764771938323975, intra loss: 0.002744864672422409, critic loss: 1.606984257698059
recommendation_loss: 1.5472444295883179, critic_loss: 1.606984257698059
inter loss 2.710810422897339, intra loss: 0.002742566168308258, critic loss: 1.627583384513855
recommendation_loss: 1.518419623374939, critic_loss: 1.627583384513855
inter loss 2.6931941509246826, intra loss: 0.0027510388754308224, critic loss: 1.6170170307159424
recommendation_loss: 1.4444115161895752, critic_loss: 1.6170170307159424
inter loss 2.6921894550323486, intra loss: 0.0027569103986024857, critic loss: 1.616416573524475
recommendation_loss: 1.4448362588882446, critic_loss: 1.616416573524475
inter loss 2.6873416900634766, intra loss: 0.0027572026010602713, critic loss: 1.6135079860687256
recommendation_loss: 1.4097806215286255, critic_loss: 1.6135079860687256
inter loss 2.677631378173828, intra loss: 0.0027432213537395, critic loss: 1.6076762676239014
recommendation_loss: 1.4005663394927979, critic_loss: 1.6076762676239014
inter loss 2.686720848083496, intra loss: 0.0027667745016515255, critic loss: 1.613139271736145
recommendation_loss: 1.3790324926376343, critic_loss: 1.613139271736145
inter loss 2.7008419036865234, intra loss: 0.0027561536990106106, critic loss: 1.6216076612472534
recommendation_loss: 1.4395837783813477, critic_loss: 1.6216076612472534
inter loss 2.7024290561676025, intra loss: 0.002733460860326886, critic loss: 1.6225508451461792
recommendation_loss: 1.4212157726287842, critic_loss: 1.6225508451461792
inter loss 2.701045036315918, intra loss: 0.0027539709117263556, critic loss: 1.6217286586761475
recommendation_loss: 1.426711082458496, critic_loss: 1.6217286586761475
inter loss 2.7534050941467285, intra loss: 0.0027609870303422213, critic loss: 1.6531474590301514
recommendation_loss: 1.4270803928375244, critic_loss: 1.6531474590301514
inter loss 2.678764820098877, intra loss: 0.002738652750849724, critic loss: 1.6083543300628662
recommendation_loss: 1.4056166410446167, critic_loss: 1.6083543300628662
inter loss 2.7274107933044434, intra loss: 0.0027647134847939014, critic loss: 1.6375524997711182
recommendation_loss: 1.4388678073883057, critic_loss: 1.6375524997711182
inter loss 2.6836984157562256, intra loss: 0.0027492879889905453, critic loss: 1.611318826675415
recommendation_loss: 1.456609845161438, critic_loss: 1.611318826675415
inter loss 2.6910247802734375, intra loss: 0.0027460388373583555, critic loss: 1.615713357925415
recommendation_loss: 1.3490469455718994, critic_loss: 1.615713357925415
inter loss 2.646949529647827, intra loss: 0.0027344608679413795, critic loss: 1.5892635583877563
recommendation_loss: 1.4540679454803467, critic_loss: 1.5892635583877563
inter loss 2.7005579471588135, intra loss: 0.0027569157537072897, critic loss: 1.621437668800354
recommendation_loss: 1.4035645723342896, critic_loss: 1.621437668800354
inter loss 2.7087807655334473, intra loss: 0.0027482747100293636, critic loss: 1.6263679265975952
recommendation_loss: 1.4222793579101562, critic_loss: 1.6263679265975952
inter loss 2.6930158138275146, intra loss: 0.0027437119279056787, critic loss: 1.616907000541687
recommendation_loss: 1.495850920677185, critic_loss: 1.616907000541687
inter loss 2.6821484565734863, intra loss: 0.0027284424286335707, critic loss: 1.6103805303573608
recommendation_loss: 1.3551703691482544, critic_loss: 1.6103805303573608
inter loss 2.7119390964508057, intra loss: 0.0027532167732715607, critic loss: 1.6282647848129272
recommendation_loss: 1.3803739547729492, critic_loss: 1.6282647848129272
inter loss 2.6989071369171143, intra loss: 0.002757059410214424, critic loss: 1.6204471588134766
recommendation_loss: 1.4035155773162842, critic_loss: 1.6204471588134766
inter loss 2.6939029693603516, intra loss: 0.0027590091340243816, critic loss: 1.617445468902588
recommendation_loss: 1.4342002868652344, critic_loss: 1.617445468902588
inter loss 2.7109155654907227, intra loss: 0.002761583076789975, critic loss: 1.627653956413269
recommendation_loss: 1.3722822666168213, critic_loss: 1.627653956413269
inter loss 2.6986727714538574, intra loss: 0.0027674671728163958, critic loss: 1.620310664176941
recommendation_loss: 1.427264928817749, critic_loss: 1.620310664176941
inter loss 2.706782341003418, intra loss: 0.0027606156654655933, critic loss: 1.6251736879348755
recommendation_loss: 1.4151253700256348, critic_loss: 1.6251736879348755
inter loss 2.695119619369507, intra loss: 0.0027557918801903725, critic loss: 1.6181741952896118
recommendation_loss: 1.4614059925079346, critic_loss: 1.6181741952896118
inter loss 2.7138943672180176, intra loss: 0.002759999129921198, critic loss: 1.6294406652450562
recommendation_loss: 1.4289425611495972, critic_loss: 1.6294406652450562
inter loss 2.7052226066589355, intra loss: 0.0027759079821407795, critic loss: 1.624243974685669
recommendation_loss: 1.4549496173858643, critic_loss: 1.624243974685669
inter loss 2.712526559829712, intra loss: 0.0027604387141764164, critic loss: 1.6286201477050781
recommendation_loss: 1.4436291456222534, critic_loss: 1.6286201477050781
inter loss 2.6792688369750977, intra loss: 0.0027846749871969223, critic loss: 1.608675241470337
recommendation_loss: 1.4604206085205078, critic_loss: 1.608675241470337
inter loss 2.6700429916381836, intra loss: 0.0027415433432906866, critic loss: 1.6031224727630615
recommendation_loss: 1.4656509160995483, critic_loss: 1.6031224727630615
inter loss 2.681230306625366, intra loss: 0.002755858702585101, critic loss: 1.6098406314849854
recommendation_loss: 1.4552943706512451, critic_loss: 1.6098406314849854
inter loss 2.717244863510132, intra loss: 0.0027486751787364483, critic loss: 1.6314464807510376
recommendation_loss: 1.4755607843399048, critic_loss: 1.6314464807510376
inter loss 2.696904182434082, intra loss: 0.0027352613396942616, critic loss: 1.619236707687378
recommendation_loss: 1.408116102218628, critic_loss: 1.619236707687378
inter loss 2.715212345123291, intra loss: 0.0027310852892696857, critic loss: 1.6302199363708496
recommendation_loss: 1.4138189554214478, critic_loss: 1.6302199363708496
inter loss 2.700848340988159, intra loss: 0.0027222945354878902, critic loss: 1.6215980052947998
recommendation_loss: 1.4199962615966797, critic_loss: 1.6215980052947998
inter loss 2.6999497413635254, intra loss: 0.0027391682378947735, critic loss: 1.621065616607666
recommendation_loss: 1.4108963012695312, critic_loss: 1.621065616607666
inter loss 2.710632562637329, intra loss: 0.0027448898181319237, critic loss: 1.6274775266647339
recommendation_loss: 1.4315440654754639, critic_loss: 1.6274775266647339
inter loss 2.675421714782715, intra loss: 0.0027538789436221123, critic loss: 1.6063545942306519
recommendation_loss: 1.386791467666626, critic_loss: 1.6063545942306519
inter loss 2.709015369415283, intra loss: 0.0027712087612599134, critic loss: 1.6265177726745605
recommendation_loss: 1.4831373691558838, critic_loss: 1.6265177726745605
inter loss 2.6921446323394775, intra loss: 0.0027743687387555838, critic loss: 1.6163965463638306
recommendation_loss: 1.4155126810073853, critic_loss: 1.6163965463638306
inter loss 2.682210922241211, intra loss: 0.0027723759412765503, critic loss: 1.6104356050491333
recommendation_loss: 1.4666728973388672, critic_loss: 1.6104356050491333
inter loss 2.671781539916992, intra loss: 0.0027638801839202642, critic loss: 1.6041744947433472
recommendation_loss: 1.412205457687378, critic_loss: 1.6041744947433472
inter loss 2.6566030979156494, intra loss: 0.0027539213187992573, critic loss: 1.59506356716156
recommendation_loss: 1.4046635627746582, critic_loss: 1.59506356716156
inter loss 2.692270040512085, intra loss: 0.0027649106923490763, critic loss: 1.616468071937561
recommendation_loss: 1.4999351501464844, critic_loss: 1.616468071937561
inter loss 2.701789379119873, intra loss: 0.0027570726815611124, critic loss: 1.6221765279769897
recommendation_loss: 1.4428496360778809, critic_loss: 1.6221765279769897
inter loss 2.713926076889038, intra loss: 0.0027683409862220287, critic loss: 1.6294630765914917
recommendation_loss: 1.5061240196228027, critic_loss: 1.6294630765914917
inter loss 2.7022433280944824, intra loss: 0.002755634021013975, critic loss: 1.6224483251571655
recommendation_loss: 1.4305050373077393, critic_loss: 1.6224483251571655
inter loss 2.738708257675171, intra loss: 0.0027408706955611706, critic loss: 1.6443214416503906
recommendation_loss: 1.405774712562561, critic_loss: 1.6443214416503906
inter loss 2.7083864212036133, intra loss: 0.0027522267773747444, critic loss: 1.626132845878601
recommendation_loss: 1.5585503578186035, critic_loss: 1.626132845878601
inter loss 2.7141451835632324, intra loss: 0.0027603001799434423, critic loss: 1.6295913457870483
recommendation_loss: 1.455472707748413, critic_loss: 1.6295913457870483
inter loss 2.6956474781036377, intra loss: 0.002765598241239786, critic loss: 1.6184948682785034
recommendation_loss: 1.567018747329712, critic_loss: 1.6184948682785034
inter loss 2.6838507652282715, intra loss: 0.002764655975624919, critic loss: 1.6114164590835571
recommendation_loss: 1.4535276889801025, critic_loss: 1.6114164590835571
inter loss 2.7037315368652344, intra loss: 0.0027621244080364704, critic loss: 1.623343825340271
recommendation_loss: 1.4678713083267212, critic_loss: 1.623343825340271
inter loss 2.6983792781829834, intra loss: 0.0027737929485738277, critic loss: 1.620137095451355
recommendation_loss: 1.4754383563995361, critic_loss: 1.620137095451355
inter loss 2.685760021209717, intra loss: 0.0027704820968210697, critic loss: 1.612564206123352
recommendation_loss: 1.4758810997009277, critic_loss: 1.612564206123352
inter loss 2.7041072845458984, intra loss: 0.0027600021567195654, critic loss: 1.6235684156417847
recommendation_loss: 1.4544975757598877, critic_loss: 1.6235684156417847
inter loss 2.6839771270751953, intra loss: 0.0027782388497143984, critic loss: 1.6114976406097412
recommendation_loss: 1.3795808553695679, critic_loss: 1.6114976406097412
inter loss 2.7026896476745605, intra loss: 0.0027435182128101587, critic loss: 1.6227113008499146
recommendation_loss: 1.4735090732574463, critic_loss: 1.6227113008499146
inter loss 2.6941428184509277, intra loss: 0.0027539401780813932, critic loss: 1.6175873279571533
recommendation_loss: 1.4551172256469727, critic_loss: 1.6175873279571533
inter loss 2.6664769649505615, intra loss: 0.00275221629999578, critic loss: 1.600987195968628
recommendation_loss: 1.517123818397522, critic_loss: 1.600987195968628
inter loss 2.6954641342163086, intra loss: 0.002761277137324214, critic loss: 1.6183830499649048
recommendation_loss: 1.3721437454223633, critic_loss: 1.6183830499649048
inter loss 2.7000527381896973, intra loss: 0.0027738059870898724, critic loss: 1.6211411952972412
recommendation_loss: 1.4536700248718262, critic_loss: 1.6211411952972412
inter loss 2.6879162788391113, intra loss: 0.0027669796254485846, critic loss: 1.613856554031372
recommendation_loss: 1.4038949012756348, critic_loss: 1.613856554031372
inter loss 2.697596549987793, intra loss: 0.0027711426373571157, critic loss: 1.6196664571762085
recommendation_loss: 1.462878942489624, critic_loss: 1.6196664571762085
inter loss 2.700136423110962, intra loss: 0.0027654673904180527, critic loss: 1.6211880445480347
recommendation_loss: 1.4464855194091797, critic_loss: 1.6211880445480347
inter loss 2.7285995483398438, intra loss: 0.002769916085526347, critic loss: 1.6382677555084229
recommendation_loss: 1.4682426452636719, critic_loss: 1.6382677555084229
inter loss 2.678605556488037, intra loss: 0.002785401651635766, critic loss: 1.6082775592803955
recommendation_loss: 1.495531439781189, critic_loss: 1.6082775592803955
inter loss 2.690074920654297, intra loss: 0.0027740783989429474, critic loss: 1.6151546239852905
recommendation_loss: 1.4368795156478882, critic_loss: 1.6151546239852905
inter loss 2.679446220397949, intra loss: 0.0027341642417013645, critic loss: 1.6087614297866821
recommendation_loss: 1.489997148513794, critic_loss: 1.6087614297866821
inter loss 2.7051620483398438, intra loss: 0.002776807639747858, critic loss: 1.6242079734802246
recommendation_loss: 1.5078412294387817, critic_loss: 1.6242079734802246
inter loss 2.6857290267944336, intra loss: 0.00275497417896986, critic loss: 1.6125394105911255
recommendation_loss: 1.3956046104431152, critic_loss: 1.6125394105911255
inter loss 2.674036979675293, intra loss: 0.0027631809934973717, critic loss: 1.6055275201797485
recommendation_loss: 1.4340293407440186, critic_loss: 1.6055275201797485
inter loss 2.6841301918029785, intra loss: 0.0027446337044239044, critic loss: 1.611575961112976
recommendation_loss: 1.5119086503982544, critic_loss: 1.611575961112976
inter loss 2.6791024208068848, intra loss: 0.002759108552709222, critic loss: 1.6085652112960815
recommendation_loss: 1.4958794116973877, critic_loss: 1.6085652112960815
inter loss 2.695909023284912, intra loss: 0.0027509783394634724, critic loss: 1.6186459064483643
recommendation_loss: 1.483088493347168, critic_loss: 1.6186459064483643
inter loss 2.6702752113342285, intra loss: 0.0027359011583030224, critic loss: 1.603259563446045
recommendation_loss: 1.38606595993042, critic_loss: 1.603259563446045
inter loss 2.688657760620117, intra loss: 0.002727380022406578, critic loss: 1.6142857074737549
recommendation_loss: 1.3879766464233398, critic_loss: 1.6142857074737549
inter loss 2.698126792907715, intra loss: 0.0027625118382275105, critic loss: 1.619981050491333
recommendation_loss: 1.4097061157226562, critic_loss: 1.619981050491333
inter loss 2.6918089389801025, intra loss: 0.00274524069391191, critic loss: 1.6161835193634033
recommendation_loss: 1.360101342201233, critic_loss: 1.6161835193634033
inter loss 2.732022762298584, intra loss: 0.0027719929348677397, critic loss: 1.6403224468231201
recommendation_loss: 1.4583942890167236, critic_loss: 1.6403224468231201
inter loss 2.6914048194885254, intra loss: 0.0027530454099178314, critic loss: 1.615944266319275
recommendation_loss: 1.3852180242538452, critic_loss: 1.615944266319275
inter loss 2.7107443809509277, intra loss: 0.002748994156718254, critic loss: 1.6275463104248047
recommendation_loss: 1.3997013568878174, critic_loss: 1.6275463104248047
inter loss 2.6655805110931396, intra loss: 0.002763905329629779, critic loss: 1.6004539728164673
recommendation_loss: 1.4347525835037231, critic_loss: 1.6004539728164673
inter loss 2.7132787704467773, intra loss: 0.002756793750450015, critic loss: 1.6290700435638428
recommendation_loss: 1.4092532396316528, critic_loss: 1.6290700435638428
inter loss 2.6866297721862793, intra loss: 0.0027457752730697393, critic loss: 1.6130762100219727
recommendation_loss: 1.3989285230636597, critic_loss: 1.6130762100219727
inter loss 2.691102981567383, intra loss: 0.0027558980509638786, critic loss: 1.6157641410827637
recommendation_loss: 1.5147042274475098, critic_loss: 1.6157641410827637
inter loss 2.6744608879089355, intra loss: 0.002755797700956464, critic loss: 1.6057789325714111
recommendation_loss: 1.4151055812835693, critic_loss: 1.6057789325714111
inter loss 2.7264461517333984, intra loss: 0.0027609611861407757, critic loss: 1.6369720697402954
recommendation_loss: 1.426811695098877, critic_loss: 1.6369720697402954
inter loss 2.686703681945801, intra loss: 0.0027575644198805094, critic loss: 1.6131253242492676
recommendation_loss: 1.440678358078003, critic_loss: 1.6131253242492676
inter loss 2.705608367919922, intra loss: 0.0027710178401321173, critic loss: 1.6244734525680542
recommendation_loss: 1.4077736139297485, critic_loss: 1.6244734525680542
inter loss 2.7113723754882812, intra loss: 0.002766026882454753, critic loss: 1.627929925918579
recommendation_loss: 1.458141565322876, critic_loss: 1.627929925918579
inter loss 2.7271766662597656, intra loss: 0.0027425442822277546, critic loss: 1.6374030113220215
recommendation_loss: 1.4581178426742554, critic_loss: 1.6374030113220215
inter loss 2.680737018585205, intra loss: 0.0027624412905424833, critic loss: 1.6095472574234009
recommendation_loss: 1.412881851196289, critic_loss: 1.6095472574234009
inter loss 2.6872174739837646, intra loss: 0.0027487818151712418, critic loss: 1.6134300231933594
recommendation_loss: 1.3617610931396484, critic_loss: 1.6134300231933594
inter loss 2.6903765201568604, intra loss: 0.002781850751489401, critic loss: 1.615338683128357
recommendation_loss: 1.4707753658294678, critic_loss: 1.615338683128357
inter loss 2.675355911254883, intra loss: 0.00275046331807971, critic loss: 1.6063138246536255
recommendation_loss: 1.461838722229004, critic_loss: 1.6063138246536255
inter loss 2.6753218173980713, intra loss: 0.0027629565447568893, critic loss: 1.6062983274459839
recommendation_loss: 1.4013572931289673, critic_loss: 1.6062983274459839
inter loss 2.687063217163086, intra loss: 0.0027782681863754988, critic loss: 1.6133493185043335
recommendation_loss: 1.4406771659851074, critic_loss: 1.6133493185043335
inter loss 2.678511142730713, intra loss: 0.002752689179033041, critic loss: 1.6082078218460083
recommendation_loss: 1.4942864179611206, critic_loss: 1.6082078218460083
inter loss 2.67427396774292, intra loss: 0.002761000767350197, critic loss: 1.6056687831878662
recommendation_loss: 1.5038360357284546, critic_loss: 1.6056687831878662
inter loss 2.6600685119628906, intra loss: 0.002745766658335924, critic loss: 1.5971394777297974
recommendation_loss: 1.5681105852127075, critic_loss: 1.5971394777297974
inter loss 2.679452896118164, intra loss: 0.002748330356553197, critic loss: 1.6087712049484253
recommendation_loss: 1.3864028453826904, critic_loss: 1.6087712049484253
inter loss 2.711153030395508, intra loss: 0.0027610696852207184, critic loss: 1.6277964115142822
recommendation_loss: 1.4262690544128418, critic_loss: 1.6277964115142822
inter loss 2.656691074371338, intra loss: 0.002773179206997156, critic loss: 1.5951240062713623
recommendation_loss: 1.4368807077407837, critic_loss: 1.5951240062713623
inter loss 2.6771059036254883, intra loss: 0.002754030516371131, critic loss: 1.6073652505874634
recommendation_loss: 1.4254347085952759, critic_loss: 1.6073652505874634
inter loss 2.669786214828491, intra loss: 0.002756986767053604, critic loss: 1.6029746532440186
recommendation_loss: 1.39277982711792, critic_loss: 1.6029746532440186
inter loss 2.684957981109619, intra loss: 0.002767770318314433, critic loss: 1.6120820045471191
recommendation_loss: 1.4666376113891602, critic_loss: 1.6120820045471191
inter loss 2.661513090133667, intra loss: 0.002767327008768916, critic loss: 1.5980149507522583
recommendation_loss: 1.4525889158248901, critic_loss: 1.5980149507522583
inter loss 2.6596169471740723, intra loss: 0.002756244968622923, critic loss: 1.5968726873397827
recommendation_loss: 1.5146291255950928, critic_loss: 1.5968726873397827
inter loss 2.6874961853027344, intra loss: 0.0027563008479774, critic loss: 1.6136003732681274
recommendation_loss: 1.4983906745910645, critic_loss: 1.6136003732681274
inter loss 2.669440269470215, intra loss: 0.0027405088767409325, critic loss: 1.6027604341506958
recommendation_loss: 1.4664478302001953, critic_loss: 1.6027604341506958
inter loss 2.6809182167053223, intra loss: 0.002752400003373623, critic loss: 1.609652042388916
recommendation_loss: 1.4158282279968262, critic_loss: 1.609652042388916
inter loss 2.6659927368164062, intra loss: 0.0027565190102905035, critic loss: 1.6006982326507568
recommendation_loss: 1.430414080619812, critic_loss: 1.6006982326507568
inter loss 2.6465060710906982, intra loss: 0.0027580016758292913, critic loss: 1.5890069007873535
recommendation_loss: 1.4188570976257324, critic_loss: 1.5890069007873535
inter loss 2.639366865158081, intra loss: 0.002749094506725669, critic loss: 1.5847197771072388
recommendation_loss: 1.4378172159194946, critic_loss: 1.5847197771072388
inter loss 2.63995623588562, intra loss: 0.0027427314780652523, critic loss: 1.5850708484649658
recommendation_loss: 1.349302887916565, critic_loss: 1.5850708484649658
inter loss 2.665635585784912, intra loss: 0.002751637250185013, critic loss: 1.6004821062088013
recommendation_loss: 1.4444496631622314, critic_loss: 1.6004821062088013
inter loss 2.6818130016326904, intra loss: 0.0027324820403009653, critic loss: 1.6101808547973633
recommendation_loss: 1.5250604152679443, critic_loss: 1.6101808547973633
inter loss 2.6803317070007324, intra loss: 0.0027525927871465683, critic loss: 1.609300136566162
recommendation_loss: 1.4524849653244019, critic_loss: 1.609300136566162
inter loss 2.67048978805542, intra loss: 0.0027332017198204994, critic loss: 1.6033872365951538
recommendation_loss: 1.438529133796692, critic_loss: 1.6033872365951538
inter loss 2.6857523918151855, intra loss: 0.0027233189903199673, critic loss: 1.6125408411026
recommendation_loss: 1.43864107131958, critic_loss: 1.6125408411026
inter loss 2.6814804077148438, intra loss: 0.0027206719387322664, critic loss: 1.6099765300750732
recommendation_loss: 1.4173333644866943, critic_loss: 1.6099765300750732
inter loss 2.6865978240966797, intra loss: 0.0027487734332680702, critic loss: 1.6130582094192505
recommendation_loss: 1.4273686408996582, critic_loss: 1.6130582094192505
inter loss 2.642691135406494, intra loss: 0.0027500640135258436, critic loss: 1.5867148637771606
recommendation_loss: 1.4180824756622314, critic_loss: 1.5867148637771606
inter loss 2.661168098449707, intra loss: 0.002756862435489893, critic loss: 1.5978035926818848
recommendation_loss: 1.3296631574630737, critic_loss: 1.5978035926818848
inter loss 2.6725001335144043, intra loss: 0.0027568007353693247, critic loss: 1.6046028137207031
recommendation_loss: 1.378913164138794, critic_loss: 1.6046028137207031
inter loss 2.6562883853912354, intra loss: 0.0027361190877854824, critic loss: 1.5948675870895386
recommendation_loss: 1.4084886312484741, critic_loss: 1.5948675870895386
inter loss 2.6964051723480225, intra loss: 0.0027444527950137854, critic loss: 1.6189409494400024
recommendation_loss: 1.4507957696914673, critic_loss: 1.6189409494400024
inter loss 2.6793699264526367, intra loss: 0.0027323486283421516, critic loss: 1.6087149381637573
recommendation_loss: 1.36027193069458, critic_loss: 1.6087149381637573
inter loss 2.673988103866577, intra loss: 0.002740078140050173, critic loss: 1.605488896369934
recommendation_loss: 1.5147876739501953, critic_loss: 1.605488896369934
inter loss 2.7017464637756348, intra loss: 0.0027191205881536007, critic loss: 1.6221356391906738
recommendation_loss: 1.3998610973358154, critic_loss: 1.6221356391906738
inter loss 2.6557741165161133, intra loss: 0.002748810453340411, critic loss: 1.5945639610290527
recommendation_loss: 1.4577620029449463, critic_loss: 1.5945639610290527
inter loss 2.6432201862335205, intra loss: 0.0027567194774746895, critic loss: 1.587034821510315
recommendation_loss: 1.4511760473251343, critic_loss: 1.587034821510315
inter loss 2.6400904655456543, intra loss: 0.002742200857028365, critic loss: 1.585151195526123
recommendation_loss: 1.496595859527588, critic_loss: 1.585151195526123
inter loss 2.6383676528930664, intra loss: 0.002754921093583107, critic loss: 1.584122657775879
recommendation_loss: 1.4048937559127808, critic_loss: 1.584122657775879
inter loss 2.6893820762634277, intra loss: 0.00275104190222919, critic loss: 1.6147297620773315
recommendation_loss: 1.4377326965332031, critic_loss: 1.6147297620773315
inter loss 2.6653571128845215, intra loss: 0.002755839377641678, critic loss: 1.6003166437149048
recommendation_loss: 1.349149227142334, critic_loss: 1.6003166437149048
inter loss 2.6513006687164307, intra loss: 0.002744190162047744, critic loss: 1.5918781757354736
recommendation_loss: 1.4102956056594849, critic_loss: 1.5918781757354736
inter loss 2.671813488006592, intra loss: 0.002743492601439357, critic loss: 1.6041855812072754
recommendation_loss: 1.3948217630386353, critic_loss: 1.6041855812072754
inter loss 2.645500659942627, intra loss: 0.002751109888777137, critic loss: 1.5884008407592773
recommendation_loss: 1.4818511009216309, critic_loss: 1.5884008407592773
inter loss 2.6822893619537354, intra loss: 0.00274403253570199, critic loss: 1.610471248626709
recommendation_loss: 1.4186866283416748, critic_loss: 1.610471248626709
inter loss 2.6701838970184326, intra loss: 0.002741200150921941, critic loss: 1.6032068729400635
recommendation_loss: 1.4471200704574585, critic_loss: 1.6032068729400635
inter loss 2.6980371475219727, intra loss: 0.0027413773350417614, critic loss: 1.619918942451477
recommendation_loss: 1.4609464406967163, critic_loss: 1.619918942451477
inter loss 2.651729106903076, intra loss: 0.0027547453064471483, critic loss: 1.5921393632888794
recommendation_loss: 1.4148075580596924, critic_loss: 1.5921393632888794
inter loss 2.699418544769287, intra loss: 0.0027509978972375393, critic loss: 1.6207516193389893
recommendation_loss: 1.3904441595077515, critic_loss: 1.6207516193389893
inter loss 2.7032999992370605, intra loss: 0.0027352392207831144, critic loss: 1.6230741739273071
recommendation_loss: 1.4009703397750854, critic_loss: 1.6230741739273071
inter loss 2.649256467819214, intra loss: 0.002730737905949354, critic loss: 1.5906462669372559
recommendation_loss: 1.506420612335205, critic_loss: 1.5906462669372559
inter loss 2.6672730445861816, intra loss: 0.0027595562860369682, critic loss: 1.6014677286148071
recommendation_loss: 1.408080816268921, critic_loss: 1.6014677286148071
inter loss 2.6859123706817627, intra loss: 0.002745829289779067, critic loss: 1.6126457452774048
recommendation_loss: 1.4554002285003662, critic_loss: 1.6126457452774048
inter loss 2.6947731971740723, intra loss: 0.0027659530751407146, critic loss: 1.61797034740448
recommendation_loss: 1.361332654953003, critic_loss: 1.61797034740448
inter loss 2.6638436317443848, intra loss: 0.0027581648901104927, critic loss: 1.599409580230713
recommendation_loss: 1.3898593187332153, critic_loss: 1.599409580230713
inter loss 2.6594252586364746, intra loss: 0.002770717954263091, critic loss: 1.5967634916305542
recommendation_loss: 1.4714686870574951, critic_loss: 1.5967634916305542
inter loss 2.656857967376709, intra loss: 0.0027639863546937704, critic loss: 1.5952204465866089
recommendation_loss: 1.4386515617370605, critic_loss: 1.5952204465866089
inter loss 2.6347291469573975, intra loss: 0.0027552004903554916, critic loss: 1.581939697265625
recommendation_loss: 1.4112290143966675, critic_loss: 1.581939697265625
inter loss 2.6639153957366943, intra loss: 0.0027642701752483845, critic loss: 1.5994549989700317
recommendation_loss: 1.3934656381607056, critic_loss: 1.5994549989700317
inter loss 2.6367437839508057, intra loss: 0.002749504055827856, critic loss: 1.5831462144851685
recommendation_loss: 1.4603720903396606, critic_loss: 1.5831462144851685
inter loss 2.642244338989258, intra loss: 0.0027556894347071648, critic loss: 1.5864490270614624
recommendation_loss: 1.4791678190231323, critic_loss: 1.5864490270614624
inter loss 2.6522302627563477, intra loss: 0.0027572885155677795, critic loss: 1.592441201210022
recommendation_loss: 1.4765677452087402, critic_loss: 1.592441201210022
inter loss 2.6529664993286133, intra loss: 0.002741036703810096, critic loss: 1.5928763151168823
recommendation_loss: 1.417360782623291, critic_loss: 1.5928763151168823
inter loss 2.6296544075012207, intra loss: 0.0027596107684075832, critic loss: 1.5788966417312622
recommendation_loss: 1.5220277309417725, critic_loss: 1.5788966417312622
inter loss 2.645082950592041, intra loss: 0.0027567637152969837, critic loss: 1.588152527809143
recommendation_loss: 1.342761516571045, critic_loss: 1.588152527809143
inter loss 2.6931252479553223, intra loss: 0.002752767875790596, critic loss: 1.6169763803482056
recommendation_loss: 1.5216412544250488, critic_loss: 1.6169763803482056
inter loss 2.6878738403320312, intra loss: 0.002765791257843375, critic loss: 1.6138306856155396
recommendation_loss: 1.4562134742736816, critic_loss: 1.6138306856155396
inter loss 2.6939890384674072, intra loss: 0.0027451040223240852, critic loss: 1.6174914836883545
recommendation_loss: 1.3647608757019043, critic_loss: 1.6174914836883545
inter loss 2.7323412895202637, intra loss: 0.0027368124574422836, critic loss: 1.6404995918273926
recommendation_loss: 1.5036141872406006, critic_loss: 1.6404995918273926
inter loss 2.6902761459350586, intra loss: 0.0027239981573075056, critic loss: 1.615255355834961
recommendation_loss: 1.4436383247375488, critic_loss: 1.615255355834961
inter loss 2.6712803840637207, intra loss: 0.0027621572371572256, critic loss: 1.6038731336593628
recommendation_loss: 1.4483113288879395, critic_loss: 1.6038731336593628
inter loss 2.6863317489624023, intra loss: 0.002751920372247696, critic loss: 1.612899899482727
recommendation_loss: 1.5043318271636963, critic_loss: 1.612899899482727
2024-08-09 18:37:38.537903: step 2432/24320 (epoch 8/80), loss = 1.494310 (33.861 sec/epoch), lr: 0.003000
Evaluating on dev set...
...........................
source: 	 mrr: 0.033476	 ndcg_5: 0.0213	 ndcg_10: 0.0327	 hit@1:0.007241	 hit@5:0.0355	 hit@10: 0.0717
target: 	 mrr: 0.034794	 ndcg_5: 0.0264	 ndcg_10: 0.0375	 hit@1:0.009059	 hit@5:0.0418	 hit@10: 0.0767
epoch 8: train_loss = 1.494310, source_hit@10 = 0.0717, source_ndcg@10 = 0.0327, target_hit@10 = 0.0767, target_ndcg@10 = 0.0375

inter loss 2.6688649654388428, intra loss: 0.0027506514452397823, critic loss: 1.602419376373291
recommendation_loss: 1.4476172924041748, critic_loss: 1.602419376373291
inter loss 2.6601481437683105, intra loss: 0.0027464202139526606, critic loss: 1.5971875190734863
recommendation_loss: 1.4043703079223633, critic_loss: 1.5971875190734863
inter loss 2.6554391384124756, intra loss: 0.002753082662820816, critic loss: 1.5943647623062134
recommendation_loss: 1.3957922458648682, critic_loss: 1.5943647623062134
inter loss 2.650766372680664, intra loss: 0.00275210477411747, critic loss: 1.5915608406066895
recommendation_loss: 1.362391471862793, critic_loss: 1.5915608406066895
inter loss 2.671762466430664, intra loss: 0.0027572547551244497, critic loss: 1.6041604280471802
recommendation_loss: 1.4194881916046143, critic_loss: 1.6041604280471802
inter loss 2.656284809112549, intra loss: 0.0027633083518594503, critic loss: 1.5948762893676758
recommendation_loss: 1.4529790878295898, critic_loss: 1.5948762893676758
inter loss 2.6394364833831787, intra loss: 0.0027591614052653313, critic loss: 1.5847655534744263
recommendation_loss: 1.4241621494293213, critic_loss: 1.5847655534744263
inter loss 2.6597015857696533, intra loss: 0.002746997633948922, critic loss: 1.5969197750091553
recommendation_loss: 1.439687728881836, critic_loss: 1.5969197750091553
inter loss 2.660067319869995, intra loss: 0.002756612841039896, critic loss: 1.5971431732177734
recommendation_loss: 1.4124491214752197, critic_loss: 1.5971431732177734
inter loss 2.664336681365967, intra loss: 0.002761788433417678, critic loss: 1.599706768989563
recommendation_loss: 1.424727439880371, critic_loss: 1.599706768989563
inter loss 2.6679024696350098, intra loss: 0.0027492966037243605, critic loss: 1.6018412113189697
recommendation_loss: 1.4836997985839844, critic_loss: 1.6018412113189697
inter loss 2.6845712661743164, intra loss: 0.00272519513964653, critic loss: 1.611832857131958
recommendation_loss: 1.3775800466537476, critic_loss: 1.611832857131958
inter loss 2.6279101371765137, intra loss: 0.0027218004688620567, critic loss: 1.5778348445892334
recommendation_loss: 1.469679594039917, critic_loss: 1.5778348445892334
inter loss 2.6591482162475586, intra loss: 0.002738905604928732, critic loss: 1.5965845584869385
recommendation_loss: 1.376600980758667, critic_loss: 1.5965845584869385
inter loss 2.6750099658966064, intra loss: 0.002746226266026497, critic loss: 1.6061046123504639
recommendation_loss: 1.543376088142395, critic_loss: 1.6061046123504639
inter loss 2.6682991981506348, intra loss: 0.002737441100180149, critic loss: 1.6020745038986206
recommendation_loss: 1.428125262260437, critic_loss: 1.6020745038986206
inter loss 2.667672634124756, intra loss: 0.002756009344011545, critic loss: 1.6017061471939087
recommendation_loss: 1.3551084995269775, critic_loss: 1.6017061471939087
inter loss 2.668961524963379, intra loss: 0.0027634850703179836, critic loss: 1.6024824380874634
recommendation_loss: 1.4595304727554321, critic_loss: 1.6024824380874634
inter loss 2.7040579319000244, intra loss: 0.0027523727621883154, critic loss: 1.6235357522964478
recommendation_loss: 1.4084982872009277, critic_loss: 1.6235357522964478
inter loss 2.6183223724365234, intra loss: 0.0027439044788479805, critic loss: 1.5720911026000977
recommendation_loss: 1.483633041381836, critic_loss: 1.5720911026000977
inter loss 2.645627975463867, intra loss: 0.0027263902593404055, critic loss: 1.5884673595428467
recommendation_loss: 1.4900689125061035, critic_loss: 1.5884673595428467
inter loss 2.6802587509155273, intra loss: 0.0027619022876024246, critic loss: 1.609260082244873
recommendation_loss: 1.375830888748169, critic_loss: 1.609260082244873
inter loss 2.6428704261779785, intra loss: 0.00274371774867177, critic loss: 1.5868197679519653
recommendation_loss: 1.4409445524215698, critic_loss: 1.5868197679519653
inter loss 2.6629042625427246, intra loss: 0.002750139683485031, critic loss: 1.598842740058899
recommendation_loss: 1.410084843635559, critic_loss: 1.598842740058899
inter loss 2.670152187347412, intra loss: 0.0027488921768963337, critic loss: 1.6031910181045532
recommendation_loss: 1.393225908279419, critic_loss: 1.6031910181045532
inter loss 2.6444246768951416, intra loss: 0.002743327524513006, critic loss: 1.5877522230148315
recommendation_loss: 1.3667494058609009, critic_loss: 1.5877522230148315
inter loss 2.643710136413574, intra loss: 0.0027609840035438538, critic loss: 1.5873304605484009
recommendation_loss: 1.4015716314315796, critic_loss: 1.5873304605484009
inter loss 2.680377244949341, intra loss: 0.0027609355747699738, critic loss: 1.6093307733535767
recommendation_loss: 1.3950140476226807, critic_loss: 1.6093307733535767
inter loss 2.67081356048584, intra loss: 0.0027241879142820835, critic loss: 1.6035778522491455
recommendation_loss: 1.3944436311721802, critic_loss: 1.6035778522491455
inter loss 2.6431884765625, intra loss: 0.0027470383793115616, critic loss: 1.5870120525360107
recommendation_loss: 1.4685759544372559, critic_loss: 1.5870120525360107
inter loss 2.6434600353240967, intra loss: 0.0027455464005470276, critic loss: 1.587174415588379
recommendation_loss: 1.3837038278579712, critic_loss: 1.587174415588379
inter loss 2.678225040435791, intra loss: 0.0027397526428103447, critic loss: 1.6080310344696045
recommendation_loss: 1.3823132514953613, critic_loss: 1.6080310344696045
inter loss 2.6313164234161377, intra loss: 0.0027499583084136248, critic loss: 1.5798898935317993
recommendation_loss: 1.5193252563476562, critic_loss: 1.5798898935317993
inter loss 2.6779026985168457, intra loss: 0.002736750990152359, critic loss: 1.607836365699768
recommendation_loss: 1.392699956893921, critic_loss: 1.607836365699768
inter loss 2.6616902351379395, intra loss: 0.0027709691785275936, critic loss: 1.5981225967407227
recommendation_loss: 1.377453088760376, critic_loss: 1.5981225967407227
inter loss 2.633650541305542, intra loss: 0.0027512446977198124, critic loss: 1.5812909603118896
recommendation_loss: 1.3944817781448364, critic_loss: 1.5812909603118896
inter loss 2.6538054943084717, intra loss: 0.002754108514636755, critic loss: 1.5933849811553955
recommendation_loss: 1.4424933195114136, critic_loss: 1.5933849811553955
inter loss 2.6405997276306152, intra loss: 0.0027374166529625654, critic loss: 1.5854548215866089
recommendation_loss: 1.4270268678665161, critic_loss: 1.5854548215866089
inter loss 2.6424942016601562, intra loss: 0.0027600834146142006, critic loss: 1.5866005420684814
recommendation_loss: 1.4378118515014648, critic_loss: 1.5866005420684814
inter loss 2.6424622535705566, intra loss: 0.0027658899780362844, critic loss: 1.5865838527679443
recommendation_loss: 1.4760587215423584, critic_loss: 1.5865838527679443
inter loss 2.6497995853424072, intra loss: 0.0027520996518433094, critic loss: 1.5909807682037354
recommendation_loss: 1.3453043699264526, critic_loss: 1.5909807682037354
inter loss 2.660264492034912, intra loss: 0.0027374434284865856, critic loss: 1.597253680229187
recommendation_loss: 1.4465101957321167, critic_loss: 1.597253680229187
inter loss 2.654956817626953, intra loss: 0.0027522272430360317, critic loss: 1.594075083732605
recommendation_loss: 1.4320465326309204, critic_loss: 1.594075083732605
inter loss 2.6551592350006104, intra loss: 0.002748129889369011, critic loss: 1.5941948890686035
recommendation_loss: 1.5133291482925415, critic_loss: 1.5941948890686035
inter loss 2.6953184604644775, intra loss: 0.0027422690764069557, critic loss: 1.6182881593704224
recommendation_loss: 1.4301848411560059, critic_loss: 1.6182881593704224
inter loss 2.633502960205078, intra loss: 0.0027542884927242994, critic loss: 1.581203579902649
recommendation_loss: 1.4003151655197144, critic_loss: 1.581203579902649
inter loss 2.6770553588867188, intra loss: 0.0027449429035186768, critic loss: 1.6073312759399414
recommendation_loss: 1.460108757019043, critic_loss: 1.6073312759399414
inter loss 2.690869092941284, intra loss: 0.0027379170060157776, critic loss: 1.6156166791915894
recommendation_loss: 1.3465147018432617, critic_loss: 1.6156166791915894
inter loss 2.6692874431610107, intra loss: 0.0027647255919873714, critic loss: 1.6026784181594849
recommendation_loss: 1.4501776695251465, critic_loss: 1.6026784181594849
inter loss 2.636345863342285, intra loss: 0.0027398185338824987, critic loss: 1.582903504371643
recommendation_loss: 1.448653221130371, critic_loss: 1.582903504371643
inter loss 2.6604974269866943, intra loss: 0.0027524770703166723, critic loss: 1.5973995923995972
recommendation_loss: 1.4493392705917358, critic_loss: 1.5973995923995972
inter loss 2.6512532234191895, intra loss: 0.002765279496088624, critic loss: 1.591858148574829
recommendation_loss: 1.4339543581008911, critic_loss: 1.591858148574829
inter loss 2.6641759872436523, intra loss: 0.002769533544778824, critic loss: 1.5996134281158447
recommendation_loss: 1.4747710227966309, critic_loss: 1.5996134281158447
inter loss 2.633248805999756, intra loss: 0.002747581573203206, critic loss: 1.5810483694076538
recommendation_loss: 1.3926225900650024, critic_loss: 1.5810483694076538
inter loss 2.646052837371826, intra loss: 0.002741757780313492, critic loss: 1.5887285470962524
recommendation_loss: 1.4549955129623413, critic_loss: 1.5887285470962524
inter loss 2.622535228729248, intra loss: 0.002758799586445093, critic loss: 1.57462477684021
recommendation_loss: 1.4293222427368164, critic_loss: 1.57462477684021
inter loss 2.668548822402954, intra loss: 0.002758200280368328, critic loss: 1.6022326946258545
recommendation_loss: 1.3626843690872192, critic_loss: 1.6022326946258545
inter loss 2.6407647132873535, intra loss: 0.002762376330792904, critic loss: 1.5855638980865479
recommendation_loss: 1.468088150024414, critic_loss: 1.5855638980865479
inter loss 2.6556711196899414, intra loss: 0.002766285790130496, critic loss: 1.594509243965149
recommendation_loss: 1.3636605739593506, critic_loss: 1.594509243965149
inter loss 2.6586592197418213, intra loss: 0.0027632080018520355, critic loss: 1.5963009595870972
recommendation_loss: 1.4889492988586426, critic_loss: 1.5963009595870972
inter loss 2.657332181930542, intra loss: 0.0027456674724817276, critic loss: 1.5954976081848145
recommendation_loss: 1.4359362125396729, critic_loss: 1.5954976081848145
inter loss 2.6525521278381348, intra loss: 0.0027501070871949196, critic loss: 1.592631459236145
recommendation_loss: 1.3859081268310547, critic_loss: 1.592631459236145
inter loss 2.682328701019287, intra loss: 0.002761980751529336, critic loss: 1.6105021238327026
recommendation_loss: 1.4568032026290894, critic_loss: 1.6105021238327026
inter loss 2.661747932434082, intra loss: 0.00275711459107697, critic loss: 1.598151683807373
recommendation_loss: 1.458465814590454, critic_loss: 1.598151683807373
inter loss 2.676064968109131, intra loss: 0.0027510556392371655, critic loss: 1.6067395210266113
recommendation_loss: 1.4573593139648438, critic_loss: 1.6067395210266113
inter loss 2.670799732208252, intra loss: 0.0027606431394815445, critic loss: 1.6035841703414917
recommendation_loss: 1.3374221324920654, critic_loss: 1.6035841703414917
inter loss 2.6432323455810547, intra loss: 0.0027444418519735336, critic loss: 1.5870373249053955
recommendation_loss: 1.4344565868377686, critic_loss: 1.5870373249053955
inter loss 2.6556873321533203, intra loss: 0.002754773013293743, critic loss: 1.5945143699645996
recommendation_loss: 1.423295497894287, critic_loss: 1.5945143699645996
inter loss 2.6828696727752686, intra loss: 0.002759012393653393, critic loss: 1.610825538635254
recommendation_loss: 1.4568204879760742, critic_loss: 1.610825538635254
inter loss 2.6409482955932617, intra loss: 0.0027405661530792713, critic loss: 1.5856653451919556
recommendation_loss: 1.462626576423645, critic_loss: 1.5856653451919556
inter loss 2.6475470066070557, intra loss: 0.002753620268777013, critic loss: 1.5896297693252563
recommendation_loss: 1.2890738248825073, critic_loss: 1.5896297693252563
inter loss 2.671602725982666, intra loss: 0.0027577485889196396, critic loss: 1.604064702987671
recommendation_loss: 1.3802303075790405, critic_loss: 1.604064702987671
inter loss 2.6549248695373535, intra loss: 0.0027402762789279222, critic loss: 1.5940511226654053
recommendation_loss: 1.41167414188385, critic_loss: 1.5940511226654053
inter loss 2.6718225479125977, intra loss: 0.0027556654531508684, critic loss: 1.6041958332061768
recommendation_loss: 1.3782756328582764, critic_loss: 1.6041958332061768
inter loss 2.6528966426849365, intra loss: 0.002746359445154667, critic loss: 1.592836618423462
recommendation_loss: 1.4144684076309204, critic_loss: 1.592836618423462
inter loss 2.6622655391693115, intra loss: 0.0027611637488007545, critic loss: 1.5984638929367065
recommendation_loss: 1.4524717330932617, critic_loss: 1.5984638929367065
inter loss 2.6463816165924072, intra loss: 0.0027339416556060314, critic loss: 1.5889226198196411
recommendation_loss: 1.3661909103393555, critic_loss: 1.5889226198196411
inter loss 2.6736674308776855, intra loss: 0.0027646105736494064, critic loss: 1.6053062677383423
recommendation_loss: 1.3779336214065552, critic_loss: 1.6053062677383423
inter loss 2.6692585945129395, intra loss: 0.0027405046857893467, critic loss: 1.6026514768600464
recommendation_loss: 1.3943209648132324, critic_loss: 1.6026514768600464
inter loss 2.6377599239349365, intra loss: 0.0027730942238122225, critic loss: 1.5837652683258057
recommendation_loss: 1.4989429712295532, critic_loss: 1.5837652683258057
inter loss 2.6623497009277344, intra loss: 0.002760397968813777, critic loss: 1.5985139608383179
recommendation_loss: 1.3599965572357178, critic_loss: 1.5985139608383179
inter loss 2.6655170917510986, intra loss: 0.0027511967346072197, critic loss: 1.6004106998443604
recommendation_loss: 1.3788082599639893, critic_loss: 1.6004106998443604
inter loss 2.6835691928863525, intra loss: 0.0027548938523977995, critic loss: 1.6112436056137085
recommendation_loss: 1.3884927034378052, critic_loss: 1.6112436056137085
inter loss 2.6371359825134277, intra loss: 0.0027684075757861137, critic loss: 1.5833890438079834
recommendation_loss: 1.4390757083892822, critic_loss: 1.5833890438079834
inter loss 2.648557662963867, intra loss: 0.002748456783592701, critic loss: 1.5902340412139893
recommendation_loss: 1.4378390312194824, critic_loss: 1.5902340412139893
inter loss 2.651916980743408, intra loss: 0.0027536198031157255, critic loss: 1.5922517776489258
recommendation_loss: 1.4642767906188965, critic_loss: 1.5922517776489258
inter loss 2.623171329498291, intra loss: 0.002762140240520239, critic loss: 1.575007677078247
recommendation_loss: 1.435389518737793, critic_loss: 1.575007677078247
inter loss 2.6466269493103027, intra loss: 0.0027505881153047085, critic loss: 1.5890763998031616
recommendation_loss: 1.3614789247512817, critic_loss: 1.5890763998031616
inter loss 2.654439926147461, intra loss: 0.0027318550273776054, critic loss: 1.5937567949295044
recommendation_loss: 1.3471429347991943, critic_loss: 1.5937567949295044
inter loss 2.6726016998291016, intra loss: 0.0027622152119874954, critic loss: 1.6046658754348755
recommendation_loss: 1.4156922101974487, critic_loss: 1.6046658754348755
inter loss 2.636875867843628, intra loss: 0.0027385144494473934, critic loss: 1.5832209587097168
recommendation_loss: 1.3277477025985718, critic_loss: 1.5832209587097168
inter loss 2.6470401287078857, intra loss: 0.0027392366901040077, critic loss: 1.5893198251724243
recommendation_loss: 1.399082899093628, critic_loss: 1.5893198251724243
inter loss 2.6691956520080566, intra loss: 0.002742074429988861, critic loss: 1.6026142835617065
recommendation_loss: 1.3904322385787964, critic_loss: 1.6026142835617065
inter loss 2.689990282058716, intra loss: 0.0027318322099745274, critic loss: 1.6150870323181152
recommendation_loss: 1.313177466392517, critic_loss: 1.6150870323181152
inter loss 2.647001028060913, intra loss: 0.002731558633968234, critic loss: 1.589293360710144
recommendation_loss: 1.391899585723877, critic_loss: 1.589293360710144
inter loss 2.659315586090088, intra loss: 0.0027354490011930466, critic loss: 1.5966836214065552
recommendation_loss: 1.3604328632354736, critic_loss: 1.5966836214065552
inter loss 2.653787136077881, intra loss: 0.0027346236165612936, critic loss: 1.593366265296936
recommendation_loss: 1.427182674407959, critic_loss: 1.593366265296936
inter loss 2.6604533195495605, intra loss: 0.002734406152740121, critic loss: 1.5973658561706543
recommendation_loss: 1.3568336963653564, critic_loss: 1.5973658561706543
inter loss 2.6515183448791504, intra loss: 0.002757100621238351, critic loss: 1.5920138359069824
recommendation_loss: 1.4124583005905151, critic_loss: 1.5920138359069824
inter loss 2.6573524475097656, intra loss: 0.002752074506133795, critic loss: 1.5955122709274292
recommendation_loss: 1.3781864643096924, critic_loss: 1.5955122709274292
inter loss 2.6530568599700928, intra loss: 0.002750902436673641, critic loss: 1.592934489250183
recommendation_loss: 1.4493104219436646, critic_loss: 1.592934489250183
inter loss 2.652216911315918, intra loss: 0.0027586673386394978, critic loss: 1.5924336910247803
recommendation_loss: 1.3431569337844849, critic_loss: 1.5924336910247803
inter loss 2.640225410461426, intra loss: 0.0027261655777692795, critic loss: 1.5852257013320923
recommendation_loss: 1.4581630229949951, critic_loss: 1.5852257013320923
inter loss 2.670714855194092, intra loss: 0.0027360115200281143, critic loss: 1.6035234928131104
recommendation_loss: 1.4329668283462524, critic_loss: 1.6035234928131104
inter loss 2.6563053131103516, intra loss: 0.002745654433965683, critic loss: 1.594881534576416
recommendation_loss: 1.4641683101654053, critic_loss: 1.594881534576416
inter loss 2.6389002799987793, intra loss: 0.0027571236714720726, critic loss: 1.5844430923461914
recommendation_loss: 1.39174485206604, critic_loss: 1.5844430923461914
inter loss 2.635190010070801, intra loss: 0.0027377018705010414, critic loss: 1.5822091102600098
recommendation_loss: 1.46169114112854, critic_loss: 1.5822091102600098
inter loss 2.645371913909912, intra loss: 0.002735965885221958, critic loss: 1.5883175134658813
recommendation_loss: 1.2644702196121216, critic_loss: 1.5883175134658813
inter loss 2.676255226135254, intra loss: 0.0027345912531018257, critic loss: 1.6068470478057861
recommendation_loss: 1.3600865602493286, critic_loss: 1.6068470478057861
inter loss 2.642435073852539, intra loss: 0.002745984122157097, critic loss: 1.586559534072876
recommendation_loss: 1.3790521621704102, critic_loss: 1.586559534072876
inter loss 2.6815342903137207, intra loss: 0.0027302245143800974, critic loss: 1.6100127696990967
recommendation_loss: 1.5020716190338135, critic_loss: 1.6100127696990967
inter loss 2.6491241455078125, intra loss: 0.002732169348746538, critic loss: 1.5905674695968628
recommendation_loss: 1.4586961269378662, critic_loss: 1.5905674695968628
inter loss 2.646500587463379, intra loss: 0.0027455368544906378, critic loss: 1.588998556137085
recommendation_loss: 1.440781831741333, critic_loss: 1.588998556137085
inter loss 2.656663417816162, intra loss: 0.0027211017441004515, critic loss: 1.5950865745544434
recommendation_loss: 1.495709776878357, critic_loss: 1.5950865745544434
inter loss 2.6606829166412354, intra loss: 0.002720740158110857, critic loss: 1.5974980592727661
recommendation_loss: 1.434497594833374, critic_loss: 1.5974980592727661
inter loss 2.6677517890930176, intra loss: 0.002732045017182827, critic loss: 1.6017439365386963
recommendation_loss: 1.421032190322876, critic_loss: 1.6017439365386963
inter loss 2.6661086082458496, intra loss: 0.0027394224889576435, critic loss: 1.60076105594635
recommendation_loss: 1.4914520978927612, critic_loss: 1.60076105594635
inter loss 2.6471123695373535, intra loss: 0.0027308259159326553, critic loss: 1.5893597602844238
recommendation_loss: 1.5233559608459473, critic_loss: 1.5893597602844238
inter loss 2.636192798614502, intra loss: 0.0027428576722741127, critic loss: 1.5828129053115845
recommendation_loss: 1.3966965675354004, critic_loss: 1.5828129053115845
inter loss 2.659191608428955, intra loss: 0.00274765957146883, critic loss: 1.596614122390747
recommendation_loss: 1.3921451568603516, critic_loss: 1.596614122390747
inter loss 2.6386587619781494, intra loss: 0.0027643211651593447, critic loss: 1.5843011140823364
recommendation_loss: 1.3111129999160767, critic_loss: 1.5843011140823364
inter loss 2.6661601066589355, intra loss: 0.002728675492107868, critic loss: 1.60078763961792
recommendation_loss: 1.337958812713623, critic_loss: 1.60078763961792
inter loss 2.6897568702697754, intra loss: 0.0027268552221357822, critic loss: 1.6149449348449707
recommendation_loss: 1.3966426849365234, critic_loss: 1.6149449348449707
inter loss 2.6625139713287354, intra loss: 0.002752547152340412, critic loss: 1.598609447479248
recommendation_loss: 1.4797258377075195, critic_loss: 1.598609447479248
inter loss 2.6915388107299805, intra loss: 0.0027439771220088005, critic loss: 1.616020917892456
recommendation_loss: 1.3508245944976807, critic_loss: 1.616020917892456
inter loss 2.6645379066467285, intra loss: 0.00273312209174037, critic loss: 1.599816083908081
recommendation_loss: 1.4366989135742188, critic_loss: 1.599816083908081
inter loss 2.673194408416748, intra loss: 0.002740387571975589, critic loss: 1.6050128936767578
recommendation_loss: 1.3982049226760864, critic_loss: 1.6050128936767578
inter loss 2.658535957336426, intra loss: 0.002783865435048938, critic loss: 1.5962351560592651
recommendation_loss: 1.324505090713501, critic_loss: 1.5962351560592651
inter loss 2.6671628952026367, intra loss: 0.002767365425825119, critic loss: 1.6014047861099243
recommendation_loss: 1.433871865272522, critic_loss: 1.6014047861099243
inter loss 2.6938982009887695, intra loss: 0.0027414958458393812, critic loss: 1.6174355745315552
recommendation_loss: 1.496187448501587, critic_loss: 1.6174355745315552
inter loss 2.624201774597168, intra loss: 0.00275892554782331, critic loss: 1.575624704360962
recommendation_loss: 1.3440568447113037, critic_loss: 1.575624704360962
inter loss 2.643111228942871, intra loss: 0.0027366066351532936, critic loss: 1.5869615077972412
recommendation_loss: 1.450725793838501, critic_loss: 1.5869615077972412
inter loss 2.648873805999756, intra loss: 0.0027545946650207043, critic loss: 1.5904262065887451
recommendation_loss: 1.4068539142608643, critic_loss: 1.5904262065887451
inter loss 2.6374154090881348, intra loss: 0.0027622394263744354, critic loss: 1.5835542678833008
recommendation_loss: 1.5041112899780273, critic_loss: 1.5835542678833008
inter loss 2.6357178688049316, intra loss: 0.0027591558173298836, critic loss: 1.5825344324111938
recommendation_loss: 1.5024864673614502, critic_loss: 1.5825344324111938
inter loss 2.6671082973480225, intra loss: 0.002747538033872843, critic loss: 1.601364016532898
recommendation_loss: 1.4417636394500732, critic_loss: 1.601364016532898
inter loss 2.6736621856689453, intra loss: 0.0027262847870588303, critic loss: 1.6052879095077515
recommendation_loss: 1.427363634109497, critic_loss: 1.6052879095077515
inter loss 2.6803998947143555, intra loss: 0.0027373414486646652, critic loss: 1.609334945678711
recommendation_loss: 1.383220911026001, critic_loss: 1.609334945678711
inter loss 2.631765842437744, intra loss: 0.002735561691224575, critic loss: 1.5801538228988647
recommendation_loss: 1.4464819431304932, critic_loss: 1.5801538228988647
inter loss 2.6644697189331055, intra loss: 0.002745760139077902, critic loss: 1.5997802019119263
recommendation_loss: 1.4182283878326416, critic_loss: 1.5997802019119263
inter loss 2.6447548866271973, intra loss: 0.0027700094506144524, critic loss: 1.5879610776901245
recommendation_loss: 1.4093763828277588, critic_loss: 1.5879610776901245
inter loss 2.654203414916992, intra loss: 0.0027265185490250587, critic loss: 1.593612790107727
recommendation_loss: 1.3103646039962769, critic_loss: 1.593612790107727
inter loss 2.6487839221954346, intra loss: 0.0027309812139719725, critic loss: 1.5903629064559937
recommendation_loss: 1.3560758829116821, critic_loss: 1.5903629064559937
inter loss 2.6513311862945557, intra loss: 0.002754329703748226, critic loss: 1.5919004678726196
recommendation_loss: 1.4022769927978516, critic_loss: 1.5919004678726196
inter loss 2.6546308994293213, intra loss: 0.0027288999408483505, critic loss: 1.5938701629638672
recommendation_loss: 1.4380857944488525, critic_loss: 1.5938701629638672
inter loss 2.666616916656494, intra loss: 0.0027442302089184523, critic loss: 1.6010679006576538
recommendation_loss: 1.4174796342849731, critic_loss: 1.6010679006576538
inter loss 2.6417899131774902, intra loss: 0.0027309292927384377, critic loss: 1.5861663818359375
recommendation_loss: 1.4362436532974243, critic_loss: 1.5861663818359375
inter loss 2.655426502227783, intra loss: 0.002745231380686164, critic loss: 1.5943540334701538
recommendation_loss: 1.4363354444503784, critic_loss: 1.5943540334701538
inter loss 2.643031597137451, intra loss: 0.0027422220446169376, critic loss: 1.5869158506393433
recommendation_loss: 1.2498421669006348, critic_loss: 1.5869158506393433
inter loss 2.6345996856689453, intra loss: 0.0027327912393957376, critic loss: 1.5818530321121216
recommendation_loss: 1.4584842920303345, critic_loss: 1.5818530321121216
inter loss 2.6668701171875, intra loss: 0.002754184417426586, critic loss: 1.6012238264083862
recommendation_loss: 1.3769865036010742, critic_loss: 1.6012238264083862
inter loss 2.624636173248291, intra loss: 0.002751514781266451, critic loss: 1.5758824348449707
recommendation_loss: 1.391290545463562, critic_loss: 1.5758824348449707
inter loss 2.6245250701904297, intra loss: 0.0027651027776300907, critic loss: 1.5758211612701416
recommendation_loss: 1.4510302543640137, critic_loss: 1.5758211612701416
inter loss 2.6601455211639404, intra loss: 0.0027440700214356184, critic loss: 1.5971850156784058
recommendation_loss: 1.3948915004730225, critic_loss: 1.5971850156784058
inter loss 2.6544382572174072, intra loss: 0.002728033810853958, critic loss: 1.5937542915344238
recommendation_loss: 1.4442553520202637, critic_loss: 1.5937542915344238
inter loss 2.647737979888916, intra loss: 0.002732355846092105, critic loss: 1.589735746383667
recommendation_loss: 1.4272880554199219, critic_loss: 1.589735746383667
inter loss 2.633256196975708, intra loss: 0.002747368300333619, critic loss: 1.5810527801513672
recommendation_loss: 1.3963332176208496, critic_loss: 1.5810527801513672
inter loss 2.6272268295288086, intra loss: 0.002741680247709155, critic loss: 1.5774328708648682
recommendation_loss: 1.3257179260253906, critic_loss: 1.5774328708648682
inter loss 2.664721965789795, intra loss: 0.0027536479756236076, critic loss: 1.599934697151184
recommendation_loss: 1.3704838752746582, critic_loss: 1.599934697151184
inter loss 2.60422945022583, intra loss: 0.002763713477179408, critic loss: 1.563643217086792
recommendation_loss: 1.4234833717346191, critic_loss: 1.563643217086792
inter loss 2.6505260467529297, intra loss: 0.0027342606335878372, critic loss: 1.59140944480896
recommendation_loss: 1.3818243741989136, critic_loss: 1.59140944480896
inter loss 2.6338937282562256, intra loss: 0.0027574882842600346, critic loss: 1.5814393758773804
recommendation_loss: 1.3961803913116455, critic_loss: 1.5814393758773804
inter loss 2.619288921356201, intra loss: 0.0027586519718170166, critic loss: 1.5726768970489502
recommendation_loss: 1.4864311218261719, critic_loss: 1.5726768970489502
inter loss 2.6562206745147705, intra loss: 0.002752795349806547, critic loss: 1.5948336124420166
recommendation_loss: 1.3475232124328613, critic_loss: 1.5948336124420166
inter loss 2.660757541656494, intra loss: 0.002756384201347828, critic loss: 1.5975571870803833
recommendation_loss: 1.3769853115081787, critic_loss: 1.5975571870803833
inter loss 2.642624855041504, intra loss: 0.002769561018794775, critic loss: 1.5866827964782715
recommendation_loss: 1.3964647054672241, critic_loss: 1.5866827964782715
inter loss 2.6372859477996826, intra loss: 0.002732846885919571, critic loss: 1.5834647417068481
recommendation_loss: 1.3421809673309326, critic_loss: 1.5834647417068481
inter loss 2.613752841949463, intra loss: 0.0027570873498916626, critic loss: 1.56935453414917
recommendation_loss: 1.4360822439193726, critic_loss: 1.56935453414917
inter loss 2.652129650115967, intra loss: 0.0027539385482668877, critic loss: 1.5923794507980347
recommendation_loss: 1.3974201679229736, critic_loss: 1.5923794507980347
inter loss 2.630744695663452, intra loss: 0.0027548959478735924, critic loss: 1.5795488357543945
recommendation_loss: 1.3810580968856812, critic_loss: 1.5795488357543945
inter loss 2.633450984954834, intra loss: 0.002728818915784359, critic loss: 1.5811620950698853
recommendation_loss: 1.3895407915115356, critic_loss: 1.5811620950698853
inter loss 2.632859706878662, intra loss: 0.002737064380198717, critic loss: 1.5808106660842896
recommendation_loss: 1.381915807723999, critic_loss: 1.5808106660842896
inter loss 2.63954758644104, intra loss: 0.0027523974422365427, critic loss: 1.5848296880722046
recommendation_loss: 1.4255707263946533, critic_loss: 1.5848296880722046
inter loss 2.646792411804199, intra loss: 0.002764408942312002, critic loss: 1.5891813039779663
recommendation_loss: 1.4580910205841064, critic_loss: 1.5891813039779663
inter loss 2.6349010467529297, intra loss: 0.0027511967346072197, critic loss: 1.5820411443710327
recommendation_loss: 1.4697357416152954, critic_loss: 1.5820411443710327
inter loss 2.648646116256714, intra loss: 0.002760921139270067, critic loss: 1.5902920961380005
recommendation_loss: 1.2944676876068115, critic_loss: 1.5902920961380005
inter loss 2.672445774078369, intra loss: 0.0027527217753231525, critic loss: 1.6045687198638916
recommendation_loss: 1.420820951461792, critic_loss: 1.6045687198638916
inter loss 2.6497907638549805, intra loss: 0.002736621303483844, critic loss: 1.590969204902649
recommendation_loss: 1.318204641342163, critic_loss: 1.590969204902649
inter loss 2.6477932929992676, intra loss: 0.002752885688096285, critic loss: 1.5897772312164307
recommendation_loss: 1.3211764097213745, critic_loss: 1.5897772312164307
inter loss 2.63496470451355, intra loss: 0.002749977633357048, critic loss: 1.5820788145065308
recommendation_loss: 1.3802428245544434, critic_loss: 1.5820788145065308
inter loss 2.656428813934326, intra loss: 0.0027549536898732185, critic loss: 1.5949593782424927
recommendation_loss: 1.3763465881347656, critic_loss: 1.5949593782424927
inter loss 2.6717171669006348, intra loss: 0.0027446008753031492, critic loss: 1.604128122329712
recommendation_loss: 1.4449353218078613, critic_loss: 1.604128122329712
inter loss 2.651170253753662, intra loss: 0.0027327786665409803, critic loss: 1.5917953252792358
recommendation_loss: 1.3120949268341064, critic_loss: 1.5917953252792358
inter loss 2.635758399963379, intra loss: 0.0027514025568962097, critic loss: 1.5825556516647339
recommendation_loss: 1.4991509914398193, critic_loss: 1.5825556516647339
inter loss 2.6453254222869873, intra loss: 0.0027389139868319035, critic loss: 1.588290810585022
recommendation_loss: 1.5399072170257568, critic_loss: 1.588290810585022
inter loss 2.631540298461914, intra loss: 0.0027653160504996777, critic loss: 1.5800304412841797
recommendation_loss: 1.4315284490585327, critic_loss: 1.5800304412841797
inter loss 2.6159605979919434, intra loss: 0.0027636890299618244, critic loss: 1.5706818103790283
recommendation_loss: 1.450687050819397, critic_loss: 1.5706818103790283
inter loss 2.6480798721313477, intra loss: 0.00272833788767457, critic loss: 1.5899393558502197
recommendation_loss: 1.3447052240371704, critic_loss: 1.5899393558502197
inter loss 2.6666197776794434, intra loss: 0.0027389461174607277, critic loss: 1.6010674238204956
recommendation_loss: 1.4164073467254639, critic_loss: 1.6010674238204956
inter loss 2.6522321701049805, intra loss: 0.002755615394562483, critic loss: 1.5924415588378906
recommendation_loss: 1.4393149614334106, critic_loss: 1.5924415588378906
inter loss 2.639080286026001, intra loss: 0.002735142596065998, critic loss: 1.5845423936843872
recommendation_loss: 1.3457434177398682, critic_loss: 1.5845423936843872
inter loss 2.6739134788513184, intra loss: 0.0027090287767350674, critic loss: 1.6054317951202393
recommendation_loss: 1.3854044675827026, critic_loss: 1.6054317951202393
inter loss 2.632779598236084, intra loss: 0.0027398644015192986, critic loss: 1.5807636976242065
recommendation_loss: 1.3631608486175537, critic_loss: 1.5807636976242065
inter loss 2.6283020973205566, intra loss: 0.002733991015702486, critic loss: 1.5780749320983887
recommendation_loss: 1.4424527883529663, critic_loss: 1.5780749320983887
inter loss 2.623105525970459, intra loss: 0.0027347600553184748, critic loss: 1.574957251548767
recommendation_loss: 1.3532006740570068, critic_loss: 1.574957251548767
inter loss 2.6530888080596924, intra loss: 0.0027469792403280735, critic loss: 1.5929521322250366
recommendation_loss: 1.4441646337509155, critic_loss: 1.5929521322250366
inter loss 2.6243042945861816, intra loss: 0.0027539371512830257, critic loss: 1.5756843090057373
recommendation_loss: 1.4685287475585938, critic_loss: 1.5756843090057373
inter loss 2.65252947807312, intra loss: 0.0027698026970028877, critic loss: 1.5926257371902466
recommendation_loss: 1.4231188297271729, critic_loss: 1.5926257371902466
inter loss 2.630990982055664, intra loss: 0.0027618994936347008, critic loss: 1.5796993970870972
recommendation_loss: 1.4009692668914795, critic_loss: 1.5796993970870972
inter loss 2.6275079250335693, intra loss: 0.002758841495960951, critic loss: 1.577608346939087
recommendation_loss: 1.4151371717453003, critic_loss: 1.577608346939087
inter loss 2.641472816467285, intra loss: 0.002727863844484091, critic loss: 1.585974931716919
recommendation_loss: 1.3446687459945679, critic_loss: 1.585974931716919
inter loss 2.629272937774658, intra loss: 0.0027699412312358618, critic loss: 1.5786718130111694
recommendation_loss: 1.3773446083068848, critic_loss: 1.5786718130111694
inter loss 2.628561496734619, intra loss: 0.002725377678871155, critic loss: 1.578227162361145
recommendation_loss: 1.3899540901184082, critic_loss: 1.578227162361145
inter loss 2.6238131523132324, intra loss: 0.0027596261352300644, critic loss: 1.5753918886184692
recommendation_loss: 1.387266993522644, critic_loss: 1.5753918886184692
inter loss 2.6721253395080566, intra loss: 0.0027514209505170584, critic loss: 1.6043758392333984
recommendation_loss: 1.3960254192352295, critic_loss: 1.6043758392333984
inter loss 2.636289596557617, intra loss: 0.002721205120906234, critic loss: 1.582862377166748
recommendation_loss: 1.4564725160598755, critic_loss: 1.582862377166748
inter loss 2.6188278198242188, intra loss: 0.002736178692430258, critic loss: 1.5723912715911865
recommendation_loss: 1.3849198818206787, critic_loss: 1.5723912715911865
inter loss 2.640868663787842, intra loss: 0.0027412944473326206, critic loss: 1.5856177806854248
recommendation_loss: 1.3680552244186401, critic_loss: 1.5856177806854248
inter loss 2.6546742916107178, intra loss: 0.0027237373869866133, critic loss: 1.593894124031067
recommendation_loss: 1.3972519636154175, critic_loss: 1.593894124031067
inter loss 2.644472360610962, intra loss: 0.0027389302849769592, critic loss: 1.5877790451049805
recommendation_loss: 1.4254627227783203, critic_loss: 1.5877790451049805
inter loss 2.632081985473633, intra loss: 0.002759121358394623, critic loss: 1.5803529024124146
recommendation_loss: 1.4431958198547363, critic_loss: 1.5803529024124146
inter loss 2.6552510261535645, intra loss: 0.002733830129727721, critic loss: 1.5942442417144775
recommendation_loss: 1.3796473741531372, critic_loss: 1.5942442417144775
inter loss 2.651695489883423, intra loss: 0.0027502598240971565, critic loss: 1.592117428779602
recommendation_loss: 1.4035065174102783, critic_loss: 1.592117428779602
inter loss 2.6305723190307617, intra loss: 0.002739403862506151, critic loss: 1.5794392824172974
recommendation_loss: 1.4437721967697144, critic_loss: 1.5794392824172974
inter loss 2.6639370918273926, intra loss: 0.0027373647317290306, critic loss: 1.5994572639465332
recommendation_loss: 1.3784396648406982, critic_loss: 1.5994572639465332
inter loss 2.6547555923461914, intra loss: 0.0027503562159836292, critic loss: 1.5939536094665527
recommendation_loss: 1.5289233922958374, critic_loss: 1.5939536094665527
inter loss 2.628958225250244, intra loss: 0.0027530519291758537, critic loss: 1.5784763097763062
recommendation_loss: 1.3903554677963257, critic_loss: 1.5784763097763062
inter loss 2.6537582874298096, intra loss: 0.0027446525637060404, critic loss: 1.5933529138565063
recommendation_loss: 1.42264723777771, critic_loss: 1.5933529138565063
inter loss 2.6541285514831543, intra loss: 0.0027508223429322243, critic loss: 1.59357750415802
recommendation_loss: 1.3638113737106323, critic_loss: 1.59357750415802
inter loss 2.639770984649658, intra loss: 0.0027457529213279486, critic loss: 1.5849609375
recommendation_loss: 1.3767286539077759, critic_loss: 1.5849609375
inter loss 2.6255855560302734, intra loss: 0.002743413206189871, critic loss: 1.576448678970337
recommendation_loss: 1.4486887454986572, critic_loss: 1.576448678970337
inter loss 2.6349897384643555, intra loss: 0.0027469289489090443, critic loss: 1.5820926427841187
recommendation_loss: 1.3788068294525146, critic_loss: 1.5820926427841187
inter loss 2.642317771911621, intra loss: 0.002731960266828537, critic loss: 1.5864834785461426
recommendation_loss: 1.4086899757385254, critic_loss: 1.5864834785461426
inter loss 2.626734733581543, intra loss: 0.002764202421531081, critic loss: 1.5771465301513672
recommendation_loss: 1.4165050983428955, critic_loss: 1.5771465301513672
inter loss 2.658740997314453, intra loss: 0.002768006408587098, critic loss: 1.5963518619537354
recommendation_loss: 1.4135322570800781, critic_loss: 1.5963518619537354
inter loss 2.626680612564087, intra loss: 0.0027275094762444496, critic loss: 1.5770994424819946
recommendation_loss: 1.425708293914795, critic_loss: 1.5770994424819946
inter loss 2.620621919631958, intra loss: 0.002745450008660555, critic loss: 1.5734714269638062
recommendation_loss: 1.4254276752471924, critic_loss: 1.5734714269638062
inter loss 2.665452480316162, intra loss: 0.002764492528513074, critic loss: 1.6003773212432861
recommendation_loss: 1.4032330513000488, critic_loss: 1.6003773212432861
inter loss 2.654262065887451, intra loss: 0.0027606720104813576, critic loss: 1.5936615467071533
recommendation_loss: 1.4790477752685547, critic_loss: 1.5936615467071533
inter loss 2.6332523822784424, intra loss: 0.0027567665092647076, critic loss: 1.5810542106628418
recommendation_loss: 1.307817816734314, critic_loss: 1.5810542106628418
inter loss 2.64346981048584, intra loss: 0.0027477520052343607, critic loss: 1.5871810913085938
recommendation_loss: 1.5069894790649414, critic_loss: 1.5871810913085938
inter loss 2.6289548873901367, intra loss: 0.0027658091858029366, critic loss: 1.5784794092178345
recommendation_loss: 1.5015623569488525, critic_loss: 1.5784794092178345
inter loss 2.6243841648101807, intra loss: 0.002750684041529894, critic loss: 1.5757309198379517
recommendation_loss: 1.397084355354309, critic_loss: 1.5757309198379517
inter loss 2.663144826889038, intra loss: 0.0027504803147166967, critic loss: 1.598987102508545
recommendation_loss: 1.418006420135498, critic_loss: 1.598987102508545
inter loss 2.6522133350372314, intra loss: 0.0027384839486330748, critic loss: 1.592423439025879
recommendation_loss: 1.4735255241394043, critic_loss: 1.592423439025879
inter loss 2.607517719268799, intra loss: 0.002730529522523284, critic loss: 1.5656028985977173
recommendation_loss: 1.522377610206604, critic_loss: 1.5656028985977173
inter loss 2.6147990226745605, intra loss: 0.0027569164521992207, critic loss: 1.5699822902679443
recommendation_loss: 1.439474105834961, critic_loss: 1.5699822902679443
inter loss 2.621492624282837, intra loss: 0.0027414211072027683, critic loss: 1.5739922523498535
recommendation_loss: 1.3875848054885864, critic_loss: 1.5739922523498535
inter loss 2.6528756618499756, intra loss: 0.0027561155147850513, critic loss: 1.5928279161453247
recommendation_loss: 1.3198089599609375, critic_loss: 1.5928279161453247
inter loss 2.6460564136505127, intra loss: 0.002767940517514944, critic loss: 1.5887411832809448
recommendation_loss: 1.3218562602996826, critic_loss: 1.5887411832809448
inter loss 2.6313459873199463, intra loss: 0.002745488891378045, critic loss: 1.5799058675765991
recommendation_loss: 1.329534649848938, critic_loss: 1.5799058675765991
inter loss 2.6317620277404785, intra loss: 0.0027689230628311634, critic loss: 1.580164909362793
recommendation_loss: 1.3563315868377686, critic_loss: 1.580164909362793
inter loss 2.618940830230713, intra loss: 0.0027357882354408503, critic loss: 1.5724588632583618
recommendation_loss: 1.5174243450164795, critic_loss: 1.5724588632583618
inter loss 2.6239843368530273, intra loss: 0.0027501152362674475, critic loss: 1.5754907131195068
recommendation_loss: 1.4517970085144043, critic_loss: 1.5754907131195068
inter loss 2.651808977127075, intra loss: 0.0027642142958939075, critic loss: 1.5921911001205444
recommendation_loss: 1.4501008987426758, critic_loss: 1.5921911001205444
inter loss 2.6493735313415527, intra loss: 0.0027515063993632793, critic loss: 1.5907248258590698
recommendation_loss: 1.4455868005752563, critic_loss: 1.5907248258590698
inter loss 2.6516902446746826, intra loss: 0.0027346215210855007, critic loss: 1.592108130455017
recommendation_loss: 1.4515266418457031, critic_loss: 1.592108130455017
inter loss 2.588127613067627, intra loss: 0.002739117480814457, critic loss: 1.5539722442626953
recommendation_loss: 1.3209507465362549, critic_loss: 1.5539722442626953
inter loss 2.6349740028381348, intra loss: 0.002756700152531266, critic loss: 1.5820871591567993
recommendation_loss: 1.3792991638183594, critic_loss: 1.5820871591567993
inter loss 2.6190152168273926, intra loss: 0.0027564414776861668, critic loss: 1.5725117921829224
recommendation_loss: 1.429837942123413, critic_loss: 1.5725117921829224
inter loss 2.6332318782806396, intra loss: 0.002743973396718502, critic loss: 1.5810368061065674
recommendation_loss: 1.4875295162200928, critic_loss: 1.5810368061065674
inter loss 2.5966196060180664, intra loss: 0.0027416893281042576, critic loss: 1.5590685606002808
recommendation_loss: 1.3937259912490845, critic_loss: 1.5590685606002808
inter loss 2.640105962753296, intra loss: 0.0027308391872793436, critic loss: 1.585155963897705
recommendation_loss: 1.4592597484588623, critic_loss: 1.585155963897705
inter loss 2.6469202041625977, intra loss: 0.002735852962359786, critic loss: 1.5892465114593506
recommendation_loss: 1.453323245048523, critic_loss: 1.5892465114593506
inter loss 2.6476261615753174, intra loss: 0.002723625162616372, critic loss: 1.589665174484253
recommendation_loss: 1.406358003616333, critic_loss: 1.589665174484253
inter loss 2.6310839653015137, intra loss: 0.0027522873133420944, critic loss: 1.5797513723373413
recommendation_loss: 1.423448920249939, critic_loss: 1.5797513723373413
inter loss 2.648611307144165, intra loss: 0.002744963625445962, critic loss: 1.590264916419983
recommendation_loss: 1.3790287971496582, critic_loss: 1.590264916419983
inter loss 2.650907516479492, intra loss: 0.0027505960315465927, critic loss: 1.5916447639465332
recommendation_loss: 1.4292265176773071, critic_loss: 1.5916447639465332
inter loss 2.627398729324341, intra loss: 0.0027311097364872694, critic loss: 1.5775316953659058
recommendation_loss: 1.4449169635772705, critic_loss: 1.5775316953659058
inter loss 2.656280994415283, intra loss: 0.0027506654150784016, critic loss: 1.5948690176010132
recommendation_loss: 1.4681192636489868, critic_loss: 1.5948690176010132
inter loss 2.625897169113159, intra loss: 0.00274234963580966, critic loss: 1.5766353607177734
recommendation_loss: 1.4408191442489624, critic_loss: 1.5766353607177734
inter loss 2.6292519569396973, intra loss: 0.0027422523126006126, critic loss: 1.5786480903625488
recommendation_loss: 1.3545204401016235, critic_loss: 1.5786480903625488
inter loss 2.659316062927246, intra loss: 0.0027375028003007174, critic loss: 1.5966848134994507
recommendation_loss: 1.46425461769104, critic_loss: 1.5966848134994507
inter loss 2.6569581031799316, intra loss: 0.0027534710243344307, critic loss: 1.5952763557434082
recommendation_loss: 1.4326765537261963, critic_loss: 1.5952763557434082
inter loss 2.608520984649658, intra loss: 0.002734243404120207, critic loss: 1.566206455230713
recommendation_loss: 1.3664761781692505, critic_loss: 1.566206455230713
inter loss 2.6794610023498535, intra loss: 0.0027576801367104053, critic loss: 1.6087796688079834
recommendation_loss: 1.3484151363372803, critic_loss: 1.6087796688079834
inter loss 2.6508896350860596, intra loss: 0.002750240731984377, critic loss: 1.591633915901184
recommendation_loss: 1.4101958274841309, critic_loss: 1.591633915901184
inter loss 2.6107349395751953, intra loss: 0.002762157702818513, critic loss: 1.5675458908081055
recommendation_loss: 1.3108479976654053, critic_loss: 1.5675458908081055
inter loss 2.6445019245147705, intra loss: 0.0027401112020015717, critic loss: 1.5877972841262817
recommendation_loss: 1.476813793182373, critic_loss: 1.5877972841262817
inter loss 2.6551008224487305, intra loss: 0.002756780246272683, critic loss: 1.5941632986068726
recommendation_loss: 1.373406171798706, critic_loss: 1.5941632986068726
inter loss 2.622605085372925, intra loss: 0.002766584511846304, critic loss: 1.5746697187423706
recommendation_loss: 1.3574681282043457, critic_loss: 1.5746697187423706
inter loss 2.6188430786132812, intra loss: 0.002765386365354061, critic loss: 1.5724120140075684
recommendation_loss: 1.4255075454711914, critic_loss: 1.5724120140075684
inter loss 2.645102024078369, intra loss: 0.0027531725354492664, critic loss: 1.5881625413894653
recommendation_loss: 1.4944918155670166, critic_loss: 1.5881625413894653
inter loss 2.592021942138672, intra loss: 0.002772189676761627, critic loss: 1.5563220977783203
recommendation_loss: 1.4318089485168457, critic_loss: 1.5563220977783203
inter loss 2.6275434494018555, intra loss: 0.002750893123447895, critic loss: 1.5776264667510986
recommendation_loss: 1.3770145177841187, critic_loss: 1.5776264667510986
inter loss 2.6391377449035645, intra loss: 0.002766610821709037, critic loss: 1.5845893621444702
recommendation_loss: 1.4347643852233887, critic_loss: 1.5845893621444702
inter loss 2.6455514430999756, intra loss: 0.002769598038867116, critic loss: 1.5884387493133545
recommendation_loss: 1.3982291221618652, critic_loss: 1.5884387493133545
inter loss 2.642022132873535, intra loss: 0.0027447789907455444, critic loss: 1.5863112211227417
recommendation_loss: 1.413520336151123, critic_loss: 1.5863112211227417
inter loss 2.6288015842437744, intra loss: 0.0027508623898029327, critic loss: 1.5783812999725342
recommendation_loss: 1.372191071510315, critic_loss: 1.5783812999725342
inter loss 2.618330955505371, intra loss: 0.0027378988452255726, critic loss: 1.5720938444137573
recommendation_loss: 1.3925386667251587, critic_loss: 1.5720938444137573
inter loss 2.606466770172119, intra loss: 0.002756175585091114, critic loss: 1.564982533454895
recommendation_loss: 1.360422134399414, critic_loss: 1.564982533454895
inter loss 2.6227691173553467, intra loss: 0.0027486607432365417, critic loss: 1.5747610330581665
recommendation_loss: 1.340428113937378, critic_loss: 1.5747610330581665
inter loss 2.624161720275879, intra loss: 0.0027495278045535088, critic loss: 1.5755969285964966
recommendation_loss: 1.4471114873886108, critic_loss: 1.5755969285964966
inter loss 2.635266065597534, intra loss: 0.0027694907039403915, critic loss: 1.5822675228118896
recommendation_loss: 1.4749091863632202, critic_loss: 1.5822675228118896
inter loss 2.6194779872894287, intra loss: 0.0027505571488291025, critic loss: 1.5727870464324951
recommendation_loss: 1.4095399379730225, critic_loss: 1.5727870464324951
inter loss 2.634542942047119, intra loss: 0.0027502113953232765, critic loss: 1.581825852394104
recommendation_loss: 1.4161605834960938, critic_loss: 1.581825852394104
inter loss 2.624701499938965, intra loss: 0.002747776685282588, critic loss: 1.5759201049804688
recommendation_loss: 1.4171736240386963, critic_loss: 1.5759201049804688
inter loss 2.654937982559204, intra loss: 0.00275192828848958, critic loss: 1.594063639640808
recommendation_loss: 1.3968944549560547, critic_loss: 1.594063639640808
inter loss 2.681819438934326, intra loss: 0.0027290266007184982, critic loss: 1.6101833581924438
recommendation_loss: 1.430486798286438, critic_loss: 1.6101833581924438
inter loss 2.6395835876464844, intra loss: 0.0027241117786616087, critic loss: 1.584839940071106
recommendation_loss: 1.4628112316131592, critic_loss: 1.584839940071106
inter loss 2.626756191253662, intra loss: 0.002731895539909601, critic loss: 1.5771465301513672
recommendation_loss: 1.4076093435287476, critic_loss: 1.5771465301513672
inter loss 2.639622688293457, intra loss: 0.0027717032935470343, critic loss: 1.584882378578186
recommendation_loss: 1.371779203414917, critic_loss: 1.584882378578186
inter loss 2.6475868225097656, intra loss: 0.0027466227766126394, critic loss: 1.5896507501602173
recommendation_loss: 1.4250988960266113, critic_loss: 1.5896507501602173
inter loss 2.6353790760040283, intra loss: 0.0027279381174594164, critic loss: 1.582318663597107
recommendation_loss: 1.371994137763977, critic_loss: 1.582318663597107
inter loss 2.630061388015747, intra loss: 0.0027359339874237776, critic loss: 1.5791312456130981
recommendation_loss: 1.412858486175537, critic_loss: 1.5791312456130981
inter loss 2.633225917816162, intra loss: 0.0027602706104516983, critic loss: 1.5810397863388062
recommendation_loss: 1.3023972511291504, critic_loss: 1.5810397863388062
inter loss 2.6096348762512207, intra loss: 0.0027546812780201435, critic loss: 1.566882848739624
recommendation_loss: 1.531770944595337, critic_loss: 1.566882848739624
inter loss 2.627556324005127, intra loss: 0.002766184275969863, critic loss: 1.577640414237976
recommendation_loss: 1.4884060621261597, critic_loss: 1.577640414237976
inter loss 2.6189117431640625, intra loss: 0.002762613818049431, critic loss: 1.572452187538147
recommendation_loss: 1.3840539455413818, critic_loss: 1.572452187538147
inter loss 2.6308882236480713, intra loss: 0.002766625490039587, critic loss: 1.5796396732330322
recommendation_loss: 1.4529223442077637, critic_loss: 1.5796396732330322
inter loss 2.6267781257629395, intra loss: 0.002786061493679881, critic loss: 1.577181339263916
recommendation_loss: 1.4239203929901123, critic_loss: 1.577181339263916
inter loss 2.6755456924438477, intra loss: 0.0027502356097102165, critic loss: 1.606427550315857
recommendation_loss: 1.455430507659912, critic_loss: 1.606427550315857
inter loss 2.609919548034668, intra loss: 0.002749877981841564, critic loss: 1.5670517683029175
recommendation_loss: 1.4000535011291504, critic_loss: 1.5670517683029175
inter loss 2.642690658569336, intra loss: 0.0027416846714913845, critic loss: 1.5867111682891846
recommendation_loss: 1.3320941925048828, critic_loss: 1.5867111682891846
2024-08-09 18:38:12.253343: step 2736/24320 (epoch 9/80), loss = 1.465589 (33.427 sec/epoch), lr: 0.003000
Evaluating on dev set...
...........................
source: 	 mrr: 0.034421	 ndcg_5: 0.0254	 ndcg_10: 0.0315	 hit@1:0.012310	 hit@5:0.0391	 hit@10: 0.0579
target: 	 mrr: 0.037781	 ndcg_5: 0.0318	 ndcg_10: 0.0387	 hit@1:0.013937	 hit@5:0.0509	 hit@10: 0.0718
epoch 9: train_loss = 1.465589, source_hit@10 = 0.0579, source_ndcg@10 = 0.0315, target_hit@10 = 0.0718, target_ndcg@10 = 0.0387

inter loss 2.6604909896850586, intra loss: 0.0027317546773701906, critic loss: 1.5973873138427734
recommendation_loss: 1.4530055522918701, critic_loss: 1.5973873138427734
inter loss 2.632519006729126, intra loss: 0.002716660499572754, critic loss: 1.58059823513031
recommendation_loss: 1.457763433456421, critic_loss: 1.58059823513031
inter loss 2.6612186431884766, intra loss: 0.0027251443825662136, critic loss: 1.5978213548660278
recommendation_loss: 1.4090338945388794, critic_loss: 1.5978213548660278
inter loss 2.617321014404297, intra loss: 0.0027446975000202656, critic loss: 1.5714906454086304
recommendation_loss: 1.437572717666626, critic_loss: 1.5714906454086304
inter loss 2.668358325958252, intra loss: 0.002733807545155287, critic loss: 1.6021085977554321
recommendation_loss: 1.5304044485092163, critic_loss: 1.6021085977554321
inter loss 2.64497971534729, intra loss: 0.0027207424864172935, critic loss: 1.588076114654541
recommendation_loss: 1.4942940473556519, critic_loss: 1.588076114654541
inter loss 2.665018320083618, intra loss: 0.002739075105637312, critic loss: 1.6001067161560059
recommendation_loss: 1.364881992340088, critic_loss: 1.6001067161560059
inter loss 2.6087846755981445, intra loss: 0.0027464551385492086, critic loss: 1.5663695335388184
recommendation_loss: 1.4020415544509888, critic_loss: 1.5663695335388184
inter loss 2.661133289337158, intra loss: 0.0027307013515383005, critic loss: 1.5977723598480225
recommendation_loss: 1.4301071166992188, critic_loss: 1.5977723598480225
inter loss 2.6361279487609863, intra loss: 0.002746093552559614, critic loss: 1.5827752351760864
recommendation_loss: 1.3600537776947021, critic_loss: 1.5827752351760864
inter loss 2.654327869415283, intra loss: 0.0027428236790001392, critic loss: 1.5936938524246216
recommendation_loss: 1.3912742137908936, critic_loss: 1.5936938524246216
inter loss 2.678014039993286, intra loss: 0.002739394549280405, critic loss: 1.607904314994812
recommendation_loss: 1.3383136987686157, critic_loss: 1.607904314994812
inter loss 2.626899480819702, intra loss: 0.0027572237886488438, critic loss: 1.5772427320480347
recommendation_loss: 1.420163869857788, critic_loss: 1.5772427320480347
inter loss 2.616497039794922, intra loss: 0.0027512055821716785, critic loss: 1.5709987878799438
recommendation_loss: 1.3620703220367432, critic_loss: 1.5709987878799438
inter loss 2.6068661212921143, intra loss: 0.0027430029585957527, critic loss: 1.5652168989181519
recommendation_loss: 1.4606226682662964, critic_loss: 1.5652168989181519
inter loss 2.6346473693847656, intra loss: 0.0027312017045915127, critic loss: 1.5818809270858765
recommendation_loss: 1.4407615661621094, critic_loss: 1.5818809270858765
inter loss 2.648639678955078, intra loss: 0.002743176184594631, critic loss: 1.5902812480926514
recommendation_loss: 1.3993957042694092, critic_loss: 1.5902812480926514
inter loss 2.623570442199707, intra loss: 0.0027695943135768175, critic loss: 1.5752501487731934
recommendation_loss: 1.354774832725525, critic_loss: 1.5752501487731934
inter loss 2.609717607498169, intra loss: 0.002762014977633953, critic loss: 1.566935420036316
recommendation_loss: 1.34323251247406, critic_loss: 1.566935420036316
inter loss 2.611729383468628, intra loss: 0.002739661606028676, critic loss: 1.5681335926055908
recommendation_loss: 1.3570010662078857, critic_loss: 1.5681335926055908
inter loss 2.6470108032226562, intra loss: 0.0027267737314105034, critic loss: 1.5892972946166992
recommendation_loss: 1.362275242805481, critic_loss: 1.5892972946166992
inter loss 2.5848238468170166, intra loss: 0.002757454290986061, critic loss: 1.5519973039627075
recommendation_loss: 1.4129235744476318, critic_loss: 1.5519973039627075
inter loss 2.61334490776062, intra loss: 0.0027550675440579653, critic loss: 1.5691089630126953
recommendation_loss: 1.387223720550537, critic_loss: 1.5691089630126953
inter loss 2.593675136566162, intra loss: 0.0027570053935050964, critic loss: 1.5573079586029053
recommendation_loss: 1.395829439163208, critic_loss: 1.5573079586029053
inter loss 2.620480537414551, intra loss: 0.002759526250883937, critic loss: 1.5733921527862549
recommendation_loss: 1.4803518056869507, critic_loss: 1.5733921527862549
inter loss 2.6232542991638184, intra loss: 0.002755553927272558, critic loss: 1.5750548839569092
recommendation_loss: 1.3529388904571533, critic_loss: 1.5750548839569092
inter loss 2.631910562515259, intra loss: 0.002752370201051235, critic loss: 1.5802472829818726
recommendation_loss: 1.404968023300171, critic_loss: 1.5802472829818726
inter loss 2.607293128967285, intra loss: 0.0027681412175297737, critic loss: 1.5654832124710083
recommendation_loss: 1.3163747787475586, critic_loss: 1.5654832124710083
inter loss 2.6453888416290283, intra loss: 0.0027735838666558266, critic loss: 1.5883429050445557
recommendation_loss: 1.2960166931152344, critic_loss: 1.5883429050445557
inter loss 2.625925064086914, intra loss: 0.002758740447461605, critic loss: 1.5766586065292358
recommendation_loss: 1.4951717853546143, critic_loss: 1.5766586065292358
inter loss 2.6201162338256836, intra loss: 0.0027400434482842684, critic loss: 1.573165774345398
recommendation_loss: 1.4651023149490356, critic_loss: 1.573165774345398
inter loss 2.6139562129974365, intra loss: 0.002756794448941946, critic loss: 1.5694764852523804
recommendation_loss: 1.3574299812316895, critic_loss: 1.5694764852523804
inter loss 2.602050304412842, intra loss: 0.00276863481849432, critic loss: 1.5623377561569214
recommendation_loss: 1.407212734222412, critic_loss: 1.5623377561569214
inter loss 2.5965216159820557, intra loss: 0.0027614557184278965, critic loss: 1.5590176582336426
recommendation_loss: 1.3525073528289795, critic_loss: 1.5590176582336426
inter loss 2.613715648651123, intra loss: 0.0027483664453029633, critic loss: 1.569328784942627
recommendation_loss: 1.3118579387664795, critic_loss: 1.569328784942627
inter loss 2.6071434020996094, intra loss: 0.0027599046006798744, critic loss: 1.5653901100158691
recommendation_loss: 1.3636279106140137, critic_loss: 1.5653901100158691
inter loss 2.5986483097076416, intra loss: 0.0027596550062298775, critic loss: 1.5602929592132568
recommendation_loss: 1.4071028232574463, critic_loss: 1.5602929592132568
inter loss 2.6274280548095703, intra loss: 0.002749354112893343, critic loss: 1.5775566101074219
recommendation_loss: 1.3291077613830566, critic_loss: 1.5775566101074219
inter loss 2.61439847946167, intra loss: 0.0027775210328400135, critic loss: 1.569750189781189
recommendation_loss: 1.435734748840332, critic_loss: 1.569750189781189
inter loss 2.6142473220825195, intra loss: 0.0027696427423506975, critic loss: 1.569656252861023
recommendation_loss: 1.4462769031524658, critic_loss: 1.569656252861023
inter loss 2.623671531677246, intra loss: 0.0027517611160874367, critic loss: 1.5753036737442017
recommendation_loss: 1.4356318712234497, critic_loss: 1.5753036737442017
inter loss 2.594144821166992, intra loss: 0.002741263248026371, critic loss: 1.5575834512710571
recommendation_loss: 1.4206206798553467, critic_loss: 1.5575834512710571
inter loss 2.5956292152404785, intra loss: 0.0027442299760878086, critic loss: 1.5584752559661865
recommendation_loss: 1.3978829383850098, critic_loss: 1.5584752559661865
inter loss 2.6086082458496094, intra loss: 0.0027358192019164562, critic loss: 1.5662593841552734
recommendation_loss: 1.431119680404663, critic_loss: 1.5662593841552734
inter loss 2.6010727882385254, intra loss: 0.002758738584816456, critic loss: 1.5617473125457764
recommendation_loss: 1.3577812910079956, critic_loss: 1.5617473125457764
inter loss 2.596898317337036, intra loss: 0.002762456424534321, critic loss: 1.5592440366744995
recommendation_loss: 1.4305411577224731, critic_loss: 1.5592440366744995
inter loss 2.648026466369629, intra loss: 0.0027542500756680965, critic loss: 1.5899176597595215
recommendation_loss: 1.4090746641159058, critic_loss: 1.5899176597595215
inter loss 2.570486545562744, intra loss: 0.0027463692240417004, critic loss: 1.5433905124664307
recommendation_loss: 1.5012115240097046, critic_loss: 1.5433905124664307
inter loss 2.6160335540771484, intra loss: 0.0027543138712644577, critic loss: 1.570721983909607
recommendation_loss: 1.4022293090820312, critic_loss: 1.570721983909607
inter loss 2.5846285820007324, intra loss: 0.0027664722874760628, critic loss: 1.5518838167190552
recommendation_loss: 1.4895594120025635, critic_loss: 1.5518838167190552
inter loss 2.5799055099487305, intra loss: 0.002744764555245638, critic loss: 1.5490412712097168
recommendation_loss: 1.3789162635803223, critic_loss: 1.5490412712097168
inter loss 2.6049160957336426, intra loss: 0.0027534281834959984, critic loss: 1.5640511512756348
recommendation_loss: 1.3439253568649292, critic_loss: 1.5640511512756348
inter loss 2.5911757946014404, intra loss: 0.0027509122155606747, critic loss: 1.5558059215545654
recommendation_loss: 1.386116862297058, critic_loss: 1.5558059215545654
inter loss 2.5981688499450684, intra loss: 0.002752298256382346, critic loss: 1.560002326965332
recommendation_loss: 1.3059993982315063, critic_loss: 1.560002326965332
inter loss 2.566328287124634, intra loss: 0.002749498700723052, critic loss: 1.5408968925476074
recommendation_loss: 1.4242513179779053, critic_loss: 1.5408968925476074
inter loss 2.614528179168701, intra loss: 0.002723041456192732, critic loss: 1.5698062181472778
recommendation_loss: 1.3624930381774902, critic_loss: 1.5698062181472778
inter loss 2.592149257659912, intra loss: 0.002760550007224083, critic loss: 1.5563938617706299
recommendation_loss: 1.453090786933899, critic_loss: 1.5563938617706299
inter loss 2.585174798965454, intra loss: 0.0027540407609194517, critic loss: 1.5522065162658691
recommendation_loss: 1.341217279434204, critic_loss: 1.5522065162658691
inter loss 2.648336887359619, intra loss: 0.0027505061589181423, critic loss: 1.5901024341583252
recommendation_loss: 1.3400943279266357, critic_loss: 1.5901024341583252
inter loss 2.6010894775390625, intra loss: 0.0027403156273066998, critic loss: 1.5617499351501465
recommendation_loss: 1.419909119606018, critic_loss: 1.5617499351501465
inter loss 2.610610008239746, intra loss: 0.0027604761999100447, critic loss: 1.5674703121185303
recommendation_loss: 1.472580909729004, critic_loss: 1.5674703121185303
inter loss 2.5892624855041504, intra loss: 0.0027501729782670736, critic loss: 1.5546575784683228
recommendation_loss: 1.4644231796264648, critic_loss: 1.5546575784683228
inter loss 2.5968611240386963, intra loss: 0.002741021104156971, critic loss: 1.5592131614685059
recommendation_loss: 1.4779345989227295, critic_loss: 1.5592131614685059
inter loss 2.624311923980713, intra loss: 0.0027274733874946833, critic loss: 1.5756782293319702
recommendation_loss: 1.4012653827667236, critic_loss: 1.5756782293319702
inter loss 2.644247531890869, intra loss: 0.002766302088275552, critic loss: 1.5876550674438477
recommendation_loss: 1.4518179893493652, critic_loss: 1.5876550674438477
inter loss 2.613382339477539, intra loss: 0.0027311467565596104, critic loss: 1.5691219568252563
recommendation_loss: 1.40330171585083, critic_loss: 1.5691219568252563
inter loss 2.604332447052002, intra loss: 0.0027558174915611744, critic loss: 1.563701868057251
recommendation_loss: 1.3431979417800903, critic_loss: 1.563701868057251
inter loss 2.6107757091522217, intra loss: 0.00274909776635468, critic loss: 1.5675650835037231
recommendation_loss: 1.4219666719436646, critic_loss: 1.5675650835037231
inter loss 2.6234002113342285, intra loss: 0.002751169726252556, critic loss: 1.5751405954360962
recommendation_loss: 1.3618125915527344, critic_loss: 1.5751405954360962
inter loss 2.624829053878784, intra loss: 0.0027557453140616417, critic loss: 1.5759998559951782
recommendation_loss: 1.35690176486969, critic_loss: 1.5759998559951782
inter loss 2.606394052505493, intra loss: 0.0027518332935869694, critic loss: 1.5649372339248657
recommendation_loss: 1.3342199325561523, critic_loss: 1.5649372339248657
inter loss 2.6174604892730713, intra loss: 0.0027661058120429516, critic loss: 1.5715829133987427
recommendation_loss: 1.432253360748291, critic_loss: 1.5715829133987427
inter loss 2.6297552585601807, intra loss: 0.0027476465329527855, critic loss: 1.5789523124694824
recommendation_loss: 1.3542146682739258, critic_loss: 1.5789523124694824
inter loss 2.612642288208008, intra loss: 0.002758002607151866, critic loss: 1.5686886310577393
recommendation_loss: 1.4022672176361084, critic_loss: 1.5686886310577393
inter loss 2.625772476196289, intra loss: 0.0027362434193491936, critic loss: 1.576557993888855
recommendation_loss: 1.4582407474517822, critic_loss: 1.576557993888855
inter loss 2.593634843826294, intra loss: 0.002726892940700054, critic loss: 1.5572717189788818
recommendation_loss: 1.5021162033081055, critic_loss: 1.5572717189788818
inter loss 2.6143667697906494, intra loss: 0.0027460481505841017, critic loss: 1.5697184801101685
recommendation_loss: 1.3921480178833008, critic_loss: 1.5697184801101685
inter loss 2.6407828330993652, intra loss: 0.0027349635493010283, critic loss: 1.5855637788772583
recommendation_loss: 1.3355193138122559, critic_loss: 1.5855637788772583
inter loss 2.591794013977051, intra loss: 0.0027531704399734735, critic loss: 1.5561777353286743
recommendation_loss: 1.330970048904419, critic_loss: 1.5561777353286743
inter loss 2.622413158416748, intra loss: 0.0027512740343809128, critic loss: 1.5745484828948975
recommendation_loss: 1.4197089672088623, critic_loss: 1.5745484828948975
inter loss 2.608914375305176, intra loss: 0.002756650559604168, critic loss: 1.5664514303207397
recommendation_loss: 1.442756175994873, critic_loss: 1.5664514303207397
inter loss 2.604989528656006, intra loss: 0.0027635616715997458, critic loss: 1.5640991926193237
recommendation_loss: 1.4238265752792358, critic_loss: 1.5640991926193237
inter loss 2.5924060344696045, intra loss: 0.0027518318966031075, critic loss: 1.5565444231033325
recommendation_loss: 1.3688225746154785, critic_loss: 1.5565444231033325
inter loss 2.5991621017456055, intra loss: 0.0027527627535164356, critic loss: 1.5605984926223755
recommendation_loss: 1.3599640130996704, critic_loss: 1.5605984926223755
inter loss 2.5904006958007812, intra loss: 0.0027380776591598988, critic loss: 1.5553356409072876
recommendation_loss: 1.4344549179077148, critic_loss: 1.5553356409072876
inter loss 2.5983529090881348, intra loss: 0.002767500001937151, critic loss: 1.5601187944412231
recommendation_loss: 1.398941159248352, critic_loss: 1.5601187944412231
inter loss 2.630763530731201, intra loss: 0.0027521057054400444, critic loss: 1.579559087753296
recommendation_loss: 1.463259220123291, critic_loss: 1.579559087753296
inter loss 2.6206326484680176, intra loss: 0.0027254363521933556, critic loss: 1.573469877243042
recommendation_loss: 1.3551870584487915, critic_loss: 1.573469877243042
inter loss 2.5908689498901367, intra loss: 0.0027362494729459286, critic loss: 1.5556159019470215
recommendation_loss: 1.4054644107818604, critic_loss: 1.5556159019470215
inter loss 2.5737457275390625, intra loss: 0.0027522083837538958, critic loss: 1.5453484058380127
recommendation_loss: 1.3695143461227417, critic_loss: 1.5453484058380127
inter loss 2.6163322925567627, intra loss: 0.0027537322603166103, critic loss: 1.5709009170532227
recommendation_loss: 1.3840301036834717, critic_loss: 1.5709009170532227
inter loss 2.5991485118865967, intra loss: 0.0027489892672747374, critic loss: 1.5605887174606323
recommendation_loss: 1.4148218631744385, critic_loss: 1.5605887174606323
inter loss 2.6154611110687256, intra loss: 0.0027358715888112783, critic loss: 1.5703710317611694
recommendation_loss: 1.4615715742111206, critic_loss: 1.5703710317611694
inter loss 2.57318115234375, intra loss: 0.0027573732659220695, critic loss: 1.5450116395950317
recommendation_loss: 1.3497182130813599, critic_loss: 1.5450116395950317
inter loss 2.586174488067627, intra loss: 0.0027637071907520294, critic loss: 1.5528101921081543
recommendation_loss: 1.3284215927124023, critic_loss: 1.5528101921081543
inter loss 2.570235252380371, intra loss: 0.002747967839241028, critic loss: 1.5432404279708862
recommendation_loss: 1.4069374799728394, critic_loss: 1.5432404279708862
inter loss 2.5787620544433594, intra loss: 0.002740788273513317, critic loss: 1.548353672027588
recommendation_loss: 1.4648655652999878, critic_loss: 1.548353672027588
inter loss 2.5905873775482178, intra loss: 0.0027614752762019634, critic loss: 1.5554571151733398
recommendation_loss: 1.3600519895553589, critic_loss: 1.5554571151733398
inter loss 2.590341329574585, intra loss: 0.0027557171415537596, critic loss: 1.555307149887085
recommendation_loss: 1.3535107374191284, critic_loss: 1.555307149887085
inter loss 2.6141371726989746, intra loss: 0.0027448281180113554, critic loss: 1.569580316543579
recommendation_loss: 1.4441391229629517, critic_loss: 1.569580316543579
inter loss 2.5766713619232178, intra loss: 0.002750168088823557, critic loss: 1.547102928161621
recommendation_loss: 1.3657402992248535, critic_loss: 1.547102928161621
inter loss 2.596522092819214, intra loss: 0.0027609230019152164, critic loss: 1.5590176582336426
recommendation_loss: 1.3775339126586914, critic_loss: 1.5590176582336426
inter loss 2.6171247959136963, intra loss: 0.0027503925375640392, critic loss: 1.5713751316070557
recommendation_loss: 1.3294367790222168, critic_loss: 1.5713751316070557
inter loss 2.6212735176086426, intra loss: 0.0027365521527826786, critic loss: 1.5738587379455566
recommendation_loss: 1.3115732669830322, critic_loss: 1.5738587379455566
inter loss 2.5991644859313965, intra loss: 0.002721909200772643, critic loss: 1.5605875253677368
recommendation_loss: 1.3455252647399902, critic_loss: 1.5605875253677368
inter loss 2.582951545715332, intra loss: 0.002740312833338976, critic loss: 1.5508670806884766
recommendation_loss: 1.3478283882141113, critic_loss: 1.5508670806884766
inter loss 2.5963845252990723, intra loss: 0.002792154671624303, critic loss: 1.5589476823806763
recommendation_loss: 1.42948317527771, critic_loss: 1.5589476823806763
inter loss 2.5768747329711914, intra loss: 0.0027663097716867924, critic loss: 1.5472314357757568
recommendation_loss: 1.3626084327697754, critic_loss: 1.5472314357757568
inter loss 2.5788331031799316, intra loss: 0.002768397331237793, critic loss: 1.5484073162078857
recommendation_loss: 1.4972577095031738, critic_loss: 1.5484073162078857
inter loss 2.6222848892211914, intra loss: 0.0027402215637266636, critic loss: 1.5744671821594238
recommendation_loss: 1.3110237121582031, critic_loss: 1.5744671821594238
inter loss 2.61684513092041, intra loss: 0.0027210635598748922, critic loss: 1.5711954832077026
recommendation_loss: 1.3698993921279907, critic_loss: 1.5711954832077026
inter loss 2.59834361076355, intra loss: 0.0027414336800575256, critic loss: 1.5601028203964233
recommendation_loss: 1.5020467042922974, critic_loss: 1.5601028203964233
inter loss 2.6067261695861816, intra loss: 0.002745450474321842, critic loss: 1.5651339292526245
recommendation_loss: 1.3868496417999268, critic_loss: 1.5651339292526245
inter loss 2.604501962661743, intra loss: 0.002767583355307579, critic loss: 1.5638082027435303
recommendation_loss: 1.3577755689620972, critic_loss: 1.5638082027435303
inter loss 2.6092166900634766, intra loss: 0.002744975732639432, critic loss: 1.566628098487854
recommendation_loss: 1.376978874206543, critic_loss: 1.566628098487854
inter loss 2.5694656372070312, intra loss: 0.0027351700700819492, critic loss: 1.5427736043930054
recommendation_loss: 1.4031859636306763, critic_loss: 1.5427736043930054
inter loss 2.6012802124023438, intra loss: 0.0027393652126193047, critic loss: 1.5618640184402466
recommendation_loss: 1.3912044763565063, critic_loss: 1.5618640184402466
inter loss 2.6072542667388916, intra loss: 0.002732082735747099, critic loss: 1.5654454231262207
recommendation_loss: 1.4234753847122192, critic_loss: 1.5654454231262207
inter loss 2.603579044342041, intra loss: 0.0027582633774727583, critic loss: 1.5632507801055908
recommendation_loss: 1.367608904838562, critic_loss: 1.5632507801055908
inter loss 2.603001832962036, intra loss: 0.0027358653023838997, critic loss: 1.5628955364227295
recommendation_loss: 1.3689035177230835, critic_loss: 1.5628955364227295
inter loss 2.609250068664551, intra loss: 0.0027544242329895496, critic loss: 1.5666518211364746
recommendation_loss: 1.3654816150665283, critic_loss: 1.5666518211364746
inter loss 2.588657855987549, intra loss: 0.0027595111168920994, critic loss: 1.5542985200881958
recommendation_loss: 1.3809185028076172, critic_loss: 1.5542985200881958
inter loss 2.6091480255126953, intra loss: 0.0027575118001550436, critic loss: 1.5665919780731201
recommendation_loss: 1.3976463079452515, critic_loss: 1.5665919780731201
inter loss 2.596651077270508, intra loss: 0.002751270541921258, critic loss: 1.5590912103652954
recommendation_loss: 1.4237794876098633, critic_loss: 1.5590912103652954
inter loss 2.605123996734619, intra loss: 0.002764803124591708, critic loss: 1.5641803741455078
recommendation_loss: 1.356217622756958, critic_loss: 1.5641803741455078
inter loss 2.588634490966797, intra loss: 0.0027636599261313677, critic loss: 1.554286241531372
recommendation_loss: 1.3678133487701416, critic_loss: 1.554286241531372
inter loss 2.609736442565918, intra loss: 0.002755352295935154, critic loss: 1.5669440031051636
recommendation_loss: 1.3528366088867188, critic_loss: 1.5669440031051636
inter loss 2.605731725692749, intra loss: 0.0027543718460947275, critic loss: 1.5645408630371094
recommendation_loss: 1.3909034729003906, critic_loss: 1.5645408630371094
inter loss 2.5796852111816406, intra loss: 0.0027566971257328987, critic loss: 1.548913836479187
recommendation_loss: 1.441809058189392, critic_loss: 1.548913836479187
inter loss 2.6018757820129395, intra loss: 0.002737321425229311, critic loss: 1.5622204542160034
recommendation_loss: 1.3534002304077148, critic_loss: 1.5622204542160034
inter loss 2.587853193283081, intra loss: 0.0027576766442507505, critic loss: 1.5538150072097778
recommendation_loss: 1.4077868461608887, critic_loss: 1.5538150072097778
inter loss 2.586534023284912, intra loss: 0.002768896985799074, critic loss: 1.5530281066894531
recommendation_loss: 1.47706937789917, critic_loss: 1.5530281066894531
inter loss 2.6081933975219727, intra loss: 0.002755562076345086, critic loss: 1.5660183429718018
recommendation_loss: 1.364988923072815, critic_loss: 1.5660183429718018
inter loss 2.5926778316497803, intra loss: 0.002742760581895709, critic loss: 1.556703805923462
recommendation_loss: 1.4715299606323242, critic_loss: 1.556703805923462
inter loss 2.6488091945648193, intra loss: 0.002745040925219655, critic loss: 1.5903836488723755
recommendation_loss: 1.4791152477264404, critic_loss: 1.5903836488723755
inter loss 2.603614330291748, intra loss: 0.002742098644375801, critic loss: 1.5632655620574951
recommendation_loss: 1.4412683248519897, critic_loss: 1.5632655620574951
inter loss 2.585073709487915, intra loss: 0.0027599409222602844, critic loss: 1.5521483421325684
recommendation_loss: 1.397195816040039, critic_loss: 1.5521483421325684
inter loss 2.598682403564453, intra loss: 0.0027732248418033123, critic loss: 1.5603187084197998
recommendation_loss: 1.4004501104354858, critic_loss: 1.5603187084197998
inter loss 2.6121928691864014, intra loss: 0.002766876947134733, critic loss: 1.568422555923462
recommendation_loss: 1.3639920949935913, critic_loss: 1.568422555923462
inter loss 2.5817580223083496, intra loss: 0.002748305443674326, critic loss: 1.550154209136963
recommendation_loss: 1.3779603242874146, critic_loss: 1.550154209136963
inter loss 2.5937047004699707, intra loss: 0.002755188150331378, critic loss: 1.557325005531311
recommendation_loss: 1.433380126953125, critic_loss: 1.557325005531311
inter loss 2.5654022693634033, intra loss: 0.002744186669588089, critic loss: 1.5403391122817993
recommendation_loss: 1.285203456878662, critic_loss: 1.5403391122817993
inter loss 2.5997865200042725, intra loss: 0.0027465224266052246, critic loss: 1.560970664024353
recommendation_loss: 1.4266297817230225, critic_loss: 1.560970664024353
inter loss 2.604642391204834, intra loss: 0.0027482223231345415, critic loss: 1.5638848543167114
recommendation_loss: 1.3557848930358887, critic_loss: 1.5638848543167114
inter loss 2.5939431190490723, intra loss: 0.002753328997641802, critic loss: 1.5574673414230347
recommendation_loss: 1.4302043914794922, critic_loss: 1.5574673414230347
inter loss 2.615518093109131, intra loss: 0.0027420655824244022, critic loss: 1.570407748222351
recommendation_loss: 1.3914872407913208, critic_loss: 1.570407748222351
inter loss 2.6272482872009277, intra loss: 0.0027538638096302748, critic loss: 1.5774505138397217
recommendation_loss: 1.4368152618408203, critic_loss: 1.5774505138397217
inter loss 2.592928409576416, intra loss: 0.0027559050358831882, critic loss: 1.5568594932556152
recommendation_loss: 1.3306154012680054, critic_loss: 1.5568594932556152
inter loss 2.5926084518432617, intra loss: 0.0027241939678788185, critic loss: 1.5566548109054565
recommendation_loss: 1.3444671630859375, critic_loss: 1.5566548109054565
inter loss 2.6191296577453613, intra loss: 0.002739884424954653, critic loss: 1.5725739002227783
recommendation_loss: 1.3334693908691406, critic_loss: 1.5725739002227783
inter loss 2.590358257293701, intra loss: 0.0027532484382390976, critic loss: 1.5553163290023804
recommendation_loss: 1.336634635925293, critic_loss: 1.5553163290023804
inter loss 2.5833377838134766, intra loss: 0.002753952983766794, critic loss: 1.5511043071746826
recommendation_loss: 1.3895007371902466, critic_loss: 1.5511043071746826
inter loss 2.591015338897705, intra loss: 0.0027585672214627266, critic loss: 1.5557126998901367
recommendation_loss: 1.4363343715667725, critic_loss: 1.5557126998901367
inter loss 2.6056041717529297, intra loss: 0.0027575038839131594, critic loss: 1.5644656419754028
recommendation_loss: 1.367011547088623, critic_loss: 1.5644656419754028
inter loss 2.5809898376464844, intra loss: 0.00275890389457345, critic loss: 1.5496975183486938
recommendation_loss: 1.3345224857330322, critic_loss: 1.5496975183486938
inter loss 2.5968270301818848, intra loss: 0.0027451824862509966, critic loss: 1.5591943264007568
recommendation_loss: 1.3955409526824951, critic_loss: 1.5591943264007568
inter loss 2.5781266689300537, intra loss: 0.0027547376230359077, critic loss: 1.5479779243469238
recommendation_loss: 1.3810961246490479, critic_loss: 1.5479779243469238
inter loss 2.6020991802215576, intra loss: 0.002747427439317107, critic loss: 1.5623586177825928
recommendation_loss: 1.3027377128601074, critic_loss: 1.5623586177825928
inter loss 2.6075642108917236, intra loss: 0.0027462844736874104, critic loss: 1.5656371116638184
recommendation_loss: 1.4503545761108398, critic_loss: 1.5656371116638184
inter loss 2.611830234527588, intra loss: 0.002766104880720377, critic loss: 1.5682047605514526
recommendation_loss: 1.3799678087234497, critic_loss: 1.5682047605514526
inter loss 2.605668067932129, intra loss: 0.0027864614967256784, critic loss: 1.564515471458435
recommendation_loss: 1.422743797302246, critic_loss: 1.564515471458435
inter loss 2.5918822288513184, intra loss: 0.0027592331171035767, critic loss: 1.5562330484390259
recommendation_loss: 1.2868406772613525, critic_loss: 1.5562330484390259
inter loss 2.5778310298919678, intra loss: 0.0027398490346968174, critic loss: 1.5477945804595947
recommendation_loss: 1.4551130533218384, critic_loss: 1.5477945804595947
inter loss 2.603322982788086, intra loss: 0.002762298798188567, critic loss: 1.5630987882614136
recommendation_loss: 1.2562170028686523, critic_loss: 1.5630987882614136
inter loss 2.5733351707458496, intra loss: 0.0027575150597840548, critic loss: 1.5451042652130127
recommendation_loss: 1.3460774421691895, critic_loss: 1.5451042652130127
inter loss 2.5720131397247314, intra loss: 0.0027550915256142616, critic loss: 1.5443100929260254
recommendation_loss: 1.377892017364502, critic_loss: 1.5443100929260254
inter loss 2.578343629837036, intra loss: 0.0027472791261970997, critic loss: 1.5481051206588745
recommendation_loss: 1.2948048114776611, critic_loss: 1.5481051206588745
inter loss 2.5852596759796143, intra loss: 0.0027486756443977356, critic loss: 1.552255392074585
recommendation_loss: 1.3194334506988525, critic_loss: 1.552255392074585
inter loss 2.6088881492614746, intra loss: 0.002720906399190426, critic loss: 1.566421389579773
recommendation_loss: 1.3359991312026978, critic_loss: 1.566421389579773
inter loss 2.616448402404785, intra loss: 0.002751503139734268, critic loss: 1.570969820022583
recommendation_loss: 1.336409091949463, critic_loss: 1.570969820022583
inter loss 2.584001064300537, intra loss: 0.00275892810896039, critic loss: 1.5515042543411255
recommendation_loss: 1.2909713983535767, critic_loss: 1.5515042543411255
inter loss 2.589930772781372, intra loss: 0.002765676472336054, critic loss: 1.5550647974014282
recommendation_loss: 1.406516432762146, critic_loss: 1.5550647974014282
inter loss 2.5631422996520996, intra loss: 0.0027627921663224697, critic loss: 1.5389904975891113
recommendation_loss: 1.3127378225326538, critic_loss: 1.5389904975891113
inter loss 2.58087158203125, intra loss: 0.0027411533519625664, critic loss: 1.5496195554733276
recommendation_loss: 1.345970630645752, critic_loss: 1.5496195554733276
inter loss 2.589550733566284, intra loss: 0.0027414713986217976, critic loss: 1.554827094078064
recommendation_loss: 1.4545449018478394, critic_loss: 1.554827094078064
inter loss 2.5918235778808594, intra loss: 0.0027664434164762497, critic loss: 1.5562008619308472
recommendation_loss: 1.2646045684814453, critic_loss: 1.5562008619308472
inter loss 2.580562114715576, intra loss: 0.0027585052885115147, critic loss: 1.5494407415390015
recommendation_loss: 1.3543000221252441, critic_loss: 1.5494407415390015
inter loss 2.6062581539154053, intra loss: 0.002767797326669097, critic loss: 1.5648620128631592
recommendation_loss: 1.3420219421386719, critic_loss: 1.5648620128631592
inter loss 2.5713629722595215, intra loss: 0.0027401160914450884, critic loss: 1.5439138412475586
recommendation_loss: 1.3904531002044678, critic_loss: 1.5439138412475586
inter loss 2.569138765335083, intra loss: 0.002766240620985627, critic loss: 1.542589783668518
recommendation_loss: 1.3966684341430664, critic_loss: 1.542589783668518
inter loss 2.602933883666992, intra loss: 0.0027454164810478687, critic loss: 1.5628585815429688
recommendation_loss: 1.3756897449493408, critic_loss: 1.5628585815429688
inter loss 2.5837936401367188, intra loss: 0.0027467997279018164, critic loss: 1.5513750314712524
recommendation_loss: 1.3689939975738525, critic_loss: 1.5513750314712524
inter loss 2.588606834411621, intra loss: 0.0027697905898094177, critic loss: 1.5542720556259155
recommendation_loss: 1.313345193862915, critic_loss: 1.5542720556259155
inter loss 2.570931911468506, intra loss: 0.002746419981122017, critic loss: 1.5436577796936035
recommendation_loss: 1.393351674079895, critic_loss: 1.5436577796936035
inter loss 2.5652029514312744, intra loss: 0.002759007504209876, critic loss: 1.5402255058288574
recommendation_loss: 1.4923923015594482, critic_loss: 1.5402255058288574
inter loss 2.567910671234131, intra loss: 0.0027494747191667557, critic loss: 1.5418462753295898
recommendation_loss: 1.3937702178955078, critic_loss: 1.5418462753295898
inter loss 2.5822644233703613, intra loss: 0.002748252358287573, critic loss: 1.5504580736160278
recommendation_loss: 1.4315425157546997, critic_loss: 1.5504580736160278
inter loss 2.586899757385254, intra loss: 0.0027653416618704796, critic loss: 1.553246021270752
recommendation_loss: 1.3562195301055908, critic_loss: 1.553246021270752
inter loss 2.5612711906433105, intra loss: 0.0027529646176844835, critic loss: 1.5378639698028564
recommendation_loss: 1.44512939453125, critic_loss: 1.5378639698028564
inter loss 2.5943784713745117, intra loss: 0.0027355551719665527, critic loss: 1.5577213764190674
recommendation_loss: 1.4195122718811035, critic_loss: 1.5577213764190674
inter loss 2.550766706466675, intra loss: 0.002753834705799818, critic loss: 1.5315616130828857
recommendation_loss: 1.3530220985412598, critic_loss: 1.5315616130828857
inter loss 2.60819935798645, intra loss: 0.0027516488917171955, critic loss: 1.5660203695297241
recommendation_loss: 1.4253287315368652, critic_loss: 1.5660203695297241
inter loss 2.5767366886138916, intra loss: 0.002741941250860691, critic loss: 1.5471388101577759
recommendation_loss: 1.3179435729980469, critic_loss: 1.5471388101577759
inter loss 2.5784173011779785, intra loss: 0.00275578536093235, critic loss: 1.5481528043746948
recommendation_loss: 1.4171946048736572, critic_loss: 1.5481528043746948
inter loss 2.5979857444763184, intra loss: 0.0027636955492198467, critic loss: 1.5598969459533691
recommendation_loss: 1.3803400993347168, critic_loss: 1.5598969459533691
inter loss 2.5637383460998535, intra loss: 0.002751569962128997, critic loss: 1.5393437147140503
recommendation_loss: 1.4142637252807617, critic_loss: 1.5393437147140503
inter loss 2.6014771461486816, intra loss: 0.0027531664818525314, critic loss: 1.5619876384735107
recommendation_loss: 1.3484697341918945, critic_loss: 1.5619876384735107
inter loss 2.6044702529907227, intra loss: 0.0027529029175639153, critic loss: 1.5637834072113037
recommendation_loss: 1.3441444635391235, critic_loss: 1.5637834072113037
inter loss 2.5456130504608154, intra loss: 0.002760775852948427, critic loss: 1.5284723043441772
recommendation_loss: 1.366522192955017, critic_loss: 1.5284723043441772
inter loss 2.59997296333313, intra loss: 0.0027515979018062353, critic loss: 1.561084508895874
recommendation_loss: 1.3487471342086792, critic_loss: 1.561084508895874
inter loss 2.584794521331787, intra loss: 0.002747544087469578, critic loss: 1.5519757270812988
recommendation_loss: 1.3613537549972534, critic_loss: 1.5519757270812988
inter loss 2.5753238201141357, intra loss: 0.002770091872662306, critic loss: 1.5463024377822876
recommendation_loss: 1.4088003635406494, critic_loss: 1.5463024377822876
inter loss 2.5754318237304688, intra loss: 0.002751678694039583, critic loss: 1.5463597774505615
recommendation_loss: 1.391822099685669, critic_loss: 1.5463597774505615
inter loss 2.5680770874023438, intra loss: 0.0027525462210178375, critic loss: 1.541947364807129
recommendation_loss: 1.300125002861023, critic_loss: 1.541947364807129
inter loss 2.5687851905822754, intra loss: 0.00274474686011672, critic loss: 1.5423691272735596
recommendation_loss: 1.347876787185669, critic_loss: 1.5423691272735596
inter loss 2.583381175994873, intra loss: 0.0027369149029254913, critic loss: 1.5511236190795898
recommendation_loss: 1.4465703964233398, critic_loss: 1.5511236190795898
inter loss 2.5669522285461426, intra loss: 0.002735364716500044, critic loss: 1.5412654876708984
recommendation_loss: 1.467656135559082, critic_loss: 1.5412654876708984
inter loss 2.615762233734131, intra loss: 0.002738676965236664, critic loss: 1.5705528259277344
recommendation_loss: 1.4850285053253174, critic_loss: 1.5705528259277344
inter loss 2.5895299911499023, intra loss: 0.00275983102619648, critic loss: 1.5548219680786133
recommendation_loss: 1.343277931213379, critic_loss: 1.5548219680786133
inter loss 2.5474066734313965, intra loss: 0.0027615667786449194, critic loss: 1.5295486450195312
recommendation_loss: 1.413344383239746, critic_loss: 1.5295486450195312
inter loss 2.574868679046631, intra loss: 0.002729815896600485, critic loss: 1.5460132360458374
recommendation_loss: 1.3351970911026, critic_loss: 1.5460132360458374
inter loss 2.5908658504486084, intra loss: 0.0027438951656222343, critic loss: 1.555617094039917
recommendation_loss: 1.3843519687652588, critic_loss: 1.555617094039917
inter loss 2.5705835819244385, intra loss: 0.0027343202382326126, critic loss: 1.5434439182281494
recommendation_loss: 1.2835469245910645, critic_loss: 1.5434439182281494
inter loss 2.5783419609069824, intra loss: 0.0027291474398225546, critic loss: 1.5480968952178955
recommendation_loss: 1.2992172241210938, critic_loss: 1.5480968952178955
inter loss 2.571403741836548, intra loss: 0.0027495846152305603, critic loss: 1.5439420938491821
recommendation_loss: 1.3723652362823486, critic_loss: 1.5439420938491821
inter loss 2.554530620574951, intra loss: 0.002778851892799139, critic loss: 1.533829927444458
recommendation_loss: 1.4546620845794678, critic_loss: 1.533829927444458
inter loss 2.579345226287842, intra loss: 0.0027514498215168715, critic loss: 1.5487077236175537
recommendation_loss: 1.4254121780395508, critic_loss: 1.5487077236175537
inter loss 2.569462299346924, intra loss: 0.0027206940576434135, critic loss: 1.542765736579895
recommendation_loss: 1.4117130041122437, critic_loss: 1.542765736579895
inter loss 2.5854642391204834, intra loss: 0.0027618887834250927, critic loss: 1.552383303642273
recommendation_loss: 1.3887569904327393, critic_loss: 1.552383303642273
inter loss 2.5717782974243164, intra loss: 0.00274635199457407, critic loss: 1.5441656112670898
recommendation_loss: 1.3492980003356934, critic_loss: 1.5441656112670898
inter loss 2.571079969406128, intra loss: 0.00274103507399559, critic loss: 1.543744444847107
recommendation_loss: 1.358682632446289, critic_loss: 1.543744444847107
inter loss 2.5478687286376953, intra loss: 0.0027405524160712957, critic loss: 1.5298175811767578
recommendation_loss: 1.340083360671997, critic_loss: 1.5298175811767578
inter loss 2.5592761039733887, intra loss: 0.002734358888119459, critic loss: 1.5366594791412354
recommendation_loss: 1.376763939857483, critic_loss: 1.5366594791412354
inter loss 2.580604076385498, intra loss: 0.0027392199262976646, critic loss: 1.5494581460952759
recommendation_loss: 1.394194483757019, critic_loss: 1.5494581460952759
inter loss 2.5699915885925293, intra loss: 0.0027512507513165474, critic loss: 1.543095588684082
recommendation_loss: 1.4687557220458984, critic_loss: 1.543095588684082
inter loss 2.5696492195129395, intra loss: 0.002745967824012041, critic loss: 1.5428880453109741
recommendation_loss: 1.4233331680297852, critic_loss: 1.5428880453109741
inter loss 2.610797882080078, intra loss: 0.0027524870820343494, critic loss: 1.5675798654556274
recommendation_loss: 1.4457528591156006, critic_loss: 1.5675798654556274
inter loss 2.602565288543701, intra loss: 0.0027551194652915, critic loss: 1.5626413822174072
recommendation_loss: 1.3861150741577148, critic_loss: 1.5626413822174072
inter loss 2.5806045532226562, intra loss: 0.0027603418566286564, critic loss: 1.5494669675827026
recommendation_loss: 1.3496928215026855, critic_loss: 1.5494669675827026
inter loss 2.585482120513916, intra loss: 0.002742028795182705, critic loss: 1.5523861646652222
recommendation_loss: 1.426509976387024, critic_loss: 1.5523861646652222
inter loss 2.5895090103149414, intra loss: 0.0027538661379367113, critic loss: 1.5548069477081299
recommendation_loss: 1.4372878074645996, critic_loss: 1.5548069477081299
inter loss 2.5711753368377686, intra loss: 0.002753152512013912, critic loss: 1.543806552886963
recommendation_loss: 1.4958062171936035, critic_loss: 1.543806552886963
inter loss 2.5781502723693848, intra loss: 0.002743828110396862, critic loss: 1.5479878187179565
recommendation_loss: 1.3719555139541626, critic_loss: 1.5479878187179565
inter loss 2.5605862140655518, intra loss: 0.0027438527904450893, critic loss: 1.5374493598937988
recommendation_loss: 1.396043062210083, critic_loss: 1.5374493598937988
inter loss 2.5798497200012207, intra loss: 0.002735159359872341, critic loss: 1.5490039587020874
recommendation_loss: 1.4377034902572632, critic_loss: 1.5490039587020874
inter loss 2.5686864852905273, intra loss: 0.002742202254012227, critic loss: 1.5423088073730469
recommendation_loss: 1.4438215494155884, critic_loss: 1.5423088073730469
inter loss 2.584726095199585, intra loss: 0.002738273236900568, critic loss: 1.5519310235977173
recommendation_loss: 1.380000352859497, critic_loss: 1.5519310235977173
inter loss 2.6021816730499268, intra loss: 0.00272673019208014, critic loss: 1.5623997449874878
recommendation_loss: 1.347388505935669, critic_loss: 1.5623997449874878
inter loss 2.5663695335388184, intra loss: 0.002747446298599243, critic loss: 1.5409207344055176
recommendation_loss: 1.3766770362854004, critic_loss: 1.5409207344055176
inter loss 2.596224308013916, intra loss: 0.0027591560501605272, critic loss: 1.5588382482528687
recommendation_loss: 1.31742262840271, critic_loss: 1.5588382482528687
inter loss 2.5434107780456543, intra loss: 0.00274539808742702, critic loss: 1.5271446704864502
recommendation_loss: 1.3521760702133179, critic_loss: 1.5271446704864502
inter loss 2.5580034255981445, intra loss: 0.002751422580331564, critic loss: 1.5359026193618774
recommendation_loss: 1.3470383882522583, critic_loss: 1.5359026193618774
inter loss 2.5936691761016846, intra loss: 0.0027636203449219465, critic loss: 1.5573070049285889
recommendation_loss: 1.2978992462158203, critic_loss: 1.5573070049285889
inter loss 2.563570499420166, intra loss: 0.0027497466653585434, critic loss: 1.5392422676086426
recommendation_loss: 1.3668652772903442, critic_loss: 1.5392422676086426
inter loss 2.5717763900756836, intra loss: 0.0027757110074162483, critic loss: 1.5441762208938599
recommendation_loss: 1.3386955261230469, critic_loss: 1.5441762208938599
inter loss 2.6059327125549316, intra loss: 0.002740135882049799, critic loss: 1.5646556615829468
recommendation_loss: 1.4422636032104492, critic_loss: 1.5646556615829468
inter loss 2.584122657775879, intra loss: 0.0027451645582914352, critic loss: 1.5515717267990112
recommendation_loss: 1.3779971599578857, critic_loss: 1.5515717267990112
inter loss 2.5660736560821533, intra loss: 0.0027408914174884558, critic loss: 1.5407406091690063
recommendation_loss: 1.3880199193954468, critic_loss: 1.5407406091690063
inter loss 2.5833239555358887, intra loss: 0.0027380632236599922, critic loss: 1.5510896444320679
recommendation_loss: 1.3418912887573242, critic_loss: 1.5510896444320679
inter loss 2.5658435821533203, intra loss: 0.002739634132012725, critic loss: 1.5406020879745483
recommendation_loss: 1.484979510307312, critic_loss: 1.5406020879745483
inter loss 2.57771635055542, intra loss: 0.0027268151752650738, critic loss: 1.5477206707000732
recommendation_loss: 1.4286354780197144, critic_loss: 1.5477206707000732
inter loss 2.5759639739990234, intra loss: 0.0027412394993007183, critic loss: 1.5466749668121338
recommendation_loss: 1.3546578884124756, critic_loss: 1.5466749668121338
inter loss 2.590808153152466, intra loss: 0.0027083714958280325, critic loss: 1.5555683374404907
recommendation_loss: 1.4329180717468262, critic_loss: 1.5555683374404907
inter loss 2.5992326736450195, intra loss: 0.002726845210418105, critic loss: 1.560630440711975
recommendation_loss: 1.3439816236495972, critic_loss: 1.560630440711975
inter loss 2.585296392440796, intra loss: 0.002742183394730091, critic loss: 1.5522747039794922
recommendation_loss: 1.367507815361023, critic_loss: 1.5522747039794922
inter loss 2.607426643371582, intra loss: 0.0027304100804030895, critic loss: 1.565548300743103
recommendation_loss: 1.3393789529800415, critic_loss: 1.565548300743103
inter loss 2.5678796768188477, intra loss: 0.0027196425944566727, critic loss: 1.5418157577514648
recommendation_loss: 1.4004497528076172, critic_loss: 1.5418157577514648
inter loss 2.5902631282806396, intra loss: 0.002738404553383589, critic loss: 1.5552533864974976
recommendation_loss: 1.3824076652526855, critic_loss: 1.5552533864974976
inter loss 2.5777640342712402, intra loss: 0.002734443638473749, critic loss: 1.5477522611618042
recommendation_loss: 1.3018162250518799, critic_loss: 1.5477522611618042
inter loss 2.6235861778259277, intra loss: 0.0027495790272951126, critic loss: 1.575251579284668
recommendation_loss: 1.4035263061523438, critic_loss: 1.575251579284668
inter loss 2.57466197013855, intra loss: 0.0027517115231603384, critic loss: 1.5458979606628418
recommendation_loss: 1.3644311428070068, critic_loss: 1.5458979606628418
inter loss 2.575063705444336, intra loss: 0.002740501891821623, critic loss: 1.5461345911026
recommendation_loss: 1.3512675762176514, critic_loss: 1.5461345911026
inter loss 2.5623302459716797, intra loss: 0.00276775611564517, critic loss: 1.5385053157806396
recommendation_loss: 1.3794455528259277, critic_loss: 1.5385053157806396
inter loss 2.589704751968384, intra loss: 0.0027633332647383213, critic loss: 1.554928183555603
recommendation_loss: 1.3934235572814941, critic_loss: 1.554928183555603
inter loss 2.567873477935791, intra loss: 0.0027549192309379578, critic loss: 1.5418261289596558
recommendation_loss: 1.4111896753311157, critic_loss: 1.5418261289596558
inter loss 2.5855860710144043, intra loss: 0.002728283405303955, critic loss: 1.552443027496338
recommendation_loss: 1.4302877187728882, critic_loss: 1.552443027496338
inter loss 2.5687246322631836, intra loss: 0.002740126568824053, critic loss: 1.5423308610916138
recommendation_loss: 1.3089704513549805, critic_loss: 1.5423308610916138
inter loss 2.5726919174194336, intra loss: 0.0027406373992562294, critic loss: 1.5447114706039429
recommendation_loss: 1.360424518585205, critic_loss: 1.5447114706039429
inter loss 2.595233917236328, intra loss: 0.0027431002818048, critic loss: 1.5582376718521118
recommendation_loss: 1.3964285850524902, critic_loss: 1.5582376718521118
inter loss 2.5854408740997314, intra loss: 0.0027415710501372814, critic loss: 1.552361249923706
recommendation_loss: 1.395658016204834, critic_loss: 1.552361249923706
inter loss 2.5708253383636475, intra loss: 0.0027451319620013237, critic loss: 1.5435932874679565
recommendation_loss: 1.3636345863342285, critic_loss: 1.5435932874679565
inter loss 2.5646934509277344, intra loss: 0.002734214998781681, critic loss: 1.539909839630127
recommendation_loss: 1.4629664421081543, critic_loss: 1.539909839630127
inter loss 2.54713773727417, intra loss: 0.002756620291620493, critic loss: 1.5293854475021362
recommendation_loss: 1.367708444595337, critic_loss: 1.5293854475021362
inter loss 2.558520793914795, intra loss: 0.0027377898804843426, critic loss: 1.5362075567245483
recommendation_loss: 1.3858842849731445, critic_loss: 1.5362075567245483
inter loss 2.618408203125, intra loss: 0.002750038867816329, critic loss: 1.5721451044082642
recommendation_loss: 1.3459136486053467, critic_loss: 1.5721451044082642
inter loss 2.583942413330078, intra loss: 0.002740158000960946, critic loss: 1.5514615774154663
recommendation_loss: 1.4057601690292358, critic_loss: 1.5514615774154663
inter loss 2.598088502883911, intra loss: 0.002754618413746357, critic loss: 1.5599550008773804
recommendation_loss: 1.3849952220916748, critic_loss: 1.5599550008773804
inter loss 2.5705513954162598, intra loss: 0.00273971282877028, critic loss: 1.543426752090454
recommendation_loss: 1.3555988073349, critic_loss: 1.543426752090454
inter loss 2.5633397102355957, intra loss: 0.002754785818979144, critic loss: 1.5391058921813965
recommendation_loss: 1.334434151649475, critic_loss: 1.5391058921813965
inter loss 2.590470790863037, intra loss: 0.002728802617639303, critic loss: 1.555374026298523
recommendation_loss: 1.3498536348342896, critic_loss: 1.555374026298523
inter loss 2.5637073516845703, intra loss: 0.0027486016042530537, critic loss: 1.5393239259719849
recommendation_loss: 1.3226433992385864, critic_loss: 1.5393239259719849
inter loss 2.5748021602630615, intra loss: 0.0027546274941414595, critic loss: 1.5459831953048706
recommendation_loss: 1.3915506601333618, critic_loss: 1.5459831953048706
inter loss 2.5917232036590576, intra loss: 0.0027353758923709393, critic loss: 1.5561281442642212
recommendation_loss: 1.4656275510787964, critic_loss: 1.5561281442642212
inter loss 2.5583438873291016, intra loss: 0.002752111991867423, critic loss: 1.5361073017120361
recommendation_loss: 1.3787553310394287, critic_loss: 1.5361073017120361
inter loss 2.5579183101654053, intra loss: 0.002748772967606783, critic loss: 1.5358505249023438
recommendation_loss: 1.4270979166030884, critic_loss: 1.5358505249023438
inter loss 2.5707273483276367, intra loss: 0.0027589963283389807, critic loss: 1.543540120124817
recommendation_loss: 1.3499541282653809, critic_loss: 1.543540120124817
inter loss 2.592301368713379, intra loss: 0.002749284263700247, critic loss: 1.5564806461334229
recommendation_loss: 1.4225431680679321, critic_loss: 1.5564806461334229
inter loss 2.577263116836548, intra loss: 0.002774781547486782, critic loss: 1.5474679470062256
recommendation_loss: 1.4682502746582031, critic_loss: 1.5474679470062256
inter loss 2.5851340293884277, intra loss: 0.0027375253848731518, critic loss: 1.552175521850586
recommendation_loss: 1.439267873764038, critic_loss: 1.552175521850586
inter loss 2.5936312675476074, intra loss: 0.002755393274128437, critic loss: 1.5572810173034668
recommendation_loss: 1.3842191696166992, critic_loss: 1.5572810173034668
inter loss 2.5765676498413086, intra loss: 0.002768931444734335, critic loss: 1.5470482110977173
recommendation_loss: 1.366164207458496, critic_loss: 1.5470482110977173
inter loss 2.572856903076172, intra loss: 0.0027432097122073174, critic loss: 1.544811487197876
recommendation_loss: 1.3462531566619873, critic_loss: 1.544811487197876
inter loss 2.5659804344177246, intra loss: 0.0027255075983703136, critic loss: 1.5406785011291504
recommendation_loss: 1.4109196662902832, critic_loss: 1.5406785011291504
inter loss 2.5685272216796875, intra loss: 0.002744292374700308, critic loss: 1.542214035987854
recommendation_loss: 1.3847832679748535, critic_loss: 1.542214035987854
inter loss 2.5829927921295166, intra loss: 0.0027311246376484632, critic loss: 1.550888180732727
recommendation_loss: 1.3447612524032593, critic_loss: 1.550888180732727
inter loss 2.590090274810791, intra loss: 0.002716783666983247, critic loss: 1.5551409721374512
recommendation_loss: 1.3704760074615479, critic_loss: 1.5551409721374512
inter loss 2.5894641876220703, intra loss: 0.0027473114896565676, critic loss: 1.5547775030136108
recommendation_loss: 1.440566062927246, critic_loss: 1.5547775030136108
inter loss 2.551779270172119, intra loss: 0.002734758425503969, critic loss: 1.5321614742279053
recommendation_loss: 1.4231922626495361, critic_loss: 1.5321614742279053
inter loss 2.5857386589050293, intra loss: 0.00273793563246727, critic loss: 1.5525383949279785
recommendation_loss: 1.4107937812805176, critic_loss: 1.5525383949279785
inter loss 2.578777551651001, intra loss: 0.0027382520493119955, critic loss: 1.548361897468567
recommendation_loss: 1.3691188097000122, critic_loss: 1.548361897468567
inter loss 2.5759427547454834, intra loss: 0.0027273944579064846, critic loss: 1.5466567277908325
recommendation_loss: 1.4221093654632568, critic_loss: 1.5466567277908325
inter loss 2.56723690032959, intra loss: 0.002728476421907544, critic loss: 1.541433572769165
recommendation_loss: 1.4175376892089844, critic_loss: 1.541433572769165
inter loss 2.5541205406188965, intra loss: 0.0027336711063981056, critic loss: 1.533565878868103
recommendation_loss: 1.3851304054260254, critic_loss: 1.533565878868103
inter loss 2.571743965148926, intra loss: 0.002735772868618369, critic loss: 1.5441408157348633
recommendation_loss: 1.4432947635650635, critic_loss: 1.5441408157348633
2024-08-09 18:38:47.475776: step 3040/24320 (epoch 10/80), loss = 1.439669 (34.935 sec/epoch), lr: 0.003000
Evaluating on dev set...
...........................
source: 	 mrr: 0.030289	 ndcg_5: 0.0187	 ndcg_10: 0.0296	 hit@1:0.006517	 hit@5:0.0326	 hit@10: 0.0673
target: 	 mrr: 0.044983	 ndcg_5: 0.0369	 ndcg_10: 0.0457	 hit@1:0.019512	 hit@5:0.0523	 hit@10: 0.0794
target best!
..............target: 	 mrr: 0.038564	 ndcg_5: 0.0299	 ndcg_10: 0.0422	 hit@1:0.013032	 hit@5:0.0473	 hit@10: 0.0857
epoch 10: train_loss = 1.439669, source_hit@10 = 0.0673, source_ndcg@10 = 0.0296, target_hit@10 = 0.0857, target_ndcg@10 = 0.0422
new best model saved.

inter loss 2.5601532459259033, intra loss: 0.0027289409190416336, critic loss: 1.5371836423873901
recommendation_loss: 1.3649303913116455, critic_loss: 1.5371836423873901
inter loss 2.550023078918457, intra loss: 0.0027409251779317856, critic loss: 1.5311102867126465
recommendation_loss: 1.3854600191116333, critic_loss: 1.5311102867126465
inter loss 2.5574378967285156, intra loss: 0.0027512437663972378, critic loss: 1.535563349723816
recommendation_loss: 1.2972793579101562, critic_loss: 1.535563349723816
inter loss 2.5822091102600098, intra loss: 0.002749460283666849, critic loss: 1.550425410270691
recommendation_loss: 1.3418200016021729, critic_loss: 1.550425410270691
inter loss 2.5884311199188232, intra loss: 0.0027309120632708073, critic loss: 1.5541510581970215
recommendation_loss: 1.4104217290878296, critic_loss: 1.5541510581970215
inter loss 2.571315050125122, intra loss: 0.002719567622989416, critic loss: 1.5438768863677979
recommendation_loss: 1.4063795804977417, critic_loss: 1.5438768863677979
inter loss 2.5593783855438232, intra loss: 0.002752260770648718, critic loss: 1.536728024482727
recommendation_loss: 1.4345183372497559, critic_loss: 1.536728024482727
inter loss 2.5847034454345703, intra loss: 0.0027506262995302677, critic loss: 1.5519224405288696
recommendation_loss: 1.387722134590149, critic_loss: 1.5519224405288696
inter loss 2.5966925621032715, intra loss: 0.002734772628173232, critic loss: 1.5591094493865967
recommendation_loss: 1.327519178390503, critic_loss: 1.5591094493865967
inter loss 2.540813446044922, intra loss: 0.0027414585929363966, critic loss: 1.5255846977233887
recommendation_loss: 1.3411672115325928, critic_loss: 1.5255846977233887
inter loss 2.621349334716797, intra loss: 0.0027337512001395226, critic loss: 1.573903203010559
recommendation_loss: 1.415694236755371, critic_loss: 1.573903203010559
inter loss 2.5679707527160645, intra loss: 0.0027403521817177534, critic loss: 1.5418787002563477
recommendation_loss: 1.3406903743743896, critic_loss: 1.5418787002563477
inter loss 2.5855817794799805, intra loss: 0.0027438041288405657, critic loss: 1.552446722984314
recommendation_loss: 1.3550620079040527, critic_loss: 1.552446722984314
inter loss 2.586423635482788, intra loss: 0.0027236021123826504, critic loss: 1.5529437065124512
recommendation_loss: 1.313845157623291, critic_loss: 1.5529437065124512
inter loss 2.565868854522705, intra loss: 0.002746807411313057, critic loss: 1.5406200885772705
recommendation_loss: 1.4451149702072144, critic_loss: 1.5406200885772705
inter loss 2.5788235664367676, intra loss: 0.0027332152239978313, critic loss: 1.5483875274658203
recommendation_loss: 1.353078842163086, critic_loss: 1.5483875274658203
inter loss 2.587279796600342, intra loss: 0.002758271060883999, critic loss: 1.5534712076187134
recommendation_loss: 1.3560354709625244, critic_loss: 1.5534712076187134
inter loss 2.617527484893799, intra loss: 0.0027374355122447014, critic loss: 1.5716115236282349
recommendation_loss: 1.3791344165802002, critic_loss: 1.5716115236282349
inter loss 2.5778615474700928, intra loss: 0.002752925269305706, critic loss: 1.5478181838989258
recommendation_loss: 1.3272749185562134, critic_loss: 1.5478181838989258
inter loss 2.5959632396698, intra loss: 0.0027547969948500395, critic loss: 1.5586799383163452
recommendation_loss: 1.2815358638763428, critic_loss: 1.5586799383163452
inter loss 2.5883989334106445, intra loss: 0.002736967522650957, critic loss: 1.5541342496871948
recommendation_loss: 1.3633379936218262, critic_loss: 1.5541342496871948
inter loss 2.58457612991333, intra loss: 0.0027472088113427162, critic loss: 1.551844596862793
recommendation_loss: 1.3398845195770264, critic_loss: 1.551844596862793
inter loss 2.592411994934082, intra loss: 0.0027526579797267914, critic loss: 1.5565482378005981
recommendation_loss: 1.409552812576294, critic_loss: 1.5565482378005981
inter loss 2.581054210662842, intra loss: 0.0027538666035979986, critic loss: 1.549734115600586
recommendation_loss: 1.3643879890441895, critic_loss: 1.549734115600586
inter loss 2.5863027572631836, intra loss: 0.0027732409071177244, critic loss: 1.5528910160064697
recommendation_loss: 1.3903709650039673, critic_loss: 1.5528910160064697
inter loss 2.5840704441070557, intra loss: 0.002740447409451008, critic loss: 1.5515384674072266
recommendation_loss: 1.3146977424621582, critic_loss: 1.5515384674072266
inter loss 2.6077370643615723, intra loss: 0.0027381652034819126, critic loss: 1.5657376050949097
recommendation_loss: 1.2594666481018066, critic_loss: 1.5657376050949097
inter loss 2.5836925506591797, intra loss: 0.0027329621370881796, critic loss: 1.5513087511062622
recommendation_loss: 1.4669735431671143, critic_loss: 1.5513087511062622
inter loss 2.568085193634033, intra loss: 0.0027437503449618816, critic loss: 1.541948676109314
recommendation_loss: 1.3156365156173706, critic_loss: 1.541948676109314
inter loss 2.604724407196045, intra loss: 0.002746593439951539, critic loss: 1.5639333724975586
recommendation_loss: 1.360982894897461, critic_loss: 1.5639333724975586
inter loss 2.5952420234680176, intra loss: 0.002757002366706729, critic loss: 1.5582480430603027
recommendation_loss: 1.4628863334655762, critic_loss: 1.5582480430603027
inter loss 2.5687570571899414, intra loss: 0.002747387159615755, critic loss: 1.5423532724380493
recommendation_loss: 1.3347477912902832, critic_loss: 1.5423532724380493
inter loss 2.5869085788726807, intra loss: 0.002752333879470825, critic loss: 1.5532461404800415
recommendation_loss: 1.4161527156829834, critic_loss: 1.5532461404800415
inter loss 2.565369129180908, intra loss: 0.002753854263573885, critic loss: 1.54032301902771
recommendation_loss: 1.433272361755371, critic_loss: 1.54032301902771
inter loss 2.5504863262176514, intra loss: 0.002758277114480734, critic loss: 1.5313951969146729
recommendation_loss: 1.3254213333129883, critic_loss: 1.5313951969146729
inter loss 2.572714328765869, intra loss: 0.0027547688223421574, critic loss: 1.544730544090271
recommendation_loss: 1.365946888923645, critic_loss: 1.544730544090271
inter loss 2.5925216674804688, intra loss: 0.002756585367023945, critic loss: 1.5566157102584839
recommendation_loss: 1.4620590209960938, critic_loss: 1.5566157102584839
inter loss 2.574347734451294, intra loss: 0.002735950518399477, critic loss: 1.5457030534744263
recommendation_loss: 1.413872241973877, critic_loss: 1.5457030534744263
inter loss 2.6030054092407227, intra loss: 0.0027354201301932335, critic loss: 1.5628975629806519
recommendation_loss: 1.381307601928711, critic_loss: 1.5628975629806519
inter loss 2.585505247116089, intra loss: 0.002742827869951725, critic loss: 1.5524003505706787
recommendation_loss: 1.3123213052749634, critic_loss: 1.5524003505706787
inter loss 2.5804901123046875, intra loss: 0.002757942769676447, critic loss: 1.549397349357605
recommendation_loss: 1.3269232511520386, critic_loss: 1.549397349357605
inter loss 2.599677085876465, intra loss: 0.0027501294389367104, critic loss: 1.5609064102172852
recommendation_loss: 1.4779748916625977, critic_loss: 1.5609064102172852
inter loss 2.5674610137939453, intra loss: 0.0027325167320668697, critic loss: 1.541569709777832
recommendation_loss: 1.3325881958007812, critic_loss: 1.541569709777832
inter loss 2.5796191692352295, intra loss: 0.002748861676082015, critic loss: 1.5488711595535278
recommendation_loss: 1.386242151260376, critic_loss: 1.5488711595535278
inter loss 2.5959372520446777, intra loss: 0.002737807109951973, critic loss: 1.5586576461791992
recommendation_loss: 1.3677736520767212, critic_loss: 1.5586576461791992
inter loss 2.565182685852051, intra loss: 0.002723467070609331, critic loss: 1.5401990413665771
recommendation_loss: 1.3882888555526733, critic_loss: 1.5401990413665771
inter loss 2.5840840339660645, intra loss: 0.0027453068178147078, critic loss: 1.5515486001968384
recommendation_loss: 1.4247868061065674, critic_loss: 1.5515486001968384
inter loss 2.5934815406799316, intra loss: 0.002746772952377796, critic loss: 1.557187795639038
recommendation_loss: 1.3805241584777832, critic_loss: 1.557187795639038
inter loss 2.5448596477508545, intra loss: 0.002740473486483097, critic loss: 1.5280121564865112
recommendation_loss: 1.369859218597412, critic_loss: 1.5280121564865112
inter loss 2.5762205123901367, intra loss: 0.002743084914982319, critic loss: 1.5468295812606812
recommendation_loss: 1.339701771736145, critic_loss: 1.5468295812606812
inter loss 2.558022975921631, intra loss: 0.0027383407577872276, critic loss: 1.5359091758728027
recommendation_loss: 1.3659415245056152, critic_loss: 1.5359091758728027
inter loss 2.5540709495544434, intra loss: 0.0027287995908409357, critic loss: 1.5335341691970825
recommendation_loss: 1.3970588445663452, critic_loss: 1.5335341691970825
inter loss 2.592617988586426, intra loss: 0.0027419596444815397, critic loss: 1.5566675662994385
recommendation_loss: 1.3824867010116577, critic_loss: 1.5566675662994385
inter loss 2.5476980209350586, intra loss: 0.0027537536807358265, critic loss: 1.529720425605774
recommendation_loss: 1.4096859693527222, critic_loss: 1.529720425605774
inter loss 2.549945592880249, intra loss: 0.0027425847947597504, critic loss: 1.531064510345459
recommendation_loss: 1.4291982650756836, critic_loss: 1.531064510345459
inter loss 2.553823471069336, intra loss: 0.0027500675059854984, critic loss: 1.53339421749115
recommendation_loss: 1.4190739393234253, critic_loss: 1.53339421749115
inter loss 2.564016580581665, intra loss: 0.002726747188717127, critic loss: 1.5395007133483887
recommendation_loss: 1.3680938482284546, critic_loss: 1.5395007133483887
inter loss 2.5937514305114746, intra loss: 0.0027483422309160233, critic loss: 1.5573502779006958
recommendation_loss: 1.3728047609329224, critic_loss: 1.5573502779006958
inter loss 2.562147617340088, intra loss: 0.0027330059092491865, critic loss: 1.538381814956665
recommendation_loss: 1.3047382831573486, critic_loss: 1.538381814956665
inter loss 2.5570361614227295, intra loss: 0.002747529186308384, critic loss: 1.53532075881958
recommendation_loss: 1.4019887447357178, critic_loss: 1.53532075881958
inter loss 2.5560972690582275, intra loss: 0.0027266244869679213, critic loss: 1.5347490310668945
recommendation_loss: 1.4584168195724487, critic_loss: 1.5347490310668945
inter loss 2.5703623294830322, intra loss: 0.0027546840719878674, critic loss: 1.5433193445205688
recommendation_loss: 1.4066179990768433, critic_loss: 1.5433193445205688
inter loss 2.567744493484497, intra loss: 0.002748127095401287, critic loss: 1.5417460203170776
recommendation_loss: 1.4033896923065186, critic_loss: 1.5417460203170776
inter loss 2.541581153869629, intra loss: 0.0027404711581766605, critic loss: 1.5260448455810547
recommendation_loss: 1.3843998908996582, critic_loss: 1.5260448455810547
inter loss 2.557676315307617, intra loss: 0.002755687804892659, critic loss: 1.5357081890106201
recommendation_loss: 1.3824665546417236, critic_loss: 1.5357081890106201
inter loss 2.558363437652588, intra loss: 0.002760250587016344, critic loss: 1.53612220287323
recommendation_loss: 1.3927844762802124, critic_loss: 1.53612220287323
inter loss 2.5618767738342285, intra loss: 0.0027463410515338182, critic loss: 1.538224697113037
recommendation_loss: 1.39188551902771, critic_loss: 1.538224697113037
inter loss 2.5527806282043457, intra loss: 0.002751751337200403, critic loss: 1.5327690839767456
recommendation_loss: 1.431025743484497, critic_loss: 1.5327690839767456
inter loss 2.549788236618042, intra loss: 0.00274930358864367, critic loss: 1.5309727191925049
recommendation_loss: 1.378420114517212, critic_loss: 1.5309727191925049
inter loss 2.5755844116210938, intra loss: 0.002767923753708601, critic loss: 1.5464578866958618
recommendation_loss: 1.3447555303573608, critic_loss: 1.5464578866958618
inter loss 2.566622495651245, intra loss: 0.0027625958900898695, critic loss: 1.5410786867141724
recommendation_loss: 1.3174316883087158, critic_loss: 1.5410786867141724
inter loss 2.5512161254882812, intra loss: 0.0027461820282042027, critic loss: 1.5318282842636108
recommendation_loss: 1.3955891132354736, critic_loss: 1.5318282842636108
inter loss 2.552192211151123, intra loss: 0.0027671256102621555, critic loss: 1.5324223041534424
recommendation_loss: 1.3683842420578003, critic_loss: 1.5324223041534424
inter loss 2.5923595428466797, intra loss: 0.0027700213249772787, critic loss: 1.5565237998962402
recommendation_loss: 1.3394007682800293, critic_loss: 1.5565237998962402
inter loss 2.591428279876709, intra loss: 0.002759866416454315, critic loss: 1.555961012840271
recommendation_loss: 1.3688355684280396, critic_loss: 1.555961012840271
inter loss 2.572695255279541, intra loss: 0.002748588565737009, critic loss: 1.544716715812683
recommendation_loss: 1.3942785263061523, critic_loss: 1.544716715812683
inter loss 2.5590720176696777, intra loss: 0.002772519364953041, critic loss: 1.5365523099899292
recommendation_loss: 1.3631809949874878, critic_loss: 1.5365523099899292
inter loss 2.5744307041168213, intra loss: 0.0027666673995554447, critic loss: 1.5457651615142822
recommendation_loss: 1.3468841314315796, critic_loss: 1.5457651615142822
inter loss 2.577889919281006, intra loss: 0.0027551716193556786, critic loss: 1.5478360652923584
recommendation_loss: 1.3135961294174194, critic_loss: 1.5478360652923584
inter loss 2.5911073684692383, intra loss: 0.0027330946177244186, critic loss: 1.555757761001587
recommendation_loss: 1.3149610757827759, critic_loss: 1.555757761001587
inter loss 2.5742979049682617, intra loss: 0.002754389541223645, critic loss: 1.5456805229187012
recommendation_loss: 1.3319530487060547, critic_loss: 1.5456805229187012
inter loss 2.5880861282348633, intra loss: 0.0027491487562656403, critic loss: 1.5539515018463135
recommendation_loss: 1.4080342054367065, critic_loss: 1.5539515018463135
inter loss 2.5793724060058594, intra loss: 0.0027432208880782127, critic loss: 1.5487208366394043
recommendation_loss: 1.3345494270324707, critic_loss: 1.5487208366394043
inter loss 2.5611629486083984, intra loss: 0.0027453547809273005, critic loss: 1.5377960205078125
recommendation_loss: 1.3296332359313965, critic_loss: 1.5377960205078125
inter loss 2.57190203666687, intra loss: 0.0027491659857332706, critic loss: 1.544240951538086
recommendation_loss: 1.411699652671814, critic_loss: 1.544240951538086
inter loss 2.583540439605713, intra loss: 0.002739936811849475, critic loss: 1.5512202978134155
recommendation_loss: 1.3504581451416016, critic_loss: 1.5512202978134155
inter loss 2.5847153663635254, intra loss: 0.002738592680543661, critic loss: 1.551924705505371
recommendation_loss: 1.3487213850021362, critic_loss: 1.551924705505371
inter loss 2.568831443786621, intra loss: 0.0027326985727995634, critic loss: 1.5423920154571533
recommendation_loss: 1.3206695318222046, critic_loss: 1.5423920154571533
inter loss 2.5688576698303223, intra loss: 0.002734103240072727, critic loss: 1.5424083471298218
recommendation_loss: 1.3795082569122314, critic_loss: 1.5424083471298218
inter loss 2.5603394508361816, intra loss: 0.0027593388222157955, critic loss: 1.5373075008392334
recommendation_loss: 1.3525662422180176, critic_loss: 1.5373075008392334
inter loss 2.577695846557617, intra loss: 0.002759600756689906, critic loss: 1.5477215051651
recommendation_loss: 1.304789662361145, critic_loss: 1.5477215051651
inter loss 2.5676474571228027, intra loss: 0.0027319667860865593, critic loss: 1.5416812896728516
recommendation_loss: 1.3110933303833008, critic_loss: 1.5416812896728516
inter loss 2.58355712890625, intra loss: 0.0027496865950524807, critic loss: 1.5512341260910034
recommendation_loss: 1.335281252861023, critic_loss: 1.5512341260910034
inter loss 2.5769526958465576, intra loss: 0.002741872798651457, critic loss: 1.5472683906555176
recommendation_loss: 1.3177268505096436, critic_loss: 1.5472683906555176
inter loss 2.599679946899414, intra loss: 0.00274740532040596, critic loss: 1.560907006263733
recommendation_loss: 1.3145463466644287, critic_loss: 1.560907006263733
inter loss 2.5767974853515625, intra loss: 0.002738018985837698, critic loss: 1.5471737384796143
recommendation_loss: 1.3099217414855957, critic_loss: 1.5471737384796143
inter loss 2.557952642440796, intra loss: 0.0027348732110112906, critic loss: 1.5358656644821167
recommendation_loss: 1.3955955505371094, critic_loss: 1.5358656644821167
inter loss 2.610710620880127, intra loss: 0.0027262361254543066, critic loss: 1.5675169229507446
recommendation_loss: 1.3682141304016113, critic_loss: 1.5675169229507446
inter loss 2.5785675048828125, intra loss: 0.0027637463063001633, critic loss: 1.548246145248413
recommendation_loss: 1.3242141008377075, critic_loss: 1.548246145248413
inter loss 2.5609302520751953, intra loss: 0.002743046497926116, critic loss: 1.5376554727554321
recommendation_loss: 1.3458423614501953, critic_loss: 1.5376554727554321
inter loss 2.56687593460083, intra loss: 0.0027466837782412767, critic loss: 1.5412242412567139
recommendation_loss: 1.3020586967468262, critic_loss: 1.5412242412567139
inter loss 2.596428394317627, intra loss: 0.0027440711855888367, critic loss: 1.5589548349380493
recommendation_loss: 1.3277446031570435, critic_loss: 1.5589548349380493
inter loss 2.5500214099884033, intra loss: 0.0027331907767802477, critic loss: 1.5311062335968018
recommendation_loss: 1.3248047828674316, critic_loss: 1.5311062335968018
inter loss 2.591522216796875, intra loss: 0.0027429042384028435, critic loss: 1.5560106039047241
recommendation_loss: 1.3627393245697021, critic_loss: 1.5560106039047241
inter loss 2.575676441192627, intra loss: 0.0027556298300623894, critic loss: 1.5465081930160522
recommendation_loss: 1.3791062831878662, critic_loss: 1.5465081930160522
inter loss 2.5660483837127686, intra loss: 0.002744966186583042, critic loss: 1.540727138519287
recommendation_loss: 1.3990241289138794, critic_loss: 1.540727138519287
inter loss 2.5596442222595215, intra loss: 0.0027466430328786373, critic loss: 1.5368852615356445
recommendation_loss: 1.3736350536346436, critic_loss: 1.5368852615356445
inter loss 2.5766000747680664, intra loss: 0.0027469515334814787, critic loss: 1.5470588207244873
recommendation_loss: 1.3519656658172607, critic_loss: 1.5470588207244873
inter loss 2.5535218715667725, intra loss: 0.002757679671049118, critic loss: 1.5332162380218506
recommendation_loss: 1.3993754386901855, critic_loss: 1.5332162380218506
inter loss 2.5955677032470703, intra loss: 0.002751373453065753, critic loss: 1.5584412813186646
recommendation_loss: 1.3468713760375977, critic_loss: 1.5584412813186646
inter loss 2.586690902709961, intra loss: 0.0027366408612579107, critic loss: 1.5531092882156372
recommendation_loss: 1.4273722171783447, critic_loss: 1.5531092882156372
inter loss 2.558795213699341, intra loss: 0.0027339032385498285, critic loss: 1.5363707542419434
recommendation_loss: 1.411038875579834, critic_loss: 1.5363707542419434
inter loss 2.582996129989624, intra loss: 0.002728537656366825, critic loss: 1.5508891344070435
recommendation_loss: 1.3228822946548462, critic_loss: 1.5508891344070435
inter loss 2.582195281982422, intra loss: 0.002713031368330121, critic loss: 1.5504024028778076
recommendation_loss: 1.3165372610092163, critic_loss: 1.5504024028778076
inter loss 2.5794801712036133, intra loss: 0.0027438474353402853, critic loss: 1.54878568649292
recommendation_loss: 1.4085283279418945, critic_loss: 1.54878568649292
inter loss 2.579820394515991, intra loss: 0.002751059364527464, critic loss: 1.5489927530288696
recommendation_loss: 1.3614671230316162, critic_loss: 1.5489927530288696
inter loss 2.566382646560669, intra loss: 0.002745534060522914, critic loss: 1.540927767753601
recommendation_loss: 1.388706922531128, critic_loss: 1.540927767753601
inter loss 2.571080207824707, intra loss: 0.0027623313944786787, critic loss: 1.5437531471252441
recommendation_loss: 1.4188897609710693, critic_loss: 1.5437531471252441
inter loss 2.6206583976745605, intra loss: 0.002760276198387146, critic loss: 1.5734992027282715
recommendation_loss: 1.4110065698623657, critic_loss: 1.5734992027282715
inter loss 2.5754470825195312, intra loss: 0.002752285683527589, critic loss: 1.546369194984436
recommendation_loss: 1.313631296157837, critic_loss: 1.546369194984436
inter loss 2.5549349784851074, intra loss: 0.00275438092648983, critic loss: 1.5340627431869507
recommendation_loss: 1.3707404136657715, critic_loss: 1.5340627431869507
inter loss 2.589761257171631, intra loss: 0.002763378666713834, critic loss: 1.554962158203125
recommendation_loss: 1.3567287921905518, critic_loss: 1.554962158203125
inter loss 2.557499408721924, intra loss: 0.0027626820374280214, critic loss: 1.5356048345565796
recommendation_loss: 1.3529835939407349, critic_loss: 1.5356048345565796
inter loss 2.5620226860046387, intra loss: 0.0027628024108707905, critic loss: 1.5383187532424927
recommendation_loss: 1.4301642179489136, critic_loss: 1.5383187532424927
inter loss 2.5527615547180176, intra loss: 0.0027447184547781944, critic loss: 1.532754898071289
recommendation_loss: 1.3030651807785034, critic_loss: 1.532754898071289
inter loss 2.551185369491577, intra loss: 0.0027423701249063015, critic loss: 1.5318082571029663
recommendation_loss: 1.447251558303833, critic_loss: 1.5318082571029663
inter loss 2.582016944885254, intra loss: 0.002766562858596444, critic loss: 1.5503168106079102
recommendation_loss: 1.3891212940216064, critic_loss: 1.5503168106079102
inter loss 2.5451388359069824, intra loss: 0.0027457335963845253, critic loss: 1.5281816720962524
recommendation_loss: 1.3792662620544434, critic_loss: 1.5281816720962524
inter loss 2.560004234313965, intra loss: 0.002750081941485405, critic loss: 1.5371026992797852
recommendation_loss: 1.4350063800811768, critic_loss: 1.5371026992797852
inter loss 2.5696640014648438, intra loss: 0.0027314231265336275, critic loss: 1.542891025543213
recommendation_loss: 1.3700501918792725, critic_loss: 1.542891025543213
inter loss 2.602372407913208, intra loss: 0.002728112041950226, critic loss: 1.5625147819519043
recommendation_loss: 1.3742924928665161, critic_loss: 1.5625147819519043
inter loss 2.58610200881958, intra loss: 0.002734360285103321, critic loss: 1.5527549982070923
recommendation_loss: 1.4053025245666504, critic_loss: 1.5527549982070923
inter loss 2.5542116165161133, intra loss: 0.0027460730634629726, critic loss: 1.5336254835128784
recommendation_loss: 1.373443841934204, critic_loss: 1.5336254835128784
inter loss 2.549346446990967, intra loss: 0.0027482639998197556, critic loss: 1.5307072401046753
recommendation_loss: 1.3491370677947998, critic_loss: 1.5307072401046753
inter loss 2.580390453338623, intra loss: 0.0027685873210430145, critic loss: 1.5493417978286743
recommendation_loss: 1.4592291116714478, critic_loss: 1.5493417978286743
inter loss 2.5851545333862305, intra loss: 0.0027586573269218206, critic loss: 1.5521962642669678
recommendation_loss: 1.4636327028274536, critic_loss: 1.5521962642669678
inter loss 2.577457904815674, intra loss: 0.0027397095691412687, critic loss: 1.5475707054138184
recommendation_loss: 1.3828221559524536, critic_loss: 1.5475707054138184
inter loss 2.569934844970703, intra loss: 0.0027647840324789286, critic loss: 1.5430668592453003
recommendation_loss: 1.4082345962524414, critic_loss: 1.5430668592453003
inter loss 2.6016957759857178, intra loss: 0.0027586426585912704, critic loss: 1.5621209144592285
recommendation_loss: 1.3576627969741821, critic_loss: 1.5621209144592285
inter loss 2.5917959213256836, intra loss: 0.0027417251840233803, critic loss: 1.556174397468567
recommendation_loss: 1.412870168685913, critic_loss: 1.556174397468567
inter loss 2.5706472396850586, intra loss: 0.0027530891820788383, critic loss: 1.543489694595337
recommendation_loss: 1.3021291494369507, critic_loss: 1.543489694595337
inter loss 2.570240020751953, intra loss: 0.0027450043708086014, critic loss: 1.54324209690094
recommendation_loss: 1.351059913635254, critic_loss: 1.54324209690094
inter loss 2.596109390258789, intra loss: 0.0027594896964728832, critic loss: 1.5587694644927979
recommendation_loss: 1.3276124000549316, critic_loss: 1.5587694644927979
inter loss 2.54931902885437, intra loss: 0.002759060822427273, critic loss: 1.5306950807571411
recommendation_loss: 1.3310502767562866, critic_loss: 1.5306950807571411
inter loss 2.553684949874878, intra loss: 0.002762229647487402, critic loss: 1.5333160161972046
recommendation_loss: 1.3905667066574097, critic_loss: 1.5333160161972046
inter loss 2.570263385772705, intra loss: 0.0027506002224981785, critic loss: 1.5432583093643188
recommendation_loss: 1.310014009475708, critic_loss: 1.5432583093643188
inter loss 2.567530632019043, intra loss: 0.0027708455454558134, critic loss: 1.5416266918182373
recommendation_loss: 1.3810838460922241, critic_loss: 1.5416266918182373
inter loss 2.54095196723938, intra loss: 0.002777602756395936, critic loss: 1.5256823301315308
recommendation_loss: 1.425044298171997, critic_loss: 1.5256823301315308
inter loss 2.5582194328308105, intra loss: 0.002739624585956335, critic loss: 1.5360276699066162
recommendation_loss: 1.342540979385376, critic_loss: 1.5360276699066162
inter loss 2.5451533794403076, intra loss: 0.002752708736807108, critic loss: 1.5281932353973389
recommendation_loss: 1.4030323028564453, critic_loss: 1.5281932353973389
inter loss 2.538755416870117, intra loss: 0.002755023306235671, critic loss: 1.5243552923202515
recommendation_loss: 1.2213890552520752, critic_loss: 1.5243552923202515
inter loss 2.5748543739318848, intra loss: 0.002750658430159092, critic loss: 1.5460129976272583
recommendation_loss: 1.326261281967163, critic_loss: 1.5460129976272583
inter loss 2.561544179916382, intra loss: 0.002748982748016715, critic loss: 1.538026213645935
recommendation_loss: 1.356252908706665, critic_loss: 1.538026213645935
inter loss 2.5590875148773193, intra loss: 0.0027543692849576473, critic loss: 1.5365543365478516
recommendation_loss: 1.220063328742981, critic_loss: 1.5365543365478516
inter loss 2.575009346008301, intra loss: 0.0027438076213002205, critic loss: 1.5461032390594482
recommendation_loss: 1.3624073266983032, critic_loss: 1.5461032390594482
inter loss 2.5795679092407227, intra loss: 0.0027360678650438786, critic loss: 1.548835277557373
recommendation_loss: 1.3842238187789917, critic_loss: 1.548835277557373
inter loss 2.606773614883423, intra loss: 0.0027607667725533247, critic loss: 1.5651686191558838
recommendation_loss: 1.3492777347564697, critic_loss: 1.5651686191558838
inter loss 2.5479068756103516, intra loss: 0.0027525783516466618, critic loss: 1.5298452377319336
recommendation_loss: 1.3544807434082031, critic_loss: 1.5298452377319336
inter loss 2.535398483276367, intra loss: 0.0027486872859299183, critic loss: 1.522338628768921
recommendation_loss: 1.326591968536377, critic_loss: 1.522338628768921
inter loss 2.554431915283203, intra loss: 0.0027442791033536196, critic loss: 1.5337568521499634
recommendation_loss: 1.4210422039031982, critic_loss: 1.5337568521499634
inter loss 2.578697443008423, intra loss: 0.002736647380515933, critic loss: 1.5483132600784302
recommendation_loss: 1.4526593685150146, critic_loss: 1.5483132600784302
inter loss 2.5668277740478516, intra loss: 0.0027465971652418375, critic loss: 1.5411953926086426
recommendation_loss: 1.2925244569778442, critic_loss: 1.5411953926086426
inter loss 2.5777339935302734, intra loss: 0.002741031814366579, critic loss: 1.5477368831634521
recommendation_loss: 1.4376931190490723, critic_loss: 1.5477368831634521
inter loss 2.5882019996643066, intra loss: 0.0027357074432075024, critic loss: 1.5540156364440918
recommendation_loss: 1.321536898612976, critic_loss: 1.5540156364440918
inter loss 2.582655906677246, intra loss: 0.0027477664407342672, critic loss: 1.5506926774978638
recommendation_loss: 1.3961974382400513, critic_loss: 1.5506926774978638
inter loss 2.5400028228759766, intra loss: 0.0027611330151557922, critic loss: 1.5251061916351318
recommendation_loss: 1.4171231985092163, critic_loss: 1.5251061916351318
inter loss 2.575551986694336, intra loss: 0.002763120923191309, critic loss: 1.5464364290237427
recommendation_loss: 1.2682442665100098, critic_loss: 1.5464364290237427
inter loss 2.558845043182373, intra loss: 0.002755983965471387, critic loss: 1.5364094972610474
recommendation_loss: 1.4329148530960083, critic_loss: 1.5364094972610474
inter loss 2.6006832122802734, intra loss: 0.0027559534646570683, critic loss: 1.5615123510360718
recommendation_loss: 1.4603848457336426, critic_loss: 1.5615123510360718
inter loss 2.5831449031829834, intra loss: 0.0027337144128978252, critic loss: 1.550980567932129
recommendation_loss: 1.3319159746170044, critic_loss: 1.550980567932129
inter loss 2.55717134475708, intra loss: 0.0027436569798737764, critic loss: 1.5354002714157104
recommendation_loss: 1.3270416259765625, critic_loss: 1.5354002714157104
inter loss 2.55319881439209, intra loss: 0.002764016855508089, critic loss: 1.5330250263214111
recommendation_loss: 1.3520876169204712, critic_loss: 1.5330250263214111
inter loss 2.545048236846924, intra loss: 0.002760616596788168, critic loss: 1.5281332731246948
recommendation_loss: 1.4330594539642334, critic_loss: 1.5281332731246948
inter loss 2.5461533069610596, intra loss: 0.002751663327217102, critic loss: 1.5287927389144897
recommendation_loss: 1.3485546112060547, critic_loss: 1.5287927389144897
inter loss 2.550568103790283, intra loss: 0.002749460283666849, critic loss: 1.5314407348632812
recommendation_loss: 1.353104829788208, critic_loss: 1.5314407348632812
inter loss 2.553156852722168, intra loss: 0.002756737405434251, critic loss: 1.5329968929290771
recommendation_loss: 1.3436810970306396, critic_loss: 1.5329968929290771
inter loss 2.5805952548980713, intra loss: 0.002755450550466776, critic loss: 1.549459457397461
recommendation_loss: 1.4051971435546875, critic_loss: 1.549459457397461
inter loss 2.5374841690063477, intra loss: 0.002748635597527027, critic loss: 1.523590087890625
recommendation_loss: 1.3064868450164795, critic_loss: 1.523590087890625
inter loss 2.5237631797790527, intra loss: 0.0027590077370405197, critic loss: 1.5153616666793823
recommendation_loss: 1.4028246402740479, critic_loss: 1.5153616666793823
inter loss 2.535342216491699, intra loss: 0.002761602168902755, critic loss: 1.5223100185394287
recommendation_loss: 1.40956711769104, critic_loss: 1.5223100185394287
inter loss 2.559253692626953, intra loss: 0.002741053467616439, critic loss: 1.5366486310958862
recommendation_loss: 1.3087611198425293, critic_loss: 1.5366486310958862
inter loss 2.565560817718506, intra loss: 0.002750988118350506, critic loss: 1.5404369831085205
recommendation_loss: 1.4027540683746338, critic_loss: 1.5404369831085205
inter loss 2.5518922805786133, intra loss: 0.0027371952310204506, critic loss: 1.5322303771972656
recommendation_loss: 1.3459296226501465, critic_loss: 1.5322303771972656
inter loss 2.559217929840088, intra loss: 0.002732662484049797, critic loss: 1.5366238355636597
recommendation_loss: 1.366250991821289, critic_loss: 1.5366238355636597
inter loss 2.5724411010742188, intra loss: 0.0027606457006186247, critic loss: 1.5445690155029297
recommendation_loss: 1.4672781229019165, critic_loss: 1.5445690155029297
inter loss 2.5610547065734863, intra loss: 0.0027431384660303593, critic loss: 1.537730097770691
recommendation_loss: 1.32730233669281, critic_loss: 1.537730097770691
inter loss 2.550173044204712, intra loss: 0.0027370587922632694, critic loss: 1.5311987400054932
recommendation_loss: 1.4091291427612305, critic_loss: 1.5311987400054932
inter loss 2.574427604675293, intra loss: 0.0027399398386478424, critic loss: 1.5457526445388794
recommendation_loss: 1.382483959197998, critic_loss: 1.5457526445388794
inter loss 2.5512783527374268, intra loss: 0.0027497834526002407, critic loss: 1.5318670272827148
recommendation_loss: 1.3823416233062744, critic_loss: 1.5318670272827148
inter loss 2.5839340686798096, intra loss: 0.002761197742074728, critic loss: 1.5514650344848633
recommendation_loss: 1.3299311399459839, critic_loss: 1.5514650344848633
inter loss 2.572216510772705, intra loss: 0.0027342578396201134, critic loss: 1.5444236993789673
recommendation_loss: 1.3146933317184448, critic_loss: 1.5444236993789673
inter loss 2.596461772918701, intra loss: 0.0027439517434686422, critic loss: 1.5589747428894043
recommendation_loss: 1.412625789642334, critic_loss: 1.5589747428894043
inter loss 2.568726062774658, intra loss: 0.002752928528934717, critic loss: 1.5423368215560913
recommendation_loss: 1.3870173692703247, critic_loss: 1.5423368215560913
inter loss 2.5831527709960938, intra loss: 0.002769771032035351, critic loss: 1.550999641418457
recommendation_loss: 1.3716844320297241, critic_loss: 1.550999641418457
inter loss 2.558572769165039, intra loss: 0.002771226689219475, critic loss: 1.5362522602081299
recommendation_loss: 1.3161752223968506, critic_loss: 1.5362522602081299
inter loss 2.561768054962158, intra loss: 0.002764228731393814, critic loss: 1.5381665229797363
recommendation_loss: 1.4414656162261963, critic_loss: 1.5381665229797363
inter loss 2.562808036804199, intra loss: 0.0027541029267013073, critic loss: 1.53878653049469
recommendation_loss: 1.3271667957305908, critic_loss: 1.53878653049469
inter loss 2.5669593811035156, intra loss: 0.0027690690476447344, critic loss: 1.5412832498550415
recommendation_loss: 1.3534313440322876, critic_loss: 1.5412832498550415
inter loss 2.555982828140259, intra loss: 0.0027519776485860348, critic loss: 1.534690499305725
recommendation_loss: 1.325534701347351, critic_loss: 1.534690499305725
inter loss 2.538820743560791, intra loss: 0.0027510072104632854, critic loss: 1.5243929624557495
recommendation_loss: 1.3135318756103516, critic_loss: 1.5243929624557495
inter loss 2.560572624206543, intra loss: 0.0027721375226974487, critic loss: 1.5374525785446167
recommendation_loss: 1.3044614791870117, critic_loss: 1.5374525785446167
inter loss 2.5548572540283203, intra loss: 0.0027648028917610645, critic loss: 1.5340203046798706
recommendation_loss: 1.3657279014587402, critic_loss: 1.5340203046798706
inter loss 2.559983730316162, intra loss: 0.0027527660131454468, critic loss: 1.5370914936065674
recommendation_loss: 1.2699205875396729, critic_loss: 1.5370914936065674
inter loss 2.5753347873687744, intra loss: 0.0027623302303254604, critic loss: 1.5463058948516846
recommendation_loss: 1.2822248935699463, critic_loss: 1.5463058948516846
inter loss 2.540152072906494, intra loss: 0.0027670832350850105, critic loss: 1.525198221206665
recommendation_loss: 1.375685691833496, critic_loss: 1.525198221206665
inter loss 2.5226616859436035, intra loss: 0.0027610298711806536, critic loss: 1.51470148563385
recommendation_loss: 1.4672951698303223, critic_loss: 1.51470148563385
inter loss 2.527613878250122, intra loss: 0.0027648007962852716, critic loss: 1.5176743268966675
recommendation_loss: 1.3262200355529785, critic_loss: 1.5176743268966675
inter loss 2.5739712715148926, intra loss: 0.002764669945463538, critic loss: 1.545488715171814
recommendation_loss: 1.3719289302825928, critic_loss: 1.545488715171814
inter loss 2.5888404846191406, intra loss: 0.002751551568508148, critic loss: 1.5544049739837646
recommendation_loss: 1.3991823196411133, critic_loss: 1.5544049739837646
inter loss 2.5574898719787598, intra loss: 0.002755070338025689, critic loss: 1.5355960130691528
recommendation_loss: 1.3679296970367432, critic_loss: 1.5355960130691528
inter loss 2.5152297019958496, intra loss: 0.0027637467719614506, critic loss: 1.5102434158325195
recommendation_loss: 1.4223453998565674, critic_loss: 1.5102434158325195
inter loss 2.535238742828369, intra loss: 0.0027637856546789408, critic loss: 1.5222488641738892
recommendation_loss: 1.407981038093567, critic_loss: 1.5222488641738892
inter loss 2.533398151397705, intra loss: 0.00274597923271358, critic loss: 1.5211373567581177
recommendation_loss: 1.4289050102233887, critic_loss: 1.5211373567581177
inter loss 2.578082799911499, intra loss: 0.002747914521023631, critic loss: 1.5479488372802734
recommendation_loss: 1.2548224925994873, critic_loss: 1.5479488372802734
inter loss 2.5390710830688477, intra loss: 0.002761523937806487, critic loss: 1.5245473384857178
recommendation_loss: 1.2868382930755615, critic_loss: 1.5245473384857178
inter loss 2.5293352603912354, intra loss: 0.0027490390930324793, critic loss: 1.5187008380889893
recommendation_loss: 1.4456168413162231, critic_loss: 1.5187008380889893
inter loss 2.5460727214813232, intra loss: 0.0027623968198895454, critic loss: 1.528748631477356
recommendation_loss: 1.407780647277832, critic_loss: 1.528748631477356
inter loss 2.5452799797058105, intra loss: 0.0027452767826616764, critic loss: 1.528266191482544
recommendation_loss: 1.3475303649902344, critic_loss: 1.528266191482544
inter loss 2.557370185852051, intra loss: 0.00276893749833107, critic loss: 1.5355297327041626
recommendation_loss: 1.411129117012024, critic_loss: 1.5355297327041626
inter loss 2.5555219650268555, intra loss: 0.0027627518866211176, critic loss: 1.5344183444976807
recommendation_loss: 1.3747602701187134, critic_loss: 1.5344183444976807
inter loss 2.571852207183838, intra loss: 0.0027523403987288475, critic loss: 1.5442123413085938
recommendation_loss: 1.3588886260986328, critic_loss: 1.5442123413085938
inter loss 2.5498569011688232, intra loss: 0.0027623006608337164, critic loss: 1.5310192108154297
recommendation_loss: 1.3209590911865234, critic_loss: 1.5310192108154297
inter loss 2.5550594329833984, intra loss: 0.0027499888092279434, critic loss: 1.5341356992721558
recommendation_loss: 1.3563485145568848, critic_loss: 1.5341356992721558
inter loss 2.5753843784332275, intra loss: 0.002756019588559866, critic loss: 1.5463331937789917
recommendation_loss: 1.3073402643203735, critic_loss: 1.5463331937789917
inter loss 2.541343927383423, intra loss: 0.0027616119477897882, critic loss: 1.5259109735488892
recommendation_loss: 1.374739408493042, critic_loss: 1.5259109735488892
inter loss 2.5662989616394043, intra loss: 0.0027485520113259554, critic loss: 1.5408788919448853
recommendation_loss: 1.343369960784912, critic_loss: 1.5408788919448853
inter loss 2.551201343536377, intra loss: 0.0027519778814166784, critic loss: 1.531821608543396
recommendation_loss: 1.4786045551300049, critic_loss: 1.531821608543396
inter loss 2.5523829460144043, intra loss: 0.00275396928191185, critic loss: 1.532531499862671
recommendation_loss: 1.50535249710083, critic_loss: 1.532531499862671
inter loss 2.5523180961608887, intra loss: 0.002748367842286825, critic loss: 1.5324902534484863
recommendation_loss: 1.391261339187622, critic_loss: 1.5324902534484863
inter loss 2.532426357269287, intra loss: 0.0027480898424983025, critic loss: 1.5205551385879517
recommendation_loss: 1.3613998889923096, critic_loss: 1.5205551385879517
inter loss 2.5573935508728027, intra loss: 0.0027630887925624847, critic loss: 1.5355414152145386
recommendation_loss: 1.3573877811431885, critic_loss: 1.5355414152145386
inter loss 2.545492649078369, intra loss: 0.0027480225544422865, critic loss: 1.5283949375152588
recommendation_loss: 1.3715298175811768, critic_loss: 1.5283949375152588
inter loss 2.5547618865966797, intra loss: 0.0027619057800620794, critic loss: 1.5339618921279907
recommendation_loss: 1.320335865020752, critic_loss: 1.5339618921279907
inter loss 2.5483856201171875, intra loss: 0.0027599625755101442, critic loss: 1.5301353931427002
recommendation_loss: 1.3970601558685303, critic_loss: 1.5301353931427002
inter loss 2.576740264892578, intra loss: 0.002755730878561735, critic loss: 1.5471465587615967
recommendation_loss: 1.4051603078842163, critic_loss: 1.5471465587615967
inter loss 2.5629663467407227, intra loss: 0.0027325800620019436, critic loss: 1.5388729572296143
recommendation_loss: 1.360085368156433, critic_loss: 1.5388729572296143
inter loss 2.5357823371887207, intra loss: 0.0027616918087005615, critic loss: 1.5225741863250732
recommendation_loss: 1.4657413959503174, critic_loss: 1.5225741863250732
inter loss 2.5377161502838135, intra loss: 0.002756118308752775, critic loss: 1.5237321853637695
recommendation_loss: 1.3237454891204834, critic_loss: 1.5237321853637695
inter loss 2.521631956100464, intra loss: 0.0027486905455589294, critic loss: 1.5140787363052368
recommendation_loss: 1.3244808912277222, critic_loss: 1.5140787363052368
inter loss 2.5644137859344482, intra loss: 0.0027678562328219414, critic loss: 1.5397554636001587
recommendation_loss: 1.2800482511520386, critic_loss: 1.5397554636001587
inter loss 2.538984775543213, intra loss: 0.00276932492852211, critic loss: 1.5244985818862915
recommendation_loss: 1.3933866024017334, critic_loss: 1.5244985818862915
inter loss 2.557518482208252, intra loss: 0.0027780106756836176, critic loss: 1.5356223583221436
recommendation_loss: 1.3274604082107544, critic_loss: 1.5356223583221436
inter loss 2.5797903537750244, intra loss: 0.0027449303306639194, critic loss: 1.548972249031067
recommendation_loss: 1.3372215032577515, critic_loss: 1.548972249031067
inter loss 2.5462799072265625, intra loss: 0.0027613481506705284, critic loss: 1.5288726091384888
recommendation_loss: 1.2671618461608887, critic_loss: 1.5288726091384888
inter loss 2.5572874546051025, intra loss: 0.0027602454647421837, critic loss: 1.5354766845703125
recommendation_loss: 1.356041431427002, critic_loss: 1.5354766845703125
inter loss 2.540700912475586, intra loss: 0.002742218319326639, critic loss: 1.525517463684082
recommendation_loss: 1.4484925270080566, critic_loss: 1.525517463684082
inter loss 2.5252795219421387, intra loss: 0.0027605181094259024, critic loss: 1.5162720680236816
recommendation_loss: 1.42155122756958, critic_loss: 1.5162720680236816
inter loss 2.5724592208862305, intra loss: 0.002766446443274617, critic loss: 1.5445822477340698
recommendation_loss: 1.3537182807922363, critic_loss: 1.5445822477340698
inter loss 2.5304441452026367, intra loss: 0.0027624121867120266, critic loss: 1.519371509552002
recommendation_loss: 1.3065237998962402, critic_loss: 1.519371509552002
inter loss 2.579817533493042, intra loss: 0.002755358349531889, critic loss: 1.54899263381958
recommendation_loss: 1.3706507682800293, critic_loss: 1.54899263381958
inter loss 2.544773578643799, intra loss: 0.0027574007399380207, critic loss: 1.527967095375061
recommendation_loss: 1.3076462745666504, critic_loss: 1.527967095375061
inter loss 2.5488076210021973, intra loss: 0.0027487415354698896, critic loss: 1.5303840637207031
recommendation_loss: 1.3142226934432983, critic_loss: 1.5303840637207031
inter loss 2.5513663291931152, intra loss: 0.0027670785784721375, critic loss: 1.5319267511367798
recommendation_loss: 1.3303520679473877, critic_loss: 1.5319267511367798
inter loss 2.528839111328125, intra loss: 0.0027666420210152864, critic loss: 1.5184102058410645
recommendation_loss: 1.4019931554794312, critic_loss: 1.5184102058410645
inter loss 2.5381922721862793, intra loss: 0.0027746139094233513, critic loss: 1.524025321006775
recommendation_loss: 1.4426202774047852, critic_loss: 1.524025321006775
inter loss 2.5634193420410156, intra loss: 0.0027607916854321957, critic loss: 1.5391560792922974
recommendation_loss: 1.3160594701766968, critic_loss: 1.5391560792922974
inter loss 2.5467095375061035, intra loss: 0.002780366223305464, critic loss: 1.5291378498077393
recommendation_loss: 1.322608232498169, critic_loss: 1.5291378498077393
inter loss 2.554830551147461, intra loss: 0.0027500817086547613, critic loss: 1.5339984893798828
recommendation_loss: 1.3066151142120361, critic_loss: 1.5339984893798828
inter loss 2.54603910446167, intra loss: 0.0027571378741413355, critic loss: 1.52872633934021
recommendation_loss: 1.4085578918457031, critic_loss: 1.52872633934021
inter loss 2.5734241008758545, intra loss: 0.002735669491812587, critic loss: 1.5451487302780151
recommendation_loss: 1.4099137783050537, critic_loss: 1.5451487302780151
inter loss 2.5568385124206543, intra loss: 0.002739192917943001, critic loss: 1.5351988077163696
recommendation_loss: 1.3625363111495972, critic_loss: 1.5351988077163696
inter loss 2.57608699798584, intra loss: 0.0027442160062491894, critic loss: 1.5467499494552612
recommendation_loss: 1.3721411228179932, critic_loss: 1.5467499494552612
inter loss 2.554466962814331, intra loss: 0.0027406122535467148, critic loss: 1.5337765216827393
recommendation_loss: 1.3883159160614014, critic_loss: 1.5337765216827393
inter loss 2.537017822265625, intra loss: 0.002749874722212553, critic loss: 1.523310661315918
recommendation_loss: 1.307558298110962, critic_loss: 1.523310661315918
inter loss 2.5647830963134766, intra loss: 0.002758581191301346, critic loss: 1.5399733781814575
recommendation_loss: 1.3534067869186401, critic_loss: 1.5399733781814575
inter loss 2.567720413208008, intra loss: 0.0027699866332113743, critic loss: 1.5417404174804688
recommendation_loss: 1.3397802114486694, critic_loss: 1.5417404174804688
inter loss 2.5727920532226562, intra loss: 0.0027584887575358152, critic loss: 1.5447787046432495
recommendation_loss: 1.3557318449020386, critic_loss: 1.5447787046432495
inter loss 2.5565364360809326, intra loss: 0.0027526847552508116, critic loss: 1.5350229740142822
recommendation_loss: 1.3408005237579346, critic_loss: 1.5350229740142822
inter loss 2.580648422241211, intra loss: 0.0027543276082724333, critic loss: 1.5494908094406128
recommendation_loss: 1.412842869758606, critic_loss: 1.5494908094406128
inter loss 2.5483756065368652, intra loss: 0.00275866175070405, critic loss: 1.5301289558410645
recommendation_loss: 1.391923189163208, critic_loss: 1.5301289558410645
inter loss 2.5973708629608154, intra loss: 0.0027395368088036776, critic loss: 1.5595183372497559
recommendation_loss: 1.4246916770935059, critic_loss: 1.5595183372497559
inter loss 2.5548038482666016, intra loss: 0.0027570135425776243, critic loss: 1.5339851379394531
recommendation_loss: 1.3856408596038818, critic_loss: 1.5339851379394531
inter loss 2.5584166049957275, intra loss: 0.0027639013715088367, critic loss: 1.5361555814743042
recommendation_loss: 1.3792495727539062, critic_loss: 1.5361555814743042
inter loss 2.573023796081543, intra loss: 0.002743353135883808, critic loss: 1.5449116230010986
recommendation_loss: 1.3866689205169678, critic_loss: 1.5449116230010986
inter loss 2.57165789604187, intra loss: 0.002743307501077652, critic loss: 1.5440921783447266
recommendation_loss: 1.3127917051315308, critic_loss: 1.5440921783447266
inter loss 2.542581558227539, intra loss: 0.0027426821179687977, critic loss: 1.5266461372375488
recommendation_loss: 1.4105545282363892, critic_loss: 1.5266461372375488
inter loss 2.569948196411133, intra loss: 0.0027586338110268116, critic loss: 1.5430723428726196
recommendation_loss: 1.334908366203308, critic_loss: 1.5430723428726196
inter loss 2.568085193634033, intra loss: 0.002755160443484783, critic loss: 1.5419533252716064
recommendation_loss: 1.374942660331726, critic_loss: 1.5419533252716064
inter loss 2.5718016624450684, intra loss: 0.002753529930487275, critic loss: 1.5441824197769165
recommendation_loss: 1.313288927078247, critic_loss: 1.5441824197769165
inter loss 2.541586399078369, intra loss: 0.002767206635326147, critic loss: 1.5260587930679321
recommendation_loss: 1.2857692241668701, critic_loss: 1.5260587930679321
inter loss 2.5441184043884277, intra loss: 0.002755997469648719, critic loss: 1.527573585510254
recommendation_loss: 1.350629448890686, critic_loss: 1.527573585510254
inter loss 2.525158405303955, intra loss: 0.0027643267530947924, critic loss: 1.5162009000778198
recommendation_loss: 1.3886723518371582, critic_loss: 1.5162009000778198
inter loss 2.5510172843933105, intra loss: 0.0027776630595326424, critic loss: 1.5317214727401733
recommendation_loss: 1.3748221397399902, critic_loss: 1.5317214727401733
inter loss 2.5689609050750732, intra loss: 0.002753312699496746, critic loss: 1.5424779653549194
recommendation_loss: 1.334892988204956, critic_loss: 1.5424779653549194
inter loss 2.5422959327697754, intra loss: 0.0027388103771954775, critic loss: 1.5264731645584106
recommendation_loss: 1.3503904342651367, critic_loss: 1.5264731645584106
inter loss 2.563106060028076, intra loss: 0.002743496559560299, critic loss: 1.5389611721038818
recommendation_loss: 1.305800199508667, critic_loss: 1.5389611721038818
inter loss 2.531592845916748, intra loss: 0.0027485638856887817, critic loss: 1.5200552940368652
recommendation_loss: 1.3760619163513184, critic_loss: 1.5200552940368652
inter loss 2.5646157264709473, intra loss: 0.002737328177317977, critic loss: 1.539864420890808
recommendation_loss: 1.3323967456817627, critic_loss: 1.539864420890808
inter loss 2.531886339187622, intra loss: 0.002759960014373064, critic loss: 1.5202358961105347
recommendation_loss: 1.3660621643066406, critic_loss: 1.5202358961105347
inter loss 2.555943727493286, intra loss: 0.0027531322557479143, critic loss: 1.5346676111221313
recommendation_loss: 1.3626421689987183, critic_loss: 1.5346676111221313
inter loss 2.5435056686401367, intra loss: 0.002756798407062888, critic loss: 1.5272061824798584
recommendation_loss: 1.3916347026824951, critic_loss: 1.5272061824798584
inter loss 2.551757335662842, intra loss: 0.0027524458710104227, critic loss: 1.5321555137634277
recommendation_loss: 1.4125800132751465, critic_loss: 1.5321555137634277
inter loss 2.5610885620117188, intra loss: 0.002740641823038459, critic loss: 1.5377494096755981
recommendation_loss: 1.3548442125320435, critic_loss: 1.5377494096755981
inter loss 2.5274710655212402, intra loss: 0.002733261324465275, critic loss: 1.517575979232788
recommendation_loss: 1.357253074645996, critic_loss: 1.517575979232788
inter loss 2.50885009765625, intra loss: 0.002749806270003319, critic loss: 1.5064101219177246
recommendation_loss: 1.3548215627670288, critic_loss: 1.5064101219177246
inter loss 2.5506539344787598, intra loss: 0.002761474112048745, critic loss: 1.5314970016479492
recommendation_loss: 1.3617651462554932, critic_loss: 1.5314970016479492
inter loss 2.565554141998291, intra loss: 0.0027274766471236944, critic loss: 1.5404235124588013
recommendation_loss: 1.375076413154602, critic_loss: 1.5404235124588013
inter loss 2.561549663543701, intra loss: 0.0027501904405653477, critic loss: 1.5380299091339111
recommendation_loss: 1.3486849069595337, critic_loss: 1.5380299091339111
inter loss 2.559523582458496, intra loss: 0.0027378927916288376, critic loss: 1.5368094444274902
recommendation_loss: 1.3898895978927612, critic_loss: 1.5368094444274902
inter loss 2.552821159362793, intra loss: 0.0027457750402390957, critic loss: 1.532791018486023
recommendation_loss: 1.3647524118423462, critic_loss: 1.532791018486023
inter loss 2.5378730297088623, intra loss: 0.002739926567301154, critic loss: 1.523819923400879
recommendation_loss: 1.4608973264694214, critic_loss: 1.523819923400879
inter loss 2.549644947052002, intra loss: 0.0027482593432068825, critic loss: 1.5308864116668701
recommendation_loss: 1.3604991436004639, critic_loss: 1.5308864116668701
inter loss 2.5803334712982178, intra loss: 0.002761663170531392, critic loss: 1.5493048429489136
recommendation_loss: 1.3842644691467285, critic_loss: 1.5493048429489136
inter loss 2.5552849769592285, intra loss: 0.0027472239453345537, critic loss: 1.53426992893219
recommendation_loss: 1.3924193382263184, critic_loss: 1.53426992893219
2024-08-09 18:39:21.426049: step 3344/24320 (epoch 11/80), loss = 1.418973 (33.429 sec/epoch), lr: 0.003000
Evaluating on dev set...
...........................
source: 	 mrr: 0.036268	 ndcg_5: 0.0249	 ndcg_10: 0.0356	 hit@1:0.011586	 hit@5:0.0384	 hit@10: 0.0724
target: 	 mrr: 0.047308	 ndcg_5: 0.0403	 ndcg_10: 0.0524	 hit@1:0.017422	 hit@5:0.0606	 hit@10: 0.0976
source best!
.............
source: 	 mrr: 0.036214	 ndcg_5: 0.0273	 ndcg_10: 0.0370	 hit@1:0.008436	 hit@5:0.0475	 hit@10: 0.0775
target best!
..............target: 	 mrr: 0.044016	 ndcg_5: 0.0375	 ndcg_10: 0.0470	 hit@1:0.015775	 hit@5:0.0590	 hit@10: 0.0892
epoch 11: train_loss = 1.418973, source_hit@10 = 0.0775, source_ndcg@10 = 0.0370, target_hit@10 = 0.0892, target_ndcg@10 = 0.0470
new best model saved.

inter loss 2.56052827835083, intra loss: 0.002739266026765108, critic loss: 1.5374126434326172
recommendation_loss: 1.4037245512008667, critic_loss: 1.5374126434326172
inter loss 2.5513651371002197, intra loss: 0.0027466891333460808, critic loss: 1.5319178104400635
recommendation_loss: 1.3503162860870361, critic_loss: 1.5319178104400635
inter loss 2.5442333221435547, intra loss: 0.0027343668043613434, critic loss: 1.527633786201477
recommendation_loss: 1.2933915853500366, critic_loss: 1.527633786201477
inter loss 2.5464420318603516, intra loss: 0.002751482417806983, critic loss: 1.5289658308029175
recommendation_loss: 1.3917354345321655, critic_loss: 1.5289658308029175
inter loss 2.5847020149230957, intra loss: 0.0027600559405982494, critic loss: 1.5519253015518188
recommendation_loss: 1.3481954336166382, critic_loss: 1.5519253015518188
inter loss 2.542281150817871, intra loss: 0.0027646468952298164, critic loss: 1.5264747142791748
recommendation_loss: 1.4312615394592285, critic_loss: 1.5264747142791748
inter loss 2.5835647583007812, intra loss: 0.0027467072941362858, critic loss: 1.5512375831604004
recommendation_loss: 1.3870608806610107, critic_loss: 1.5512375831604004
inter loss 2.574924945831299, intra loss: 0.0027655286248773336, critic loss: 1.5460612773895264
recommendation_loss: 1.4113725423812866, critic_loss: 1.5460612773895264
inter loss 2.5642378330230713, intra loss: 0.00273116328753531, critic loss: 1.539635181427002
recommendation_loss: 1.3350143432617188, critic_loss: 1.539635181427002
inter loss 2.5558862686157227, intra loss: 0.0027477662079036236, critic loss: 1.5346308946609497
recommendation_loss: 1.343620777130127, critic_loss: 1.5346308946609497
inter loss 2.5567731857299805, intra loss: 0.002733622444793582, critic loss: 1.5351574420928955
recommendation_loss: 1.4216947555541992, critic_loss: 1.5351574420928955
inter loss 2.591282367706299, intra loss: 0.002722212579101324, critic loss: 1.5558583736419678
recommendation_loss: 1.2737840414047241, critic_loss: 1.5558583736419678
inter loss 2.579741954803467, intra loss: 0.0027186016086488962, critic loss: 1.548932671546936
recommendation_loss: 1.4460653066635132, critic_loss: 1.548932671546936
inter loss 2.583308219909668, intra loss: 0.002731144428253174, critic loss: 1.5510774850845337
recommendation_loss: 1.4121365547180176, critic_loss: 1.5510774850845337
inter loss 2.5527405738830566, intra loss: 0.002761619631201029, critic loss: 1.532749056816101
recommendation_loss: 1.3847254514694214, critic_loss: 1.532749056816101
inter loss 2.5772485733032227, intra loss: 0.0027256242465227842, critic loss: 1.547439455986023
recommendation_loss: 1.4385778903961182, critic_loss: 1.547439455986023
inter loss 2.549928665161133, intra loss: 0.002741941250860691, critic loss: 1.5310540199279785
recommendation_loss: 1.3409674167633057, critic_loss: 1.5310540199279785
inter loss 2.569549083709717, intra loss: 0.0027347730938345194, critic loss: 1.5428234338760376
recommendation_loss: 1.4520758390426636, critic_loss: 1.5428234338760376
inter loss 2.5830721855163574, intra loss: 0.002710735658183694, critic loss: 1.550927758216858
recommendation_loss: 1.3509851694107056, critic_loss: 1.550927758216858
inter loss 2.5717849731445312, intra loss: 0.002729662461206317, critic loss: 1.5441628694534302
recommendation_loss: 1.3167483806610107, critic_loss: 1.5441628694534302
inter loss 2.554891586303711, intra loss: 0.00271206209436059, critic loss: 1.5340198278427124
recommendation_loss: 1.3172430992126465, critic_loss: 1.5340198278427124
inter loss 2.589062213897705, intra loss: 0.0027479403652250767, critic loss: 1.5545365810394287
recommendation_loss: 1.3253568410873413, critic_loss: 1.5545365810394287
inter loss 2.5491414070129395, intra loss: 0.0027335025370121002, critic loss: 1.5305782556533813
recommendation_loss: 1.3083131313323975, critic_loss: 1.5305782556533813
inter loss 2.5868470668792725, intra loss: 0.0027321800589561462, critic loss: 1.5532011985778809
recommendation_loss: 1.4082080125808716, critic_loss: 1.5532011985778809
inter loss 2.5620150566101074, intra loss: 0.002740192227065563, critic loss: 1.5383052825927734
recommendation_loss: 1.321399211883545, critic_loss: 1.5383052825927734
inter loss 2.5828216075897217, intra loss: 0.0027411840856075287, critic loss: 1.550789475440979
recommendation_loss: 1.2903283834457397, critic_loss: 1.550789475440979
inter loss 2.5792007446289062, intra loss: 0.0027252621948719025, critic loss: 1.5486105680465698
recommendation_loss: 1.3223967552185059, critic_loss: 1.5486105680465698
inter loss 2.5826334953308105, intra loss: 0.0027441312558948994, critic loss: 1.5506778955459595
recommendation_loss: 1.3276188373565674, critic_loss: 1.5506778955459595
inter loss 2.5844931602478027, intra loss: 0.0027366119902580976, critic loss: 1.551790714263916
recommendation_loss: 1.3009274005889893, critic_loss: 1.551790714263916
inter loss 2.5664126873016357, intra loss: 0.002734557492658496, critic loss: 1.540941596031189
recommendation_loss: 1.429347276687622, critic_loss: 1.540941596031189
inter loss 2.542076349258423, intra loss: 0.00273502292111516, critic loss: 1.5263398885726929
recommendation_loss: 1.346308708190918, critic_loss: 1.5263398885726929
inter loss 2.5869553089141846, intra loss: 0.002734370995312929, critic loss: 1.553267002105713
recommendation_loss: 1.3102524280548096, critic_loss: 1.553267002105713
inter loss 2.6094155311584473, intra loss: 0.0027321476954966784, critic loss: 1.5667423009872437
recommendation_loss: 1.3999865055084229, critic_loss: 1.5667423009872437
inter loss 2.547441244125366, intra loss: 0.0027418932877480984, critic loss: 1.5295615196228027
recommendation_loss: 1.4026122093200684, critic_loss: 1.5295615196228027
inter loss 2.5741851329803467, intra loss: 0.0027542496100068092, critic loss: 1.5456129312515259
recommendation_loss: 1.3829443454742432, critic_loss: 1.5456129312515259
inter loss 2.533088207244873, intra loss: 0.0027349514421075583, critic loss: 1.520946979522705
recommendation_loss: 1.390312671661377, critic_loss: 1.520946979522705
inter loss 2.570106267929077, intra loss: 0.0027230395935475826, critic loss: 1.5431530475616455
recommendation_loss: 1.357109546661377, critic_loss: 1.5431530475616455
inter loss 2.548882007598877, intra loss: 0.002734407549723983, critic loss: 1.5304230451583862
recommendation_loss: 1.4250181913375854, critic_loss: 1.5304230451583862
inter loss 2.575767993927002, intra loss: 0.002742782002314925, critic loss: 1.546557903289795
recommendation_loss: 1.3747327327728271, critic_loss: 1.546557903289795
inter loss 2.553347587585449, intra loss: 0.002745447214692831, critic loss: 1.533106803894043
recommendation_loss: 1.4249563217163086, critic_loss: 1.533106803894043
inter loss 2.5562257766723633, intra loss: 0.002732396125793457, critic loss: 1.5348284244537354
recommendation_loss: 1.3377341032028198, critic_loss: 1.5348284244537354
inter loss 2.547886848449707, intra loss: 0.0027284256648272276, critic loss: 1.5298235416412354
recommendation_loss: 1.301163673400879, critic_loss: 1.5298235416412354
inter loss 2.6079025268554688, intra loss: 0.0027374345809221268, critic loss: 1.5658365488052368
recommendation_loss: 1.3301430940628052, critic_loss: 1.5658365488052368
inter loss 2.5614571571350098, intra loss: 0.0027625281363725662, critic loss: 1.5379794836044312
recommendation_loss: 1.3867288827896118, critic_loss: 1.5379794836044312
inter loss 2.5530805587768555, intra loss: 0.0027432225178927183, critic loss: 1.5329457521438599
recommendation_loss: 1.3405622243881226, critic_loss: 1.5329457521438599
inter loss 2.544198989868164, intra loss: 0.0027316338382661343, critic loss: 1.5276120901107788
recommendation_loss: 1.2817389965057373, critic_loss: 1.5276120901107788
inter loss 2.534583806991577, intra loss: 0.002723454497754574, critic loss: 1.5218397378921509
recommendation_loss: 1.3784842491149902, critic_loss: 1.5218397378921509
inter loss 2.568873405456543, intra loss: 0.002750300569459796, critic loss: 1.542424201965332
recommendation_loss: 1.282174825668335, critic_loss: 1.542424201965332
inter loss 2.542351484298706, intra loss: 0.0027387472800910473, critic loss: 1.5265065431594849
recommendation_loss: 1.2590464353561401, critic_loss: 1.5265065431594849
inter loss 2.5513134002685547, intra loss: 0.002749807434156537, critic loss: 1.5318880081176758
recommendation_loss: 1.336930513381958, critic_loss: 1.5318880081176758
inter loss 2.5528202056884766, intra loss: 0.0027389582246541977, critic loss: 1.5327876806259155
recommendation_loss: 1.3860145807266235, critic_loss: 1.5327876806259155
inter loss 2.5531973838806152, intra loss: 0.0027391391340643167, critic loss: 1.533014178276062
recommendation_loss: 1.2721867561340332, critic_loss: 1.533014178276062
inter loss 2.54545259475708, intra loss: 0.0027424581348896027, critic loss: 1.528368592262268
recommendation_loss: 1.4090884923934937, critic_loss: 1.528368592262268
inter loss 2.5521631240844727, intra loss: 0.002735938411206007, critic loss: 1.5323922634124756
recommendation_loss: 1.3791148662567139, critic_loss: 1.5323922634124756
inter loss 2.5325989723205566, intra loss: 0.0027289590798318386, critic loss: 1.52065110206604
recommendation_loss: 1.3083372116088867, critic_loss: 1.52065110206604
inter loss 2.560861587524414, intra loss: 0.002752332715317607, critic loss: 1.5376179218292236
recommendation_loss: 1.3080425262451172, critic_loss: 1.5376179218292236
inter loss 2.5676770210266113, intra loss: 0.0027315891347825527, critic loss: 1.541698932647705
recommendation_loss: 1.264633297920227, critic_loss: 1.541698932647705
inter loss 2.5627779960632324, intra loss: 0.002748342929407954, critic loss: 1.5387662649154663
recommendation_loss: 1.3437848091125488, critic_loss: 1.5387662649154663
inter loss 2.5801444053649902, intra loss: 0.0027321544475853443, critic loss: 1.5491796731948853
recommendation_loss: 1.3097819089889526, critic_loss: 1.5491796731948853
inter loss 2.547853946685791, intra loss: 0.002747880993410945, critic loss: 1.5298115015029907
recommendation_loss: 1.3350188732147217, critic_loss: 1.5298115015029907
inter loss 2.575284242630005, intra loss: 0.002734107431024313, critic loss: 1.5462642908096313
recommendation_loss: 1.4083914756774902, critic_loss: 1.5462642908096313
inter loss 2.546055793762207, intra loss: 0.0027175750583410263, critic loss: 1.5287206172943115
recommendation_loss: 1.4660651683807373, critic_loss: 1.5287206172943115
inter loss 2.5649216175079346, intra loss: 0.0027356932405382395, critic loss: 1.540047287940979
recommendation_loss: 1.287748098373413, critic_loss: 1.540047287940979
inter loss 2.5515313148498535, intra loss: 0.0027314270846545696, critic loss: 1.5320113897323608
recommendation_loss: 1.3726921081542969, critic_loss: 1.5320113897323608
inter loss 2.5476796627044678, intra loss: 0.0027282617520540953, critic loss: 1.5296992063522339
recommendation_loss: 1.3528177738189697, critic_loss: 1.5296992063522339
inter loss 2.550971031188965, intra loss: 0.0027317674830555916, critic loss: 1.5316753387451172
recommendation_loss: 1.314170479774475, critic_loss: 1.5316753387451172
inter loss 2.5414810180664062, intra loss: 0.002746928483247757, critic loss: 1.5259873867034912
recommendation_loss: 1.341625690460205, critic_loss: 1.5259873867034912
inter loss 2.565500259399414, intra loss: 0.0027269080746918917, critic loss: 1.540390968322754
recommendation_loss: 1.453488826751709, critic_loss: 1.540390968322754
inter loss 2.538473606109619, intra loss: 0.002756071276962757, critic loss: 1.5241867303848267
recommendation_loss: 1.3529378175735474, critic_loss: 1.5241867303848267
inter loss 2.5722603797912598, intra loss: 0.0027296338230371475, critic loss: 1.5444481372833252
recommendation_loss: 1.3142573833465576, critic_loss: 1.5444481372833252
inter loss 2.537416934967041, intra loss: 0.002743938472121954, critic loss: 1.5235477685928345
recommendation_loss: 1.3202569484710693, critic_loss: 1.5235477685928345
inter loss 2.543257236480713, intra loss: 0.0027240091003477573, critic loss: 1.5270439386367798
recommendation_loss: 1.389078974723816, critic_loss: 1.5270439386367798
inter loss 2.543931484222412, intra loss: 0.0027336226776242256, critic loss: 1.5274524688720703
recommendation_loss: 1.3263115882873535, critic_loss: 1.5274524688720703
inter loss 2.551285743713379, intra loss: 0.002738923067227006, critic loss: 1.5318670272827148
recommendation_loss: 1.3141940832138062, critic_loss: 1.5318670272827148
inter loss 2.565969467163086, intra loss: 0.002746863756328821, critic loss: 1.5406805276870728
recommendation_loss: 1.315217137336731, critic_loss: 1.5406805276870728
inter loss 2.5959696769714355, intra loss: 0.002742901910096407, critic loss: 1.5586791038513184
recommendation_loss: 1.3657164573669434, critic_loss: 1.5586791038513184
inter loss 2.5399844646453857, intra loss: 0.0027331127785146236, critic loss: 1.5250840187072754
recommendation_loss: 1.3166451454162598, critic_loss: 1.5250840187072754
inter loss 2.5443918704986572, intra loss: 0.002727166749536991, critic loss: 1.5277260541915894
recommendation_loss: 1.2604212760925293, critic_loss: 1.5277260541915894
inter loss 2.5651326179504395, intra loss: 0.0027632624842226505, critic loss: 1.5401849746704102
recommendation_loss: 1.327469825744629, critic_loss: 1.5401849746704102
inter loss 2.5755271911621094, intra loss: 0.0027648797258734703, critic loss: 1.5464222431182861
recommendation_loss: 1.2681622505187988, critic_loss: 1.5464222431182861
inter loss 2.562436103820801, intra loss: 0.0027625984512269497, critic loss: 1.5385668277740479
recommendation_loss: 1.3462281227111816, critic_loss: 1.5385668277740479
inter loss 2.568607807159424, intra loss: 0.0027677956968545914, critic loss: 1.5422718524932861
recommendation_loss: 1.360422134399414, critic_loss: 1.5422718524932861
inter loss 2.5494723320007324, intra loss: 0.0027714804746210575, critic loss: 1.5307921171188354
recommendation_loss: 1.3270187377929688, critic_loss: 1.5307921171188354
inter loss 2.5560998916625977, intra loss: 0.002752188825979829, critic loss: 1.5347609519958496
recommendation_loss: 1.2661954164505005, critic_loss: 1.5347609519958496
inter loss 2.571176528930664, intra loss: 0.0027675428427755833, critic loss: 1.5438129901885986
recommendation_loss: 1.38108229637146, critic_loss: 1.5438129901885986
inter loss 2.5818774700164795, intra loss: 0.0027605476789176464, critic loss: 1.5502307415008545
recommendation_loss: 1.3949551582336426, critic_loss: 1.5502307415008545
inter loss 2.5654380321502686, intra loss: 0.0027635800652205944, critic loss: 1.5403683185577393
recommendation_loss: 1.3172268867492676, critic_loss: 1.5403683185577393
inter loss 2.543419361114502, intra loss: 0.002740875817835331, critic loss: 1.5271480083465576
recommendation_loss: 1.275888442993164, critic_loss: 1.5271480083465576
inter loss 2.5714855194091797, intra loss: 0.002748602069914341, critic loss: 1.5439908504486084
recommendation_loss: 1.3336304426193237, critic_loss: 1.5439908504486084
inter loss 2.5640084743499756, intra loss: 0.0027532223612070084, critic loss: 1.539506435394287
recommendation_loss: 1.3317947387695312, critic_loss: 1.539506435394287
inter loss 2.53511381149292, intra loss: 0.0027529937215149403, critic loss: 1.522169589996338
recommendation_loss: 1.3382655382156372, critic_loss: 1.522169589996338
inter loss 2.5774312019348145, intra loss: 0.002771157305687666, critic loss: 1.5475672483444214
recommendation_loss: 1.3270050287246704, critic_loss: 1.5475672483444214
inter loss 2.5342469215393066, intra loss: 0.0027377624064683914, critic loss: 1.5216432809829712
recommendation_loss: 1.2726690769195557, critic_loss: 1.5216432809829712
inter loss 2.5702733993530273, intra loss: 0.002722285222262144, critic loss: 1.543252944946289
recommendation_loss: 1.272953987121582, critic_loss: 1.543252944946289
inter loss 2.5949435234069824, intra loss: 0.0027446416206657887, critic loss: 1.5580639839172363
recommendation_loss: 1.2588119506835938, critic_loss: 1.5580639839172363
inter loss 2.5790209770202637, intra loss: 0.002762420102953911, critic loss: 1.5485175848007202
recommendation_loss: 1.3223998546600342, critic_loss: 1.5485175848007202
inter loss 2.560464859008789, intra loss: 0.0027584924828261137, critic loss: 1.5373823642730713
recommendation_loss: 1.3206124305725098, critic_loss: 1.5373823642730713
inter loss 2.547205924987793, intra loss: 0.0027374988421797752, critic loss: 1.529418706893921
recommendation_loss: 1.2808055877685547, critic_loss: 1.529418706893921
inter loss 2.5591018199920654, intra loss: 0.002748278435319662, critic loss: 1.5365605354309082
recommendation_loss: 1.2435057163238525, critic_loss: 1.5365605354309082
inter loss 2.5590405464172363, intra loss: 0.0027549525257200003, critic loss: 1.5365263223648071
recommendation_loss: 1.3424594402313232, critic_loss: 1.5365263223648071
inter loss 2.5480432510375977, intra loss: 0.002729206345975399, critic loss: 1.5299177169799805
recommendation_loss: 1.2608880996704102, critic_loss: 1.5299177169799805
inter loss 2.556154251098633, intra loss: 0.002767157508060336, critic loss: 1.5347994565963745
recommendation_loss: 1.2069560289382935, critic_loss: 1.5347994565963745
inter loss 2.5443785190582275, intra loss: 0.0027493909001350403, critic loss: 1.5277268886566162
recommendation_loss: 1.343480110168457, critic_loss: 1.5277268886566162
inter loss 2.5589466094970703, intra loss: 0.002745959907770157, critic loss: 1.5364664793014526
recommendation_loss: 1.2950427532196045, critic_loss: 1.5364664793014526
inter loss 2.574925422668457, intra loss: 0.0027647698298096657, critic loss: 1.5460612773895264
recommendation_loss: 1.3904526233673096, critic_loss: 1.5460612773895264
inter loss 2.570552110671997, intra loss: 0.0027527615893632174, critic loss: 1.5434324741363525
recommendation_loss: 1.4625164270401, critic_loss: 1.5434324741363525
inter loss 2.5264952182769775, intra loss: 0.0027549955993890762, critic loss: 1.5169991254806519
recommendation_loss: 1.353236198425293, critic_loss: 1.5169991254806519
inter loss 2.564986228942871, intra loss: 0.00275003956630826, critic loss: 1.540091872215271
recommendation_loss: 1.3222745656967163, critic_loss: 1.540091872215271
inter loss 2.546614170074463, intra loss: 0.00275295483879745, critic loss: 1.5290696620941162
recommendation_loss: 1.3290163278579712, critic_loss: 1.5290696620941162
inter loss 2.5599379539489746, intra loss: 0.002748240949586034, critic loss: 1.537062168121338
recommendation_loss: 1.2838354110717773, critic_loss: 1.537062168121338
inter loss 2.5913381576538086, intra loss: 0.00274561601690948, critic loss: 1.555901288986206
recommendation_loss: 1.4296867847442627, critic_loss: 1.555901288986206
inter loss 2.6026101112365723, intra loss: 0.0027625332586467266, critic loss: 1.562671184539795
recommendation_loss: 1.409278154373169, critic_loss: 1.562671184539795
inter loss 2.5493874549865723, intra loss: 0.002761215204373002, critic loss: 1.530737042427063
recommendation_loss: 1.3622767925262451, critic_loss: 1.530737042427063
inter loss 2.5623512268066406, intra loss: 0.002760479459539056, critic loss: 1.5385150909423828
recommendation_loss: 1.3379751443862915, critic_loss: 1.5385150909423828
inter loss 2.583268404006958, intra loss: 0.0027560999151319265, critic loss: 1.5510635375976562
recommendation_loss: 1.3885546922683716, critic_loss: 1.5510635375976562
inter loss 2.5930838584899902, intra loss: 0.0027649980038404465, critic loss: 1.55695641040802
recommendation_loss: 1.295725703239441, critic_loss: 1.55695641040802
inter loss 2.5769553184509277, intra loss: 0.002751881256699562, critic loss: 1.5472739934921265
recommendation_loss: 1.3467217683792114, critic_loss: 1.5472739934921265
inter loss 2.561167001724243, intra loss: 0.0027459440752863884, critic loss: 1.5377986431121826
recommendation_loss: 1.3817907571792603, critic_loss: 1.5377986431121826
inter loss 2.5498151779174805, intra loss: 0.0027407119050621986, critic loss: 1.5309854745864868
recommendation_loss: 1.3209019899368286, critic_loss: 1.5309854745864868
inter loss 2.533574342727661, intra loss: 0.002767440862953663, critic loss: 1.5212516784667969
recommendation_loss: 1.3913123607635498, critic_loss: 1.5212516784667969
inter loss 2.547438383102417, intra loss: 0.0027799345552921295, critic loss: 1.5295751094818115
recommendation_loss: 1.3518328666687012, critic_loss: 1.5295751094818115
inter loss 2.571014404296875, intra loss: 0.0027799156960099936, critic loss: 1.5437207221984863
recommendation_loss: 1.3064663410186768, critic_loss: 1.5437207221984863
inter loss 2.56632924079895, intra loss: 0.0027627600356936455, critic loss: 1.5409027338027954
recommendation_loss: 1.3306970596313477, critic_loss: 1.5409027338027954
inter loss 2.5431103706359863, intra loss: 0.002743230201303959, critic loss: 1.5269635915756226
recommendation_loss: 1.4731800556182861, critic_loss: 1.5269635915756226
inter loss 2.567512035369873, intra loss: 0.0027640548069030046, critic loss: 1.541612982749939
recommendation_loss: 1.3902068138122559, critic_loss: 1.541612982749939
inter loss 2.5531392097473145, intra loss: 0.002748094731941819, critic loss: 1.5329828262329102
recommendation_loss: 1.4024616479873657, critic_loss: 1.5329828262329102
inter loss 2.553898811340332, intra loss: 0.0027566354256123304, critic loss: 1.5334420204162598
recommendation_loss: 1.3435595035552979, critic_loss: 1.5334420204162598
inter loss 2.5479586124420166, intra loss: 0.0027506565675139427, critic loss: 1.5298755168914795
recommendation_loss: 1.3559879064559937, critic_loss: 1.5298755168914795
inter loss 2.54526948928833, intra loss: 0.002757562091574073, critic loss: 1.5282647609710693
recommendation_loss: 1.3613781929016113, critic_loss: 1.5282647609710693
inter loss 2.5627388954162598, intra loss: 0.002740357303991914, critic loss: 1.538739562034607
recommendation_loss: 1.46468186378479, critic_loss: 1.538739562034607
inter loss 2.535799503326416, intra loss: 0.0027345975395292044, critic loss: 1.5225735902786255
recommendation_loss: 1.375523328781128, critic_loss: 1.5225735902786255
inter loss 2.547339916229248, intra loss: 0.0027751154266297817, critic loss: 1.5295140743255615
recommendation_loss: 1.385123610496521, critic_loss: 1.5295140743255615
inter loss 2.5572564601898193, intra loss: 0.002762957476079464, critic loss: 1.5354591608047485
recommendation_loss: 1.3350452184677124, critic_loss: 1.5354591608047485
inter loss 2.538313388824463, intra loss: 0.002772764302790165, critic loss: 1.524097204208374
recommendation_loss: 1.3233696222305298, critic_loss: 1.524097204208374
inter loss 2.53241229057312, intra loss: 0.0027725952677428722, critic loss: 1.5205564498901367
recommendation_loss: 1.440609097480774, critic_loss: 1.5205564498901367
inter loss 2.534374713897705, intra loss: 0.002760014496743679, critic loss: 1.5217288732528687
recommendation_loss: 1.4260271787643433, critic_loss: 1.5217288732528687
inter loss 2.5362768173217773, intra loss: 0.0027443335857242346, critic loss: 1.5228638648986816
recommendation_loss: 1.3257542848587036, critic_loss: 1.5228638648986816
inter loss 2.5660858154296875, intra loss: 0.0027553343679755926, critic loss: 1.5407536029815674
recommendation_loss: 1.357596516609192, critic_loss: 1.5407536029815674
inter loss 2.5532917976379395, intra loss: 0.0027447002939879894, critic loss: 1.5330730676651
recommendation_loss: 1.2801817655563354, critic_loss: 1.5330730676651
inter loss 2.534569263458252, intra loss: 0.002746298909187317, critic loss: 1.5218400955200195
recommendation_loss: 1.3230260610580444, critic_loss: 1.5218400955200195
inter loss 2.5448226928710938, intra loss: 0.002723962999880314, critic loss: 1.52798330783844
recommendation_loss: 1.3189570903778076, critic_loss: 1.52798330783844
inter loss 2.5550670623779297, intra loss: 0.002740709576755762, critic loss: 1.5341365337371826
recommendation_loss: 1.3924320936203003, critic_loss: 1.5341365337371826
inter loss 2.5513644218444824, intra loss: 0.00274543440900743, critic loss: 1.531916856765747
recommendation_loss: 1.3600788116455078, critic_loss: 1.531916856765747
inter loss 2.570119857788086, intra loss: 0.002742436481639743, critic loss: 1.5431689023971558
recommendation_loss: 1.29936945438385, critic_loss: 1.5431689023971558
inter loss 2.564427375793457, intra loss: 0.002741678385064006, critic loss: 1.5397531986236572
recommendation_loss: 1.4034411907196045, critic_loss: 1.5397531986236572
inter loss 2.547368049621582, intra loss: 0.0027488311752676964, critic loss: 1.5295205116271973
recommendation_loss: 1.4002346992492676, critic_loss: 1.5295205116271973
inter loss 2.570924758911133, intra loss: 0.002740702359005809, critic loss: 1.5436512231826782
recommendation_loss: 1.3449840545654297, critic_loss: 1.5436512231826782
inter loss 2.5693795680999756, intra loss: 0.002747627906501293, critic loss: 1.5427268743515015
recommendation_loss: 1.4197276830673218, critic_loss: 1.5427268743515015
inter loss 2.551386594772339, intra loss: 0.002756698988378048, critic loss: 1.5319347381591797
recommendation_loss: 1.3231641054153442, critic_loss: 1.5319347381591797
inter loss 2.575120687484741, intra loss: 0.0027470893692225218, critic loss: 1.5461713075637817
recommendation_loss: 1.3897708654403687, critic_loss: 1.5461713075637817
inter loss 2.5648927688598633, intra loss: 0.002762563293799758, critic loss: 1.5400408506393433
recommendation_loss: 1.370023488998413, critic_loss: 1.5400408506393433
inter loss 2.5542125701904297, intra loss: 0.0027379149105399847, critic loss: 1.5336227416992188
recommendation_loss: 1.3009002208709717, critic_loss: 1.5336227416992188
inter loss 2.5781760215759277, intra loss: 0.0027519972063601017, critic loss: 1.5480064153671265
recommendation_loss: 1.383940577507019, critic_loss: 1.5480064153671265
inter loss 2.554478645324707, intra loss: 0.0027505136094987392, critic loss: 1.533787488937378
recommendation_loss: 1.2856905460357666, critic_loss: 1.533787488937378
inter loss 2.571173667907715, intra loss: 0.0027293944731354713, critic loss: 1.5437959432601929
recommendation_loss: 1.3147375583648682, critic_loss: 1.5437959432601929
inter loss 2.540463447570801, intra loss: 0.0027608699165284634, critic loss: 1.5253825187683105
recommendation_loss: 1.3669580221176147, critic_loss: 1.5253825187683105
inter loss 2.5332746505737305, intra loss: 0.002751239575445652, critic loss: 1.521065354347229
recommendation_loss: 1.3306211233139038, critic_loss: 1.521065354347229
inter loss 2.5470848083496094, intra loss: 0.002747821155935526, critic loss: 1.5293500423431396
recommendation_loss: 1.2294191122055054, critic_loss: 1.5293500423431396
inter loss 2.555283546447754, intra loss: 0.0027416583616286516, critic loss: 1.5342668294906616
recommendation_loss: 1.3157975673675537, critic_loss: 1.5342668294906616
inter loss 2.5313382148742676, intra loss: 0.0027702641673386097, critic loss: 1.5199110507965088
recommendation_loss: 1.3550764322280884, critic_loss: 1.5199110507965088
inter loss 2.523581027984619, intra loss: 0.002746621845290065, critic loss: 1.5152473449707031
recommendation_loss: 1.3144948482513428, critic_loss: 1.5152473449707031
inter loss 2.539675712585449, intra loss: 0.0027936750557273626, critic loss: 1.5249229669570923
recommendation_loss: 1.3815228939056396, critic_loss: 1.5249229669570923
inter loss 2.542637586593628, intra loss: 0.0027399100363254547, critic loss: 1.5266786813735962
recommendation_loss: 1.3994276523590088, critic_loss: 1.5266786813735962
inter loss 2.5449981689453125, intra loss: 0.0027637206949293613, critic loss: 1.528104543685913
recommendation_loss: 1.275749683380127, critic_loss: 1.528104543685913
inter loss 2.5344648361206055, intra loss: 0.002777759451419115, critic loss: 1.5217901468276978
recommendation_loss: 1.3985830545425415, critic_loss: 1.5217901468276978
inter loss 2.5268454551696777, intra loss: 0.0027655677404254675, critic loss: 1.5172135829925537
recommendation_loss: 1.32061767578125, critic_loss: 1.5172135829925537
inter loss 2.541787624359131, intra loss: 0.002775738015770912, critic loss: 1.526183009147644
recommendation_loss: 1.2294787168502808, critic_loss: 1.526183009147644
inter loss 2.5408315658569336, intra loss: 0.0027736593037843704, critic loss: 1.5256085395812988
recommendation_loss: 1.4323537349700928, critic_loss: 1.5256085395812988
inter loss 2.5356380939483643, intra loss: 0.0027523194439709187, critic loss: 1.5224838256835938
recommendation_loss: 1.3382622003555298, critic_loss: 1.5224838256835938
inter loss 2.5718019008636475, intra loss: 0.002759135328233242, critic loss: 1.5441848039627075
recommendation_loss: 1.3505237102508545, critic_loss: 1.5441848039627075
inter loss 2.545379161834717, intra loss: 0.0027638005558401346, critic loss: 1.528333067893982
recommendation_loss: 1.286878228187561, critic_loss: 1.528333067893982
inter loss 2.519035816192627, intra loss: 0.002771408762782812, critic loss: 1.5125300884246826
recommendation_loss: 1.259965181350708, critic_loss: 1.5125300884246826
inter loss 2.5568134784698486, intra loss: 0.0027549376245588064, critic loss: 1.5351901054382324
recommendation_loss: 1.3731435537338257, critic_loss: 1.5351901054382324
inter loss 2.528259754180908, intra loss: 0.0027521145530045033, critic loss: 1.518056869506836
recommendation_loss: 1.3305668830871582, critic_loss: 1.518056869506836
inter loss 2.545677423477173, intra loss: 0.0027662180364131927, critic loss: 1.5285130739212036
recommendation_loss: 1.3575913906097412, critic_loss: 1.5285130739212036
inter loss 2.5299689769744873, intra loss: 0.0027545399498194456, critic loss: 1.5190832614898682
recommendation_loss: 1.3411624431610107, critic_loss: 1.5190832614898682
inter loss 2.522413969039917, intra loss: 0.0027624520007520914, critic loss: 1.514553427696228
recommendation_loss: 1.3735260963439941, critic_loss: 1.514553427696228
inter loss 2.5257368087768555, intra loss: 0.002765865297988057, critic loss: 1.51654851436615
recommendation_loss: 1.3077630996704102, critic_loss: 1.51654851436615
inter loss 2.486301898956299, intra loss: 0.002737414790317416, critic loss: 1.4928761720657349
recommendation_loss: 1.347325086593628, critic_loss: 1.4928761720657349
inter loss 2.5423121452331543, intra loss: 0.0027609120588749647, critic loss: 1.5264917612075806
recommendation_loss: 1.3158012628555298, critic_loss: 1.5264917612075806
inter loss 2.5080971717834473, intra loss: 0.0027450460474938154, critic loss: 1.5059564113616943
recommendation_loss: 1.2817288637161255, critic_loss: 1.5059564113616943
inter loss 2.5344951152801514, intra loss: 0.0027643716894090176, critic loss: 1.5218029022216797
recommendation_loss: 1.3709481954574585, critic_loss: 1.5218029022216797
inter loss 2.568570137023926, intra loss: 0.002740174066275358, critic loss: 1.5422381162643433
recommendation_loss: 1.3044769763946533, critic_loss: 1.5422381162643433
inter loss 2.560727596282959, intra loss: 0.002761280629783869, critic loss: 1.537541151046753
recommendation_loss: 1.3495209217071533, critic_loss: 1.537541151046753
inter loss 2.535048723220825, intra loss: 0.002754516899585724, critic loss: 1.5221312046051025
recommendation_loss: 1.3558624982833862, critic_loss: 1.5221312046051025
inter loss 2.5417263507843018, intra loss: 0.0027672152500599623, critic loss: 1.5261427164077759
recommendation_loss: 1.3794798851013184, critic_loss: 1.5261427164077759
inter loss 2.5313706398010254, intra loss: 0.0027537487912923098, critic loss: 1.5199239253997803
recommendation_loss: 1.385562777519226, critic_loss: 1.5199239253997803
inter loss 2.552049398422241, intra loss: 0.002761502517387271, critic loss: 1.532334327697754
recommendation_loss: 1.3717036247253418, critic_loss: 1.532334327697754
inter loss 2.514547348022461, intra loss: 0.0027459911070764065, critic loss: 1.509826898574829
recommendation_loss: 1.3194515705108643, critic_loss: 1.509826898574829
inter loss 2.5311107635498047, intra loss: 0.0027708946727216244, critic loss: 1.5197749137878418
recommendation_loss: 1.31245756149292, critic_loss: 1.5197749137878418
inter loss 2.5633530616760254, intra loss: 0.002775830216705799, critic loss: 1.539122223854065
recommendation_loss: 1.2991374731063843, critic_loss: 1.539122223854065
inter loss 2.547184944152832, intra loss: 0.002753005363047123, critic loss: 1.5294122695922852
recommendation_loss: 1.250849723815918, critic_loss: 1.5294122695922852
inter loss 2.5307469367980957, intra loss: 0.0027618613094091415, critic loss: 1.5195529460906982
recommendation_loss: 1.2657718658447266, critic_loss: 1.5195529460906982
inter loss 2.5375099182128906, intra loss: 0.002779075875878334, critic loss: 1.5236176252365112
recommendation_loss: 1.345404863357544, critic_loss: 1.5236176252365112
inter loss 2.542830228805542, intra loss: 0.002764341654255986, critic loss: 1.526803970336914
recommendation_loss: 1.4148200750350952, critic_loss: 1.526803970336914
inter loss 2.531266689300537, intra loss: 0.0027434779331088066, critic loss: 1.5198575258255005
recommendation_loss: 1.3207809925079346, critic_loss: 1.5198575258255005
inter loss 2.559387683868408, intra loss: 0.0027788388542830944, critic loss: 1.536744236946106
recommendation_loss: 1.3977150917053223, critic_loss: 1.536744236946106
inter loss 2.589012861251831, intra loss: 0.0027621339540928602, critic loss: 1.554512619972229
recommendation_loss: 1.2964770793914795, critic_loss: 1.554512619972229
inter loss 2.5581674575805664, intra loss: 0.0027390713803470135, critic loss: 1.5359961986541748
recommendation_loss: 1.307227373123169, critic_loss: 1.5359961986541748
inter loss 2.568678855895996, intra loss: 0.002752276137471199, critic loss: 1.5423083305358887
recommendation_loss: 1.3382452726364136, critic_loss: 1.5423083305358887
inter loss 2.559025287628174, intra loss: 0.0027530917432159185, critic loss: 1.536516547203064
recommendation_loss: 1.3474746942520142, critic_loss: 1.536516547203064
inter loss 2.5662765502929688, intra loss: 0.0027394448406994343, critic loss: 1.54086172580719
recommendation_loss: 1.3083088397979736, critic_loss: 1.54086172580719
inter loss 2.5490264892578125, intra loss: 0.002763956319540739, critic loss: 1.5305215120315552
recommendation_loss: 1.318980097770691, critic_loss: 1.5305215120315552
inter loss 2.5547120571136475, intra loss: 0.002737743081524968, critic loss: 1.5339223146438599
recommendation_loss: 1.264100193977356, critic_loss: 1.5339223146438599
inter loss 2.556429862976074, intra loss: 0.0027515413239598274, critic loss: 1.5349586009979248
recommendation_loss: 1.370896339416504, critic_loss: 1.5349586009979248
inter loss 2.5482969284057617, intra loss: 0.002732036169618368, critic loss: 1.5300710201263428
recommendation_loss: 1.387265682220459, critic_loss: 1.5300710201263428
inter loss 2.5607759952545166, intra loss: 0.00277840718626976, critic loss: 1.5375770330429077
recommendation_loss: 1.2421684265136719, critic_loss: 1.5375770330429077
inter loss 2.5647478103637695, intra loss: 0.0027669095434248447, critic loss: 1.539955496788025
recommendation_loss: 1.3055610656738281, critic_loss: 1.539955496788025
inter loss 2.5353469848632812, intra loss: 0.0027623416390269995, critic loss: 1.5223132371902466
recommendation_loss: 1.305890440940857, critic_loss: 1.5223132371902466
inter loss 2.5292673110961914, intra loss: 0.0027505040634423494, critic loss: 1.5186606645584106
recommendation_loss: 1.3440830707550049, critic_loss: 1.5186606645584106
inter loss 2.544179916381836, intra loss: 0.0027634622529149055, critic loss: 1.5276134014129639
recommendation_loss: 1.3663463592529297, critic_loss: 1.5276134014129639
inter loss 2.5393385887145996, intra loss: 0.0027639202307909727, critic loss: 1.5247087478637695
recommendation_loss: 1.351078987121582, critic_loss: 1.5247087478637695
inter loss 2.5225844383239746, intra loss: 0.002760537900030613, critic loss: 1.5146549940109253
recommendation_loss: 1.2714321613311768, critic_loss: 1.5146549940109253
inter loss 2.543764591217041, intra loss: 0.0027473261579871178, critic loss: 1.5273576974868774
recommendation_loss: 1.276777744293213, critic_loss: 1.5273576974868774
inter loss 2.562279224395752, intra loss: 0.0027533164247870445, critic loss: 1.5384689569473267
recommendation_loss: 1.3365089893341064, critic_loss: 1.5384689569473267
inter loss 2.554730176925659, intra loss: 0.002750673796981573, critic loss: 1.5339385271072388
recommendation_loss: 1.4280400276184082, critic_loss: 1.5339385271072388
inter loss 2.521662712097168, intra loss: 0.002764086239039898, critic loss: 1.5141034126281738
recommendation_loss: 1.3534678220748901, critic_loss: 1.5141034126281738
inter loss 2.531735897064209, intra loss: 0.0027467950712889433, critic loss: 1.5201404094696045
recommendation_loss: 1.375226616859436, critic_loss: 1.5201404094696045
inter loss 2.547685384750366, intra loss: 0.0027540717273950577, critic loss: 1.5297129154205322
recommendation_loss: 1.315592646598816, critic_loss: 1.5297129154205322
inter loss 2.531069040298462, intra loss: 0.0027401510160416365, critic loss: 1.5197374820709229
recommendation_loss: 1.2981714010238647, critic_loss: 1.5197374820709229
inter loss 2.5476081371307373, intra loss: 0.0027425833977758884, critic loss: 1.529662013053894
recommendation_loss: 1.316119909286499, critic_loss: 1.529662013053894
inter loss 2.5436699390411377, intra loss: 0.002761795185506344, critic loss: 1.5273067951202393
recommendation_loss: 1.2480392456054688, critic_loss: 1.5273067951202393
inter loss 2.539660930633545, intra loss: 0.0027502509765326977, critic loss: 1.5248967409133911
recommendation_loss: 1.3459110260009766, critic_loss: 1.5248967409133911
inter loss 2.5278468132019043, intra loss: 0.0027520880103111267, critic loss: 1.5178089141845703
recommendation_loss: 1.323251724243164, critic_loss: 1.5178089141845703
inter loss 2.566413640975952, intra loss: 0.002765173092484474, critic loss: 1.5409542322158813
recommendation_loss: 1.4352017641067505, critic_loss: 1.5409542322158813
inter loss 2.5744004249572754, intra loss: 0.002752184635028243, critic loss: 1.5457412004470825
recommendation_loss: 1.3498523235321045, critic_loss: 1.5457412004470825
inter loss 2.574779987335205, intra loss: 0.0027408571913838387, critic loss: 1.5459644794464111
recommendation_loss: 1.30859375, critic_loss: 1.5459644794464111
inter loss 2.556852102279663, intra loss: 0.0027637695893645287, critic loss: 1.5352169275283813
recommendation_loss: 1.3643474578857422, critic_loss: 1.5352169275283813
inter loss 2.554664134979248, intra loss: 0.0027625856455415487, critic loss: 1.5339035987854004
recommendation_loss: 1.3559318780899048, critic_loss: 1.5339035987854004
inter loss 2.547382354736328, intra loss: 0.0027695444878190756, critic loss: 1.529537320137024
recommendation_loss: 1.3552312850952148, critic_loss: 1.529537320137024
inter loss 2.5411415100097656, intra loss: 0.0027539310976862907, critic loss: 1.5257866382598877
recommendation_loss: 1.381005048751831, critic_loss: 1.5257866382598877
inter loss 2.5199851989746094, intra loss: 0.0027530554216355085, critic loss: 1.5130923986434937
recommendation_loss: 1.3314067125320435, critic_loss: 1.5130923986434937
inter loss 2.561007261276245, intra loss: 0.0027525769546628, critic loss: 1.537705421447754
recommendation_loss: 1.3281569480895996, critic_loss: 1.537705421447754
inter loss 2.52768874168396, intra loss: 0.0027493303641676903, critic loss: 1.5177130699157715
recommendation_loss: 1.4359707832336426, critic_loss: 1.5177130699157715
inter loss 2.550802707672119, intra loss: 0.002770432271063328, critic loss: 1.5315898656845093
recommendation_loss: 1.3682916164398193, critic_loss: 1.5315898656845093
inter loss 2.538403034210205, intra loss: 0.002732675988227129, critic loss: 1.524134874343872
recommendation_loss: 1.4225438833236694, critic_loss: 1.524134874343872
inter loss 2.5446841716766357, intra loss: 0.002740858355537057, critic loss: 1.527906894683838
recommendation_loss: 1.278389811515808, critic_loss: 1.527906894683838
inter loss 2.5410704612731934, intra loss: 0.0027404085267335176, critic loss: 1.5257384777069092
recommendation_loss: 1.297908067703247, critic_loss: 1.5257384777069092
inter loss 2.543259620666504, intra loss: 0.002738558454439044, critic loss: 1.5270512104034424
recommendation_loss: 1.2496769428253174, critic_loss: 1.5270512104034424
inter loss 2.544793128967285, intra loss: 0.002763773314654827, critic loss: 1.5279815196990967
recommendation_loss: 1.276459813117981, critic_loss: 1.5279815196990967
inter loss 2.526395320892334, intra loss: 0.002748500555753708, critic loss: 1.5169366598129272
recommendation_loss: 1.2824574708938599, critic_loss: 1.5169366598129272
inter loss 2.5417611598968506, intra loss: 0.002753767417743802, critic loss: 1.5261582136154175
recommendation_loss: 1.340744972229004, critic_loss: 1.5261582136154175
inter loss 2.5441346168518066, intra loss: 0.002736655529588461, critic loss: 1.5275754928588867
recommendation_loss: 1.3533929586410522, critic_loss: 1.5275754928588867
inter loss 2.5614876747131348, intra loss: 0.002749236999079585, critic loss: 1.5379923582077026
recommendation_loss: 1.339846134185791, critic_loss: 1.5379923582077026
inter loss 2.5214948654174805, intra loss: 0.0027453626971691847, critic loss: 1.5139951705932617
recommendation_loss: 1.3952505588531494, critic_loss: 1.5139951705932617
inter loss 2.5526375770568848, intra loss: 0.0027594375424087048, critic loss: 1.5326863527297974
recommendation_loss: 1.2450122833251953, critic_loss: 1.5326863527297974
inter loss 2.548917293548584, intra loss: 0.0027569045778363943, critic loss: 1.5304532051086426
recommendation_loss: 1.3310331106185913, critic_loss: 1.5304532051086426
inter loss 2.539525270462036, intra loss: 0.00275101768784225, critic loss: 1.5248156785964966
recommendation_loss: 1.2955143451690674, critic_loss: 1.5248156785964966
inter loss 2.545445442199707, intra loss: 0.0027726246044039726, critic loss: 1.5283763408660889
recommendation_loss: 1.316913366317749, critic_loss: 1.5283763408660889
inter loss 2.549406051635742, intra loss: 0.002772236242890358, critic loss: 1.5307525396347046
recommendation_loss: 1.3077402114868164, critic_loss: 1.5307525396347046
inter loss 2.547151565551758, intra loss: 0.0027646124362945557, critic loss: 1.5293967723846436
recommendation_loss: 1.3551201820373535, critic_loss: 1.5293967723846436
inter loss 2.545665979385376, intra loss: 0.0027379277162253857, critic loss: 1.5284948348999023
recommendation_loss: 1.2865318059921265, critic_loss: 1.5284948348999023
inter loss 2.57142972946167, intra loss: 0.0027704634703695774, critic loss: 1.5439660549163818
recommendation_loss: 1.331178903579712, critic_loss: 1.5439660549163818
inter loss 2.5546679496765137, intra loss: 0.002747194841504097, critic loss: 1.5338996648788452
recommendation_loss: 1.4121067523956299, critic_loss: 1.5338996648788452
inter loss 2.5536186695098877, intra loss: 0.002761444542557001, critic loss: 1.533275842666626
recommendation_loss: 1.4008387327194214, critic_loss: 1.533275842666626
inter loss 2.557245969772339, intra loss: 0.0027488027699291706, critic loss: 1.535447120666504
recommendation_loss: 1.384774923324585, critic_loss: 1.535447120666504
inter loss 2.573424816131592, intra loss: 0.0027559692971408367, critic loss: 1.5451573133468628
recommendation_loss: 1.4010951519012451, critic_loss: 1.5451573133468628
inter loss 2.5620980262756348, intra loss: 0.0027542850002646446, critic loss: 1.538360595703125
recommendation_loss: 1.29682457447052, critic_loss: 1.538360595703125
inter loss 2.557508945465088, intra loss: 0.002745684003457427, critic loss: 1.5356037616729736
recommendation_loss: 1.4059289693832397, critic_loss: 1.5356037616729736
inter loss 2.549410343170166, intra loss: 0.0027204984799027443, critic loss: 1.5307344198226929
recommendation_loss: 1.3333380222320557, critic_loss: 1.5307344198226929
inter loss 2.5337061882019043, intra loss: 0.002745542675256729, critic loss: 1.5213220119476318
recommendation_loss: 1.3324040174484253, critic_loss: 1.5213220119476318
inter loss 2.532741069793701, intra loss: 0.002737075788900256, critic loss: 1.5207395553588867
recommendation_loss: 1.3160760402679443, critic_loss: 1.5207395553588867
inter loss 2.5498647689819336, intra loss: 0.0027644175570458174, critic loss: 1.531024694442749
recommendation_loss: 1.4029154777526855, critic_loss: 1.531024694442749
inter loss 2.5189836025238037, intra loss: 0.002745993435382843, critic loss: 1.512488603591919
recommendation_loss: 1.3557406663894653, critic_loss: 1.512488603591919
inter loss 2.5332322120666504, intra loss: 0.002769633661955595, critic loss: 1.5210472345352173
recommendation_loss: 1.319095492362976, critic_loss: 1.5210472345352173
inter loss 2.5403099060058594, intra loss: 0.002746405079960823, critic loss: 1.5252845287322998
recommendation_loss: 1.285994529724121, critic_loss: 1.5252845287322998
inter loss 2.5375523567199707, intra loss: 0.0027416865341365337, critic loss: 1.5236282348632812
recommendation_loss: 1.3110636472702026, critic_loss: 1.5236282348632812
inter loss 2.544605255126953, intra loss: 0.0027268766425549984, critic loss: 1.5278539657592773
recommendation_loss: 1.347471833229065, critic_loss: 1.5278539657592773
inter loss 2.5076327323913574, intra loss: 0.002728323685005307, critic loss: 1.5056710243225098
recommendation_loss: 1.377534031867981, critic_loss: 1.5056710243225098
inter loss 2.5443058013916016, intra loss: 0.0027404266875237226, critic loss: 1.527679681777954
recommendation_loss: 1.3905010223388672, critic_loss: 1.527679681777954
inter loss 2.524019718170166, intra loss: 0.002754236338660121, critic loss: 1.5155136585235596
recommendation_loss: 1.398987054824829, critic_loss: 1.5155136585235596
inter loss 2.5287911891937256, intra loss: 0.00275381444953382, critic loss: 1.5183762311935425
recommendation_loss: 1.314744234085083, critic_loss: 1.5183762311935425
inter loss 2.545210838317871, intra loss: 0.002744006924331188, critic loss: 1.5282241106033325
recommendation_loss: 1.31387460231781, critic_loss: 1.5282241106033325
inter loss 2.5556890964508057, intra loss: 0.0027429983019828796, critic loss: 1.5345107316970825
recommendation_loss: 1.3403067588806152, critic_loss: 1.5345107316970825
inter loss 2.5412378311157227, intra loss: 0.0027388394810259342, critic loss: 1.5258382558822632
recommendation_loss: 1.3497273921966553, critic_loss: 1.5258382558822632
inter loss 2.557889938354492, intra loss: 0.00272810785099864, critic loss: 1.535825252532959
recommendation_loss: 1.3004980087280273, critic_loss: 1.535825252532959
inter loss 2.554356575012207, intra loss: 0.0027371421456336975, critic loss: 1.5337088108062744
recommendation_loss: 1.3517698049545288, critic_loss: 1.5337088108062744
inter loss 2.523503065109253, intra loss: 0.00273987278342247, critic loss: 1.51519775390625
recommendation_loss: 1.3117082118988037, critic_loss: 1.51519775390625
inter loss 2.5388317108154297, intra loss: 0.0027414208743721247, critic loss: 1.5243957042694092
recommendation_loss: 1.2708203792572021, critic_loss: 1.5243957042694092
inter loss 2.53784441947937, intra loss: 0.0027602927293628454, critic loss: 1.523810863494873
recommendation_loss: 1.364344596862793, critic_loss: 1.523810863494873
inter loss 2.5524110794067383, intra loss: 0.0027530239894986153, critic loss: 1.532547950744629
recommendation_loss: 1.4227739572525024, critic_loss: 1.532547950744629
inter loss 2.555638313293457, intra loss: 0.0027418406680226326, critic loss: 1.5344797372817993
recommendation_loss: 1.3148545026779175, critic_loss: 1.5344797372817993
inter loss 2.5512118339538574, intra loss: 0.0027504584286361933, critic loss: 1.5318273305892944
recommendation_loss: 1.3340120315551758, critic_loss: 1.5318273305892944
inter loss 2.541140556335449, intra loss: 0.0027440113481134176, critic loss: 1.5257819890975952
recommendation_loss: 1.3664511442184448, critic_loss: 1.5257819890975952
inter loss 2.519967794418335, intra loss: 0.002732787746936083, critic loss: 1.5130739212036133
recommendation_loss: 1.3746732473373413, critic_loss: 1.5130739212036133
inter loss 2.537858486175537, intra loss: 0.0027482956647872925, critic loss: 1.5238145589828491
recommendation_loss: 1.3412238359451294, critic_loss: 1.5238145589828491
inter loss 2.5477051734924316, intra loss: 0.0027572133112698793, critic loss: 1.5297261476516724
recommendation_loss: 1.3858531713485718, critic_loss: 1.5297261476516724
inter loss 2.533935546875, intra loss: 0.0027423803694546223, critic loss: 1.521458387374878
recommendation_loss: 1.3218376636505127, critic_loss: 1.521458387374878
inter loss 2.539191246032715, intra loss: 0.002748752012848854, critic loss: 1.5246143341064453
recommendation_loss: 1.3330962657928467, critic_loss: 1.5246143341064453
inter loss 2.5472922325134277, intra loss: 0.002744896337389946, critic loss: 1.5294733047485352
recommendation_loss: 1.3053250312805176, critic_loss: 1.5294733047485352
inter loss 2.543135166168213, intra loss: 0.0027331614401191473, critic loss: 1.5269744396209717
recommendation_loss: 1.314378261566162, critic_loss: 1.5269744396209717
inter loss 2.5580406188964844, intra loss: 0.002741571981459856, critic loss: 1.5359210968017578
recommendation_loss: 1.3168188333511353, critic_loss: 1.5359210968017578
inter loss 2.570859909057617, intra loss: 0.0027515413239598274, critic loss: 1.5436166524887085
recommendation_loss: 1.284578561782837, critic_loss: 1.5436166524887085
inter loss 2.5337905883789062, intra loss: 0.0027501489967107773, critic loss: 1.5213744640350342
recommendation_loss: 1.3192830085754395, critic_loss: 1.5213744640350342
inter loss 2.527437686920166, intra loss: 0.0027429494075477123, critic loss: 1.5175598859786987
recommendation_loss: 1.2888319492340088, critic_loss: 1.5175598859786987
inter loss 2.5222299098968506, intra loss: 0.0027418145909905434, critic loss: 1.5144346952438354
recommendation_loss: 1.3023791313171387, critic_loss: 1.5144346952438354
inter loss 2.5458498001098633, intra loss: 0.0027490572538226843, critic loss: 1.5286095142364502
recommendation_loss: 1.3070666790008545, critic_loss: 1.5286095142364502
inter loss 2.5353784561157227, intra loss: 0.0027331863529980183, critic loss: 1.5223203897476196
recommendation_loss: 1.3590131998062134, critic_loss: 1.5223203897476196
inter loss 2.522831678390503, intra loss: 0.0027532982639968395, critic loss: 1.5148004293441772
recommendation_loss: 1.3469048738479614, critic_loss: 1.5148004293441772
inter loss 2.5468103885650635, intra loss: 0.0027239175979048014, critic loss: 1.529175877571106
recommendation_loss: 1.393324851989746, critic_loss: 1.529175877571106
inter loss 2.5487194061279297, intra loss: 0.0027456965763121843, critic loss: 1.530329942703247
recommendation_loss: 1.3280391693115234, critic_loss: 1.530329942703247
inter loss 2.5493004322052, intra loss: 0.002736952155828476, critic loss: 1.5306751728057861
recommendation_loss: 1.348824143409729, critic_loss: 1.5306751728057861
inter loss 2.5463037490844727, intra loss: 0.0027517545968294144, critic loss: 1.5288829803466797
recommendation_loss: 1.3537425994873047, critic_loss: 1.5288829803466797
inter loss 2.536891460418701, intra loss: 0.0027320729568600655, critic loss: 1.5232276916503906
recommendation_loss: 1.310208797454834, critic_loss: 1.5232276916503906
2024-08-09 18:39:55.939969: step 3648/24320 (epoch 12/80), loss = 1.399142 (33.859 sec/epoch), lr: 0.003000
Evaluating on dev set...
...........................
source: 	 mrr: 0.037419	 ndcg_5: 0.0266	 ndcg_10: 0.0344	 hit@1:0.013034	 hit@5:0.0398	 hit@10: 0.0644
target: 	 mrr: 0.038632	 ndcg_5: 0.0313	 ndcg_10: 0.0427	 hit@1:0.009756	 hit@5:0.0516	 hit@10: 0.0864
source best!
.............
source: 	 mrr: 0.037725	 ndcg_5: 0.0262	 ndcg_10: 0.0367	 hit@1:0.012270	 hit@5:0.0406	 hit@10: 0.0729
epoch 12: train_loss = 1.399142, source_hit@10 = 0.0729, source_ndcg@10 = 0.0367, target_hit@10 = 0.0864, target_ndcg@10 = 0.0427
new best model saved.

inter loss 2.545454263687134, intra loss: 0.0027558142319321632, critic loss: 1.5283749103546143
recommendation_loss: 1.307511568069458, critic_loss: 1.5283749103546143
inter loss 2.545257329940796, intra loss: 0.0027569264639168978, critic loss: 1.5282572507858276
recommendation_loss: 1.3141489028930664, critic_loss: 1.5282572507858276
inter loss 2.5191493034362793, intra loss: 0.0027430360205471516, critic loss: 1.5125868320465088
recommendation_loss: 1.357199788093567, critic_loss: 1.5125868320465088
inter loss 2.5275373458862305, intra loss: 0.0027420036494731903, critic loss: 1.5176193714141846
recommendation_loss: 1.3676886558532715, critic_loss: 1.5176193714141846
inter loss 2.542249917984009, intra loss: 0.002756252884864807, critic loss: 1.5264524221420288
recommendation_loss: 1.2880891561508179, critic_loss: 1.5264524221420288
inter loss 2.557723045349121, intra loss: 0.0027446714229881763, critic loss: 1.5357317924499512
recommendation_loss: 1.3681724071502686, critic_loss: 1.5357317924499512
inter loss 2.533792495727539, intra loss: 0.002726971171796322, critic loss: 1.5213663578033447
recommendation_loss: 1.4164717197418213, critic_loss: 1.5213663578033447
inter loss 2.5659799575805664, intra loss: 0.0027518821880221367, critic loss: 1.5406888723373413
recommendation_loss: 1.3258994817733765, critic_loss: 1.5406888723373413
inter loss 2.551576614379883, intra loss: 0.0027344331610947847, critic loss: 1.532039761543274
recommendation_loss: 1.2594285011291504, critic_loss: 1.532039761543274
inter loss 2.5548202991485596, intra loss: 0.0027624713256955147, critic loss: 1.5339971780776978
recommendation_loss: 1.340431809425354, critic_loss: 1.5339971780776978
inter loss 2.5245699882507324, intra loss: 0.002734905807301402, critic loss: 1.5158360004425049
recommendation_loss: 1.3040820360183716, critic_loss: 1.5158360004425049
inter loss 2.5146565437316895, intra loss: 0.002746637910604477, critic loss: 1.5098925828933716
recommendation_loss: 1.2815310955047607, critic_loss: 1.5098925828933716
inter loss 2.533630847930908, intra loss: 0.002765549812465906, critic loss: 1.521284818649292
recommendation_loss: 1.3623929023742676, critic_loss: 1.521284818649292
inter loss 2.558112859725952, intra loss: 0.0027507918421179056, critic loss: 1.5359680652618408
recommendation_loss: 1.304787039756775, critic_loss: 1.5359680652618408
inter loss 2.52274751663208, intra loss: 0.0027620838955044746, critic loss: 1.5147534608840942
recommendation_loss: 1.3743642568588257, critic_loss: 1.5147534608840942
inter loss 2.539510726928711, intra loss: 0.0027413973584771156, critic loss: 1.5248031616210938
recommendation_loss: 1.3384298086166382, critic_loss: 1.5248031616210938
inter loss 2.5541086196899414, intra loss: 0.0027521406300365925, critic loss: 1.5335661172866821
recommendation_loss: 1.3738046884536743, critic_loss: 1.5335661172866821
inter loss 2.5539731979370117, intra loss: 0.0027493899688124657, critic loss: 1.5334837436676025
recommendation_loss: 1.3583381175994873, critic_loss: 1.5334837436676025
inter loss 2.530998706817627, intra loss: 0.002744127996265888, critic loss: 1.5196969509124756
recommendation_loss: 1.3720879554748535, critic_loss: 1.5196969509124756
inter loss 2.546095848083496, intra loss: 0.0027294750325381756, critic loss: 1.5287494659423828
recommendation_loss: 1.3509427309036255, critic_loss: 1.5287494659423828
inter loss 2.518385648727417, intra loss: 0.002728934632614255, critic loss: 1.5121231079101562
recommendation_loss: 1.3219852447509766, critic_loss: 1.5121231079101562
inter loss 2.550445318222046, intra loss: 0.002740060444921255, critic loss: 1.5313632488250732
recommendation_loss: 1.302022933959961, critic_loss: 1.5313632488250732
inter loss 2.5243005752563477, intra loss: 0.002778061665594578, critic loss: 1.5156916379928589
recommendation_loss: 1.3001230955123901, critic_loss: 1.5156916379928589
inter loss 2.5574793815612793, intra loss: 0.002731018466874957, critic loss: 1.5355801582336426
recommendation_loss: 1.4051059484481812, critic_loss: 1.5355801582336426
inter loss 2.5263874530792236, intra loss: 0.0027428162284195423, critic loss: 1.5169296264648438
recommendation_loss: 1.3386180400848389, critic_loss: 1.5169296264648438
inter loss 2.56564998626709, intra loss: 0.0027412166818976402, critic loss: 1.5404865741729736
recommendation_loss: 1.3298619985580444, critic_loss: 1.5404865741729736
inter loss 2.5227274894714355, intra loss: 0.0027255984023213387, critic loss: 1.5147268772125244
recommendation_loss: 1.3102812767028809, critic_loss: 1.5147268772125244
inter loss 2.51936674118042, intra loss: 0.0027648238465189934, critic loss: 1.512726068496704
recommendation_loss: 1.4206371307373047, critic_loss: 1.512726068496704
inter loss 2.5437397956848145, intra loss: 0.002751921536400914, critic loss: 1.5273447036743164
recommendation_loss: 1.3297024965286255, critic_loss: 1.5273447036743164
inter loss 2.5125651359558105, intra loss: 0.0027518935967236757, critic loss: 1.508639931678772
recommendation_loss: 1.3118078708648682, critic_loss: 1.508639931678772
inter loss 2.511974811553955, intra loss: 0.0027344818226993084, critic loss: 1.508278727531433
recommendation_loss: 1.3673385381698608, critic_loss: 1.508278727531433
inter loss 2.534022331237793, intra loss: 0.0027448832988739014, critic loss: 1.521511435508728
recommendation_loss: 1.3296581506729126, critic_loss: 1.521511435508728
inter loss 2.5563759803771973, intra loss: 0.00275267637334764, critic loss: 1.5349266529083252
recommendation_loss: 1.3718079328536987, critic_loss: 1.5349266529083252
inter loss 2.5161948204040527, intra loss: 0.0027656611055135727, critic loss: 1.5108232498168945
recommendation_loss: 1.332878828048706, critic_loss: 1.5108232498168945
inter loss 2.5352258682250977, intra loss: 0.002749403938651085, critic loss: 1.5222352743148804
recommendation_loss: 1.1810040473937988, critic_loss: 1.5222352743148804
inter loss 2.5303893089294434, intra loss: 0.002746084239333868, critic loss: 1.5193320512771606
recommendation_loss: 1.302891731262207, critic_loss: 1.5193320512771606
inter loss 2.5455236434936523, intra loss: 0.0027565639466047287, critic loss: 1.5284168720245361
recommendation_loss: 1.2851158380508423, critic_loss: 1.5284168720245361
inter loss 2.530708074569702, intra loss: 0.00274799857288599, critic loss: 1.519524097442627
recommendation_loss: 1.3415518999099731, critic_loss: 1.519524097442627
inter loss 2.5390496253967285, intra loss: 0.0027677565813064575, critic loss: 1.5245369672775269
recommendation_loss: 1.315847396850586, critic_loss: 1.5245369672775269
inter loss 2.543327808380127, intra loss: 0.0027586675714701414, critic loss: 1.5271003246307373
recommendation_loss: 1.377002239227295, critic_loss: 1.5271003246307373
inter loss 2.535553455352783, intra loss: 0.002761086216196418, critic loss: 1.5224366188049316
recommendation_loss: 1.3066622018814087, critic_loss: 1.5224366188049316
inter loss 2.5404553413391113, intra loss: 0.0027615539729595184, critic loss: 1.525377869606018
recommendation_loss: 1.3273215293884277, critic_loss: 1.525377869606018
inter loss 2.5470337867736816, intra loss: 0.0027648871764540672, critic loss: 1.5293262004852295
recommendation_loss: 1.302781581878662, critic_loss: 1.5293262004852295
inter loss 2.5196115970611572, intra loss: 0.002762388437986374, critic loss: 1.5128719806671143
recommendation_loss: 1.301213026046753, critic_loss: 1.5128719806671143
inter loss 2.51039981842041, intra loss: 0.0027705393731594086, critic loss: 1.5073481798171997
recommendation_loss: 1.3271352052688599, critic_loss: 1.5073481798171997
inter loss 2.5469725131988525, intra loss: 0.0027825897559523582, critic loss: 1.529296636581421
recommendation_loss: 1.3632073402404785, critic_loss: 1.529296636581421
inter loss 2.5526814460754395, intra loss: 0.002751414431259036, critic loss: 1.5327094793319702
recommendation_loss: 1.2858455181121826, critic_loss: 1.5327094793319702
inter loss 2.54137921333313, intra loss: 0.002737324684858322, critic loss: 1.5259225368499756
recommendation_loss: 1.3923392295837402, critic_loss: 1.5259225368499756
inter loss 2.540799856185913, intra loss: 0.0027496363036334515, critic loss: 1.525579810142517
recommendation_loss: 1.2456308603286743, critic_loss: 1.525579810142517
inter loss 2.5248942375183105, intra loss: 0.0027455107774585485, critic loss: 1.516034722328186
recommendation_loss: 1.2814853191375732, critic_loss: 1.516034722328186
inter loss 2.5300133228302, intra loss: 0.0027621714398264885, critic loss: 1.5191129446029663
recommendation_loss: 1.3231383562088013, critic_loss: 1.5191129446029663
inter loss 2.539675712585449, intra loss: 0.0027467336039990187, critic loss: 1.5249042510986328
recommendation_loss: 1.206586241722107, critic_loss: 1.5249042510986328
inter loss 2.550712823867798, intra loss: 0.002754376269876957, critic loss: 1.5315295457839966
recommendation_loss: 1.3400322198867798, critic_loss: 1.5315295457839966
inter loss 2.493903160095215, intra loss: 0.002727872459217906, critic loss: 1.497433066368103
recommendation_loss: 1.2761073112487793, critic_loss: 1.497433066368103
inter loss 2.506753921508789, intra loss: 0.0027394932694733143, critic loss: 1.50514817237854
recommendation_loss: 1.3351768255233765, critic_loss: 1.50514817237854
inter loss 2.5157976150512695, intra loss: 0.002759525552392006, critic loss: 1.510582447052002
recommendation_loss: 1.287696123123169, critic_loss: 1.510582447052002
inter loss 2.5426080226898193, intra loss: 0.0027377507649362087, critic loss: 1.5266599655151367
recommendation_loss: 1.27816903591156, critic_loss: 1.5266599655151367
inter loss 2.5259504318237305, intra loss: 0.0027496698312461376, critic loss: 1.5166701078414917
recommendation_loss: 1.2774789333343506, critic_loss: 1.5166701078414917
inter loss 2.529078722000122, intra loss: 0.002750502433627844, critic loss: 1.518547534942627
recommendation_loss: 1.308285117149353, critic_loss: 1.518547534942627
inter loss 2.53507137298584, intra loss: 0.0027659046463668346, critic loss: 1.5221493244171143
recommendation_loss: 1.2923822402954102, critic_loss: 1.5221493244171143
inter loss 2.508237361907959, intra loss: 0.0027432586066424847, critic loss: 1.5060398578643799
recommendation_loss: 1.2499377727508545, critic_loss: 1.5060398578643799
inter loss 2.5384416580200195, intra loss: 0.002739967778325081, critic loss: 1.5241611003875732
recommendation_loss: 1.3726553916931152, critic_loss: 1.5241611003875732
inter loss 2.537642240524292, intra loss: 0.002736893016844988, critic loss: 1.5236800909042358
recommendation_loss: 1.2964673042297363, critic_loss: 1.5236800909042358
inter loss 2.5009584426879883, intra loss: 0.002774937078356743, critic loss: 1.5016851425170898
recommendation_loss: 1.2822703123092651, critic_loss: 1.5016851425170898
inter loss 2.505340099334717, intra loss: 0.002736253198236227, critic loss: 1.5042985677719116
recommendation_loss: 1.3547911643981934, critic_loss: 1.5042985677719116
inter loss 2.527179718017578, intra loss: 0.0027591537218540907, critic loss: 1.5174115896224976
recommendation_loss: 1.2198822498321533, critic_loss: 1.5174115896224976
inter loss 2.53926944732666, intra loss: 0.0027660580817610025, critic loss: 1.5246680974960327
recommendation_loss: 1.399207353591919, critic_loss: 1.5246680974960327
inter loss 2.5441768169403076, intra loss: 0.0027693656738847494, critic loss: 1.527613878250122
recommendation_loss: 1.3367747068405151, critic_loss: 1.527613878250122
inter loss 2.5141172409057617, intra loss: 0.0027628494426608086, critic loss: 1.509575605392456
recommendation_loss: 1.2847936153411865, critic_loss: 1.509575605392456
inter loss 2.5189208984375, intra loss: 0.0027534696273505688, critic loss: 1.5124540328979492
recommendation_loss: 1.3069069385528564, critic_loss: 1.5124540328979492
inter loss 2.493804931640625, intra loss: 0.0027604708448052406, critic loss: 1.4973872900009155
recommendation_loss: 1.2890485525131226, critic_loss: 1.4973872900009155
inter loss 2.5053327083587646, intra loss: 0.0027692499570548534, critic loss: 1.5043073892593384
recommendation_loss: 1.3086755275726318, critic_loss: 1.5043073892593384
inter loss 2.509843587875366, intra loss: 0.0027594512794166803, critic loss: 1.5070099830627441
recommendation_loss: 1.1857900619506836, critic_loss: 1.5070099830627441
inter loss 2.512193202972412, intra loss: 0.0027326070703566074, critic loss: 1.508409023284912
recommendation_loss: 1.274918556213379, critic_loss: 1.508409023284912
inter loss 2.537548542022705, intra loss: 0.0027640671469271183, critic loss: 1.523634910583496
recommendation_loss: 1.3791502714157104, critic_loss: 1.523634910583496
inter loss 2.5244100093841553, intra loss: 0.002766616642475128, critic loss: 1.5157526731491089
recommendation_loss: 1.3084890842437744, critic_loss: 1.5157526731491089
inter loss 2.5280861854553223, intra loss: 0.0027508861385285854, critic loss: 1.5179520845413208
recommendation_loss: 1.3011643886566162, critic_loss: 1.5179520845413208
inter loss 2.5025579929351807, intra loss: 0.002750634215772152, critic loss: 1.50263512134552
recommendation_loss: 1.3418117761611938, critic_loss: 1.50263512134552
inter loss 2.5213890075683594, intra loss: 0.0027547189965844154, critic loss: 1.5139353275299072
recommendation_loss: 1.2710261344909668, critic_loss: 1.5139353275299072
inter loss 2.523383617401123, intra loss: 0.0027597867883741856, critic loss: 1.5151340961456299
recommendation_loss: 1.255183219909668, critic_loss: 1.5151340961456299
inter loss 2.5532402992248535, intra loss: 0.0027419147081673145, critic loss: 1.533041000366211
recommendation_loss: 1.2752437591552734, critic_loss: 1.533041000366211
inter loss 2.5183029174804688, intra loss: 0.002772368025034666, critic loss: 1.512090802192688
recommendation_loss: 1.302152395248413, critic_loss: 1.512090802192688
inter loss 2.5193839073181152, intra loss: 0.002751829568296671, critic loss: 1.5127311944961548
recommendation_loss: 1.2786684036254883, critic_loss: 1.5127311944961548
inter loss 2.5064072608947754, intra loss: 0.002763136988505721, critic loss: 1.504949688911438
recommendation_loss: 1.349992036819458, critic_loss: 1.504949688911438
inter loss 2.5357635021209717, intra loss: 0.002750933635979891, critic loss: 1.522558569908142
recommendation_loss: 1.3150272369384766, critic_loss: 1.522558569908142
inter loss 2.5143051147460938, intra loss: 0.0027532975655049086, critic loss: 1.5096845626831055
recommendation_loss: 1.2695063352584839, critic_loss: 1.5096845626831055
inter loss 2.5100345611572266, intra loss: 0.0027641982305794954, critic loss: 1.5071264505386353
recommendation_loss: 1.3276605606079102, critic_loss: 1.5071264505386353
inter loss 2.4944815635681152, intra loss: 0.0027649509720504284, critic loss: 1.4977949857711792
recommendation_loss: 1.260087013244629, critic_loss: 1.4977949857711792
inter loss 2.5089030265808105, intra loss: 0.002766698133200407, critic loss: 1.50644850730896
recommendation_loss: 1.412562608718872, critic_loss: 1.50644850730896
inter loss 2.51702880859375, intra loss: 0.0027601963374763727, critic loss: 1.5113214254379272
recommendation_loss: 1.3551671504974365, critic_loss: 1.5113214254379272
inter loss 2.510263442993164, intra loss: 0.0027506574988365173, critic loss: 1.507258415222168
recommendation_loss: 1.2587288618087769, critic_loss: 1.507258415222168
inter loss 2.534644842147827, intra loss: 0.0027422127313911915, critic loss: 1.5218838453292847
recommendation_loss: 1.3412212133407593, critic_loss: 1.5218838453292847
inter loss 2.531670331954956, intra loss: 0.002748366678133607, critic loss: 1.5201016664505005
recommendation_loss: 1.2089084386825562, critic_loss: 1.5201016664505005
inter loss 2.5257668495178223, intra loss: 0.002754565328359604, critic loss: 1.5165619850158691
recommendation_loss: 1.2673921585083008, critic_loss: 1.5165619850158691
inter loss 2.516730785369873, intra loss: 0.0027673717122524977, critic loss: 1.5111454725265503
recommendation_loss: 1.2542296648025513, critic_loss: 1.5111454725265503
inter loss 2.5275511741638184, intra loss: 0.002786095719784498, critic loss: 1.517645239830017
recommendation_loss: 1.2164005041122437, critic_loss: 1.517645239830017
inter loss 2.507011890411377, intra loss: 0.002756361849606037, critic loss: 1.505309820175171
recommendation_loss: 1.3875948190689087, critic_loss: 1.505309820175171
inter loss 2.523446798324585, intra loss: 0.00276376074180007, critic loss: 1.5151736736297607
recommendation_loss: 1.2979916334152222, critic_loss: 1.5151736736297607
inter loss 2.502750873565674, intra loss: 0.0027518831193447113, critic loss: 1.502751350402832
recommendation_loss: 1.3034743070602417, critic_loss: 1.502751350402832
inter loss 2.5068907737731934, intra loss: 0.002764541655778885, critic loss: 1.5052403211593628
recommendation_loss: 1.2694356441497803, critic_loss: 1.5052403211593628
inter loss 2.5083441734313965, intra loss: 0.0027661332860589027, critic loss: 1.506113052368164
recommendation_loss: 1.2960822582244873, critic_loss: 1.506113052368164
inter loss 2.5209426879882812, intra loss: 0.002756226807832718, critic loss: 1.513668179512024
recommendation_loss: 1.2449742555618286, critic_loss: 1.513668179512024
inter loss 2.506171703338623, intra loss: 0.0027696338947862387, critic loss: 1.5048109292984009
recommendation_loss: 1.2243883609771729, critic_loss: 1.5048109292984009
inter loss 2.5186004638671875, intra loss: 0.002777447924017906, critic loss: 1.5122714042663574
recommendation_loss: 1.2678027153015137, critic_loss: 1.5122714042663574
inter loss 2.5322442054748535, intra loss: 0.0027803396806120872, critic loss: 1.520458698272705
recommendation_loss: 1.38307523727417, critic_loss: 1.520458698272705
inter loss 2.5281825065612793, intra loss: 0.002769176848232746, critic loss: 1.518017292022705
recommendation_loss: 1.3005878925323486, critic_loss: 1.518017292022705
inter loss 2.5123090744018555, intra loss: 0.002747521735727787, critic loss: 1.5084844827651978
recommendation_loss: 1.3449084758758545, critic_loss: 1.5084844827651978
inter loss 2.52400803565979, intra loss: 0.0027654683217406273, critic loss: 1.5155110359191895
recommendation_loss: 1.2677509784698486, critic_loss: 1.5155110359191895
inter loss 2.5250449180603027, intra loss: 0.002767968690022826, critic loss: 1.516134262084961
recommendation_loss: 1.2910524606704712, critic_loss: 1.516134262084961
inter loss 2.4983177185058594, intra loss: 0.0027429149486124516, critic loss: 1.500087857246399
recommendation_loss: 1.2916736602783203, critic_loss: 1.500087857246399
inter loss 2.522909641265869, intra loss: 0.002750688698142767, critic loss: 1.5148462057113647
recommendation_loss: 1.2955880165100098, critic_loss: 1.5148462057113647
inter loss 2.517491102218628, intra loss: 0.002763334196060896, critic loss: 1.5116000175476074
recommendation_loss: 1.35756254196167, critic_loss: 1.5116000175476074
inter loss 2.5162429809570312, intra loss: 0.0027650734409689903, critic loss: 1.5108518600463867
recommendation_loss: 1.2890625, critic_loss: 1.5108518600463867
inter loss 2.541975975036621, intra loss: 0.002765430137515068, critic loss: 1.526291847229004
recommendation_loss: 1.339654564857483, critic_loss: 1.526291847229004
inter loss 2.534844398498535, intra loss: 0.002762056887149811, critic loss: 1.5220115184783936
recommendation_loss: 1.3604333400726318, critic_loss: 1.5220115184783936
inter loss 2.5383412837982178, intra loss: 0.002754793968051672, critic loss: 1.5241068601608276
recommendation_loss: 1.2755696773529053, critic_loss: 1.5241068601608276
inter loss 2.5409584045410156, intra loss: 0.0027646487578749657, critic loss: 1.5256810188293457
recommendation_loss: 1.3371165990829468, critic_loss: 1.5256810188293457
inter loss 2.52779483795166, intra loss: 0.0027487901970744133, critic loss: 1.5177764892578125
recommendation_loss: 1.3977833986282349, critic_loss: 1.5177764892578125
inter loss 2.537997245788574, intra loss: 0.002764294855296612, critic loss: 1.5239040851593018
recommendation_loss: 1.348615288734436, critic_loss: 1.5239040851593018
inter loss 2.520683526992798, intra loss: 0.0027419053949415684, critic loss: 1.5135068893432617
recommendation_loss: 1.2171841859817505, critic_loss: 1.5135068893432617
inter loss 2.5335097312927246, intra loss: 0.002753135049715638, critic loss: 1.5212072134017944
recommendation_loss: 1.3453600406646729, critic_loss: 1.5212072134017944
inter loss 2.5364880561828613, intra loss: 0.0027498321142047644, critic loss: 1.5229928493499756
recommendation_loss: 1.308340072631836, critic_loss: 1.5229928493499756
inter loss 2.52907657623291, intra loss: 0.0027552552055567503, critic loss: 1.5185481309890747
recommendation_loss: 1.3454899787902832, critic_loss: 1.5185481309890747
inter loss 2.518202066421509, intra loss: 0.0027442469727247953, critic loss: 1.5120190382003784
recommendation_loss: 1.343719720840454, critic_loss: 1.5120190382003784
inter loss 2.5593862533569336, intra loss: 0.002746828831732273, critic loss: 1.5367305278778076
recommendation_loss: 1.2526148557662964, critic_loss: 1.5367305278778076
inter loss 2.519233226776123, intra loss: 0.0027536761481314898, critic loss: 1.5126415491104126
recommendation_loss: 1.3335199356079102, critic_loss: 1.5126415491104126
inter loss 2.5625641345977783, intra loss: 0.002747711492702365, critic loss: 1.538637638092041
recommendation_loss: 1.3746309280395508, critic_loss: 1.538637638092041
inter loss 2.5488100051879883, intra loss: 0.002746988320723176, critic loss: 1.5303847789764404
recommendation_loss: 1.2970963716506958, critic_loss: 1.5303847789764404
inter loss 2.5185747146606445, intra loss: 0.002754074987024069, critic loss: 1.5122464895248413
recommendation_loss: 1.322064757347107, critic_loss: 1.5122464895248413
inter loss 2.5018792152404785, intra loss: 0.002754569286480546, critic loss: 1.5022294521331787
recommendation_loss: 1.3166218996047974, critic_loss: 1.5022294521331787
inter loss 2.5136587619781494, intra loss: 0.0027534100227057934, critic loss: 1.5092966556549072
recommendation_loss: 1.3631243705749512, critic_loss: 1.5092966556549072
inter loss 2.5232152938842773, intra loss: 0.0027450411580502987, critic loss: 1.5150272846221924
recommendation_loss: 1.3584034442901611, critic_loss: 1.5150272846221924
inter loss 2.539538860321045, intra loss: 0.0027519352734088898, critic loss: 1.5248241424560547
recommendation_loss: 1.2428247928619385, critic_loss: 1.5248241424560547
inter loss 2.5557732582092285, intra loss: 0.0027559008449316025, critic loss: 1.5345664024353027
recommendation_loss: 1.2676379680633545, critic_loss: 1.5345664024353027
inter loss 2.5355677604675293, intra loss: 0.002759014954790473, critic loss: 1.5224443674087524
recommendation_loss: 1.3382666110992432, critic_loss: 1.5224443674087524
inter loss 2.5251545906066895, intra loss: 0.002759884111583233, critic loss: 1.516196846961975
recommendation_loss: 1.3337746858596802, critic_loss: 1.516196846961975
inter loss 2.533679485321045, intra loss: 0.0027645390946418047, critic loss: 1.5213135480880737
recommendation_loss: 1.3230924606323242, critic_loss: 1.5213135480880737
inter loss 2.52237606048584, intra loss: 0.0027531455270946026, critic loss: 1.5145269632339478
recommendation_loss: 1.3317077159881592, critic_loss: 1.5145269632339478
inter loss 2.5312693119049072, intra loss: 0.002747866790741682, critic loss: 1.5198607444763184
recommendation_loss: 1.2388873100280762, critic_loss: 1.5198607444763184
inter loss 2.544924259185791, intra loss: 0.002766137942671776, critic loss: 1.5280611515045166
recommendation_loss: 1.264137625694275, critic_loss: 1.5280611515045166
inter loss 2.521306037902832, intra loss: 0.0027554165571928024, critic loss: 1.5138858556747437
recommendation_loss: 1.303839087486267, critic_loss: 1.5138858556747437
inter loss 2.52559757232666, intra loss: 0.0027520330622792244, critic loss: 1.516459345817566
recommendation_loss: 1.2945401668548584, critic_loss: 1.516459345817566
inter loss 2.520881175994873, intra loss: 0.002754673594608903, critic loss: 1.5136306285858154
recommendation_loss: 1.241851568222046, critic_loss: 1.5136306285858154
inter loss 2.5034615993499756, intra loss: 0.002746511483564973, critic loss: 1.5031756162643433
recommendation_loss: 1.2795681953430176, critic_loss: 1.5031756162643433
inter loss 2.5544681549072266, intra loss: 0.002782715717330575, critic loss: 1.5337940454483032
recommendation_loss: 1.2708866596221924, critic_loss: 1.5337940454483032
inter loss 2.5139284133911133, intra loss: 0.0027645891532301903, critic loss: 1.5094629526138306
recommendation_loss: 1.2455546855926514, critic_loss: 1.5094629526138306
inter loss 2.5085511207580566, intra loss: 0.0027620485052466393, critic loss: 1.5062355995178223
recommendation_loss: 1.3475652933120728, critic_loss: 1.5062355995178223
inter loss 2.514802932739258, intra loss: 0.0027617658488452435, critic loss: 1.5099865198135376
recommendation_loss: 1.329258918762207, critic_loss: 1.5099865198135376
inter loss 2.5208094120025635, intra loss: 0.0027722525410354137, critic loss: 1.513594627380371
recommendation_loss: 1.1850112676620483, critic_loss: 1.513594627380371
inter loss 2.517822504043579, intra loss: 0.002762405201792717, critic loss: 1.5117985010147095
recommendation_loss: 1.3267927169799805, critic_loss: 1.5117985010147095
inter loss 2.517664909362793, intra loss: 0.0027390574105083942, critic loss: 1.5116946697235107
recommendation_loss: 1.3063253164291382, critic_loss: 1.5116946697235107
inter loss 2.5211901664733887, intra loss: 0.002754745539277792, critic loss: 1.513815999031067
recommendation_loss: 1.2255001068115234, critic_loss: 1.513815999031067
inter loss 2.5430939197540283, intra loss: 0.0027759147342294455, critic loss: 1.5269666910171509
recommendation_loss: 1.3445011377334595, critic_loss: 1.5269666910171509
inter loss 2.5196125507354736, intra loss: 0.002759607508778572, critic loss: 1.512871503829956
recommendation_loss: 1.279394507408142, critic_loss: 1.512871503829956
inter loss 2.5143039226531982, intra loss: 0.0027536095585674047, critic loss: 1.5096839666366577
recommendation_loss: 1.2788677215576172, critic_loss: 1.5096839666366577
inter loss 2.539259433746338, intra loss: 0.002747888211160898, critic loss: 1.5246548652648926
recommendation_loss: 1.3122079372406006, critic_loss: 1.5246548652648926
inter loss 2.523993492126465, intra loss: 0.002752725500613451, critic loss: 1.5154973268508911
recommendation_loss: 1.261705994606018, critic_loss: 1.5154973268508911
inter loss 2.5080533027648926, intra loss: 0.002756621455773711, critic loss: 1.505934715270996
recommendation_loss: 1.2364490032196045, critic_loss: 1.505934715270996
inter loss 2.5421829223632812, intra loss: 0.002760515548288822, critic loss: 1.5264140367507935
recommendation_loss: 1.299702525138855, critic_loss: 1.5264140367507935
inter loss 2.5232529640197754, intra loss: 0.0027653053402900696, critic loss: 1.5150580406188965
recommendation_loss: 1.3731529712677002, critic_loss: 1.5150580406188965
inter loss 2.522789716720581, intra loss: 0.0027720495127141476, critic loss: 1.5147826671600342
recommendation_loss: 1.2640262842178345, critic_loss: 1.5147826671600342
inter loss 2.533935785293579, intra loss: 0.0027675803285092115, critic loss: 1.5214685201644897
recommendation_loss: 1.2683684825897217, critic_loss: 1.5214685201644897
inter loss 2.5191617012023926, intra loss: 0.002770752180367708, critic loss: 1.5126054286956787
recommendation_loss: 1.3347746133804321, critic_loss: 1.5126054286956787
inter loss 2.539124011993408, intra loss: 0.0027551380917429924, critic loss: 1.5245765447616577
recommendation_loss: 1.2499173879623413, critic_loss: 1.5245765447616577
inter loss 2.5257532596588135, intra loss: 0.0027376816142350435, critic loss: 1.5165470838546753
recommendation_loss: 1.4521243572235107, critic_loss: 1.5165470838546753
inter loss 2.5182607173919678, intra loss: 0.002760307164862752, critic loss: 1.5120606422424316
recommendation_loss: 1.251624345779419, critic_loss: 1.5120606422424316
inter loss 2.5472934246063232, intra loss: 0.00276231300085783, critic loss: 1.529481053352356
recommendation_loss: 1.2442295551300049, critic_loss: 1.529481053352356
inter loss 2.521516799926758, intra loss: 0.002753014676272869, critic loss: 1.5140113830566406
recommendation_loss: 1.3789899349212646, critic_loss: 1.5140113830566406
inter loss 2.509650707244873, intra loss: 0.0027600713074207306, critic loss: 1.5068944692611694
recommendation_loss: 1.298450231552124, critic_loss: 1.5068944692611694
inter loss 2.5375847816467285, intra loss: 0.0027480132412165403, critic loss: 1.5236501693725586
recommendation_loss: 1.2725481986999512, critic_loss: 1.5236501693725586
inter loss 2.5355920791625977, intra loss: 0.002753176726400852, critic loss: 1.5224565267562866
recommendation_loss: 1.2479782104492188, critic_loss: 1.5224565267562866
inter loss 2.509737014770508, intra loss: 0.002767080906778574, critic loss: 1.5069491863250732
recommendation_loss: 1.2470154762268066, critic_loss: 1.5069491863250732
inter loss 2.5281872749328613, intra loss: 0.0027616298757493496, critic loss: 1.518017053604126
recommendation_loss: 1.2822227478027344, critic_loss: 1.518017053604126
inter loss 2.5145788192749023, intra loss: 0.002758478745818138, critic loss: 1.5098507404327393
recommendation_loss: 1.2957866191864014, critic_loss: 1.5098507404327393
inter loss 2.510369300842285, intra loss: 0.0027546477504074574, critic loss: 1.5073235034942627
recommendation_loss: 1.2853127717971802, critic_loss: 1.5073235034942627
inter loss 2.5162031650543213, intra loss: 0.0027567679062485695, critic loss: 1.5108246803283691
recommendation_loss: 1.3035651445388794, critic_loss: 1.5108246803283691
inter loss 2.511085033416748, intra loss: 0.0027454544324427843, critic loss: 1.5077491998672485
recommendation_loss: 1.3185176849365234, critic_loss: 1.5077491998672485
inter loss 2.524407386779785, intra loss: 0.002764100907370448, critic loss: 1.5157501697540283
recommendation_loss: 1.3452706336975098, critic_loss: 1.5157501697540283
inter loss 2.5155887603759766, intra loss: 0.0027539487928152084, critic loss: 1.5104548931121826
recommendation_loss: 1.3055105209350586, critic_loss: 1.5104548931121826
inter loss 2.5272960662841797, intra loss: 0.0027648257091641426, critic loss: 1.5174835920333862
recommendation_loss: 1.3409156799316406, critic_loss: 1.5174835920333862
inter loss 2.5062263011932373, intra loss: 0.00275360606610775, critic loss: 1.5048373937606812
recommendation_loss: 1.2653276920318604, critic_loss: 1.5048373937606812
inter loss 2.5059890747070312, intra loss: 0.0027463703881949186, critic loss: 1.5046920776367188
recommendation_loss: 1.3943555355072021, critic_loss: 1.5046920776367188
inter loss 2.5185720920562744, intra loss: 0.002760980511084199, critic loss: 1.5122476816177368
recommendation_loss: 1.29036545753479, critic_loss: 1.5122476816177368
inter loss 2.532332420349121, intra loss: 0.002755692694336176, critic loss: 1.5205018520355225
recommendation_loss: 1.3189712762832642, critic_loss: 1.5205018520355225
inter loss 2.528428316116333, intra loss: 0.0027621022891253233, critic loss: 1.5181618928909302
recommendation_loss: 1.3563693761825562, critic_loss: 1.5181618928909302
inter loss 2.5196456909179688, intra loss: 0.002764149336144328, critic loss: 1.5128931999206543
recommendation_loss: 1.3415772914886475, critic_loss: 1.5128931999206543
inter loss 2.539130449295044, intra loss: 0.0027682706713676453, critic loss: 1.5245857238769531
recommendation_loss: 1.3816356658935547, critic_loss: 1.5245857238769531
inter loss 2.5038094520568848, intra loss: 0.002759976778179407, critic loss: 1.5033897161483765
recommendation_loss: 1.4353601932525635, critic_loss: 1.5033897161483765
inter loss 2.530216693878174, intra loss: 0.0027632431592792273, critic loss: 1.519235372543335
recommendation_loss: 1.385399580001831, critic_loss: 1.519235372543335
inter loss 2.5052881240844727, intra loss: 0.0027742681559175253, critic loss: 1.5042827129364014
recommendation_loss: 1.36025071144104, critic_loss: 1.5042827129364014
inter loss 2.531043767929077, intra loss: 0.002742142416536808, critic loss: 1.5197231769561768
recommendation_loss: 1.279212474822998, critic_loss: 1.5197231769561768
inter loss 2.5665228366851807, intra loss: 0.002770066261291504, critic loss: 1.5410218238830566
recommendation_loss: 1.2829911708831787, critic_loss: 1.5410218238830566
inter loss 2.5158464908599854, intra loss: 0.0027770502492785454, critic loss: 1.510618805885315
recommendation_loss: 1.2618883848190308, critic_loss: 1.510618805885315
inter loss 2.512078046798706, intra loss: 0.0027575965505093336, critic loss: 1.508349895477295
recommendation_loss: 1.3534753322601318, critic_loss: 1.508349895477295
inter loss 2.5236897468566895, intra loss: 0.002771394792944193, critic loss: 1.5153224468231201
recommendation_loss: 1.2985824346542358, critic_loss: 1.5153224468231201
inter loss 2.539152145385742, intra loss: 0.0027664543595165014, critic loss: 1.5245980024337769
recommendation_loss: 1.338966727256775, critic_loss: 1.5245980024337769
inter loss 2.528205633163452, intra loss: 0.0027833536732941866, critic loss: 1.5180367231369019
recommendation_loss: 1.2863311767578125, critic_loss: 1.5180367231369019
inter loss 2.5194995403289795, intra loss: 0.002764434088021517, critic loss: 1.5128055810928345
recommendation_loss: 1.258251667022705, critic_loss: 1.5128055810928345
inter loss 2.521505832672119, intra loss: 0.002770887454971671, critic loss: 1.5140119791030884
recommendation_loss: 1.260756492614746, critic_loss: 1.5140119791030884
inter loss 2.4991226196289062, intra loss: 0.002744627883657813, critic loss: 1.500571370124817
recommendation_loss: 1.3224833011627197, critic_loss: 1.500571370124817
inter loss 2.5368688106536865, intra loss: 0.0027858573012053967, critic loss: 1.5232356786727905
recommendation_loss: 1.2589857578277588, critic_loss: 1.5232356786727905
inter loss 2.5467336177825928, intra loss: 0.00276447762735188, critic loss: 1.5291460752487183
recommendation_loss: 1.3765836954116821, critic_loss: 1.5291460752487183
inter loss 2.5151114463806152, intra loss: 0.002780493814498186, critic loss: 1.5101791620254517
recommendation_loss: 1.289543867111206, critic_loss: 1.5101791620254517
inter loss 2.5509018898010254, intra loss: 0.002791572827845812, critic loss: 1.5316578149795532
recommendation_loss: 1.3284132480621338, critic_loss: 1.5316578149795532
inter loss 2.5192718505859375, intra loss: 0.0027621546760201454, critic loss: 1.5126680135726929
recommendation_loss: 1.3180029392242432, critic_loss: 1.5126680135726929
inter loss 2.519446611404419, intra loss: 0.002745409496128559, critic loss: 1.5127662420272827
recommendation_loss: 1.3928961753845215, critic_loss: 1.5127662420272827
inter loss 2.5076260566711426, intra loss: 0.0027590577956289053, critic loss: 1.5056793689727783
recommendation_loss: 1.2595033645629883, critic_loss: 1.5056793689727783
inter loss 2.528012275695801, intra loss: 0.002760805655270815, critic loss: 1.5179117918014526
recommendation_loss: 1.2794201374053955, critic_loss: 1.5179117918014526
inter loss 2.4961042404174805, intra loss: 0.00276837102137506, critic loss: 1.4987698793411255
recommendation_loss: 1.28085196018219, critic_loss: 1.4987698793411255
inter loss 2.5400757789611816, intra loss: 0.0027603786438703537, critic loss: 1.5251497030258179
recommendation_loss: 1.397994875907898, critic_loss: 1.5251497030258179
inter loss 2.513399124145508, intra loss: 0.002765907673165202, critic loss: 1.509145975112915
recommendation_loss: 1.3557922840118408, critic_loss: 1.509145975112915
inter loss 2.530412435531616, intra loss: 0.002763438504189253, critic loss: 1.519352912902832
recommendation_loss: 1.3076632022857666, critic_loss: 1.519352912902832
inter loss 2.54769229888916, intra loss: 0.002759922295808792, critic loss: 1.5297194719314575
recommendation_loss: 1.2978391647338867, critic_loss: 1.5297194719314575
inter loss 2.5409162044525146, intra loss: 0.0027673852164298296, critic loss: 1.525656819343567
recommendation_loss: 1.2731287479400635, critic_loss: 1.525656819343567
inter loss 2.568209648132324, intra loss: 0.0027485936880111694, critic loss: 1.5420253276824951
recommendation_loss: 1.3055083751678467, critic_loss: 1.5420253276824951
inter loss 2.5018310546875, intra loss: 0.0027562445029616356, critic loss: 1.5022011995315552
recommendation_loss: 1.2397968769073486, critic_loss: 1.5022011995315552
inter loss 2.5235209465026855, intra loss: 0.002756719943135977, critic loss: 1.515215277671814
recommendation_loss: 1.380955696105957, critic_loss: 1.515215277671814
inter loss 2.4984211921691895, intra loss: 0.0027541981544345617, critic loss: 1.5001544952392578
recommendation_loss: 1.325605034828186, critic_loss: 1.5001544952392578
inter loss 2.518021583557129, intra loss: 0.0027346075512468815, critic loss: 1.5119068622589111
recommendation_loss: 1.3151803016662598, critic_loss: 1.5119068622589111
inter loss 2.5565152168273926, intra loss: 0.002755987923592329, critic loss: 1.535011649131775
recommendation_loss: 1.208824634552002, critic_loss: 1.535011649131775
inter loss 2.522712230682373, intra loss: 0.002743747318163514, critic loss: 1.514724850654602
recommendation_loss: 1.3296823501586914, critic_loss: 1.514724850654602
inter loss 2.527550220489502, intra loss: 0.002754549030214548, critic loss: 1.517632007598877
recommendation_loss: 1.243398666381836, critic_loss: 1.517632007598877
inter loss 2.546337366104126, intra loss: 0.0027518589049577713, critic loss: 1.5289032459259033
recommendation_loss: 1.3189634084701538, critic_loss: 1.5289032459259033
inter loss 2.5606465339660645, intra loss: 0.00273877358995378, critic loss: 1.5374835729599
recommendation_loss: 1.3202691078186035, critic_loss: 1.5374835729599
inter loss 2.5305747985839844, intra loss: 0.0027670995332300663, critic loss: 1.5194518566131592
recommendation_loss: 1.344665765762329, critic_loss: 1.5194518566131592
inter loss 2.54118013381958, intra loss: 0.002756858477368951, critic loss: 1.5258108377456665
recommendation_loss: 1.3297755718231201, critic_loss: 1.5258108377456665
inter loss 2.5210466384887695, intra loss: 0.0027562815230339766, critic loss: 1.5137306451797485
recommendation_loss: 1.3121827840805054, critic_loss: 1.5137306451797485
inter loss 2.5134520530700684, intra loss: 0.0027417559176683426, critic loss: 1.509168028831482
recommendation_loss: 1.4020260572433472, critic_loss: 1.509168028831482
inter loss 2.5229434967041016, intra loss: 0.0027596955187618732, critic loss: 1.514870047569275
recommendation_loss: 1.2112938165664673, critic_loss: 1.514870047569275
inter loss 2.5653796195983887, intra loss: 0.0027322815731167793, critic loss: 1.5403207540512085
recommendation_loss: 1.299534559249878, critic_loss: 1.5403207540512085
inter loss 2.533506393432617, intra loss: 0.0027390620671212673, critic loss: 1.5211995840072632
recommendation_loss: 1.2678594589233398, critic_loss: 1.5211995840072632
inter loss 2.5427422523498535, intra loss: 0.002767040394246578, critic loss: 1.526752233505249
recommendation_loss: 1.3436634540557861, critic_loss: 1.526752233505249
inter loss 2.5456600189208984, intra loss: 0.0027445699088275433, critic loss: 1.528493881225586
recommendation_loss: 1.2502281665802002, critic_loss: 1.528493881225586
inter loss 2.522263526916504, intra loss: 0.002754843793809414, critic loss: 1.5144602060317993
recommendation_loss: 1.3511617183685303, critic_loss: 1.5144602060317993
inter loss 2.531423330307007, intra loss: 0.0027531571686267853, critic loss: 1.5199552774429321
recommendation_loss: 1.3095544576644897, critic_loss: 1.5199552774429321
inter loss 2.546241283416748, intra loss: 0.0027492698282003403, critic loss: 1.5288445949554443
recommendation_loss: 1.3232181072235107, critic_loss: 1.5288445949554443
inter loss 2.547844409942627, intra loss: 0.0027455557137727737, critic loss: 1.5298049449920654
recommendation_loss: 1.2433044910430908, critic_loss: 1.5298049449920654
inter loss 2.5173635482788086, intra loss: 0.0027478281408548355, critic loss: 1.5115172863006592
recommendation_loss: 1.2807384729385376, critic_loss: 1.5115172863006592
inter loss 2.546008586883545, intra loss: 0.0027549213264137506, critic loss: 1.5287071466445923
recommendation_loss: 1.23270583152771, critic_loss: 1.5287071466445923
inter loss 2.5104429721832275, intra loss: 0.002765173092484474, critic loss: 1.5073719024658203
recommendation_loss: 1.2661998271942139, critic_loss: 1.5073719024658203
inter loss 2.5284900665283203, intra loss: 0.002726028673350811, critic loss: 1.5181845426559448
recommendation_loss: 1.3265562057495117, critic_loss: 1.5181845426559448
inter loss 2.4984402656555176, intra loss: 0.002763282973319292, critic loss: 1.5001695156097412
recommendation_loss: 1.2905024290084839, critic_loss: 1.5001695156097412
inter loss 2.493777275085449, intra loss: 0.0027451827190816402, critic loss: 1.4973644018173218
recommendation_loss: 1.2093524932861328, critic_loss: 1.4973644018173218
inter loss 2.5260674953460693, intra loss: 0.002748805331066251, critic loss: 1.516740083694458
recommendation_loss: 1.325145959854126, critic_loss: 1.516740083694458
inter loss 2.519408702850342, intra loss: 0.002752467058598995, critic loss: 1.5127463340759277
recommendation_loss: 1.3602986335754395, critic_loss: 1.5127463340759277
inter loss 2.5012617111206055, intra loss: 0.0027465487364679575, critic loss: 1.501855731010437
recommendation_loss: 1.346796989440918, critic_loss: 1.501855731010437
inter loss 2.5273942947387695, intra loss: 0.0027559236623346806, critic loss: 1.5175390243530273
recommendation_loss: 1.3093171119689941, critic_loss: 1.5175390243530273
inter loss 2.5038020610809326, intra loss: 0.002738950541242957, critic loss: 1.503376841545105
recommendation_loss: 1.3213329315185547, critic_loss: 1.503376841545105
inter loss 2.5265326499938965, intra loss: 0.002757541835308075, critic loss: 1.517022728919983
recommendation_loss: 1.2755399942398071, critic_loss: 1.517022728919983
inter loss 2.5157394409179688, intra loss: 0.0027618505991995335, critic loss: 1.51054847240448
recommendation_loss: 1.3465572595596313, critic_loss: 1.51054847240448
inter loss 2.5047929286956787, intra loss: 0.002764879260212183, critic loss: 1.5039817094802856
recommendation_loss: 1.3527621030807495, critic_loss: 1.5039817094802856
inter loss 2.513962745666504, intra loss: 0.002763941651210189, critic loss: 1.5094832181930542
recommendation_loss: 1.2431000471115112, critic_loss: 1.5094832181930542
inter loss 2.5173301696777344, intra loss: 0.002763359807431698, critic loss: 1.5115034580230713
recommendation_loss: 1.3592666387557983, critic_loss: 1.5115034580230713
inter loss 2.5155134201049805, intra loss: 0.002758813789114356, critic loss: 1.5104116201400757
recommendation_loss: 1.3681317567825317, critic_loss: 1.5104116201400757
inter loss 2.5201191902160645, intra loss: 0.0027529196813702583, critic loss: 1.5131727457046509
recommendation_loss: 1.300419807434082, critic_loss: 1.5131727457046509
inter loss 2.5092644691467285, intra loss: 0.002764035016298294, critic loss: 1.5066643953323364
recommendation_loss: 1.3510273694992065, critic_loss: 1.5066643953323364
inter loss 2.5225272178649902, intra loss: 0.0027464900631457567, critic loss: 1.5146150588989258
recommendation_loss: 1.2717134952545166, critic_loss: 1.5146150588989258
inter loss 2.5141782760620117, intra loss: 0.002746982267126441, critic loss: 1.5096057653427124
recommendation_loss: 1.2857753038406372, critic_loss: 1.5096057653427124
inter loss 2.508683681488037, intra loss: 0.002752619329839945, critic loss: 1.506311297416687
recommendation_loss: 1.3528977632522583, critic_loss: 1.506311297416687
inter loss 2.5434136390686035, intra loss: 0.0027511599473655224, critic loss: 1.527148723602295
recommendation_loss: 1.290916919708252, critic_loss: 1.527148723602295
inter loss 2.5085232257843018, intra loss: 0.002765992656350136, critic loss: 1.5062203407287598
recommendation_loss: 1.3107388019561768, critic_loss: 1.5062203407287598
inter loss 2.5087413787841797, intra loss: 0.0027646550443023443, critic loss: 1.5063507556915283
recommendation_loss: 1.286981225013733, critic_loss: 1.5063507556915283
inter loss 2.4910247325897217, intra loss: 0.002762313699349761, critic loss: 1.4957197904586792
recommendation_loss: 1.3788877725601196, critic_loss: 1.4957197904586792
inter loss 2.4964449405670166, intra loss: 0.002743404358625412, critic loss: 1.4989643096923828
recommendation_loss: 1.2911100387573242, critic_loss: 1.4989643096923828
inter loss 2.5080549716949463, intra loss: 0.002767537720501423, critic loss: 1.5059400796890259
recommendation_loss: 1.3145511150360107, critic_loss: 1.5059400796890259
inter loss 2.5017881393432617, intra loss: 0.0027731675654649734, critic loss: 1.5021822452545166
recommendation_loss: 1.2904653549194336, critic_loss: 1.5021822452545166
inter loss 2.4972057342529297, intra loss: 0.0027654729783535004, critic loss: 1.4994295835494995
recommendation_loss: 1.3117547035217285, critic_loss: 1.4994295835494995
inter loss 2.514007568359375, intra loss: 0.0027677244506776333, critic loss: 1.5095117092132568
recommendation_loss: 1.2362306118011475, critic_loss: 1.5095117092132568
inter loss 2.558128833770752, intra loss: 0.002753380686044693, critic loss: 1.5359787940979004
recommendation_loss: 1.3594974279403687, critic_loss: 1.5359787940979004
inter loss 2.514756679534912, intra loss: 0.002781346905976534, critic loss: 1.5099666118621826
recommendation_loss: 1.3523268699645996, critic_loss: 1.5099666118621826
inter loss 2.543142318725586, intra loss: 0.00276418449357152, critic loss: 1.5269911289215088
recommendation_loss: 1.3004838228225708, critic_loss: 1.5269911289215088
inter loss 2.5179316997528076, intra loss: 0.0027668066322803497, critic loss: 1.5118658542633057
recommendation_loss: 1.2173117399215698, critic_loss: 1.5118658542633057
inter loss 2.505012035369873, intra loss: 0.002755273599177599, critic loss: 1.5041093826293945
recommendation_loss: 1.2132118940353394, critic_loss: 1.5041093826293945
inter loss 2.500619888305664, intra loss: 0.002771582920104265, critic loss: 1.5014806985855103
recommendation_loss: 1.367789387702942, critic_loss: 1.5014806985855103
inter loss 2.516853094100952, intra loss: 0.002761112293228507, critic loss: 1.511216402053833
recommendation_loss: 1.263471245765686, critic_loss: 1.511216402053833
inter loss 2.5539135932922363, intra loss: 0.002769049257040024, critic loss: 1.5334558486938477
recommendation_loss: 1.3489081859588623, critic_loss: 1.5334558486938477
inter loss 2.517277479171753, intra loss: 0.0027613299898803234, critic loss: 1.5114710330963135
recommendation_loss: 1.287580966949463, critic_loss: 1.5114710330963135
inter loss 2.5235066413879395, intra loss: 0.0027634252328425646, critic loss: 1.515209436416626
recommendation_loss: 1.3618605136871338, critic_loss: 1.515209436416626
inter loss 2.5223331451416016, intra loss: 0.0027431524358689785, critic loss: 1.51449716091156
recommendation_loss: 1.2483277320861816, critic_loss: 1.51449716091156
inter loss 2.5187110900878906, intra loss: 0.0027702513616532087, critic loss: 1.5123348236083984
recommendation_loss: 1.2765758037567139, critic_loss: 1.5123348236083984
inter loss 2.5124995708465576, intra loss: 0.002790117636322975, critic loss: 1.5086158514022827
recommendation_loss: 1.2823234796524048, critic_loss: 1.5086158514022827
inter loss 2.4890756607055664, intra loss: 0.0027683372609317303, critic loss: 1.494552731513977
recommendation_loss: 1.2523618936538696, critic_loss: 1.494552731513977
inter loss 2.517132043838501, intra loss: 0.0027597942389547825, critic loss: 1.5113831758499146
recommendation_loss: 1.3595612049102783, critic_loss: 1.5113831758499146
inter loss 2.505960702896118, intra loss: 0.002760767936706543, critic loss: 1.504680871963501
recommendation_loss: 1.2646986246109009, critic_loss: 1.504680871963501
inter loss 2.539803981781006, intra loss: 0.0027464465238153934, critic loss: 1.524981141090393
recommendation_loss: 1.3627333641052246, critic_loss: 1.524981141090393
inter loss 2.504011392593384, intra loss: 0.002754943212494254, critic loss: 1.5035089254379272
recommendation_loss: 1.2784830331802368, critic_loss: 1.5035089254379272
inter loss 2.5067358016967773, intra loss: 0.00275441468693316, critic loss: 1.5051432847976685
recommendation_loss: 1.203061819076538, critic_loss: 1.5051432847976685
inter loss 2.5289306640625, intra loss: 0.002765385899692774, critic loss: 1.5184645652770996
recommendation_loss: 1.242875576019287, critic_loss: 1.5184645652770996
inter loss 2.520592212677002, intra loss: 0.002757276175543666, critic loss: 1.5134583711624146
recommendation_loss: 1.3422517776489258, critic_loss: 1.5134583711624146
inter loss 2.5371623039245605, intra loss: 0.002770414110273123, critic loss: 1.52340567111969
recommendation_loss: 1.3195574283599854, critic_loss: 1.52340567111969
inter loss 2.5378475189208984, intra loss: 0.0027750732842832804, critic loss: 1.5238186120986938
recommendation_loss: 1.3147368431091309, critic_loss: 1.5238186120986938
inter loss 2.534602165222168, intra loss: 0.0027599805034697056, critic loss: 1.5218653678894043
recommendation_loss: 1.4153579473495483, critic_loss: 1.5218653678894043
inter loss 2.510723114013672, intra loss: 0.0027477971743792295, critic loss: 1.507533073425293
recommendation_loss: 1.3311760425567627, critic_loss: 1.507533073425293
inter loss 2.51304292678833, intra loss: 0.00274751172401011, critic loss: 1.5089248418807983
recommendation_loss: 1.2796695232391357, critic_loss: 1.5089248418807983
inter loss 2.534848690032959, intra loss: 0.0027600254397839308, critic loss: 1.5220133066177368
recommendation_loss: 1.3102984428405762, critic_loss: 1.5220133066177368
inter loss 2.5115768909454346, intra loss: 0.0027479087002575397, critic loss: 1.5080453157424927
recommendation_loss: 1.245560646057129, critic_loss: 1.5080453157424927
inter loss 2.5221242904663086, intra loss: 0.0027594107668846846, critic loss: 1.5143784284591675
recommendation_loss: 1.2961150407791138, critic_loss: 1.5143784284591675
inter loss 2.5392651557922363, intra loss: 0.00277816248126328, critic loss: 1.5246704816818237
recommendation_loss: 1.3098793029785156, critic_loss: 1.5246704816818237
inter loss 2.5185582637786865, intra loss: 0.0027509131468832493, critic loss: 1.512235403060913
recommendation_loss: 1.272769808769226, critic_loss: 1.512235403060913
inter loss 2.516849994659424, intra loss: 0.0027502900920808315, critic loss: 1.5112100839614868
recommendation_loss: 1.2458000183105469, critic_loss: 1.5112100839614868
inter loss 2.5021491050720215, intra loss: 0.0027424306608736515, critic loss: 1.502386450767517
recommendation_loss: 1.2610870599746704, critic_loss: 1.502386450767517
inter loss 2.489586353302002, intra loss: 0.0027621937915682793, critic loss: 1.4948567152023315
recommendation_loss: 1.233774185180664, critic_loss: 1.4948567152023315
inter loss 2.5275168418884277, intra loss: 0.002734249923378229, critic loss: 1.517603874206543
recommendation_loss: 1.3098280429840088, critic_loss: 1.517603874206543
inter loss 2.525299549102783, intra loss: 0.002743953373283148, critic loss: 1.5162773132324219
recommendation_loss: 1.3006693124771118, critic_loss: 1.5162773132324219
2024-08-09 18:40:30.357321: step 3952/24320 (epoch 13/80), loss = 1.370237 (33.918 sec/epoch), lr: 0.002850
Evaluating on dev set...
...........................
source: 	 mrr: 0.039596	 ndcg_5: 0.0275	 ndcg_10: 0.0368	 hit@1:0.015206	 hit@5:0.0406	 hit@10: 0.0695
target: 	 mrr: 0.042385	 ndcg_5: 0.0332	 ndcg_10: 0.0426	 hit@1:0.018118	 hit@5:0.0474	 hit@10: 0.0760
source best!
.............
source: 	 mrr: 0.043139	 ndcg_5: 0.0321	 ndcg_10: 0.0417	 hit@1:0.016104	 hit@5:0.0475	 hit@10: 0.0775
epoch 13: train_loss = 1.370237, source_hit@10 = 0.0775, source_ndcg@10 = 0.0417, target_hit@10 = 0.0760, target_ndcg@10 = 0.0426
new best model saved.

inter loss 2.536522388458252, intra loss: 0.0027691805735230446, critic loss: 1.5230212211608887
recommendation_loss: 1.349419355392456, critic_loss: 1.5230212211608887
inter loss 2.5192084312438965, intra loss: 0.002762415912002325, critic loss: 1.5126301050186157
recommendation_loss: 1.2974562644958496, critic_loss: 1.5126301050186157
inter loss 2.537485122680664, intra loss: 0.0027495010290294886, critic loss: 1.5235909223556519
recommendation_loss: 1.2219406366348267, critic_loss: 1.5235909223556519
inter loss 2.516307830810547, intra loss: 0.00275822845287621, critic loss: 1.5108880996704102
recommendation_loss: 1.2571437358856201, critic_loss: 1.5108880996704102
inter loss 2.493360996246338, intra loss: 0.0027517308481037617, critic loss: 1.497117280960083
recommendation_loss: 1.2471963167190552, critic_loss: 1.497117280960083
inter loss 2.5181562900543213, intra loss: 0.0027650189585983753, critic loss: 1.5119998455047607
recommendation_loss: 1.2804646492004395, critic_loss: 1.5119998455047607
inter loss 2.5040132999420166, intra loss: 0.002766257617622614, critic loss: 1.5035145282745361
recommendation_loss: 1.3354393243789673, critic_loss: 1.5035145282745361
inter loss 2.4980714321136475, intra loss: 0.002752089174464345, critic loss: 1.499943733215332
recommendation_loss: 1.322391390800476, critic_loss: 1.499943733215332
inter loss 2.5175223350524902, intra loss: 0.0027598263695836067, critic loss: 1.5116173028945923
recommendation_loss: 1.3092254400253296, critic_loss: 1.5116173028945923
inter loss 2.482051134109497, intra loss: 0.0027465568855404854, critic loss: 1.490329384803772
recommendation_loss: 1.2697399854660034, critic_loss: 1.490329384803772
inter loss 2.505876064300537, intra loss: 0.0027573895640671253, critic loss: 1.5046286582946777
recommendation_loss: 1.2814955711364746, critic_loss: 1.5046286582946777
inter loss 2.4993896484375, intra loss: 0.00277041457593441, critic loss: 1.500741958618164
recommendation_loss: 1.2567733526229858, critic_loss: 1.500741958618164
inter loss 2.500041961669922, intra loss: 0.002760353498160839, critic loss: 1.501129388809204
recommendation_loss: 1.3963332176208496, critic_loss: 1.501129388809204
inter loss 2.525743007659912, intra loss: 0.002759533701464534, critic loss: 1.5165495872497559
recommendation_loss: 1.3404803276062012, critic_loss: 1.5165495872497559
inter loss 2.518420934677124, intra loss: 0.0027693917509168386, critic loss: 1.5121604204177856
recommendation_loss: 1.3478864431381226, critic_loss: 1.5121604204177856
inter loss 2.530062198638916, intra loss: 0.0027608959935605526, critic loss: 1.5191417932510376
recommendation_loss: 1.2814698219299316, critic_loss: 1.5191417932510376
inter loss 2.485297679901123, intra loss: 0.0027554503176361322, critic loss: 1.4922808408737183
recommendation_loss: 1.2785875797271729, critic_loss: 1.4922808408737183
inter loss 2.529355764389038, intra loss: 0.002748947124928236, critic loss: 1.518713116645813
recommendation_loss: 1.296462059020996, critic_loss: 1.518713116645813
inter loss 2.504711389541626, intra loss: 0.0027546642813831568, critic loss: 1.503928780555725
recommendation_loss: 1.2742500305175781, critic_loss: 1.503928780555725
inter loss 2.523155689239502, intra loss: 0.0027474078815430403, critic loss: 1.5149924755096436
recommendation_loss: 1.285871148109436, critic_loss: 1.5149924755096436
inter loss 2.5226573944091797, intra loss: 0.002759807277470827, critic loss: 1.5146983861923218
recommendation_loss: 1.2642580270767212, critic_loss: 1.5146983861923218
inter loss 2.5142135620117188, intra loss: 0.0027590314857661724, critic loss: 1.509631872177124
recommendation_loss: 1.3016231060028076, critic_loss: 1.509631872177124
inter loss 2.5503082275390625, intra loss: 0.0027519618161022663, critic loss: 1.5312857627868652
recommendation_loss: 1.311185359954834, critic_loss: 1.5312857627868652
inter loss 2.533243179321289, intra loss: 0.002759326482191682, critic loss: 1.5210497379302979
recommendation_loss: 1.3242104053497314, critic_loss: 1.5210497379302979
inter loss 2.517531633377075, intra loss: 0.002773646265268326, critic loss: 1.51162850856781
recommendation_loss: 1.3290711641311646, critic_loss: 1.51162850856781
inter loss 2.5496277809143066, intra loss: 0.002794146304950118, critic loss: 1.53089439868927
recommendation_loss: 1.2834529876708984, critic_loss: 1.53089439868927
inter loss 2.512488842010498, intra loss: 0.0027514605317264795, critic loss: 1.5085939168930054
recommendation_loss: 1.3310389518737793, critic_loss: 1.5085939168930054
inter loss 2.494235038757324, intra loss: 0.0027696758043020964, critic loss: 1.49764883518219
recommendation_loss: 1.2658624649047852, critic_loss: 1.49764883518219
inter loss 2.514179229736328, intra loss: 0.0027494796086102724, critic loss: 1.5096074342727661
recommendation_loss: 1.2640621662139893, critic_loss: 1.5096074342727661
inter loss 2.5368757247924805, intra loss: 0.0027565869968384504, critic loss: 1.5232281684875488
recommendation_loss: 1.2634258270263672, critic_loss: 1.5232281684875488
inter loss 2.502183437347412, intra loss: 0.00274960370734334, critic loss: 1.5024099349975586
recommendation_loss: 1.3206652402877808, critic_loss: 1.5024099349975586
inter loss 2.519975185394287, intra loss: 0.002758712973445654, critic loss: 1.5130887031555176
recommendation_loss: 1.3054049015045166, critic_loss: 1.5130887031555176
inter loss 2.5050463676452637, intra loss: 0.0027708152774721384, critic loss: 1.5041362047195435
recommendation_loss: 1.3410241603851318, critic_loss: 1.5041362047195435
inter loss 2.486921787261963, intra loss: 0.002771295141428709, critic loss: 1.493261694908142
recommendation_loss: 1.2927032709121704, critic_loss: 1.493261694908142
inter loss 2.51529598236084, intra loss: 0.002748319646343589, critic loss: 1.5102770328521729
recommendation_loss: 1.2562839984893799, critic_loss: 1.5102770328521729
inter loss 2.4970998764038086, intra loss: 0.0027400124818086624, critic loss: 1.4993560314178467
recommendation_loss: 1.292933464050293, critic_loss: 1.4993560314178467
inter loss 2.5303101539611816, intra loss: 0.0027488768100738525, critic loss: 1.519285798072815
recommendation_loss: 1.347534418106079, critic_loss: 1.519285798072815
inter loss 2.54181170463562, intra loss: 0.0027586333453655243, critic loss: 1.5261905193328857
recommendation_loss: 1.2889068126678467, critic_loss: 1.5261905193328857
inter loss 2.5291905403137207, intra loss: 0.0027318629436194897, critic loss: 1.5186071395874023
recommendation_loss: 1.2423855066299438, critic_loss: 1.5186071395874023
inter loss 2.505392074584961, intra loss: 0.0027626235969364643, critic loss: 1.504340410232544
recommendation_loss: 1.2576853036880493, critic_loss: 1.504340410232544
inter loss 2.521451234817505, intra loss: 0.0027585537172853947, critic loss: 1.5139741897583008
recommendation_loss: 1.2512869834899902, critic_loss: 1.5139741897583008
inter loss 2.551102638244629, intra loss: 0.0027564328629523516, critic loss: 1.531764268875122
recommendation_loss: 1.2967801094055176, critic_loss: 1.531764268875122
inter loss 2.5330944061279297, intra loss: 0.002766655758023262, critic loss: 1.5209633111953735
recommendation_loss: 1.3639172315597534, critic_loss: 1.5209633111953735
inter loss 2.513672113418579, intra loss: 0.0027545702178031206, critic loss: 1.5093052387237549
recommendation_loss: 1.3641738891601562, critic_loss: 1.5093052387237549
inter loss 2.5025010108947754, intra loss: 0.0027604347560554743, critic loss: 1.5026048421859741
recommendation_loss: 1.266298770904541, critic_loss: 1.5026048421859741
inter loss 2.518373489379883, intra loss: 0.0027556412387639284, critic loss: 1.5121263265609741
recommendation_loss: 1.3105299472808838, critic_loss: 1.5121263265609741
inter loss 2.509542942047119, intra loss: 0.0027525925543159246, critic loss: 1.5068268775939941
recommendation_loss: 1.2896485328674316, critic_loss: 1.5068268775939941
inter loss 2.5163183212280273, intra loss: 0.002762170974165201, critic loss: 1.510895848274231
recommendation_loss: 1.3930776119232178, critic_loss: 1.510895848274231
inter loss 2.5309126377105713, intra loss: 0.002736837835982442, critic loss: 1.5196423530578613
recommendation_loss: 1.2632114887237549, critic_loss: 1.5196423530578613
inter loss 2.512450695037842, intra loss: 0.0027516577392816544, critic loss: 1.5085711479187012
recommendation_loss: 1.3164931535720825, critic_loss: 1.5085711479187012
inter loss 2.490752696990967, intra loss: 0.0027525394689291716, critic loss: 1.495552659034729
recommendation_loss: 1.2336721420288086, critic_loss: 1.495552659034729
inter loss 2.50016188621521, intra loss: 0.002764428034424782, critic loss: 1.501202940940857
recommendation_loss: 1.2777352333068848, critic_loss: 1.501202940940857
inter loss 2.526447057723999, intra loss: 0.002756500616669655, critic loss: 1.5169708728790283
recommendation_loss: 1.2622097730636597, critic_loss: 1.5169708728790283
inter loss 2.5378079414367676, intra loss: 0.0027499874122440815, critic loss: 1.5237847566604614
recommendation_loss: 1.2478883266448975, critic_loss: 1.5237847566604614
inter loss 2.498793601989746, intra loss: 0.0027571592945605516, critic loss: 1.500378966331482
recommendation_loss: 1.3307098150253296, critic_loss: 1.500378966331482
inter loss 2.5205516815185547, intra loss: 0.0027715680189430714, critic loss: 1.5134397745132446
recommendation_loss: 1.2147107124328613, critic_loss: 1.5134397745132446
inter loss 2.5217134952545166, intra loss: 0.002765379846096039, critic loss: 1.5141342878341675
recommendation_loss: 1.2826393842697144, critic_loss: 1.5141342878341675
inter loss 2.513843059539795, intra loss: 0.002751036547124386, critic loss: 1.509406328201294
recommendation_loss: 1.272507905960083, critic_loss: 1.509406328201294
inter loss 2.50199556350708, intra loss: 0.0027625912334769964, critic loss: 1.5023025274276733
recommendation_loss: 1.2847956418991089, critic_loss: 1.5023025274276733
inter loss 2.504870653152466, intra loss: 0.002748998813331127, critic loss: 1.5040220022201538
recommendation_loss: 1.3275052309036255, critic_loss: 1.5040220022201538
inter loss 2.509542465209961, intra loss: 0.002761155366897583, critic loss: 1.5068299770355225
recommendation_loss: 1.2511425018310547, critic_loss: 1.5068299770355225
inter loss 2.5242815017700195, intra loss: 0.0027637372259050608, critic loss: 1.5156744718551636
recommendation_loss: 1.3876506090164185, critic_loss: 1.5156744718551636
inter loss 2.5285375118255615, intra loss: 0.00276093534193933, critic loss: 1.518226981163025
recommendation_loss: 1.2567490339279175, critic_loss: 1.518226981163025
inter loss 2.5020110607147217, intra loss: 0.0027487752959132195, critic loss: 1.5023062229156494
recommendation_loss: 1.3291165828704834, critic_loss: 1.5023062229156494
inter loss 2.518188714981079, intra loss: 0.002755276393145323, critic loss: 1.5120153427124023
recommendation_loss: 1.280068039894104, critic_loss: 1.5120153427124023
inter loss 2.521798610687256, intra loss: 0.0027254929300397635, critic loss: 1.514169454574585
recommendation_loss: 1.2384620904922485, critic_loss: 1.514169454574585
inter loss 2.533264636993408, intra loss: 0.0027573141269385815, critic loss: 1.5210617780685425
recommendation_loss: 1.2510931491851807, critic_loss: 1.5210617780685425
inter loss 2.5274760723114014, intra loss: 0.002755876164883375, critic loss: 1.5175880193710327
recommendation_loss: 1.2886558771133423, critic_loss: 1.5175880193710327
inter loss 2.5085830688476562, intra loss: 0.0027407377492636442, critic loss: 1.5062462091445923
recommendation_loss: 1.250286340713501, critic_loss: 1.5062462091445923
inter loss 2.5024843215942383, intra loss: 0.002773590851575136, critic loss: 1.5026001930236816
recommendation_loss: 1.2852206230163574, critic_loss: 1.5026001930236816
inter loss 2.4963231086730957, intra loss: 0.0027653975412249565, critic loss: 1.498900055885315
recommendation_loss: 1.3611153364181519, critic_loss: 1.498900055885315
inter loss 2.512538433074951, intra loss: 0.002753096166998148, critic loss: 1.5086244344711304
recommendation_loss: 1.2902857065200806, critic_loss: 1.5086244344711304
inter loss 2.4977664947509766, intra loss: 0.002739849267527461, critic loss: 1.499755859375
recommendation_loss: 1.2514643669128418, critic_loss: 1.499755859375
inter loss 2.5233712196350098, intra loss: 0.002748277969658375, critic loss: 1.5151221752166748
recommendation_loss: 1.2480335235595703, critic_loss: 1.5151221752166748
inter loss 2.5387015342712402, intra loss: 0.0027373298071324825, critic loss: 1.5243159532546997
recommendation_loss: 1.3863720893859863, critic_loss: 1.5243159532546997
inter loss 2.5320801734924316, intra loss: 0.002745636273175478, critic loss: 1.5203464031219482
recommendation_loss: 1.207266926765442, critic_loss: 1.5203464031219482
inter loss 2.516617774963379, intra loss: 0.002771975239738822, critic loss: 1.5110795497894287
recommendation_loss: 1.2863402366638184, critic_loss: 1.5110795497894287
inter loss 2.525881052017212, intra loss: 0.00276464456692338, critic loss: 1.5166345834732056
recommendation_loss: 1.343878149986267, critic_loss: 1.5166345834732056
inter loss 2.5501155853271484, intra loss: 0.002742399461567402, critic loss: 1.531166434288025
recommendation_loss: 1.2537665367126465, critic_loss: 1.531166434288025
inter loss 2.5154004096984863, intra loss: 0.002740785712376237, critic loss: 1.5103366374969482
recommendation_loss: 1.244647741317749, critic_loss: 1.5103366374969482
inter loss 2.5124456882476807, intra loss: 0.0027380159590393305, critic loss: 1.508562684059143
recommendation_loss: 1.2172579765319824, critic_loss: 1.508562684059143
inter loss 2.5169944763183594, intra loss: 0.002735856221988797, critic loss: 1.5112911462783813
recommendation_loss: 1.2255580425262451, critic_loss: 1.5112911462783813
inter loss 2.529360055923462, intra loss: 0.002745836041867733, critic loss: 1.518714427947998
recommendation_loss: 1.308549165725708, critic_loss: 1.518714427947998
inter loss 2.5165982246398926, intra loss: 0.0027483899611979723, critic loss: 1.5110583305358887
recommendation_loss: 1.3189009428024292, critic_loss: 1.5110583305358887
inter loss 2.5216639041900635, intra loss: 0.0027437557000666857, critic loss: 1.5140960216522217
recommendation_loss: 1.3305864334106445, critic_loss: 1.5140960216522217
inter loss 2.4972712993621826, intra loss: 0.0027533499523997307, critic loss: 1.4994641542434692
recommendation_loss: 1.226102590560913, critic_loss: 1.4994641542434692
inter loss 2.543048858642578, intra loss: 0.0027536966372281313, critic loss: 1.5269309282302856
recommendation_loss: 1.3630367517471313, critic_loss: 1.5269309282302856
inter loss 2.490546703338623, intra loss: 0.0027650257106870413, critic loss: 1.495434045791626
recommendation_loss: 1.2638113498687744, critic_loss: 1.495434045791626
inter loss 2.509856700897217, intra loss: 0.002745597157627344, critic loss: 1.5070123672485352
recommendation_loss: 1.3357723951339722, critic_loss: 1.5070123672485352
inter loss 2.5240867137908936, intra loss: 0.002749660750851035, critic loss: 1.5155519247055054
recommendation_loss: 1.2781026363372803, critic_loss: 1.5155519247055054
inter loss 2.5252137184143066, intra loss: 0.002756421221420169, critic loss: 1.516230821609497
recommendation_loss: 1.2721755504608154, critic_loss: 1.516230821609497
inter loss 2.5356812477111816, intra loss: 0.002748349215835333, critic loss: 1.522508144378662
recommendation_loss: 1.2769198417663574, critic_loss: 1.522508144378662
inter loss 2.5287373065948486, intra loss: 0.002746575977653265, critic loss: 1.518341064453125
recommendation_loss: 1.2377147674560547, critic_loss: 1.518341064453125
inter loss 2.5163161754608154, intra loss: 0.0027539972215890884, critic loss: 1.5108914375305176
recommendation_loss: 1.2050410509109497, critic_loss: 1.5108914375305176
inter loss 2.497610092163086, intra loss: 0.002750348998233676, critic loss: 1.4996663331985474
recommendation_loss: 1.238126516342163, critic_loss: 1.4996663331985474
inter loss 2.4930129051208496, intra loss: 0.002788965357467532, critic loss: 1.4969233274459839
recommendation_loss: 1.2804590463638306, critic_loss: 1.4969233274459839
inter loss 2.5046229362487793, intra loss: 0.0027621518820524216, critic loss: 1.5038787126541138
recommendation_loss: 1.3032357692718506, critic_loss: 1.5038787126541138
inter loss 2.5375747680664062, intra loss: 0.0027590489480644464, critic loss: 1.5236486196517944
recommendation_loss: 1.2273979187011719, critic_loss: 1.5236486196517944
inter loss 2.5048933029174805, intra loss: 0.0027638624887913465, critic loss: 1.5040415525436401
recommendation_loss: 1.3434888124465942, critic_loss: 1.5040415525436401
inter loss 2.4949188232421875, intra loss: 0.0027679959312081337, critic loss: 1.498058557510376
recommendation_loss: 1.3067704439163208, critic_loss: 1.498058557510376
inter loss 2.5230369567871094, intra loss: 0.0027670448180288076, critic loss: 1.5149290561676025
recommendation_loss: 1.2830437421798706, critic_loss: 1.5149290561676025
inter loss 2.504845142364502, intra loss: 0.0027462784200906754, critic loss: 1.5040056705474854
recommendation_loss: 1.2758347988128662, critic_loss: 1.5040056705474854
inter loss 2.5136165618896484, intra loss: 0.0027644429355859756, critic loss: 1.5092757940292358
recommendation_loss: 1.2863045930862427, critic_loss: 1.5092757940292358
inter loss 2.5187747478485107, intra loss: 0.0027668538969010115, critic loss: 1.5123716592788696
recommendation_loss: 1.34486985206604, critic_loss: 1.5123716592788696
inter loss 2.5083487033843994, intra loss: 0.0027475287206470966, critic loss: 1.506108283996582
recommendation_loss: 1.245932698249817, critic_loss: 1.506108283996582
inter loss 2.4925312995910645, intra loss: 0.002746217418462038, critic loss: 1.496617317199707
recommendation_loss: 1.2806274890899658, critic_loss: 1.496617317199707
inter loss 2.5119853019714355, intra loss: 0.0027583332266658545, critic loss: 1.5082945823669434
recommendation_loss: 1.3357441425323486, critic_loss: 1.5082945823669434
inter loss 2.5558066368103027, intra loss: 0.0027540051378309727, critic loss: 1.53458571434021
recommendation_loss: 1.24994957447052, critic_loss: 1.53458571434021
inter loss 2.548989772796631, intra loss: 0.002779472153633833, critic loss: 1.530505657196045
recommendation_loss: 1.2828905582427979, critic_loss: 1.530505657196045
inter loss 2.5427393913269043, intra loss: 0.0027490821667015553, critic loss: 1.5267432928085327
recommendation_loss: 1.2467381954193115, critic_loss: 1.5267432928085327
inter loss 2.5033650398254395, intra loss: 0.002765693236142397, critic loss: 1.5031253099441528
recommendation_loss: 1.3042329549789429, critic_loss: 1.5031253099441528
inter loss 2.535463571548462, intra loss: 0.0027576107531785965, critic loss: 1.52238130569458
recommendation_loss: 1.367509365081787, critic_loss: 1.52238130569458
inter loss 2.532146453857422, intra loss: 0.0027432087808847427, critic loss: 1.5203852653503418
recommendation_loss: 1.1947755813598633, critic_loss: 1.5203852653503418
inter loss 2.4999136924743652, intra loss: 0.0027715922333300114, critic loss: 1.5010569095611572
recommendation_loss: 1.2546958923339844, critic_loss: 1.5010569095611572
inter loss 2.5108768939971924, intra loss: 0.0027540442533791065, critic loss: 1.5076278448104858
recommendation_loss: 1.2786200046539307, critic_loss: 1.5076278448104858
inter loss 2.535126209259033, intra loss: 0.0027481596916913986, critic loss: 1.5221750736236572
recommendation_loss: 1.3558481931686401, critic_loss: 1.5221750736236572
inter loss 2.5415358543395996, intra loss: 0.002747961785644293, critic loss: 1.5260207653045654
recommendation_loss: 1.3311651945114136, critic_loss: 1.5260207653045654
inter loss 2.5086677074432373, intra loss: 0.0027651574928313494, critic loss: 1.506306767463684
recommendation_loss: 1.3112130165100098, critic_loss: 1.506306767463684
inter loss 2.506516695022583, intra loss: 0.0027560493908822536, critic loss: 1.5050125122070312
recommendation_loss: 1.274064302444458, critic_loss: 1.5050125122070312
inter loss 2.5471296310424805, intra loss: 0.002741874661296606, critic loss: 1.529374599456787
recommendation_loss: 1.2916815280914307, critic_loss: 1.529374599456787
inter loss 2.5332093238830566, intra loss: 0.00275579746812582, critic loss: 1.5210280418395996
recommendation_loss: 1.3164286613464355, critic_loss: 1.5210280418395996
inter loss 2.5082125663757324, intra loss: 0.0027527876663953066, critic loss: 1.5060287714004517
recommendation_loss: 1.2858424186706543, critic_loss: 1.5060287714004517
inter loss 2.5040383338928223, intra loss: 0.0027638282626867294, critic loss: 1.5035285949707031
recommendation_loss: 1.3398222923278809, critic_loss: 1.5035285949707031
inter loss 2.520146131515503, intra loss: 0.0027446819003671408, critic loss: 1.5131856203079224
recommendation_loss: 1.3836817741394043, critic_loss: 1.5131856203079224
inter loss 2.513132095336914, intra loss: 0.002752640750259161, critic loss: 1.508980393409729
recommendation_loss: 1.3165411949157715, critic_loss: 1.508980393409729
inter loss 2.494344711303711, intra loss: 0.00275355763733387, critic loss: 1.4977082014083862
recommendation_loss: 1.3114984035491943, critic_loss: 1.4977082014083862
inter loss 2.5307810306549072, intra loss: 0.0027379810344427824, critic loss: 1.519563913345337
recommendation_loss: 1.2867790460586548, critic_loss: 1.519563913345337
inter loss 2.5126729011535645, intra loss: 0.002743097022175789, critic loss: 1.508700966835022
recommendation_loss: 1.3029351234436035, critic_loss: 1.508700966835022
inter loss 2.5193018913269043, intra loss: 0.002735530724748969, critic loss: 1.512675404548645
recommendation_loss: 1.3046759366989136, critic_loss: 1.512675404548645
inter loss 2.512202739715576, intra loss: 0.0027512803208082914, critic loss: 1.5084222555160522
recommendation_loss: 1.3516055345535278, critic_loss: 1.5084222555160522
inter loss 2.529736280441284, intra loss: 0.002753336913883686, critic loss: 1.518943190574646
recommendation_loss: 1.4125032424926758, critic_loss: 1.518943190574646
inter loss 2.503995895385742, intra loss: 0.002769623650237918, critic loss: 1.5035054683685303
recommendation_loss: 1.3066980838775635, critic_loss: 1.5035054683685303
inter loss 2.5338215827941895, intra loss: 0.0027738516218960285, critic loss: 1.5214025974273682
recommendation_loss: 1.3847510814666748, critic_loss: 1.5214025974273682
inter loss 2.532360792160034, intra loss: 0.002746088430285454, critic loss: 1.520514965057373
recommendation_loss: 1.2937846183776855, critic_loss: 1.520514965057373
inter loss 2.4882051944732666, intra loss: 0.0027634440921247005, critic loss: 1.4940285682678223
recommendation_loss: 1.3474931716918945, critic_loss: 1.4940285682678223
inter loss 2.544210433959961, intra loss: 0.002757886191830039, critic loss: 1.5276294946670532
recommendation_loss: 1.3572399616241455, critic_loss: 1.5276294946670532
inter loss 2.5333003997802734, intra loss: 0.002765617799013853, critic loss: 1.521086573600769
recommendation_loss: 1.2807344198226929, critic_loss: 1.521086573600769
inter loss 2.523878574371338, intra loss: 0.002765143755823374, critic loss: 1.5154331922531128
recommendation_loss: 1.3194093704223633, critic_loss: 1.5154331922531128
inter loss 2.5446739196777344, intra loss: 0.002744006458669901, critic loss: 1.5279020071029663
recommendation_loss: 1.3066303730010986, critic_loss: 1.5279020071029663
inter loss 2.51930570602417, intra loss: 0.002770856488496065, critic loss: 1.5126917362213135
recommendation_loss: 1.2841249704360962, critic_loss: 1.5126917362213135
inter loss 2.5208516120910645, intra loss: 0.002774605294689536, critic loss: 1.5136208534240723
recommendation_loss: 1.2066491842269897, critic_loss: 1.5136208534240723
inter loss 2.523529529571533, intra loss: 0.00276035163551569, critic loss: 1.5152219533920288
recommendation_loss: 1.260694146156311, critic_loss: 1.5152219533920288
inter loss 2.5191144943237305, intra loss: 0.002728450810536742, critic loss: 1.5125601291656494
recommendation_loss: 1.3047449588775635, critic_loss: 1.5125601291656494
inter loss 2.5401864051818848, intra loss: 0.002738088369369507, critic loss: 1.5252070426940918
recommendation_loss: 1.297296404838562, critic_loss: 1.5252070426940918
inter loss 2.52420711517334, intra loss: 0.002741856500506401, critic loss: 1.5156210660934448
recommendation_loss: 1.3105604648590088, critic_loss: 1.5156210660934448
inter loss 2.5189695358276367, intra loss: 0.0027323011308908463, critic loss: 1.5124746561050415
recommendation_loss: 1.279651403427124, critic_loss: 1.5124746561050415
inter loss 2.519366979598999, intra loss: 0.002744559897109866, critic loss: 1.5127180814743042
recommendation_loss: 1.284562110900879, critic_loss: 1.5127180814743042
inter loss 2.5110740661621094, intra loss: 0.002746157580986619, critic loss: 1.507743000984192
recommendation_loss: 1.3072197437286377, critic_loss: 1.507743000984192
inter loss 2.535310983657837, intra loss: 0.0027537918649613857, critic loss: 1.522288203239441
recommendation_loss: 1.2017252445220947, critic_loss: 1.522288203239441
inter loss 2.514246702194214, intra loss: 0.002751959953457117, critic loss: 1.5096489191055298
recommendation_loss: 1.2188626527786255, critic_loss: 1.5096489191055298
inter loss 2.5034728050231934, intra loss: 0.0027428800240159035, critic loss: 1.503180980682373
recommendation_loss: 1.2462377548217773, critic_loss: 1.503180980682373
inter loss 2.5284953117370605, intra loss: 0.002744406694546342, critic loss: 1.5181950330734253
recommendation_loss: 1.2033448219299316, critic_loss: 1.5181950330734253
inter loss 2.5073342323303223, intra loss: 0.0027451682835817337, critic loss: 1.5054986476898193
recommendation_loss: 1.3270604610443115, critic_loss: 1.5054986476898193
inter loss 2.5216736793518066, intra loss: 0.002760005882009864, critic loss: 1.5141083002090454
recommendation_loss: 1.3278172016143799, critic_loss: 1.5141083002090454
inter loss 2.5069491863250732, intra loss: 0.0027467231266200542, critic loss: 1.5052682161331177
recommendation_loss: 1.1990694999694824, critic_loss: 1.5052682161331177
inter loss 2.525974750518799, intra loss: 0.0027542205061763525, critic loss: 1.5166866779327393
recommendation_loss: 1.2956500053405762, critic_loss: 1.5166866779327393
inter loss 2.503760814666748, intra loss: 0.002746633253991604, critic loss: 1.5033551454544067
recommendation_loss: 1.218013882637024, critic_loss: 1.5033551454544067
inter loss 2.5208919048309326, intra loss: 0.002764767734333873, critic loss: 1.513641119003296
recommendation_loss: 1.2681578397750854, critic_loss: 1.513641119003296
inter loss 2.504452705383301, intra loss: 0.0027543737087398767, critic loss: 1.5037734508514404
recommendation_loss: 1.281053900718689, critic_loss: 1.5037734508514404
inter loss 2.5403807163238525, intra loss: 0.002757252426818013, critic loss: 1.5253313779830933
recommendation_loss: 1.2744054794311523, critic_loss: 1.5253313779830933
inter loss 2.5053043365478516, intra loss: 0.0027702883817255497, critic loss: 1.5042908191680908
recommendation_loss: 1.2558019161224365, critic_loss: 1.5042908191680908
inter loss 2.5292809009552, intra loss: 0.002742830663919449, critic loss: 1.5186656713485718
recommendation_loss: 1.2036336660385132, critic_loss: 1.5186656713485718
inter loss 2.5213894844055176, intra loss: 0.0027656720485538244, critic loss: 1.5139399766921997
recommendation_loss: 1.3180146217346191, critic_loss: 1.5139399766921997
inter loss 2.5508668422698975, intra loss: 0.002761297393590212, critic loss: 1.531624674797058
recommendation_loss: 1.2389461994171143, critic_loss: 1.531624674797058
inter loss 2.5214076042175293, intra loss: 0.002752617234364152, critic loss: 1.5139456987380981
recommendation_loss: 1.2469176054000854, critic_loss: 1.5139456987380981
inter loss 2.5033698081970215, intra loss: 0.002765506040304899, critic loss: 1.5031280517578125
recommendation_loss: 1.2748254537582397, critic_loss: 1.5031280517578125
inter loss 2.48891282081604, intra loss: 0.002756320871412754, critic loss: 1.494450330734253
recommendation_loss: 1.2694823741912842, critic_loss: 1.494450330734253
inter loss 2.514037609100342, intra loss: 0.0027676746249198914, critic loss: 1.509529709815979
recommendation_loss: 1.2751882076263428, critic_loss: 1.509529709815979
inter loss 2.536935806274414, intra loss: 0.0027547283098101616, critic loss: 1.5232634544372559
recommendation_loss: 1.2439755201339722, critic_loss: 1.5232634544372559
inter loss 2.5128421783447266, intra loss: 0.002757866634055972, critic loss: 1.5088084936141968
recommendation_loss: 1.2256824970245361, critic_loss: 1.5088084936141968
inter loss 2.5200307369232178, intra loss: 0.0027608522213995457, critic loss: 1.5131229162216187
recommendation_loss: 1.237839937210083, critic_loss: 1.5131229162216187
inter loss 2.5320119857788086, intra loss: 0.0027744653634727, critic loss: 1.5203170776367188
recommendation_loss: 1.2603150606155396, critic_loss: 1.5203170776367188
inter loss 2.5162386894226074, intra loss: 0.002777155488729477, critic loss: 1.5108542442321777
recommendation_loss: 1.2797185182571411, critic_loss: 1.5108542442321777
inter loss 2.50020432472229, intra loss: 0.0027534132823348045, critic loss: 1.5012240409851074
recommendation_loss: 1.2879375219345093, critic_loss: 1.5012240409851074
inter loss 2.4944186210632324, intra loss: 0.002764620818197727, critic loss: 1.497757077217102
recommendation_loss: 1.3308398723602295, critic_loss: 1.497757077217102
inter loss 2.5237619876861572, intra loss: 0.002759124618023634, critic loss: 1.515360951423645
recommendation_loss: 1.2086119651794434, critic_loss: 1.515360951423645
inter loss 2.504112482070923, intra loss: 0.0027446909807622433, critic loss: 1.5035654306411743
recommendation_loss: 1.2590278387069702, critic_loss: 1.5035654306411743
inter loss 2.515817642211914, intra loss: 0.002744935220107436, critic loss: 1.510588526725769
recommendation_loss: 1.1362727880477905, critic_loss: 1.510588526725769
inter loss 2.503419876098633, intra loss: 0.0027562316972762346, critic loss: 1.5031543970108032
recommendation_loss: 1.2367523908615112, critic_loss: 1.5031543970108032
inter loss 2.5254626274108887, intra loss: 0.0027381745167076588, critic loss: 1.5163729190826416
recommendation_loss: 1.2726964950561523, critic_loss: 1.5163729190826416
inter loss 2.518162727355957, intra loss: 0.002755014691501856, critic loss: 1.5119997262954712
recommendation_loss: 1.1947110891342163, critic_loss: 1.5119997262954712
inter loss 2.5028042793273926, intra loss: 0.0027365076821297407, critic loss: 1.5027772188186646
recommendation_loss: 1.3342325687408447, critic_loss: 1.5027772188186646
inter loss 2.505638599395752, intra loss: 0.0027445098385214806, critic loss: 1.5044810771942139
recommendation_loss: 1.2235631942749023, critic_loss: 1.5044810771942139
inter loss 2.53486967086792, intra loss: 0.0027561141178011894, critic loss: 1.5220242738723755
recommendation_loss: 1.2300848960876465, critic_loss: 1.5220242738723755
inter loss 2.5050294399261475, intra loss: 0.0027603304479271173, critic loss: 1.5041218996047974
recommendation_loss: 1.2754888534545898, critic_loss: 1.5041218996047974
inter loss 2.552515983581543, intra loss: 0.0027558254078030586, critic loss: 1.5326119661331177
recommendation_loss: 1.291334867477417, critic_loss: 1.5326119661331177
inter loss 2.5599260330200195, intra loss: 0.0027401004917919636, critic loss: 1.5370516777038574
recommendation_loss: 1.2907267808914185, critic_loss: 1.5370516777038574
inter loss 2.5042691230773926, intra loss: 0.0027464835438877344, critic loss: 1.5036602020263672
recommendation_loss: 1.2799532413482666, critic_loss: 1.5036602020263672
inter loss 2.505298614501953, intra loss: 0.002783668925985694, critic loss: 1.504292607307434
recommendation_loss: 1.2868108749389648, critic_loss: 1.504292607307434
inter loss 2.5431923866271973, intra loss: 0.002766466699540615, critic loss: 1.527022123336792
recommendation_loss: 1.31296968460083, critic_loss: 1.527022123336792
inter loss 2.5482959747314453, intra loss: 0.002778027905151248, critic loss: 1.5300889015197754
recommendation_loss: 1.2799720764160156, critic_loss: 1.5300889015197754
inter loss 2.540592670440674, intra loss: 0.0027700411155819893, critic loss: 1.5254637002944946
recommendation_loss: 1.3540387153625488, critic_loss: 1.5254637002944946
inter loss 2.516309976577759, intra loss: 0.002791972830891609, critic loss: 1.510902762413025
recommendation_loss: 1.2207164764404297, critic_loss: 1.510902762413025
inter loss 2.5307278633117676, intra loss: 0.002769994083791971, critic loss: 1.5195448398590088
recommendation_loss: 1.2704734802246094, critic_loss: 1.5195448398590088
inter loss 2.526339054107666, intra loss: 0.0027370769530534744, critic loss: 1.516898274421692
recommendation_loss: 1.320186734199524, critic_loss: 1.516898274421692
inter loss 2.5436856746673584, intra loss: 0.0027558403089642525, critic loss: 1.5273138284683228
recommendation_loss: 1.2930090427398682, critic_loss: 1.5273138284683228
inter loss 2.5182483196258545, intra loss: 0.0027623760979622602, critic loss: 1.5120539665222168
recommendation_loss: 1.2454036474227905, critic_loss: 1.5120539665222168
inter loss 2.5430848598480225, intra loss: 0.0027808090671896935, critic loss: 1.5269633531570435
recommendation_loss: 1.2604644298553467, critic_loss: 1.5269633531570435
inter loss 2.5258636474609375, intra loss: 0.0027589977253228426, critic loss: 1.5166219472885132
recommendation_loss: 1.2921689748764038, critic_loss: 1.5166219472885132
inter loss 2.544271945953369, intra loss: 0.0027450111228972673, critic loss: 1.5276613235473633
recommendation_loss: 1.2858991622924805, critic_loss: 1.5276613235473633
inter loss 2.543903350830078, intra loss: 0.0027584373019635677, critic loss: 1.5274454355239868
recommendation_loss: 1.2451164722442627, critic_loss: 1.5274454355239868
inter loss 2.5166969299316406, intra loss: 0.002756006084382534, critic loss: 1.5111206769943237
recommendation_loss: 1.3297200202941895, critic_loss: 1.5111206769943237
inter loss 2.5238609313964844, intra loss: 0.0027583008632063866, critic loss: 1.5154199600219727
recommendation_loss: 1.2349871397018433, critic_loss: 1.5154199600219727
inter loss 2.527782440185547, intra loss: 0.002765919780358672, critic loss: 1.5177758932113647
recommendation_loss: 1.1759076118469238, critic_loss: 1.5177758932113647
inter loss 2.5108041763305664, intra loss: 0.0027639134787023067, critic loss: 1.5075881481170654
recommendation_loss: 1.301270842552185, critic_loss: 1.5075881481170654
inter loss 2.520812511444092, intra loss: 0.002748898696154356, critic loss: 1.5135871171951294
recommendation_loss: 1.3502326011657715, critic_loss: 1.5135871171951294
inter loss 2.531351089477539, intra loss: 0.0027653775177896023, critic loss: 1.5199168920516968
recommendation_loss: 1.260984182357788, critic_loss: 1.5199168920516968
inter loss 2.5263781547546387, intra loss: 0.002749738283455372, critic loss: 1.516926884651184
recommendation_loss: 1.322417974472046, critic_loss: 1.516926884651184
inter loss 2.515082359313965, intra loss: 0.0027563152834773064, critic loss: 1.5101521015167236
recommendation_loss: 1.270511269569397, critic_loss: 1.5101521015167236
inter loss 2.548434257507324, intra loss: 0.0027513757813721895, critic loss: 1.5301611423492432
recommendation_loss: 1.2288978099822998, critic_loss: 1.5301611423492432
inter loss 2.4945590496063232, intra loss: 0.002753905951976776, critic loss: 1.4978370666503906
recommendation_loss: 1.2662588357925415, critic_loss: 1.4978370666503906
inter loss 2.5111243724823, intra loss: 0.0027438909746706486, critic loss: 1.5077722072601318
recommendation_loss: 1.3465954065322876, critic_loss: 1.5077722072601318
inter loss 2.531339645385742, intra loss: 0.0027558142319321632, critic loss: 1.5199061632156372
recommendation_loss: 1.231999158859253, critic_loss: 1.5199061632156372
inter loss 2.5337815284729004, intra loss: 0.002771782921627164, critic loss: 1.5213778018951416
recommendation_loss: 1.258427619934082, critic_loss: 1.5213778018951416
inter loss 2.522704839706421, intra loss: 0.002758223097771406, critic loss: 1.5147262811660767
recommendation_loss: 1.2632986307144165, critic_loss: 1.5147262811660767
inter loss 2.518199920654297, intra loss: 0.0027544922195374966, critic loss: 1.5120218992233276
recommendation_loss: 1.2863668203353882, critic_loss: 1.5120218992233276
inter loss 2.5124101638793945, intra loss: 0.0027486192993819714, critic loss: 1.5085456371307373
recommendation_loss: 1.3921735286712646, critic_loss: 1.5085456371307373
inter loss 2.541888475418091, intra loss: 0.0027471957728266716, critic loss: 1.5262320041656494
recommendation_loss: 1.285387635231018, critic_loss: 1.5262320041656494
inter loss 2.534991502761841, intra loss: 0.00273819244466722, critic loss: 1.5220903158187866
recommendation_loss: 1.1688530445098877, critic_loss: 1.5220903158187866
inter loss 2.521390438079834, intra loss: 0.002761625684797764, critic loss: 1.5139389038085938
recommendation_loss: 1.270233154296875, critic_loss: 1.5139389038085938
inter loss 2.5214779376983643, intra loss: 0.002771990839391947, critic loss: 1.51399564743042
recommendation_loss: 1.3609840869903564, critic_loss: 1.51399564743042
inter loss 2.5259015560150146, intra loss: 0.002748885890468955, critic loss: 1.516640543937683
recommendation_loss: 1.1646826267242432, critic_loss: 1.516640543937683
inter loss 2.529398202896118, intra loss: 0.0027530533261597157, critic loss: 1.5187402963638306
recommendation_loss: 1.2908618450164795, critic_loss: 1.5187402963638306
inter loss 2.5323073863983154, intra loss: 0.002763902535662055, critic loss: 1.520490050315857
recommendation_loss: 1.2171200513839722, critic_loss: 1.520490050315857
inter loss 2.5304083824157715, intra loss: 0.0027448488399386406, critic loss: 1.5193430185317993
recommendation_loss: 1.3093221187591553, critic_loss: 1.5193430185317993
inter loss 2.519939422607422, intra loss: 0.002752239117398858, critic loss: 1.5130646228790283
recommendation_loss: 1.3252592086791992, critic_loss: 1.5130646228790283
inter loss 2.4975342750549316, intra loss: 0.002753855660557747, critic loss: 1.499622106552124
recommendation_loss: 1.2354017496109009, critic_loss: 1.499622106552124
inter loss 2.5138168334960938, intra loss: 0.002762968884781003, critic loss: 1.5093953609466553
recommendation_loss: 1.3634669780731201, critic_loss: 1.5093953609466553
inter loss 2.499361276626587, intra loss: 0.0027572307735681534, critic loss: 1.5007197856903076
recommendation_loss: 1.2289197444915771, critic_loss: 1.5007197856903076
inter loss 2.516319751739502, intra loss: 0.002753398148342967, critic loss: 1.5108933448791504
recommendation_loss: 1.2844499349594116, critic_loss: 1.5108933448791504
inter loss 2.5262961387634277, intra loss: 0.002767428755760193, critic loss: 1.516884684562683
recommendation_loss: 1.2707715034484863, critic_loss: 1.516884684562683
inter loss 2.5344271659851074, intra loss: 0.0027467200998216867, critic loss: 1.5217549800872803
recommendation_loss: 1.2787343263626099, critic_loss: 1.5217549800872803
inter loss 2.506924629211426, intra loss: 0.002762685064226389, critic loss: 1.5052598714828491
recommendation_loss: 1.2217309474945068, critic_loss: 1.5052598714828491
inter loss 2.4928669929504395, intra loss: 0.0027721531223505735, critic loss: 1.4968291521072388
recommendation_loss: 1.2987251281738281, critic_loss: 1.4968291521072388
inter loss 2.51723313331604, intra loss: 0.0027640806511044502, critic loss: 1.5114456415176392
recommendation_loss: 1.277969241142273, critic_loss: 1.5114456415176392
inter loss 2.507668972015381, intra loss: 0.0027473161462694407, critic loss: 1.5057003498077393
recommendation_loss: 1.2197775840759277, critic_loss: 1.5057003498077393
inter loss 2.5010972023010254, intra loss: 0.00274959416128695, critic loss: 1.5017582178115845
recommendation_loss: 1.3217072486877441, critic_loss: 1.5017582178115845
inter loss 2.53912615776062, intra loss: 0.0027428409084677696, critic loss: 1.5245728492736816
recommendation_loss: 1.1921731233596802, critic_loss: 1.5245728492736816
inter loss 2.5360164642333984, intra loss: 0.0027437619864940643, critic loss: 1.522707462310791
recommendation_loss: 1.1906521320343018, critic_loss: 1.522707462310791
inter loss 2.543125629425049, intra loss: 0.002771484898403287, critic loss: 1.5269840955734253
recommendation_loss: 1.303114891052246, critic_loss: 1.5269840955734253
inter loss 2.5235543251037598, intra loss: 0.002750738523900509, critic loss: 1.5152329206466675
recommendation_loss: 1.170408844947815, critic_loss: 1.5152329206466675
inter loss 2.5373401641845703, intra loss: 0.0027503464370965958, critic loss: 1.523504376411438
recommendation_loss: 1.2880305051803589, critic_loss: 1.523504376411438
inter loss 2.534940004348755, intra loss: 0.002740029711276293, critic loss: 1.5220600366592407
recommendation_loss: 1.2084062099456787, critic_loss: 1.5220600366592407
inter loss 2.551011085510254, intra loss: 0.002753766719251871, critic loss: 1.5317082405090332
recommendation_loss: 1.213315486907959, critic_loss: 1.5317082405090332
inter loss 2.515547752380371, intra loss: 0.002742336131632328, critic loss: 1.5104256868362427
recommendation_loss: 1.3709076642990112, critic_loss: 1.5104256868362427
inter loss 2.534583806991577, intra loss: 0.002745171310380101, critic loss: 1.521848440170288
recommendation_loss: 1.2915709018707275, critic_loss: 1.521848440170288
inter loss 2.5314457416534424, intra loss: 0.0027373284101486206, critic loss: 1.5199624300003052
recommendation_loss: 1.3130645751953125, critic_loss: 1.5199624300003052
inter loss 2.5338728427886963, intra loss: 0.0027556989807635546, critic loss: 1.5214260816574097
recommendation_loss: 1.2516329288482666, critic_loss: 1.5214260816574097
inter loss 2.558591365814209, intra loss: 0.002768640872091055, critic loss: 1.5362623929977417
recommendation_loss: 1.256213665008545, critic_loss: 1.5362623929977417
inter loss 2.5566539764404297, intra loss: 0.0027553155086934566, critic loss: 1.5350944995880127
recommendation_loss: 1.3446203470230103, critic_loss: 1.5350944995880127
inter loss 2.533935546875, intra loss: 0.0027602300979197025, critic loss: 1.521465539932251
recommendation_loss: 1.3245829343795776, critic_loss: 1.521465539932251
inter loss 2.5238776206970215, intra loss: 0.002759065479040146, critic loss: 1.5154303312301636
recommendation_loss: 1.2350472211837769, critic_loss: 1.5154303312301636
inter loss 2.535578966140747, intra loss: 0.002759142778813839, critic loss: 1.5224510431289673
recommendation_loss: 1.348650336265564, critic_loss: 1.5224510431289673
inter loss 2.4951517581939697, intra loss: 0.0027383628766983747, critic loss: 1.4981863498687744
recommendation_loss: 1.3759039640426636, critic_loss: 1.4981863498687744
inter loss 2.515622615814209, intra loss: 0.0027546437922865152, critic loss: 1.510475516319275
recommendation_loss: 1.362930417060852, critic_loss: 1.510475516319275
inter loss 2.526034355163574, intra loss: 0.002751217922195792, critic loss: 1.516721248626709
recommendation_loss: 1.3871312141418457, critic_loss: 1.516721248626709
inter loss 2.514410972595215, intra loss: 0.0027480851858854294, critic loss: 1.5097458362579346
recommendation_loss: 1.276724934577942, critic_loss: 1.5097458362579346
inter loss 2.5402657985687256, intra loss: 0.0027556992135941982, critic loss: 1.5252618789672852
recommendation_loss: 1.2738287448883057, critic_loss: 1.5252618789672852
inter loss 2.5344223976135254, intra loss: 0.002757621230557561, critic loss: 1.5217565298080444
recommendation_loss: 1.3660573959350586, critic_loss: 1.5217565298080444
inter loss 2.5323970317840576, intra loss: 0.0027462898287922144, critic loss: 1.5205367803573608
recommendation_loss: 1.2670278549194336, critic_loss: 1.5205367803573608
inter loss 2.5373120307922363, intra loss: 0.002759893424808979, critic loss: 1.5234912633895874
recommendation_loss: 1.3314208984375, critic_loss: 1.5234912633895874
inter loss 2.538832664489746, intra loss: 0.002767812693491578, critic loss: 1.5244067907333374
recommendation_loss: 1.327143907546997, critic_loss: 1.5244067907333374
inter loss 2.517286777496338, intra loss: 0.002754479181021452, critic loss: 1.5114738941192627
recommendation_loss: 1.253875970840454, critic_loss: 1.5114738941192627
inter loss 2.5282928943634033, intra loss: 0.0027566640637815, critic loss: 1.5180784463882446
recommendation_loss: 1.2660918235778809, critic_loss: 1.5180784463882446
inter loss 2.509594440460205, intra loss: 0.002754605608060956, critic loss: 1.5068585872650146
recommendation_loss: 1.2236483097076416, critic_loss: 1.5068585872650146
inter loss 2.544431686401367, intra loss: 0.002759859198704362, critic loss: 1.5277631282806396
recommendation_loss: 1.2208861112594604, critic_loss: 1.5277631282806396
inter loss 2.528498888015747, intra loss: 0.0027364036068320274, critic loss: 1.5181939601898193
recommendation_loss: 1.3105372190475464, critic_loss: 1.5181939601898193
inter loss 2.5055909156799316, intra loss: 0.0027595129795372486, critic loss: 1.5044584274291992
recommendation_loss: 1.2675412893295288, critic_loss: 1.5044584274291992
inter loss 2.51224946975708, intra loss: 0.002755675930529833, critic loss: 1.50845205783844
recommendation_loss: 1.395277976989746, critic_loss: 1.50845205783844
inter loss 2.517082929611206, intra loss: 0.002735418500378728, critic loss: 1.511344075202942
recommendation_loss: 1.280608057975769, critic_loss: 1.511344075202942
inter loss 2.5228676795959473, intra loss: 0.002750181593000889, critic loss: 1.5148206949234009
recommendation_loss: 1.3236924409866333, critic_loss: 1.5148206949234009
inter loss 2.5313608646392822, intra loss: 0.0027608349919319153, critic loss: 1.5199209451675415
recommendation_loss: 1.2612124681472778, critic_loss: 1.5199209451675415
inter loss 2.528172016143799, intra loss: 0.002752870786935091, critic loss: 1.5180044174194336
recommendation_loss: 1.3198233842849731, critic_loss: 1.5180044174194336
inter loss 2.5441529750823975, intra loss: 0.002764237578958273, critic loss: 1.5275975465774536
recommendation_loss: 1.3025741577148438, critic_loss: 1.5275975465774536
inter loss 2.5202298164367676, intra loss: 0.002759145572781563, critic loss: 1.5132416486740112
recommendation_loss: 1.3289661407470703, critic_loss: 1.5132416486740112
inter loss 2.55246639251709, intra loss: 0.0027529210783541203, critic loss: 1.532581090927124
recommendation_loss: 1.2717549800872803, critic_loss: 1.532581090927124
inter loss 2.5169434547424316, intra loss: 0.002765599638223648, critic loss: 1.5112724304199219
recommendation_loss: 1.300126314163208, critic_loss: 1.5112724304199219
inter loss 2.5131723880767822, intra loss: 0.002755340188741684, critic loss: 1.5090055465698242
recommendation_loss: 1.3884775638580322, critic_loss: 1.5090055465698242
inter loss 2.5238773822784424, intra loss: 0.002750168554484844, critic loss: 1.515426516532898
recommendation_loss: 1.2808640003204346, critic_loss: 1.515426516532898
inter loss 2.5014328956604004, intra loss: 0.002757159760221839, critic loss: 1.501962661743164
recommendation_loss: 1.1949987411499023, critic_loss: 1.501962661743164
inter loss 2.5407185554504395, intra loss: 0.0027601546607911587, critic loss: 1.5255353450775146
recommendation_loss: 1.30597722530365, critic_loss: 1.5255353450775146
inter loss 2.54500675201416, intra loss: 0.0027525147888809443, critic loss: 1.5281051397323608
recommendation_loss: 1.2695496082305908, critic_loss: 1.5281051397323608
inter loss 2.553044319152832, intra loss: 0.002761305309832096, critic loss: 1.5329310894012451
recommendation_loss: 1.2952606678009033, critic_loss: 1.5329310894012451
inter loss 2.529719829559326, intra loss: 0.0027529741637408733, critic loss: 1.5189330577850342
recommendation_loss: 1.300700306892395, critic_loss: 1.5189330577850342
inter loss 2.5389797687530518, intra loss: 0.0027759617660194635, critic loss: 1.5244983434677124
recommendation_loss: 1.3712154626846313, critic_loss: 1.5244983434677124
inter loss 2.5413625240325928, intra loss: 0.00275663030333817, critic loss: 1.5259202718734741
recommendation_loss: 1.2486152648925781, critic_loss: 1.5259202718734741
inter loss 2.5400238037109375, intra loss: 0.002766039688140154, critic loss: 1.525120735168457
recommendation_loss: 1.2612255811691284, critic_loss: 1.525120735168457
inter loss 2.526337146759033, intra loss: 0.0027558973524719477, critic loss: 1.5169047117233276
recommendation_loss: 1.3447273969650269, critic_loss: 1.5169047117233276
inter loss 2.5219388008117676, intra loss: 0.0027513084933161736, critic loss: 1.5142638683319092
recommendation_loss: 1.2663955688476562, critic_loss: 1.5142638683319092
inter loss 2.5463218688964844, intra loss: 0.0027595958672463894, critic loss: 1.5288970470428467
recommendation_loss: 1.274073839187622, critic_loss: 1.5288970470428467
inter loss 2.527989149093628, intra loss: 0.0027587765362113714, critic loss: 1.517897129058838
recommendation_loss: 1.2717355489730835, critic_loss: 1.517897129058838
inter loss 2.5091118812561035, intra loss: 0.0027527865022420883, critic loss: 1.5065683126449585
recommendation_loss: 1.2908098697662354, critic_loss: 1.5065683126449585
inter loss 2.5506739616394043, intra loss: 0.0027593523263931274, critic loss: 1.531508207321167
recommendation_loss: 1.271843433380127, critic_loss: 1.531508207321167
inter loss 2.516458511352539, intra loss: 0.002766562160104513, critic loss: 1.510981798171997
recommendation_loss: 1.2242661714553833, critic_loss: 1.510981798171997
inter loss 2.524749517440796, intra loss: 0.002751018386334181, critic loss: 1.5159502029418945
recommendation_loss: 1.2990777492523193, critic_loss: 1.5159502029418945
inter loss 2.5030932426452637, intra loss: 0.0027709263376891613, critic loss: 1.5029643774032593
recommendation_loss: 1.2730650901794434, critic_loss: 1.5029643774032593
inter loss 2.52066707611084, intra loss: 0.002766200341284275, critic loss: 1.5135067701339722
recommendation_loss: 1.2287081480026245, critic_loss: 1.5135067701339722
inter loss 2.496089220046997, intra loss: 0.002773165237158537, critic loss: 1.498762845993042
recommendation_loss: 1.2457553148269653, critic_loss: 1.498762845993042
inter loss 2.519659996032715, intra loss: 0.002775941276922822, critic loss: 1.512906551361084
recommendation_loss: 1.2345689535140991, critic_loss: 1.512906551361084
inter loss 2.5105972290039062, intra loss: 0.002773876767605543, critic loss: 1.5074679851531982
recommendation_loss: 1.2821507453918457, critic_loss: 1.5074679851531982
inter loss 2.5046377182006836, intra loss: 0.0027595427818596363, critic loss: 1.5038864612579346
recommendation_loss: 1.330085039138794, critic_loss: 1.5038864612579346
inter loss 2.526473045349121, intra loss: 0.0027381419204175472, critic loss: 1.5169792175292969
recommendation_loss: 1.2907720804214478, critic_loss: 1.5169792175292969
inter loss 2.5107455253601074, intra loss: 0.0027634529396891594, critic loss: 1.5075528621673584
recommendation_loss: 1.2223825454711914, critic_loss: 1.5075528621673584
inter loss 2.507786512374878, intra loss: 0.0027611730620265007, critic loss: 1.5057764053344727
recommendation_loss: 1.3416037559509277, critic_loss: 1.5057764053344727
2024-08-09 18:41:04.603398: step 4256/24320 (epoch 14/80), loss = 1.353249 (33.754 sec/epoch), lr: 0.002850
Evaluating on dev set...
...........................
source: 	 mrr: 0.046065	 ndcg_5: 0.0346	 ndcg_10: 0.0467	 hit@1:0.015206	 hit@5:0.0529	 hit@10: 0.0912
target: 	 mrr: 0.037796	 ndcg_5: 0.0288	 ndcg_10: 0.0384	 hit@1:0.016028	 hit@5:0.0411	 hit@10: 0.0711
source best!
.............
source: 	 mrr: 0.040304	 ndcg_5: 0.0292	 ndcg_10: 0.0427	 hit@1:0.010736	 hit@5:0.0475	 hit@10: 0.0897
epoch 14: train_loss = 1.353249, source_hit@10 = 0.0897, source_ndcg@10 = 0.0427, target_hit@10 = 0.0711, target_ndcg@10 = 0.0384
new best model saved.

inter loss 2.5061662197113037, intra loss: 0.0027597062289714813, critic loss: 1.5048036575317383
recommendation_loss: 1.3418800830841064, critic_loss: 1.5048036575317383
inter loss 2.524806499481201, intra loss: 0.002748410450294614, critic loss: 1.5159833431243896
recommendation_loss: 1.2596845626831055, critic_loss: 1.5159833431243896
inter loss 2.494990825653076, intra loss: 0.0027594442944973707, critic loss: 1.4980982542037964
recommendation_loss: 1.1920263767242432, critic_loss: 1.4980982542037964
inter loss 2.5164506435394287, intra loss: 0.0027719687204807997, critic loss: 1.510979175567627
recommendation_loss: 1.2626910209655762, critic_loss: 1.510979175567627
inter loss 2.500365972518921, intra loss: 0.0027522386517375708, critic loss: 1.5013206005096436
recommendation_loss: 1.2324738502502441, critic_loss: 1.5013206005096436
inter loss 2.5244388580322266, intra loss: 0.0027365933638066053, critic loss: 1.5157579183578491
recommendation_loss: 1.2454113960266113, critic_loss: 1.5157579183578491
inter loss 2.5357301235198975, intra loss: 0.002743835560977459, critic loss: 1.5225356817245483
recommendation_loss: 1.2642264366149902, critic_loss: 1.5225356817245483
inter loss 2.4916787147521973, intra loss: 0.0027374676428735256, critic loss: 1.496102213859558
recommendation_loss: 1.210485816001892, critic_loss: 1.496102213859558
inter loss 2.510855197906494, intra loss: 0.002750932704657316, critic loss: 1.5076136589050293
recommendation_loss: 1.2867538928985596, critic_loss: 1.5076136589050293
inter loss 2.523271083831787, intra loss: 0.0027485114987939596, critic loss: 1.5150620937347412
recommendation_loss: 1.2943415641784668, critic_loss: 1.5150620937347412
inter loss 2.5141403675079346, intra loss: 0.0027449792250990868, critic loss: 1.509582281112671
recommendation_loss: 1.3276311159133911, critic_loss: 1.509582281112671
inter loss 2.499149799346924, intra loss: 0.0027424865402281284, critic loss: 1.5005868673324585
recommendation_loss: 1.2747055292129517, critic_loss: 1.5005868673324585
inter loss 2.5290727615356445, intra loss: 0.002750739688053727, critic loss: 1.51854407787323
recommendation_loss: 1.311506986618042, critic_loss: 1.51854407787323
inter loss 2.519446849822998, intra loss: 0.0027380241081118584, critic loss: 1.5127633810043335
recommendation_loss: 1.3160924911499023, critic_loss: 1.5127633810043335
inter loss 2.5153250694274902, intra loss: 0.002755227964371443, critic loss: 1.510297179222107
recommendation_loss: 1.221099853515625, critic_loss: 1.510297179222107
inter loss 2.4959776401519775, intra loss: 0.0027615996077656746, critic loss: 1.498691201210022
recommendation_loss: 1.2857438325881958, critic_loss: 1.498691201210022
inter loss 2.514216899871826, intra loss: 0.002763158641755581, critic loss: 1.5096355676651
recommendation_loss: 1.2218477725982666, critic_loss: 1.5096355676651
inter loss 2.5130348205566406, intra loss: 0.0027503068558871746, critic loss: 1.5089210271835327
recommendation_loss: 1.2596207857131958, critic_loss: 1.5089210271835327
inter loss 2.5084962844848633, intra loss: 0.002761984011158347, critic loss: 1.5062026977539062
recommendation_loss: 1.198584794998169, critic_loss: 1.5062026977539062
inter loss 2.5363521575927734, intra loss: 0.002757105976343155, critic loss: 1.522914171218872
recommendation_loss: 1.2508341073989868, critic_loss: 1.522914171218872
inter loss 2.4985833168029785, intra loss: 0.002750655170530081, critic loss: 1.5002503395080566
recommendation_loss: 1.237475037574768, critic_loss: 1.5002503395080566
inter loss 2.500328540802002, intra loss: 0.0027671491261571646, critic loss: 1.501304030418396
recommendation_loss: 1.2540957927703857, critic_loss: 1.501304030418396
inter loss 2.4951937198638916, intra loss: 0.002752630040049553, critic loss: 1.4982173442840576
recommendation_loss: 1.2369624376296997, critic_loss: 1.4982173442840576
inter loss 2.5046215057373047, intra loss: 0.002758304588496685, critic loss: 1.5038762092590332
recommendation_loss: 1.3049836158752441, critic_loss: 1.5038762092590332
inter loss 2.5280513763427734, intra loss: 0.0027712155133485794, critic loss: 1.5179394483566284
recommendation_loss: 1.3167848587036133, critic_loss: 1.5179394483566284
inter loss 2.492919921875, intra loss: 0.0027671975549310446, critic loss: 1.496858835220337
recommendation_loss: 1.324781894683838, critic_loss: 1.496858835220337
inter loss 2.520516872406006, intra loss: 0.0027622291818261147, critic loss: 1.5134150981903076
recommendation_loss: 1.170201063156128, critic_loss: 1.5134150981903076
inter loss 2.5139758586883545, intra loss: 0.0027515958063304424, critic loss: 1.509486198425293
recommendation_loss: 1.3373477458953857, critic_loss: 1.509486198425293
inter loss 2.5031256675720215, intra loss: 0.0027635085862129927, critic loss: 1.5029809474945068
recommendation_loss: 1.3037002086639404, critic_loss: 1.5029809474945068
inter loss 2.518187999725342, intra loss: 0.002755091292783618, critic loss: 1.5120149850845337
recommendation_loss: 1.2697463035583496, critic_loss: 1.5120149850845337
inter loss 2.525567054748535, intra loss: 0.002759766299277544, critic loss: 1.516444206237793
recommendation_loss: 1.2673308849334717, critic_loss: 1.516444206237793
inter loss 2.513768196105957, intra loss: 0.0027597839944064617, critic loss: 1.5093648433685303
recommendation_loss: 1.1928808689117432, critic_loss: 1.5093648433685303
inter loss 2.5231966972351074, intra loss: 0.0027557588182389736, critic loss: 1.5150203704833984
recommendation_loss: 1.2649251222610474, critic_loss: 1.5150203704833984
inter loss 2.5009946823120117, intra loss: 0.0027805424761027098, critic loss: 1.5017091035842896
recommendation_loss: 1.2709722518920898, critic_loss: 1.5017091035842896
inter loss 2.5074350833892822, intra loss: 0.002759840339422226, critic loss: 1.5055650472640991
recommendation_loss: 1.3479846715927124, critic_loss: 1.5055650472640991
inter loss 2.50032377243042, intra loss: 0.002769994083791971, critic loss: 1.5013023614883423
recommendation_loss: 1.2308614253997803, critic_loss: 1.5013023614883423
inter loss 2.5110907554626465, intra loss: 0.002760905772447586, critic loss: 1.5077588558197021
recommendation_loss: 1.3224550485610962, critic_loss: 1.5077588558197021
inter loss 2.4915850162506104, intra loss: 0.002745451172813773, critic loss: 1.496049165725708
recommendation_loss: 1.2646141052246094, critic_loss: 1.496049165725708
inter loss 2.5328121185302734, intra loss: 0.002767130732536316, critic loss: 1.520794153213501
recommendation_loss: 1.3072068691253662, critic_loss: 1.520794153213501
inter loss 2.525965452194214, intra loss: 0.0027727470733225346, critic loss: 1.5166884660720825
recommendation_loss: 1.2434906959533691, critic_loss: 1.5166884660720825
inter loss 2.512418270111084, intra loss: 0.00275197415612638, critic loss: 1.508551836013794
recommendation_loss: 1.316070318222046, critic_loss: 1.508551836013794
inter loss 2.5159435272216797, intra loss: 0.0027791468892246485, critic loss: 1.5106778144836426
recommendation_loss: 1.2746922969818115, critic_loss: 1.5106778144836426
inter loss 2.537851333618164, intra loss: 0.002765571465715766, critic loss: 1.5238171815872192
recommendation_loss: 1.2689626216888428, critic_loss: 1.5238171815872192
inter loss 2.5081634521484375, intra loss: 0.0027713249437510967, critic loss: 1.5060067176818848
recommendation_loss: 1.3282147645950317, critic_loss: 1.5060067176818848
inter loss 2.52909517288208, intra loss: 0.002746517537161708, critic loss: 1.518555760383606
recommendation_loss: 1.2779529094696045, critic_loss: 1.518555760383606
inter loss 2.512523651123047, intra loss: 0.0027535574045032263, critic loss: 1.5086156129837036
recommendation_loss: 1.2307263612747192, critic_loss: 1.5086156129837036
inter loss 2.535310745239258, intra loss: 0.0027730357833206654, critic loss: 1.5222957134246826
recommendation_loss: 1.3015061616897583, critic_loss: 1.5222957134246826
inter loss 2.4860944747924805, intra loss: 0.002740006661042571, critic loss: 1.4927527904510498
recommendation_loss: 1.2686151266098022, critic_loss: 1.4927527904510498
inter loss 2.506054401397705, intra loss: 0.0027563709300011396, critic loss: 1.5047352313995361
recommendation_loss: 1.2840917110443115, critic_loss: 1.5047352313995361
inter loss 2.543041229248047, intra loss: 0.0027558505535125732, critic loss: 1.52692711353302
recommendation_loss: 1.2837867736816406, critic_loss: 1.52692711353302
inter loss 2.502830982208252, intra loss: 0.0027348557487130165, critic loss: 1.5027925968170166
recommendation_loss: 1.3132634162902832, critic_loss: 1.5027925968170166
inter loss 2.5089550018310547, intra loss: 0.0027489205822348595, critic loss: 1.5064727067947388
recommendation_loss: 1.3572282791137695, critic_loss: 1.5064727067947388
inter loss 2.5042784214019775, intra loss: 0.002752226311713457, critic loss: 1.5036680698394775
recommendation_loss: 1.2924225330352783, critic_loss: 1.5036680698394775
inter loss 2.5242042541503906, intra loss: 0.002748820697888732, critic loss: 1.5156222581863403
recommendation_loss: 1.2514762878417969, critic_loss: 1.5156222581863403
inter loss 2.498159885406494, intra loss: 0.0027632364071905613, critic loss: 1.500001311302185
recommendation_loss: 1.2325103282928467, critic_loss: 1.500001311302185
inter loss 2.504253625869751, intra loss: 0.0027665309607982635, critic loss: 1.5036588907241821
recommendation_loss: 1.3457751274108887, critic_loss: 1.5036588907241821
inter loss 2.5055174827575684, intra loss: 0.002768693957477808, critic loss: 1.5044180154800415
recommendation_loss: 1.247680902481079, critic_loss: 1.5044180154800415
inter loss 2.513472557067871, intra loss: 0.002775372238829732, critic loss: 1.509193778038025
recommendation_loss: 1.2186936140060425, critic_loss: 1.509193778038025
inter loss 2.5122599601745605, intra loss: 0.002762625925242901, critic loss: 1.5084611177444458
recommendation_loss: 1.3107805252075195, critic_loss: 1.5084611177444458
inter loss 2.5241003036499023, intra loss: 0.0027680592611432076, critic loss: 1.515567421913147
recommendation_loss: 1.3336206674575806, critic_loss: 1.515567421913147
inter loss 2.532304525375366, intra loss: 0.00275217997841537, critic loss: 1.5204837322235107
recommendation_loss: 1.2887643575668335, critic_loss: 1.5204837322235107
inter loss 2.4980568885803223, intra loss: 0.002747087273746729, critic loss: 1.4999330043792725
recommendation_loss: 1.2567403316497803, critic_loss: 1.4999330043792725
inter loss 2.530937671661377, intra loss: 0.002761109732091427, critic loss: 1.519667148590088
recommendation_loss: 1.369707703590393, critic_loss: 1.519667148590088
inter loss 2.5253195762634277, intra loss: 0.002753992797806859, critic loss: 1.5162934064865112
recommendation_loss: 1.2771852016448975, critic_loss: 1.5162934064865112
inter loss 2.495366096496582, intra loss: 0.002763123717159033, critic loss: 1.498324990272522
recommendation_loss: 1.2860405445098877, critic_loss: 1.498324990272522
inter loss 2.5205416679382324, intra loss: 0.002742089331150055, critic loss: 1.513421893119812
recommendation_loss: 1.2193546295166016, critic_loss: 1.513421893119812
inter loss 2.516947031021118, intra loss: 0.002765499986708164, critic loss: 1.5112744569778442
recommendation_loss: 1.2562609910964966, critic_loss: 1.5112744569778442
inter loss 2.54020357131958, intra loss: 0.0027373614721000195, critic loss: 1.5252171754837036
recommendation_loss: 1.2780351638793945, critic_loss: 1.5252171754837036
inter loss 2.49625825881958, intra loss: 0.002758488291874528, critic loss: 1.4988584518432617
recommendation_loss: 1.2269684076309204, critic_loss: 1.4988584518432617
inter loss 2.509890079498291, intra loss: 0.0027634473517537117, critic loss: 1.5070395469665527
recommendation_loss: 1.2826783657073975, critic_loss: 1.5070395469665527
inter loss 2.512444496154785, intra loss: 0.0027594538405537605, critic loss: 1.5085705518722534
recommendation_loss: 1.187880039215088, critic_loss: 1.5085705518722534
inter loss 2.5115418434143066, intra loss: 0.002765844576060772, critic loss: 1.5080316066741943
recommendation_loss: 1.3435287475585938, critic_loss: 1.5080316066741943
inter loss 2.495161533355713, intra loss: 0.00275664241053164, critic loss: 1.498199701309204
recommendation_loss: 1.2650928497314453, critic_loss: 1.498199701309204
inter loss 2.49491286277771, intra loss: 0.0027577984146773815, critic loss: 1.4980509281158447
recommendation_loss: 1.2499711513519287, critic_loss: 1.4980509281158447
inter loss 2.4897289276123047, intra loss: 0.002747746417298913, critic loss: 1.494936466217041
recommendation_loss: 1.253646969795227, critic_loss: 1.494936466217041
inter loss 2.5278680324554443, intra loss: 0.002755340188741684, critic loss: 1.5178229808807373
recommendation_loss: 1.296505093574524, critic_loss: 1.5178229808807373
inter loss 2.5006518363952637, intra loss: 0.002753998851403594, critic loss: 1.5014927387237549
recommendation_loss: 1.2202889919281006, critic_loss: 1.5014927387237549
inter loss 2.506784677505493, intra loss: 0.0027745882980525494, critic loss: 1.5051807165145874
recommendation_loss: 1.220781922340393, critic_loss: 1.5051807165145874
inter loss 2.4796111583709717, intra loss: 0.0027776279021054506, critic loss: 1.488877773284912
recommendation_loss: 1.192786693572998, critic_loss: 1.488877773284912
inter loss 2.492979049682617, intra loss: 0.00276359124109149, critic loss: 1.4968929290771484
recommendation_loss: 1.3134570121765137, critic_loss: 1.4968929290771484
inter loss 2.4914000034332275, intra loss: 0.0027526356279850006, critic loss: 1.4959410429000854
recommendation_loss: 1.2946152687072754, critic_loss: 1.4959410429000854
inter loss 2.5181384086608887, intra loss: 0.002757984446361661, critic loss: 1.511986255645752
recommendation_loss: 1.3443565368652344, critic_loss: 1.511986255645752
inter loss 2.5083913803100586, intra loss: 0.0027694860473275185, critic loss: 1.5061427354812622
recommendation_loss: 1.2182738780975342, critic_loss: 1.5061427354812622
inter loss 2.498528242111206, intra loss: 0.0027537515852600336, critic loss: 1.5002185106277466
recommendation_loss: 1.2677537202835083, critic_loss: 1.5002185106277466
inter loss 2.510380268096924, intra loss: 0.0027610945980995893, critic loss: 1.507332682609558
recommendation_loss: 1.2905595302581787, critic_loss: 1.507332682609558
inter loss 2.5278522968292236, intra loss: 0.00276327901519835, critic loss: 1.5178167819976807
recommendation_loss: 1.228116512298584, critic_loss: 1.5178167819976807
inter loss 2.5179572105407715, intra loss: 0.0027605986688286066, critic loss: 1.5118786096572876
recommendation_loss: 1.2439472675323486, critic_loss: 1.5118786096572876
inter loss 2.523660182952881, intra loss: 0.0027551765087991953, critic loss: 1.5152982473373413
recommendation_loss: 1.2149385213851929, critic_loss: 1.5152982473373413
inter loss 2.5313873291015625, intra loss: 0.002763611264526844, critic loss: 1.5199378728866577
recommendation_loss: 1.3232126235961914, critic_loss: 1.5199378728866577
inter loss 2.5035219192504883, intra loss: 0.002753105014562607, critic loss: 1.5032144784927368
recommendation_loss: 1.2154022455215454, critic_loss: 1.5032144784927368
inter loss 2.4982476234436035, intra loss: 0.0027466833125799894, critic loss: 1.500047206878662
recommendation_loss: 1.3241465091705322, critic_loss: 1.500047206878662
inter loss 2.521836280822754, intra loss: 0.002764303470030427, critic loss: 1.5142074823379517
recommendation_loss: 1.2347345352172852, critic_loss: 1.5142074823379517
inter loss 2.5137405395507812, intra loss: 0.002747885650023818, critic loss: 1.5093435049057007
recommendation_loss: 1.1597851514816284, critic_loss: 1.5093435049057007
inter loss 2.4954946041107178, intra loss: 0.0027543874457478523, critic loss: 1.4983985424041748
recommendation_loss: 1.215372085571289, critic_loss: 1.4983985424041748
inter loss 2.4970266819000244, intra loss: 0.0027542980387806892, critic loss: 1.4993177652359009
recommendation_loss: 1.1595927476882935, critic_loss: 1.4993177652359009
inter loss 2.5097811222076416, intra loss: 0.002748175524175167, critic loss: 1.5069680213928223
recommendation_loss: 1.1862647533416748, critic_loss: 1.5069680213928223
inter loss 2.534552812576294, intra loss: 0.0027496942784637213, critic loss: 1.5218316316604614
recommendation_loss: 1.3033455610275269, critic_loss: 1.5218316316604614
inter loss 2.528543710708618, intra loss: 0.0027805385179817677, critic loss: 1.5182385444641113
recommendation_loss: 1.202878713607788, critic_loss: 1.5182385444641113
inter loss 2.507512092590332, intra loss: 0.002771108876913786, critic loss: 1.5056157112121582
recommendation_loss: 1.166745901107788, critic_loss: 1.5056157112121582
inter loss 2.483076333999634, intra loss: 0.0027616650331765413, critic loss: 1.490950584411621
recommendation_loss: 1.300011396408081, critic_loss: 1.490950584411621
inter loss 2.5111045837402344, intra loss: 0.0027577546425163746, critic loss: 1.5077658891677856
recommendation_loss: 1.2191498279571533, critic_loss: 1.5077658891677856
inter loss 2.5166983604431152, intra loss: 0.0027566421777009964, critic loss: 1.5111217498779297
recommendation_loss: 1.2359039783477783, critic_loss: 1.5111217498779297
inter loss 2.538625955581665, intra loss: 0.0027658960316330194, critic loss: 1.5242819786071777
recommendation_loss: 1.272716760635376, critic_loss: 1.5242819786071777
inter loss 2.548914909362793, intra loss: 0.002738985000178218, critic loss: 1.530444622039795
recommendation_loss: 1.262829065322876, critic_loss: 1.530444622039795
inter loss 2.5139269828796387, intra loss: 0.0027359728701412678, critic loss: 1.5094505548477173
recommendation_loss: 1.3059645891189575, critic_loss: 1.5094505548477173
inter loss 2.497796058654785, intra loss: 0.002757876645773649, critic loss: 1.4997808933258057
recommendation_loss: 1.2556054592132568, critic_loss: 1.4997808933258057
inter loss 2.5169286727905273, intra loss: 0.0027621581684798002, critic loss: 1.511262059211731
recommendation_loss: 1.3023382425308228, critic_loss: 1.511262059211731
inter loss 2.507056713104248, intra loss: 0.0027658562175929546, critic loss: 1.5053404569625854
recommendation_loss: 1.3298622369766235, critic_loss: 1.5053404569625854
inter loss 2.5298545360565186, intra loss: 0.002759781666100025, critic loss: 1.5190166234970093
recommendation_loss: 1.2967770099639893, critic_loss: 1.5190166234970093
inter loss 2.498361587524414, intra loss: 0.0027733284514397383, critic loss: 1.5001263618469238
recommendation_loss: 1.25435471534729, critic_loss: 1.5001263618469238
inter loss 2.5055019855499268, intra loss: 0.002734721638262272, critic loss: 1.5043951272964478
recommendation_loss: 1.3495440483093262, critic_loss: 1.5043951272964478
inter loss 2.547806978225708, intra loss: 0.002745990874245763, critic loss: 1.5297826528549194
recommendation_loss: 1.2439804077148438, critic_loss: 1.5297826528549194
inter loss 2.5078892707824707, intra loss: 0.002747827908024192, critic loss: 1.5058327913284302
recommendation_loss: 1.2683932781219482, critic_loss: 1.5058327913284302
inter loss 2.515953540802002, intra loss: 0.0027587462682276964, critic loss: 1.5106756687164307
recommendation_loss: 1.2483670711517334, critic_loss: 1.5106756687164307
inter loss 2.502060651779175, intra loss: 0.002748696366325021, critic loss: 1.5023359060287476
recommendation_loss: 1.2368162870407104, critic_loss: 1.5023359060287476
inter loss 2.5154387950897217, intra loss: 0.0027676313184201717, critic loss: 1.5103704929351807
recommendation_loss: 1.246550440788269, critic_loss: 1.5103704929351807
inter loss 2.5173771381378174, intra loss: 0.0027463603764772415, critic loss: 1.5115249156951904
recommendation_loss: 1.2670904397964478, critic_loss: 1.5115249156951904
inter loss 2.51084566116333, intra loss: 0.0027465587481856346, critic loss: 1.5076061487197876
recommendation_loss: 1.2046895027160645, critic_loss: 1.5076061487197876
inter loss 2.5285630226135254, intra loss: 0.0027685659006237984, critic loss: 1.5182453393936157
recommendation_loss: 1.191338062286377, critic_loss: 1.5182453393936157
inter loss 2.524841547012329, intra loss: 0.002755267545580864, critic loss: 1.5160070657730103
recommendation_loss: 1.1954270601272583, critic_loss: 1.5160070657730103
inter loss 2.51177978515625, intra loss: 0.0027573390398174524, critic loss: 1.5081708431243896
recommendation_loss: 1.204832673072815, critic_loss: 1.5081708431243896
inter loss 2.5235626697540283, intra loss: 0.002765567507594824, critic loss: 1.5152438879013062
recommendation_loss: 1.1807992458343506, critic_loss: 1.5152438879013062
inter loss 2.509756565093994, intra loss: 0.002757920417934656, critic loss: 1.5069571733474731
recommendation_loss: 1.292186975479126, critic_loss: 1.5069571733474731
inter loss 2.5020461082458496, intra loss: 0.0027613649144768715, critic loss: 1.502332329750061
recommendation_loss: 1.3372548818588257, critic_loss: 1.502332329750061
inter loss 2.5177242755889893, intra loss: 0.0027653626166284084, critic loss: 1.511740803718567
recommendation_loss: 1.2242419719696045, critic_loss: 1.511740803718567
inter loss 2.5087099075317383, intra loss: 0.002751784399151802, critic loss: 1.506326675415039
recommendation_loss: 1.2538211345672607, critic_loss: 1.506326675415039
inter loss 2.542583703994751, intra loss: 0.0027504381723701954, critic loss: 1.5266504287719727
recommendation_loss: 1.2900080680847168, critic_loss: 1.5266504287719727
inter loss 2.521360397338867, intra loss: 0.002736087888479233, critic loss: 1.5139107704162598
recommendation_loss: 1.3144195079803467, critic_loss: 1.5139107704162598
inter loss 2.492063522338867, intra loss: 0.002744177123531699, critic loss: 1.4963358640670776
recommendation_loss: 1.2516567707061768, critic_loss: 1.4963358640670776
inter loss 2.5156548023223877, intra loss: 0.0027452856302261353, critic loss: 1.510491132736206
recommendation_loss: 1.2903105020523071, critic_loss: 1.510491132736206
inter loss 2.50585675239563, intra loss: 0.0027528784703463316, critic loss: 1.504615306854248
recommendation_loss: 1.2854523658752441, critic_loss: 1.504615306854248
inter loss 2.518237590789795, intra loss: 0.0027450895868241787, critic loss: 1.512040615081787
recommendation_loss: 1.2663661241531372, critic_loss: 1.512040615081787
inter loss 2.524320363998413, intra loss: 0.002762752817943692, critic loss: 1.5156973600387573
recommendation_loss: 1.2652676105499268, critic_loss: 1.5156973600387573
inter loss 2.5118889808654785, intra loss: 0.0027500088326632977, critic loss: 1.5082334280014038
recommendation_loss: 1.2849417924880981, critic_loss: 1.5082334280014038
inter loss 2.4858956336975098, intra loss: 0.002743023680523038, critic loss: 1.492634654045105
recommendation_loss: 1.3063950538635254, critic_loss: 1.492634654045105
inter loss 2.539557456970215, intra loss: 0.0027724357787519693, critic loss: 1.5248435735702515
recommendation_loss: 1.2976226806640625, critic_loss: 1.5248435735702515
inter loss 2.507244110107422, intra loss: 0.002760719507932663, critic loss: 1.50545072555542
recommendation_loss: 1.270829200744629, critic_loss: 1.50545072555542
inter loss 2.506180763244629, intra loss: 0.002739292336627841, critic loss: 1.504804253578186
recommendation_loss: 1.2011045217514038, critic_loss: 1.504804253578186
inter loss 2.5363893508911133, intra loss: 0.00275505892932415, critic loss: 1.5229356288909912
recommendation_loss: 1.2377331256866455, critic_loss: 1.5229356288909912
inter loss 2.505831003189087, intra loss: 0.0027634953148663044, critic loss: 1.5046041011810303
recommendation_loss: 1.2131426334381104, critic_loss: 1.5046041011810303
inter loss 2.511366128921509, intra loss: 0.00277463486418128, critic loss: 1.5079295635223389
recommendation_loss: 1.2590274810791016, critic_loss: 1.5079295635223389
inter loss 2.533413887023926, intra loss: 0.002762469230219722, critic loss: 1.5211533308029175
recommendation_loss: 1.1876410245895386, critic_loss: 1.5211533308029175
inter loss 2.514862537384033, intra loss: 0.0027576046995818615, critic loss: 1.5100206136703491
recommendation_loss: 1.2976484298706055, critic_loss: 1.5100206136703491
inter loss 2.523621082305908, intra loss: 0.002771880943328142, critic loss: 1.5152814388275146
recommendation_loss: 1.2240267992019653, critic_loss: 1.5152814388275146
inter loss 2.5049312114715576, intra loss: 0.002752533182501793, critic loss: 1.5040597915649414
recommendation_loss: 1.3196003437042236, critic_loss: 1.5040597915649414
inter loss 2.5056169033050537, intra loss: 0.002777072601020336, critic loss: 1.5044809579849243
recommendation_loss: 1.2469587326049805, critic_loss: 1.5044809579849243
inter loss 2.517458438873291, intra loss: 0.002760675037279725, critic loss: 1.5115793943405151
recommendation_loss: 1.3322168588638306, critic_loss: 1.5115793943405151
inter loss 2.5343542098999023, intra loss: 0.0027530696243047714, critic loss: 1.5217138528823853
recommendation_loss: 1.27090322971344, critic_loss: 1.5217138528823853
inter loss 2.499277114868164, intra loss: 0.002737015951424837, critic loss: 1.5006611347198486
recommendation_loss: 1.280150294303894, critic_loss: 1.5006611347198486
inter loss 2.514113187789917, intra loss: 0.0027424851432442665, critic loss: 1.509564995765686
recommendation_loss: 1.3407771587371826, critic_loss: 1.509564995765686
inter loss 2.494457721710205, intra loss: 0.0027605658397078514, critic loss: 1.4977788925170898
recommendation_loss: 1.2205190658569336, critic_loss: 1.4977788925170898
inter loss 2.5156402587890625, intra loss: 0.002754001412540674, critic loss: 1.5104858875274658
recommendation_loss: 1.170444130897522, critic_loss: 1.5104858875274658
inter loss 2.5158486366271973, intra loss: 0.002741927746683359, critic loss: 1.5106059312820435
recommendation_loss: 1.3726780414581299, critic_loss: 1.5106059312820435
inter loss 2.5406484603881836, intra loss: 0.0027580815367400646, critic loss: 1.5254924297332764
recommendation_loss: 1.287233829498291, critic_loss: 1.5254924297332764
inter loss 2.499357223510742, intra loss: 0.0027310699224472046, critic loss: 1.5007067918777466
recommendation_loss: 1.2813465595245361, critic_loss: 1.5007067918777466
inter loss 2.529118776321411, intra loss: 0.0027561893220990896, critic loss: 1.5185737609863281
recommendation_loss: 1.2410212755203247, critic_loss: 1.5185737609863281
inter loss 2.5145251750946045, intra loss: 0.002762493444606662, critic loss: 1.5098201036453247
recommendation_loss: 1.2114847898483276, critic_loss: 1.5098201036453247
inter loss 2.5113627910614014, intra loss: 0.0027641765773296356, critic loss: 1.5079233646392822
recommendation_loss: 1.1510961055755615, critic_loss: 1.5079233646392822
inter loss 2.4896769523620605, intra loss: 0.00275127193890512, critic loss: 1.4949067831039429
recommendation_loss: 1.3043071031570435, critic_loss: 1.4949067831039429
inter loss 2.534555435180664, intra loss: 0.0027716702315956354, critic loss: 1.5218420028686523
recommendation_loss: 1.294449806213379, critic_loss: 1.5218420028686523
inter loss 2.5046558380126953, intra loss: 0.0027579846791923046, critic loss: 1.503896713256836
recommendation_loss: 1.3656400442123413, critic_loss: 1.503896713256836
inter loss 2.5211946964263916, intra loss: 0.002764853648841381, critic loss: 1.5138227939605713
recommendation_loss: 1.2386894226074219, critic_loss: 1.5138227939605713
inter loss 2.513232707977295, intra loss: 0.0027515492402017117, critic loss: 1.509040355682373
recommendation_loss: 1.3525962829589844, critic_loss: 1.509040355682373
inter loss 2.5022425651550293, intra loss: 0.0027617360465228558, critic loss: 1.5024503469467163
recommendation_loss: 1.177503228187561, critic_loss: 1.5024503469467163
inter loss 2.5133275985717773, intra loss: 0.002778648864477873, critic loss: 1.5091081857681274
recommendation_loss: 1.2824989557266235, critic_loss: 1.5091081857681274
inter loss 2.534616470336914, intra loss: 0.0027716802433133125, critic loss: 1.5218786001205444
recommendation_loss: 1.2573180198669434, critic_loss: 1.5218786001205444
inter loss 2.5384960174560547, intra loss: 0.0027358285151422024, critic loss: 1.524191975593567
recommendation_loss: 1.1966021060943604, critic_loss: 1.524191975593567
inter loss 2.4888854026794434, intra loss: 0.002737790811806917, critic loss: 1.4944264888763428
recommendation_loss: 1.2957019805908203, critic_loss: 1.4944264888763428
inter loss 2.513479232788086, intra loss: 0.0027404646389186382, critic loss: 1.5091837644577026
recommendation_loss: 1.2447373867034912, critic_loss: 1.5091837644577026
inter loss 2.4903299808502197, intra loss: 0.0027495338581502438, critic loss: 1.495297908782959
recommendation_loss: 1.1743171215057373, critic_loss: 1.495297908782959
inter loss 2.5334503650665283, intra loss: 0.0027471077628433704, critic loss: 1.5211691856384277
recommendation_loss: 1.2083646059036255, critic_loss: 1.5211691856384277
inter loss 2.505446195602417, intra loss: 0.002760480158030987, critic loss: 1.504372000694275
recommendation_loss: 1.2139949798583984, critic_loss: 1.504372000694275
inter loss 2.516503095626831, intra loss: 0.0027448090258985758, critic loss: 1.5109997987747192
recommendation_loss: 1.259793758392334, critic_loss: 1.5109997987747192
inter loss 2.5350799560546875, intra loss: 0.002756641246378422, critic loss: 1.5221507549285889
recommendation_loss: 1.2396515607833862, critic_loss: 1.5221507549285889
inter loss 2.5362143516540527, intra loss: 0.002749895676970482, critic loss: 1.5228285789489746
recommendation_loss: 1.2580962181091309, critic_loss: 1.5228285789489746
inter loss 2.528331756591797, intra loss: 0.0027415920048952103, critic loss: 1.5180957317352295
recommendation_loss: 1.2490782737731934, critic_loss: 1.5180957317352295
inter loss 2.527801036834717, intra loss: 0.0027699177153408527, critic loss: 1.5177886486053467
recommendation_loss: 1.2494282722473145, critic_loss: 1.5177886486053467
inter loss 2.521601676940918, intra loss: 0.00274805910885334, critic loss: 1.5140602588653564
recommendation_loss: 1.2373956441879272, critic_loss: 1.5140602588653564
inter loss 2.5355796813964844, intra loss: 0.0027504167519509792, critic loss: 1.5224480628967285
recommendation_loss: 1.2401204109191895, critic_loss: 1.5224480628967285
inter loss 2.5259742736816406, intra loss: 0.002717013703659177, critic loss: 1.5166714191436768
recommendation_loss: 1.2999076843261719, critic_loss: 1.5166714191436768
inter loss 2.5010156631469727, intra loss: 0.002755922731012106, critic loss: 1.5017118453979492
recommendation_loss: 1.178565502166748, critic_loss: 1.5017118453979492
inter loss 2.5126357078552246, intra loss: 0.002756647299975157, critic loss: 1.5086841583251953
recommendation_loss: 1.3330698013305664, critic_loss: 1.5086841583251953
inter loss 2.537015676498413, intra loss: 0.0027477233670651913, critic loss: 1.5233086347579956
recommendation_loss: 1.1252527236938477, critic_loss: 1.5233086347579956
inter loss 2.5005087852478027, intra loss: 0.0027695377357304096, critic loss: 1.501413106918335
recommendation_loss: 1.204158902168274, critic_loss: 1.501413106918335
inter loss 2.4971184730529785, intra loss: 0.002762272022664547, critic loss: 1.4993760585784912
recommendation_loss: 1.2967584133148193, critic_loss: 1.4993760585784912
inter loss 2.508333206176758, intra loss: 0.0027874864172190428, critic loss: 1.5061149597167969
recommendation_loss: 1.2343461513519287, critic_loss: 1.5061149597167969
inter loss 2.4963107109069824, intra loss: 0.002753167413175106, critic loss: 1.4988877773284912
recommendation_loss: 1.2983946800231934, critic_loss: 1.4988877773284912
inter loss 2.523081064224243, intra loss: 0.0027590999379754066, critic loss: 1.514952301979065
recommendation_loss: 1.239410161972046, critic_loss: 1.514952301979065
inter loss 2.4937405586242676, intra loss: 0.002726716222241521, critic loss: 1.4973350763320923
recommendation_loss: 1.3028525114059448, critic_loss: 1.4973350763320923
inter loss 2.522944927215576, intra loss: 0.0027532759122550488, critic loss: 1.5148682594299316
recommendation_loss: 1.2494651079177856, critic_loss: 1.5148682594299316
inter loss 2.5385489463806152, intra loss: 0.0027593092527240515, critic loss: 1.5242332220077515
recommendation_loss: 1.2537540197372437, critic_loss: 1.5242332220077515
inter loss 2.513277769088745, intra loss: 0.0027547222562134266, critic loss: 1.5090686082839966
recommendation_loss: 1.266366958618164, critic_loss: 1.5090686082839966
inter loss 2.52596116065979, intra loss: 0.002760066883638501, critic loss: 1.5166807174682617
recommendation_loss: 1.235756278038025, critic_loss: 1.5166807174682617
inter loss 2.4852304458618164, intra loss: 0.0027622876223176718, critic loss: 1.4922432899475098
recommendation_loss: 1.3700350522994995, critic_loss: 1.4922432899475098
inter loss 2.518038034439087, intra loss: 0.002747532445937395, critic loss: 1.5119218826293945
recommendation_loss: 1.2120335102081299, critic_loss: 1.5119218826293945
inter loss 2.5108489990234375, intra loss: 0.002755179535597563, critic loss: 1.5076115131378174
recommendation_loss: 1.2876687049865723, critic_loss: 1.5076115131378174
inter loss 2.525648593902588, intra loss: 0.002747353632003069, critic loss: 1.5164881944656372
recommendation_loss: 1.3145129680633545, critic_loss: 1.5164881944656372
inter loss 2.5034453868865967, intra loss: 0.0027501650620251894, critic loss: 1.5031673908233643
recommendation_loss: 1.2127623558044434, critic_loss: 1.5031673908233643
inter loss 2.4915757179260254, intra loss: 0.002754329005256295, critic loss: 1.4960472583770752
recommendation_loss: 1.212726354598999, critic_loss: 1.4960472583770752
inter loss 2.495032548904419, intra loss: 0.0027610589750111103, critic loss: 1.4981240034103394
recommendation_loss: 1.3120818138122559, critic_loss: 1.4981240034103394
inter loss 2.5040836334228516, intra loss: 0.002751426538452506, critic loss: 1.5035507678985596
recommendation_loss: 1.254977822303772, critic_loss: 1.5035507678985596
inter loss 2.5152008533477783, intra loss: 0.002773127518594265, critic loss: 1.5102298259735107
recommendation_loss: 1.2931032180786133, critic_loss: 1.5102298259735107
inter loss 2.529726028442383, intra loss: 0.002752998610958457, critic loss: 1.5189369916915894
recommendation_loss: 1.2392174005508423, critic_loss: 1.5189369916915894
inter loss 2.5166196823120117, intra loss: 0.002728026360273361, critic loss: 1.5110630989074707
recommendation_loss: 1.2549598217010498, critic_loss: 1.5110630989074707
inter loss 2.5288333892822266, intra loss: 0.0027494849637150764, critic loss: 1.518399953842163
recommendation_loss: 1.344222068786621, critic_loss: 1.518399953842163
inter loss 2.503769874572754, intra loss: 0.0027588498778641224, critic loss: 1.5033655166625977
recommendation_loss: 1.3606979846954346, critic_loss: 1.5033655166625977
inter loss 2.508876323699951, intra loss: 0.0027578365989029408, critic loss: 1.5064290761947632
recommendation_loss: 1.2501599788665771, critic_loss: 1.5064290761947632
inter loss 2.5196938514709473, intra loss: 0.0027604657225310802, critic loss: 1.512920618057251
recommendation_loss: 1.273667335510254, critic_loss: 1.512920618057251
inter loss 2.49181866645813, intra loss: 0.0027596838772296906, critic loss: 1.4961950778961182
recommendation_loss: 1.3799567222595215, critic_loss: 1.4961950778961182
inter loss 2.5081658363342285, intra loss: 0.0027547585777938366, critic loss: 1.5060014724731445
recommendation_loss: 1.2925970554351807, critic_loss: 1.5060014724731445
inter loss 2.5109541416168213, intra loss: 0.002747433725744486, critic loss: 1.507671594619751
recommendation_loss: 1.239534616470337, critic_loss: 1.507671594619751
inter loss 2.5050032138824463, intra loss: 0.0027561436872929335, critic loss: 1.504104495048523
recommendation_loss: 1.2006926536560059, critic_loss: 1.504104495048523
inter loss 2.532322883605957, intra loss: 0.0027395300567150116, critic loss: 1.5204895734786987
recommendation_loss: 1.2755228281021118, critic_loss: 1.5204895734786987
inter loss 2.489917039871216, intra loss: 0.0027550621889531612, critic loss: 1.4950522184371948
recommendation_loss: 1.2078564167022705, critic_loss: 1.4950522184371948
inter loss 2.515857219696045, intra loss: 0.002751539461314678, critic loss: 1.5106151103973389
recommendation_loss: 1.2220110893249512, critic_loss: 1.5106151103973389
inter loss 2.484257221221924, intra loss: 0.002748798346146941, critic loss: 1.4916538000106812
recommendation_loss: 1.3241612911224365, critic_loss: 1.4916538000106812
inter loss 2.519984483718872, intra loss: 0.0027699321508407593, critic loss: 1.5130987167358398
recommendation_loss: 1.2783501148223877, critic_loss: 1.5130987167358398
inter loss 2.5374016761779785, intra loss: 0.0027698208577930927, critic loss: 1.52354896068573
recommendation_loss: 1.2405914068222046, critic_loss: 1.52354896068573
inter loss 2.515827178955078, intra loss: 0.0027596070431172848, critic loss: 1.510600209236145
recommendation_loss: 1.2109348773956299, critic_loss: 1.510600209236145
inter loss 2.526252269744873, intra loss: 0.002752300351858139, critic loss: 1.5168523788452148
recommendation_loss: 1.2184779644012451, critic_loss: 1.5168523788452148
inter loss 2.5157971382141113, intra loss: 0.002748834667727351, critic loss: 1.510577917098999
recommendation_loss: 1.282684087753296, critic_loss: 1.510577917098999
inter loss 2.49997615814209, intra loss: 0.0027518379501998425, critic loss: 1.5010864734649658
recommendation_loss: 1.3036472797393799, critic_loss: 1.5010864734649658
inter loss 2.514598846435547, intra loss: 0.002760695293545723, critic loss: 1.5098636150360107
recommendation_loss: 1.2152855396270752, critic_loss: 1.5098636150360107
inter loss 2.5520033836364746, intra loss: 0.002745218575000763, critic loss: 1.5323001146316528
recommendation_loss: 1.2617731094360352, critic_loss: 1.5323001146316528
inter loss 2.5251245498657227, intra loss: 0.002726578852161765, critic loss: 1.5161654949188232
recommendation_loss: 1.3743462562561035, critic_loss: 1.5161654949188232
inter loss 2.513042449951172, intra loss: 0.002734282985329628, critic loss: 1.5089192390441895
recommendation_loss: 1.2561266422271729, critic_loss: 1.5089192390441895
inter loss 2.515631914138794, intra loss: 0.0027298005297780037, critic loss: 1.510471224784851
recommendation_loss: 1.2701385021209717, critic_loss: 1.510471224784851
inter loss 2.5035605430603027, intra loss: 0.002732815220952034, critic loss: 1.5032294988632202
recommendation_loss: 1.332686185836792, critic_loss: 1.5032294988632202
inter loss 2.512925863265991, intra loss: 0.002727639628574252, critic loss: 1.508846640586853
recommendation_loss: 1.2698408365249634, critic_loss: 1.508846640586853
inter loss 2.4969611167907715, intra loss: 0.002750454470515251, critic loss: 1.499276876449585
recommendation_loss: 1.275235891342163, critic_loss: 1.499276876449585
inter loss 2.4929111003875732, intra loss: 0.0027531918603926897, critic loss: 1.4968479871749878
recommendation_loss: 1.2328990697860718, critic_loss: 1.4968479871749878
inter loss 2.526073455810547, intra loss: 0.0027459184639155865, critic loss: 1.5167425870895386
recommendation_loss: 1.3203715085983276, critic_loss: 1.5167425870895386
inter loss 2.5223751068115234, intra loss: 0.0027681728824973106, critic loss: 1.5145323276519775
recommendation_loss: 1.2503166198730469, critic_loss: 1.5145323276519775
inter loss 2.519153594970703, intra loss: 0.0027583413757383823, critic loss: 1.512595534324646
recommendation_loss: 1.3198132514953613, critic_loss: 1.512595534324646
inter loss 2.5332095623016357, intra loss: 0.002743123099207878, critic loss: 1.5210230350494385
recommendation_loss: 1.2789955139160156, critic_loss: 1.5210230350494385
inter loss 2.5400390625, intra loss: 0.002752526430413127, critic loss: 1.5251245498657227
recommendation_loss: 1.3211534023284912, critic_loss: 1.5251245498657227
inter loss 2.509103775024414, intra loss: 0.002750592539086938, critic loss: 1.5065624713897705
recommendation_loss: 1.3045315742492676, critic_loss: 1.5065624713897705
inter loss 2.515641450881958, intra loss: 0.0027409247122704983, critic loss: 1.510481357574463
recommendation_loss: 1.2421250343322754, critic_loss: 1.510481357574463
inter loss 2.499168634414673, intra loss: 0.0027640857733786106, critic loss: 1.500606894493103
recommendation_loss: 1.191591501235962, critic_loss: 1.500606894493103
inter loss 2.5145633220672607, intra loss: 0.002730161417275667, critic loss: 1.509830117225647
recommendation_loss: 1.2895228862762451, critic_loss: 1.509830117225647
inter loss 2.499424695968628, intra loss: 0.0027432581409811974, critic loss: 1.5007522106170654
recommendation_loss: 1.1981923580169678, critic_loss: 1.5007522106170654
inter loss 2.51669979095459, intra loss: 0.002763816388323903, critic loss: 1.5111254453659058
recommendation_loss: 1.2544035911560059, critic_loss: 1.5111254453659058
inter loss 2.515289306640625, intra loss: 0.0027599954046308994, critic loss: 1.5102776288986206
recommendation_loss: 1.2167224884033203, critic_loss: 1.5102776288986206
inter loss 2.514158248901367, intra loss: 0.002749490551650524, critic loss: 1.5095947980880737
recommendation_loss: 1.227433443069458, critic_loss: 1.5095947980880737
inter loss 2.5449907779693604, intra loss: 0.002756232162937522, critic loss: 1.5280970335006714
recommendation_loss: 1.3649282455444336, critic_loss: 1.5280970335006714
inter loss 2.5044188499450684, intra loss: 0.002766653895378113, critic loss: 1.5037579536437988
recommendation_loss: 1.2897801399230957, critic_loss: 1.5037579536437988
inter loss 2.5253353118896484, intra loss: 0.0027627679519355297, critic loss: 1.5163062810897827
recommendation_loss: 1.293213129043579, critic_loss: 1.5163062810897827
inter loss 2.5341382026672363, intra loss: 0.002761209849268198, critic loss: 1.5215874910354614
recommendation_loss: 1.3016351461410522, critic_loss: 1.5215874910354614
inter loss 2.515393018722534, intra loss: 0.0027517545968294144, critic loss: 1.5103365182876587
recommendation_loss: 1.2481335401535034, critic_loss: 1.5103365182876587
inter loss 2.5393640995025635, intra loss: 0.0027408169116824865, critic loss: 1.5247149467468262
recommendation_loss: 1.291447401046753, critic_loss: 1.5247149467468262
inter loss 2.5081024169921875, intra loss: 0.0027601970359683037, critic loss: 1.5059655904769897
recommendation_loss: 1.2978909015655518, critic_loss: 1.5059655904769897
inter loss 2.5106070041656494, intra loss: 0.0027514765970408916, critic loss: 1.5074647665023804
recommendation_loss: 1.2145256996154785, critic_loss: 1.5074647665023804
inter loss 2.5481128692626953, intra loss: 0.002761546755209565, critic loss: 1.5299724340438843
recommendation_loss: 1.3447859287261963, critic_loss: 1.5299724340438843
inter loss 2.520967960357666, intra loss: 0.0027568931691348553, critic loss: 1.5136836767196655
recommendation_loss: 1.303277850151062, critic_loss: 1.5136836767196655
inter loss 2.5132718086242676, intra loss: 0.0027467499021440744, critic loss: 1.5090619325637817
recommendation_loss: 1.329820156097412, critic_loss: 1.5090619325637817
inter loss 2.5327396392822266, intra loss: 0.002749372972175479, critic loss: 1.5207436084747314
recommendation_loss: 1.2412773370742798, critic_loss: 1.5207436084747314
inter loss 2.5353827476501465, intra loss: 0.002725610975176096, critic loss: 1.522320032119751
recommendation_loss: 1.274483323097229, critic_loss: 1.522320032119751
inter loss 2.552746295928955, intra loss: 0.0027288130950182676, critic loss: 1.532739281654358
recommendation_loss: 1.2294414043426514, critic_loss: 1.532739281654358
inter loss 2.5280632972717285, intra loss: 0.0027615514118224382, critic loss: 1.5179426670074463
recommendation_loss: 1.3194078207015991, critic_loss: 1.5179426670074463
inter loss 2.5224716663360596, intra loss: 0.0027510938234627247, critic loss: 1.5145834684371948
recommendation_loss: 1.2638928890228271, critic_loss: 1.5145834684371948
inter loss 2.4960808753967285, intra loss: 0.002753413747996092, critic loss: 1.4987499713897705
recommendation_loss: 1.3052661418914795, critic_loss: 1.4987499713897705
inter loss 2.5160505771636963, intra loss: 0.002757614478468895, critic loss: 1.5107334852218628
recommendation_loss: 1.270614504814148, critic_loss: 1.5107334852218628
inter loss 2.5238118171691895, intra loss: 0.0027591120451688766, critic loss: 1.5153907537460327
recommendation_loss: 1.2659902572631836, critic_loss: 1.5153907537460327
inter loss 2.530998945236206, intra loss: 0.002743098884820938, critic loss: 1.519696593284607
recommendation_loss: 1.3170117139816284, critic_loss: 1.519696593284607
inter loss 2.5037882328033447, intra loss: 0.002746541053056717, critic loss: 1.5033715963363647
recommendation_loss: 1.3250415325164795, critic_loss: 1.5033715963363647
inter loss 2.5177390575408936, intra loss: 0.0027533634565770626, critic loss: 1.5117448568344116
recommendation_loss: 1.2212555408477783, critic_loss: 1.5117448568344116
inter loss 2.5559520721435547, intra loss: 0.0027294764295220375, critic loss: 1.534663200378418
recommendation_loss: 1.2361503839492798, critic_loss: 1.534663200378418
inter loss 2.5104479789733887, intra loss: 0.0027491559740155935, critic loss: 1.507368564605713
recommendation_loss: 1.2306318283081055, critic_loss: 1.507368564605713
inter loss 2.538008213043213, intra loss: 0.002740816678851843, critic loss: 1.523901343345642
recommendation_loss: 1.2531871795654297, critic_loss: 1.523901343345642
inter loss 2.531698703765869, intra loss: 0.0027573711704462767, critic loss: 1.5201221704483032
recommendation_loss: 1.239396095275879, critic_loss: 1.5201221704483032
inter loss 2.5379397869110107, intra loss: 0.0027517257258296013, critic loss: 1.5238646268844604
recommendation_loss: 1.321864128112793, critic_loss: 1.5238646268844604
inter loss 2.5358457565307617, intra loss: 0.0027447750326246023, critic loss: 1.5226054191589355
recommendation_loss: 1.249612808227539, critic_loss: 1.5226054191589355
inter loss 2.5190746784210205, intra loss: 0.0027699461206793785, critic loss: 1.5125528573989868
recommendation_loss: 1.2822266817092896, critic_loss: 1.5125528573989868
inter loss 2.549956798553467, intra loss: 0.0027534784749150276, critic loss: 1.5310754776000977
recommendation_loss: 1.2999138832092285, critic_loss: 1.5310754776000977
inter loss 2.508535385131836, intra loss: 0.0027530610095709562, critic loss: 1.5062226057052612
recommendation_loss: 1.2884718179702759, critic_loss: 1.5062226057052612
inter loss 2.5420753955841064, intra loss: 0.002740365918725729, critic loss: 1.526341438293457
recommendation_loss: 1.2388601303100586, critic_loss: 1.526341438293457
inter loss 2.5265142917633057, intra loss: 0.0027598459273576736, critic loss: 1.517012596130371
recommendation_loss: 1.29732346534729, critic_loss: 1.517012596130371
inter loss 2.526893138885498, intra loss: 0.0027349914889782667, critic loss: 1.5172299146652222
recommendation_loss: 1.3572983741760254, critic_loss: 1.5172299146652222
inter loss 2.5226798057556152, intra loss: 0.002772271167486906, critic loss: 1.5147168636322021
recommendation_loss: 1.267876148223877, critic_loss: 1.5147168636322021
inter loss 2.556180953979492, intra loss: 0.0027683409862220287, critic loss: 1.534816026687622
recommendation_loss: 1.231741189956665, critic_loss: 1.534816026687622
inter loss 2.5803544521331787, intra loss: 0.002742689335718751, critic loss: 1.5493098497390747
recommendation_loss: 1.2654469013214111, critic_loss: 1.5493098497390747
inter loss 2.5237205028533936, intra loss: 0.002759622409939766, critic loss: 1.515336275100708
recommendation_loss: 1.2272334098815918, critic_loss: 1.515336275100708
inter loss 2.5069189071655273, intra loss: 0.002745380625128746, critic loss: 1.5052496194839478
recommendation_loss: 1.3333749771118164, critic_loss: 1.5052496194839478
inter loss 2.5462684631347656, intra loss: 0.0027458141557872295, critic loss: 1.5288593769073486
recommendation_loss: 1.2624640464782715, critic_loss: 1.5288593769073486
inter loss 2.5251612663269043, intra loss: 0.0027552926912903786, critic loss: 1.5161988735198975
recommendation_loss: 1.3069125413894653, critic_loss: 1.5161988735198975
inter loss 2.533080577850342, intra loss: 0.0027485108003020287, critic loss: 1.520947813987732
recommendation_loss: 1.1769541501998901, critic_loss: 1.520947813987732
inter loss 2.5340418815612793, intra loss: 0.0027659719344228506, critic loss: 1.521531581878662
recommendation_loss: 1.3053889274597168, critic_loss: 1.521531581878662
inter loss 2.518533229827881, intra loss: 0.0027614706195890903, critic loss: 1.512224555015564
recommendation_loss: 1.2822716236114502, critic_loss: 1.512224555015564
inter loss 2.504446268081665, intra loss: 0.00276227667927742, critic loss: 1.5037727355957031
recommendation_loss: 1.2479276657104492, critic_loss: 1.5037727355957031
inter loss 2.537647247314453, intra loss: 0.0027611837722361088, critic loss: 1.5236928462982178
recommendation_loss: 1.2607191801071167, critic_loss: 1.5236928462982178
inter loss 2.5108602046966553, intra loss: 0.0027602100744843483, critic loss: 1.5076203346252441
recommendation_loss: 1.252532958984375, critic_loss: 1.5076203346252441
inter loss 2.546029567718506, intra loss: 0.00276216771453619, critic loss: 1.5287226438522339
recommendation_loss: 1.2272250652313232, critic_loss: 1.5287226438522339
inter loss 2.5199837684631348, intra loss: 0.0027526880148798227, critic loss: 1.5130913257598877
recommendation_loss: 1.2093344926834106, critic_loss: 1.5130913257598877
inter loss 2.525825023651123, intra loss: 0.0027632047422230244, critic loss: 1.5166003704071045
recommendation_loss: 1.2578260898590088, critic_loss: 1.5166003704071045
inter loss 2.52358341217041, intra loss: 0.002745063044130802, critic loss: 1.51524817943573
recommendation_loss: 1.2756538391113281, critic_loss: 1.51524817943573
inter loss 2.528041124343872, intra loss: 0.0027478644624352455, critic loss: 1.5179238319396973
recommendation_loss: 1.322204828262329, critic_loss: 1.5179238319396973
inter loss 2.5479578971862793, intra loss: 0.0027664913795888424, critic loss: 1.529881477355957
recommendation_loss: 1.1923949718475342, critic_loss: 1.529881477355957
inter loss 2.498424530029297, intra loss: 0.002771808300167322, critic loss: 1.5001635551452637
recommendation_loss: 1.3526891469955444, critic_loss: 1.5001635551452637
inter loss 2.4930877685546875, intra loss: 0.002765331417322159, critic loss: 1.49695885181427
recommendation_loss: 1.2138471603393555, critic_loss: 1.49695885181427
inter loss 2.510584592819214, intra loss: 0.0027523767203092575, critic loss: 1.5074517726898193
recommendation_loss: 1.2285726070404053, critic_loss: 1.5074517726898193
inter loss 2.4985084533691406, intra loss: 0.0027705819811671972, critic loss: 1.500213384628296
recommendation_loss: 1.3043973445892334, critic_loss: 1.500213384628296
inter loss 2.5079846382141113, intra loss: 0.0027807261794805527, critic loss: 1.5059032440185547
recommendation_loss: 1.25924813747406, critic_loss: 1.5059032440185547
inter loss 2.487886905670166, intra loss: 0.0027671807911247015, critic loss: 1.4938390254974365
recommendation_loss: 1.2469292879104614, critic_loss: 1.4938390254974365
inter loss 2.5121536254882812, intra loss: 0.0027812221087515354, critic loss: 1.5084047317504883
recommendation_loss: 1.256345272064209, critic_loss: 1.5084047317504883
2024-08-09 18:41:38.567001: step 4560/24320 (epoch 15/80), loss = 1.339253 (33.456 sec/epoch), lr: 0.002850
Evaluating on dev set...
...........................
source: 	 mrr: 0.040973	 ndcg_5: 0.0287	 ndcg_10: 0.0386	 hit@1:0.018103	 hit@5:0.0420	 hit@10: 0.0724
target: 	 mrr: 0.031619	 ndcg_5: 0.0227	 ndcg_10: 0.0326	 hit@1:0.009059	 hit@5:0.0369	 hit@10: 0.0683
epoch 15: train_loss = 1.339253, source_hit@10 = 0.0724, source_ndcg@10 = 0.0386, target_hit@10 = 0.0683, target_ndcg@10 = 0.0326

inter loss 2.50112247467041, intra loss: 0.0027498153503984213, critic loss: 1.501773476600647
recommendation_loss: 1.2101686000823975, critic_loss: 1.501773476600647
inter loss 2.51296329498291, intra loss: 0.002760661533102393, critic loss: 1.5088822841644287
recommendation_loss: 1.2852416038513184, critic_loss: 1.5088822841644287
inter loss 2.5131187438964844, intra loss: 0.002743755467236042, critic loss: 1.5089688301086426
recommendation_loss: 1.2157378196716309, critic_loss: 1.5089688301086426
inter loss 2.531385660171509, intra loss: 0.002758374437689781, critic loss: 1.519934892654419
recommendation_loss: 1.1727381944656372, critic_loss: 1.519934892654419
inter loss 2.5279219150543213, intra loss: 0.0027616883162409067, critic loss: 1.5178579092025757
recommendation_loss: 1.2645119428634644, critic_loss: 1.5178579092025757
inter loss 2.5221314430236816, intra loss: 0.00275197671726346, critic loss: 1.5143797397613525
recommendation_loss: 1.283208966255188, critic_loss: 1.5143797397613525
inter loss 2.5079591274261475, intra loss: 0.002752828411757946, critic loss: 1.5058766603469849
recommendation_loss: 1.2943907976150513, critic_loss: 1.5058766603469849
inter loss 2.55073618888855, intra loss: 0.002747028600424528, critic loss: 1.5315405130386353
recommendation_loss: 1.265605092048645, critic_loss: 1.5315405130386353
inter loss 2.504359006881714, intra loss: 0.0027532773092389107, critic loss: 1.5037167072296143
recommendation_loss: 1.3094512224197388, critic_loss: 1.5037167072296143
inter loss 2.5268502235412598, intra loss: 0.0027537918649613857, critic loss: 1.517211675643921
recommendation_loss: 1.2716281414031982, critic_loss: 1.517211675643921
inter loss 2.5153470039367676, intra loss: 0.0027334443293511868, critic loss: 1.5103017091751099
recommendation_loss: 1.3110828399658203, critic_loss: 1.5103017091751099
inter loss 2.494593620300293, intra loss: 0.002761024748906493, critic loss: 1.4978605508804321
recommendation_loss: 1.219870686531067, critic_loss: 1.4978605508804321
inter loss 2.517338752746582, intra loss: 0.0027486884500831366, critic loss: 1.511502742767334
recommendation_loss: 1.2945729494094849, critic_loss: 1.511502742767334
inter loss 2.523153305053711, intra loss: 0.0027655360754579306, critic loss: 1.5149983167648315
recommendation_loss: 1.3179210424423218, critic_loss: 1.5149983167648315
inter loss 2.5262556076049805, intra loss: 0.002751728519797325, critic loss: 1.5168540477752686
recommendation_loss: 1.324310064315796, critic_loss: 1.5168540477752686
inter loss 2.517660140991211, intra loss: 0.0027317083440721035, critic loss: 1.5116888284683228
recommendation_loss: 1.2783344984054565, critic_loss: 1.5116888284683228
inter loss 2.5190048217773438, intra loss: 0.0027457072865217924, critic loss: 1.5125012397766113
recommendation_loss: 1.2522342205047607, critic_loss: 1.5125012397766113
inter loss 2.5379106998443604, intra loss: 0.002770034596323967, critic loss: 1.5238544940948486
recommendation_loss: 1.2166638374328613, critic_loss: 1.5238544940948486
inter loss 2.5181639194488525, intra loss: 0.002767312340438366, critic loss: 1.5120054483413696
recommendation_loss: 1.242455244064331, critic_loss: 1.5120054483413696
inter loss 2.5111472606658936, intra loss: 0.0027525790501385927, critic loss: 1.5077894926071167
recommendation_loss: 1.2932915687561035, critic_loss: 1.5077894926071167
inter loss 2.493448257446289, intra loss: 0.0027701701037585735, critic loss: 1.497177004814148
recommendation_loss: 1.222058892250061, critic_loss: 1.497177004814148
inter loss 2.516106128692627, intra loss: 0.0027546165511012077, critic loss: 1.510765552520752
recommendation_loss: 1.199771523475647, critic_loss: 1.510765552520752
inter loss 2.5060312747955322, intra loss: 0.0027781478129327297, critic loss: 1.5047301054000854
recommendation_loss: 1.1982536315917969, critic_loss: 1.5047301054000854
inter loss 2.538581371307373, intra loss: 0.0027463859878480434, critic loss: 1.524247407913208
recommendation_loss: 1.2811905145645142, critic_loss: 1.524247407913208
inter loss 2.4976067543029785, intra loss: 0.0027516663540154696, critic loss: 1.4996647834777832
recommendation_loss: 1.2279777526855469, critic_loss: 1.4996647834777832
inter loss 2.5350351333618164, intra loss: 0.0027535129338502884, critic loss: 1.5221225023269653
recommendation_loss: 1.2522685527801514, critic_loss: 1.5221225023269653
inter loss 2.4932477474212646, intra loss: 0.0027517047710716724, critic loss: 1.497049331665039
recommendation_loss: 1.2518893480300903, critic_loss: 1.497049331665039
inter loss 2.493227005004883, intra loss: 0.0027520409785211086, critic loss: 1.4970370531082153
recommendation_loss: 1.2358115911483765, critic_loss: 1.4970370531082153
inter loss 2.504218101501465, intra loss: 0.002741508185863495, critic loss: 1.5036275386810303
recommendation_loss: 1.3075709342956543, critic_loss: 1.5036275386810303
inter loss 2.5383968353271484, intra loss: 0.002761176321655512, critic loss: 1.5241426229476929
recommendation_loss: 1.3246417045593262, critic_loss: 1.5241426229476929
inter loss 2.5109047889709473, intra loss: 0.002757134847342968, critic loss: 1.5076457262039185
recommendation_loss: 1.2616068124771118, critic_loss: 1.5076457262039185
inter loss 2.536440849304199, intra loss: 0.002754046581685543, critic loss: 1.5229661464691162
recommendation_loss: 1.2279459238052368, critic_loss: 1.5229661464691162
inter loss 2.514838457107544, intra loss: 0.0027529424987733364, critic loss: 1.5100042819976807
recommendation_loss: 1.2961626052856445, critic_loss: 1.5100042819976807
inter loss 2.485323429107666, intra loss: 0.0027424355503171682, critic loss: 1.4922910928726196
recommendation_loss: 1.292373538017273, critic_loss: 1.4922910928726196
inter loss 2.475829601287842, intra loss: 0.002768948208540678, critic loss: 1.4866054058074951
recommendation_loss: 1.256394624710083, critic_loss: 1.4866054058074951
inter loss 2.5256195068359375, intra loss: 0.0027635388541966677, critic loss: 1.5164772272109985
recommendation_loss: 1.1939001083374023, critic_loss: 1.5164772272109985
inter loss 2.5042481422424316, intra loss: 0.00275498628616333, critic loss: 1.5036509037017822
recommendation_loss: 1.343985676765442, critic_loss: 1.5036509037017822
inter loss 2.5189921855926514, intra loss: 0.0027430537156760693, critic loss: 1.5124925374984741
recommendation_loss: 1.2309041023254395, critic_loss: 1.5124925374984741
inter loss 2.5565390586853027, intra loss: 0.002764469711109996, critic loss: 1.5350292921066284
recommendation_loss: 1.346400499343872, critic_loss: 1.5350292921066284
inter loss 2.5031542778015137, intra loss: 0.0027793869376182556, critic loss: 1.5030044317245483
recommendation_loss: 1.2593412399291992, critic_loss: 1.5030044317245483
inter loss 2.5415501594543457, intra loss: 0.002780769718810916, critic loss: 1.5260424613952637
recommendation_loss: 1.1729705333709717, critic_loss: 1.5260424613952637
inter loss 2.496345043182373, intra loss: 0.002769429935142398, critic loss: 1.4989148378372192
recommendation_loss: 1.2882704734802246, critic_loss: 1.4989148378372192
inter loss 2.4993131160736084, intra loss: 0.0027763554826378822, critic loss: 1.500698447227478
recommendation_loss: 1.2188708782196045, critic_loss: 1.500698447227478
inter loss 2.5129990577697754, intra loss: 0.002780006732791662, critic loss: 1.5089114904403687
recommendation_loss: 1.2940775156021118, critic_loss: 1.5089114904403687
inter loss 2.51645565032959, intra loss: 0.002744414610788226, critic loss: 1.5109713077545166
recommendation_loss: 1.2389065027236938, critic_loss: 1.5109713077545166
inter loss 2.504138469696045, intra loss: 0.0027590563986450434, critic loss: 1.503586769104004
recommendation_loss: 1.2672874927520752, critic_loss: 1.503586769104004
inter loss 2.4919495582580566, intra loss: 0.002748501719906926, critic loss: 1.4962691068649292
recommendation_loss: 1.2462571859359741, critic_loss: 1.4962691068649292
inter loss 2.5038278102874756, intra loss: 0.0027714043390005827, critic loss: 1.5034053325653076
recommendation_loss: 1.3592793941497803, critic_loss: 1.5034053325653076
inter loss 2.5197954177856445, intra loss: 0.0027586559299379587, critic loss: 1.5129808187484741
recommendation_loss: 1.2586185932159424, critic_loss: 1.5129808187484741
inter loss 2.510540246963501, intra loss: 0.002753771375864744, critic loss: 1.5074256658554077
recommendation_loss: 1.1997650861740112, critic_loss: 1.5074256658554077
inter loss 2.5344321727752686, intra loss: 0.0027583555784076452, critic loss: 1.521762728691101
recommendation_loss: 1.2936732769012451, critic_loss: 1.521762728691101
inter loss 2.521700859069824, intra loss: 0.0027601339388638735, critic loss: 1.5141246318817139
recommendation_loss: 1.234119176864624, critic_loss: 1.5141246318817139
inter loss 2.5172653198242188, intra loss: 0.002762346062809229, critic loss: 1.511464238166809
recommendation_loss: 1.3013498783111572, critic_loss: 1.511464238166809
inter loss 2.494950771331787, intra loss: 0.0027605437207967043, critic loss: 1.4980747699737549
recommendation_loss: 1.2996107339859009, critic_loss: 1.4980747699737549
inter loss 2.4943227767944336, intra loss: 0.0027687891852110624, critic loss: 1.4977012872695923
recommendation_loss: 1.251933217048645, critic_loss: 1.4977012872695923
inter loss 2.5171775817871094, intra loss: 0.002772687003016472, critic loss: 1.511415719985962
recommendation_loss: 1.2148975133895874, critic_loss: 1.511415719985962
inter loss 2.530775547027588, intra loss: 0.0027514081448316574, critic loss: 1.5195659399032593
recommendation_loss: 1.2700023651123047, critic_loss: 1.5195659399032593
inter loss 2.513767719268799, intra loss: 0.002762020565569401, critic loss: 1.5093655586242676
recommendation_loss: 1.303329586982727, critic_loss: 1.5093655586242676
inter loss 2.5024805068969727, intra loss: 0.002766487654298544, critic loss: 1.5025949478149414
recommendation_loss: 1.3294155597686768, critic_loss: 1.5025949478149414
inter loss 2.5223677158355713, intra loss: 0.0027649356052279472, critic loss: 1.5145267248153687
recommendation_loss: 1.3029472827911377, critic_loss: 1.5145267248153687
inter loss 2.5247607231140137, intra loss: 0.0027611753903329372, critic loss: 1.515960931777954
recommendation_loss: 1.2586709260940552, critic_loss: 1.515960931777954
inter loss 2.508100986480713, intra loss: 0.002737123519182205, critic loss: 1.505955457687378
recommendation_loss: 1.3468353748321533, critic_loss: 1.505955457687378
inter loss 2.508967161178589, intra loss: 0.0027922275476157665, critic loss: 1.5064972639083862
recommendation_loss: 1.373305320739746, critic_loss: 1.5064972639083862
inter loss 2.491727352142334, intra loss: 0.0027499934658408165, critic loss: 1.4961364269256592
recommendation_loss: 1.3021891117095947, critic_loss: 1.4961364269256592
inter loss 2.516702890396118, intra loss: 0.002765459707006812, critic loss: 1.5111279487609863
recommendation_loss: 1.2689201831817627, critic_loss: 1.5111279487609863
inter loss 2.5129921436309814, intra loss: 0.0027481578290462494, critic loss: 1.5088945627212524
recommendation_loss: 1.2413393259048462, critic_loss: 1.5088945627212524
inter loss 2.4931399822235107, intra loss: 0.0027658813633024693, critic loss: 1.496990442276001
recommendation_loss: 1.21429443359375, critic_loss: 1.496990442276001
inter loss 2.510185480117798, intra loss: 0.002749983686953783, critic loss: 1.5072113275527954
recommendation_loss: 1.3270621299743652, critic_loss: 1.5072113275527954
inter loss 2.4883389472961426, intra loss: 0.0027459142729640007, critic loss: 1.4941017627716064
recommendation_loss: 1.2681121826171875, critic_loss: 1.4941017627716064
inter loss 2.504788398742676, intra loss: 0.002780495909973979, critic loss: 1.5039852857589722
recommendation_loss: 1.2688636779785156, critic_loss: 1.5039852857589722
inter loss 2.519181728363037, intra loss: 0.00278735114261508, critic loss: 1.5126240253448486
recommendation_loss: 1.2183055877685547, critic_loss: 1.5126240253448486
inter loss 2.503995180130005, intra loss: 0.0027745412662625313, critic loss: 1.5035070180892944
recommendation_loss: 1.3021687269210815, critic_loss: 1.5035070180892944
inter loss 2.5193328857421875, intra loss: 0.002767133293673396, critic loss: 1.5127066373825073
recommendation_loss: 1.1561998128890991, critic_loss: 1.5127066373825073
inter loss 2.5186285972595215, intra loss: 0.0027647814713418484, critic loss: 1.5122830867767334
recommendation_loss: 1.2204222679138184, critic_loss: 1.5122830867767334
inter loss 2.504075050354004, intra loss: 0.002780735958367586, critic loss: 1.5035574436187744
recommendation_loss: 1.2738122940063477, critic_loss: 1.5035574436187744
inter loss 2.5260705947875977, intra loss: 0.0027735838666558266, critic loss: 1.5167518854141235
recommendation_loss: 1.2100422382354736, critic_loss: 1.5167518854141235
inter loss 2.5066709518432617, intra loss: 0.0027676729951053858, critic loss: 1.5051097869873047
recommendation_loss: 1.2948567867279053, critic_loss: 1.5051097869873047
inter loss 2.4994192123413086, intra loss: 0.0027724336832761765, critic loss: 1.500760555267334
recommendation_loss: 1.181186556816101, critic_loss: 1.500760555267334
inter loss 2.520059585571289, intra loss: 0.0027639807667583227, critic loss: 1.513141393661499
recommendation_loss: 1.331378698348999, critic_loss: 1.513141393661499
inter loss 2.5160293579101562, intra loss: 0.0027636797167360783, critic loss: 1.5107231140136719
recommendation_loss: 1.189186692237854, critic_loss: 1.5107231140136719
inter loss 2.5325846672058105, intra loss: 0.002768812468275428, critic loss: 1.5206584930419922
recommendation_loss: 1.2831156253814697, critic_loss: 1.5206584930419922
inter loss 2.510474920272827, intra loss: 0.0027560419403016567, critic loss: 1.5073875188827515
recommendation_loss: 1.2244961261749268, critic_loss: 1.5073875188827515
inter loss 2.511936902999878, intra loss: 0.0027576819993555546, critic loss: 1.5082652568817139
recommendation_loss: 1.246035099029541, critic_loss: 1.5082652568817139
inter loss 2.506028652191162, intra loss: 0.002765428740531206, critic loss: 1.5047234296798706
recommendation_loss: 1.2603412866592407, critic_loss: 1.5047234296798706
inter loss 2.4967164993286133, intra loss: 0.002755324821919203, critic loss: 1.4991320371627808
recommendation_loss: 1.2720568180084229, critic_loss: 1.4991320371627808
inter loss 2.4864609241485596, intra loss: 0.0027689016424119473, critic loss: 1.4929841756820679
recommendation_loss: 1.3537886142730713, critic_loss: 1.4929841756820679
inter loss 2.4927525520324707, intra loss: 0.002762754447758198, critic loss: 1.496756672859192
recommendation_loss: 1.2967102527618408, critic_loss: 1.496756672859192
inter loss 2.492234230041504, intra loss: 0.0027709007263183594, critic loss: 1.4964489936828613
recommendation_loss: 1.2066620588302612, critic_loss: 1.4964489936828613
inter loss 2.5095090866088867, intra loss: 0.002781778573989868, critic loss: 1.506818175315857
recommendation_loss: 1.2770689725875854, critic_loss: 1.506818175315857
inter loss 2.515939235687256, intra loss: 0.002763432450592518, critic loss: 1.5106689929962158
recommendation_loss: 1.2153728008270264, critic_loss: 1.5106689929962158
inter loss 2.5287277698516846, intra loss: 0.0027548326179385185, critic loss: 1.518338680267334
recommendation_loss: 1.2369194030761719, critic_loss: 1.518338680267334
inter loss 2.4885501861572266, intra loss: 0.0027753927279263735, critic loss: 1.494240403175354
recommendation_loss: 1.2511250972747803, critic_loss: 1.494240403175354
inter loss 2.4865031242370605, intra loss: 0.002782549476251006, critic loss: 1.493014931678772
recommendation_loss: 1.2644063234329224, critic_loss: 1.493014931678772
inter loss 2.509243965148926, intra loss: 0.002755319233983755, critic loss: 1.5066485404968262
recommendation_loss: 1.1823360919952393, critic_loss: 1.5066485404968262
inter loss 2.50319504737854, intra loss: 0.002770279999822378, critic loss: 1.5030252933502197
recommendation_loss: 1.2518119812011719, critic_loss: 1.5030252933502197
inter loss 2.495311737060547, intra loss: 0.002764157485216856, critic loss: 1.4982928037643433
recommendation_loss: 1.2794606685638428, critic_loss: 1.4982928037643433
inter loss 2.5203044414520264, intra loss: 0.0027425673324614763, critic loss: 1.5132797956466675
recommendation_loss: 1.294693946838379, critic_loss: 1.5132797956466675
inter loss 2.495913505554199, intra loss: 0.0027649211697280407, critic loss: 1.4986541271209717
recommendation_loss: 1.215133786201477, critic_loss: 1.4986541271209717
inter loss 2.533684015274048, intra loss: 0.00275347288697958, critic loss: 1.52131187915802
recommendation_loss: 1.2356741428375244, critic_loss: 1.52131187915802
inter loss 2.5215179920196533, intra loss: 0.0027705589309334755, critic loss: 1.5140190124511719
recommendation_loss: 1.2769120931625366, critic_loss: 1.5140190124511719
inter loss 2.5051674842834473, intra loss: 0.0027518891729414463, critic loss: 1.5042012929916382
recommendation_loss: 1.2325505018234253, critic_loss: 1.5042012929916382
inter loss 2.529917001724243, intra loss: 0.0027572468388825655, critic loss: 1.5190532207489014
recommendation_loss: 1.2488229274749756, critic_loss: 1.5190532207489014
inter loss 2.5626027584075928, intra loss: 0.0027702287770807743, critic loss: 1.5386698246002197
recommendation_loss: 1.2315773963928223, critic_loss: 1.5386698246002197
inter loss 2.5283074378967285, intra loss: 0.00275716045871377, critic loss: 1.518087387084961
recommendation_loss: 1.1703448295593262, critic_loss: 1.518087387084961
inter loss 2.517500638961792, intra loss: 0.002758725779131055, critic loss: 1.5116039514541626
recommendation_loss: 1.2983590364456177, critic_loss: 1.5116039514541626
inter loss 2.501459836959839, intra loss: 0.002765946788713336, critic loss: 1.50198233127594
recommendation_loss: 1.2067005634307861, critic_loss: 1.50198233127594
inter loss 2.508087396621704, intra loss: 0.0027700955979526043, critic loss: 1.5059605836868286
recommendation_loss: 1.2777948379516602, critic_loss: 1.5059605836868286
inter loss 2.5040078163146973, intra loss: 0.0027459771372377872, critic loss: 1.5035032033920288
recommendation_loss: 1.2376405000686646, critic_loss: 1.5035032033920288
inter loss 2.517228603363037, intra loss: 0.002755134366452694, critic loss: 1.511439323425293
recommendation_loss: 1.2743000984191895, critic_loss: 1.511439323425293
inter loss 2.5225510597229004, intra loss: 0.002752934116870165, critic loss: 1.5146318674087524
recommendation_loss: 1.1804358959197998, critic_loss: 1.5146318674087524
inter loss 2.528913736343384, intra loss: 0.0027707163244485855, critic loss: 1.5184565782546997
recommendation_loss: 1.2791328430175781, critic_loss: 1.5184565782546997
inter loss 2.523679733276367, intra loss: 0.002783421892672777, critic loss: 1.5153213739395142
recommendation_loss: 1.2627781629562378, critic_loss: 1.5153213739395142
inter loss 2.486176013946533, intra loss: 0.0027767878491431475, critic loss: 1.4928163290023804
recommendation_loss: 1.250312089920044, critic_loss: 1.4928163290023804
inter loss 2.51279878616333, intra loss: 0.0027710418216884136, critic loss: 1.508787751197815
recommendation_loss: 1.2328072786331177, critic_loss: 1.508787751197815
inter loss 2.498931884765625, intra loss: 0.002760485280305147, critic loss: 1.5004633665084839
recommendation_loss: 1.1880420446395874, critic_loss: 1.5004633665084839
inter loss 2.537428140640259, intra loss: 0.002785327145829797, critic loss: 1.5235711336135864
recommendation_loss: 1.2284557819366455, critic_loss: 1.5235711336135864
inter loss 2.49324107170105, intra loss: 0.002767579397186637, critic loss: 1.49705171585083
recommendation_loss: 1.224131464958191, critic_loss: 1.49705171585083
inter loss 2.5047340393066406, intra loss: 0.0027677766047418118, critic loss: 1.5039476156234741
recommendation_loss: 1.281815528869629, critic_loss: 1.5039476156234741
inter loss 2.5268828868865967, intra loss: 0.002769916318356991, critic loss: 1.5172377824783325
recommendation_loss: 1.2096551656723022, critic_loss: 1.5172377824783325
inter loss 2.5177531242370605, intra loss: 0.002753465436398983, critic loss: 1.5117533206939697
recommendation_loss: 1.1855770349502563, critic_loss: 1.5117533206939697
inter loss 2.5172348022460938, intra loss: 0.002765430836006999, critic loss: 1.5114470720291138
recommendation_loss: 1.2167673110961914, critic_loss: 1.5114470720291138
inter loss 2.4995408058166504, intra loss: 0.0027659451588988304, critic loss: 1.500830888748169
recommendation_loss: 1.2052048444747925, critic_loss: 1.500830888748169
inter loss 2.529939651489258, intra loss: 0.002762375632300973, critic loss: 1.5190688371658325
recommendation_loss: 1.2840521335601807, critic_loss: 1.5190688371658325
inter loss 2.510767936706543, intra loss: 0.0027568647637963295, critic loss: 1.507563591003418
recommendation_loss: 1.2923946380615234, critic_loss: 1.507563591003418
inter loss 2.513201951980591, intra loss: 0.002767913043498993, critic loss: 1.509028434753418
recommendation_loss: 1.2541918754577637, critic_loss: 1.509028434753418
inter loss 2.4891631603240967, intra loss: 0.002762304386124015, critic loss: 1.494602918624878
recommendation_loss: 1.3386893272399902, critic_loss: 1.494602918624878
inter loss 2.5283896923065186, intra loss: 0.0027745349798351526, critic loss: 1.5181437730789185
recommendation_loss: 1.3452016115188599, critic_loss: 1.5181437730789185
inter loss 2.4882712364196777, intra loss: 0.0027615868020802736, critic loss: 1.4940674304962158
recommendation_loss: 1.2397044897079468, critic_loss: 1.4940674304962158
inter loss 2.4959969520568848, intra loss: 0.0027537443675100803, critic loss: 1.49869966506958
recommendation_loss: 1.3193895816802979, critic_loss: 1.49869966506958
inter loss 2.523313522338867, intra loss: 0.002759982831776142, critic loss: 1.515092134475708
recommendation_loss: 1.2596871852874756, critic_loss: 1.515092134475708
inter loss 2.5233869552612305, intra loss: 0.00277418433688581, critic loss: 1.5151419639587402
recommendation_loss: 1.3422510623931885, critic_loss: 1.5151419639587402
inter loss 2.531618595123291, intra loss: 0.0027598629239946604, critic loss: 1.5200752019882202
recommendation_loss: 1.2934935092926025, critic_loss: 1.5200752019882202
inter loss 2.504913330078125, intra loss: 0.002757042646408081, critic loss: 1.504050850868225
recommendation_loss: 1.2154552936553955, critic_loss: 1.504050850868225
inter loss 2.5110442638397217, intra loss: 0.002766168210655451, critic loss: 1.5077331066131592
recommendation_loss: 1.2665430307388306, critic_loss: 1.5077331066131592
inter loss 2.5230369567871094, intra loss: 0.0027687461115419865, critic loss: 1.5149296522140503
recommendation_loss: 1.2300879955291748, critic_loss: 1.5149296522140503
inter loss 2.528350353240967, intra loss: 0.002743192482739687, critic loss: 1.5181076526641846
recommendation_loss: 1.3160686492919922, critic_loss: 1.5181076526641846
inter loss 2.5040645599365234, intra loss: 0.002759030554443598, critic loss: 1.503542423248291
recommendation_loss: 1.2528102397918701, critic_loss: 1.503542423248291
inter loss 2.5003466606140137, intra loss: 0.0027504339814186096, critic loss: 1.5013082027435303
recommendation_loss: 1.2358804941177368, critic_loss: 1.5013082027435303
inter loss 2.496966600418091, intra loss: 0.0027461182326078415, critic loss: 1.4992784261703491
recommendation_loss: 1.1538810729980469, critic_loss: 1.4992784261703491
inter loss 2.517514705657959, intra loss: 0.0027649360708892345, critic loss: 1.5116149187088013
recommendation_loss: 1.2639615535736084, critic_loss: 1.5116149187088013
inter loss 2.4995875358581543, intra loss: 0.0027596536092460155, critic loss: 1.5008563995361328
recommendation_loss: 1.163893222808838, critic_loss: 1.5008563995361328
inter loss 2.5454587936401367, intra loss: 0.0027810405008494854, critic loss: 1.5283877849578857
recommendation_loss: 1.2203829288482666, critic_loss: 1.5283877849578857
inter loss 2.5023105144500732, intra loss: 0.0027701386716216803, critic loss: 1.50249445438385
recommendation_loss: 1.1968003511428833, critic_loss: 1.50249445438385
inter loss 2.513489007949829, intra loss: 0.002767887432128191, critic loss: 1.5092005729675293
recommendation_loss: 1.2441725730895996, critic_loss: 1.5092005729675293
inter loss 2.495344638824463, intra loss: 0.0027539499569684267, critic loss: 1.4983084201812744
recommendation_loss: 1.2879376411437988, critic_loss: 1.4983084201812744
inter loss 2.498868465423584, intra loss: 0.0027767284773290157, critic loss: 1.500431776046753
recommendation_loss: 1.313063144683838, critic_loss: 1.500431776046753
inter loss 2.5334653854370117, intra loss: 0.0027573350816965103, critic loss: 1.5211821794509888
recommendation_loss: 1.3241711854934692, critic_loss: 1.5211821794509888
inter loss 2.5238447189331055, intra loss: 0.002756604226306081, critic loss: 1.5154095888137817
recommendation_loss: 1.1705045700073242, critic_loss: 1.5154095888137817
inter loss 2.5091748237609863, intra loss: 0.002755730878561735, critic loss: 1.5066072940826416
recommendation_loss: 1.118239402770996, critic_loss: 1.5066072940826416
inter loss 2.497161388397217, intra loss: 0.0027548829093575478, critic loss: 1.4993988275527954
recommendation_loss: 1.2119908332824707, critic_loss: 1.4993988275527954
inter loss 2.50407075881958, intra loss: 0.002762463176622987, critic loss: 1.5035474300384521
recommendation_loss: 1.2540698051452637, critic_loss: 1.5035474300384521
inter loss 2.4763026237487793, intra loss: 0.002762620337307453, critic loss: 1.486886739730835
recommendation_loss: 1.2781991958618164, critic_loss: 1.486886739730835
inter loss 2.5142974853515625, intra loss: 0.002774143125861883, critic loss: 1.509688138961792
recommendation_loss: 1.2722641229629517, critic_loss: 1.509688138961792
inter loss 2.541398048400879, intra loss: 0.002751436084508896, critic loss: 1.5259394645690918
recommendation_loss: 1.2319365739822388, critic_loss: 1.5259394645690918
inter loss 2.5080809593200684, intra loss: 0.0027562882751226425, critic loss: 1.505951166152954
recommendation_loss: 1.2720441818237305, critic_loss: 1.505951166152954
inter loss 2.5347933769226074, intra loss: 0.0027816148940473795, critic loss: 1.5219887495040894
recommendation_loss: 1.2804217338562012, critic_loss: 1.5219887495040894
inter loss 2.510098934173584, intra loss: 0.002762728836387396, critic loss: 1.507164478302002
recommendation_loss: 1.2519785165786743, critic_loss: 1.507164478302002
inter loss 2.5174942016601562, intra loss: 0.002761906012892723, critic loss: 1.5116013288497925
recommendation_loss: 1.1440459489822388, critic_loss: 1.5116013288497925
inter loss 2.5152323246002197, intra loss: 0.0027595243882387877, critic loss: 1.5102431774139404
recommendation_loss: 1.2033954858779907, critic_loss: 1.5102431774139404
inter loss 2.510432720184326, intra loss: 0.002755514346063137, critic loss: 1.507361888885498
recommendation_loss: 1.2512860298156738, critic_loss: 1.507361888885498
inter loss 2.506739377975464, intra loss: 0.002771975938230753, critic loss: 1.5051524639129639
recommendation_loss: 1.208115577697754, critic_loss: 1.5051524639129639
inter loss 2.5129356384277344, intra loss: 0.0027650571428239346, critic loss: 1.5088675022125244
recommendation_loss: 1.1729801893234253, critic_loss: 1.5088675022125244
inter loss 2.5059213638305664, intra loss: 0.0027742446400225163, critic loss: 1.5046626329421997
recommendation_loss: 1.3121081590652466, critic_loss: 1.5046626329421997
inter loss 2.5355944633483887, intra loss: 0.0027686411049216986, critic loss: 1.5224641561508179
recommendation_loss: 1.2109732627868652, critic_loss: 1.5224641561508179
inter loss 2.554442882537842, intra loss: 0.0027823979035019875, critic loss: 1.5337787866592407
recommendation_loss: 1.3209550380706787, critic_loss: 1.5337787866592407
inter loss 2.4798974990844727, intra loss: 0.0027771559543907642, critic loss: 1.4890494346618652
recommendation_loss: 1.2672045230865479, critic_loss: 1.4890494346618652
inter loss 2.519365072250366, intra loss: 0.002758638933300972, critic loss: 1.5127224922180176
recommendation_loss: 1.1412382125854492, critic_loss: 1.5127224922180176
inter loss 2.511565685272217, intra loss: 0.002766938414424658, critic loss: 1.508046269416809
recommendation_loss: 1.256912112236023, critic_loss: 1.508046269416809
inter loss 2.506694793701172, intra loss: 0.0027584393974393606, critic loss: 1.5051203966140747
recommendation_loss: 1.206303596496582, critic_loss: 1.5051203966140747
inter loss 2.5144104957580566, intra loss: 0.0027511874213814735, critic loss: 1.509746789932251
recommendation_loss: 1.2412548065185547, critic_loss: 1.509746789932251
inter loss 2.5037145614624023, intra loss: 0.0027584952767938375, critic loss: 1.503332257270813
recommendation_loss: 1.1643521785736084, critic_loss: 1.503332257270813
inter loss 2.504722833633423, intra loss: 0.0027776460628956556, critic loss: 1.503944754600525
recommendation_loss: 1.2349916696548462, critic_loss: 1.503944754600525
inter loss 2.4928576946258545, intra loss: 0.0027560843154788017, critic loss: 1.4968171119689941
recommendation_loss: 1.1643580198287964, critic_loss: 1.4968171119689941
inter loss 2.4999427795410156, intra loss: 0.002772956620901823, critic loss: 1.5010747909545898
recommendation_loss: 1.145681381225586, critic_loss: 1.5010747909545898
inter loss 2.518725872039795, intra loss: 0.002786681056022644, critic loss: 1.51235032081604
recommendation_loss: 1.2498677968978882, critic_loss: 1.51235032081604
inter loss 2.498490810394287, intra loss: 0.002764092991128564, critic loss: 1.5002001523971558
recommendation_loss: 1.2133067846298218, critic_loss: 1.5002001523971558
inter loss 2.5566368103027344, intra loss: 0.002764197764918208, critic loss: 1.5350878238677979
recommendation_loss: 1.2781550884246826, critic_loss: 1.5350878238677979
inter loss 2.5004160404205322, intra loss: 0.0027604203205555677, critic loss: 1.5013538599014282
recommendation_loss: 1.2720723152160645, critic_loss: 1.5013538599014282
inter loss 2.545276641845703, intra loss: 0.002756733214482665, critic loss: 1.5282686948776245
recommendation_loss: 1.1944974660873413, critic_loss: 1.5282686948776245
inter loss 2.5005128383636475, intra loss: 0.002752890344709158, critic loss: 1.5014089345932007
recommendation_loss: 1.2248109579086304, critic_loss: 1.5014089345932007
inter loss 2.513340473175049, intra loss: 0.002752484753727913, critic loss: 1.5091053247451782
recommendation_loss: 1.2453416585922241, critic_loss: 1.5091053247451782
inter loss 2.5132205486297607, intra loss: 0.0027667307294905186, critic loss: 1.5090391635894775
recommendation_loss: 1.2689921855926514, critic_loss: 1.5090391635894775
inter loss 2.5434412956237793, intra loss: 0.0027695903554558754, critic loss: 1.5271726846694946
recommendation_loss: 1.2114065885543823, critic_loss: 1.5271726846694946
inter loss 2.5056099891662598, intra loss: 0.0027699549682438374, critic loss: 1.5044740438461304
recommendation_loss: 1.2359671592712402, critic_loss: 1.5044740438461304
inter loss 2.512758731842041, intra loss: 0.0027708159759640694, critic loss: 1.5087635517120361
recommendation_loss: 1.2607219219207764, critic_loss: 1.5087635517120361
inter loss 2.501497268676758, intra loss: 0.0027686194516718388, critic loss: 1.502005934715271
recommendation_loss: 1.2030047178268433, critic_loss: 1.502005934715271
inter loss 2.511322021484375, intra loss: 0.0027679800987243652, critic loss: 1.5079004764556885
recommendation_loss: 1.2475401163101196, critic_loss: 1.5079004764556885
inter loss 2.5023953914642334, intra loss: 0.0027756886556744576, critic loss: 1.5025476217269897
recommendation_loss: 1.2935104370117188, critic_loss: 1.5025476217269897
inter loss 2.5184566974639893, intra loss: 0.0027599968016147614, critic loss: 1.5121780633926392
recommendation_loss: 1.2753926515579224, critic_loss: 1.5121780633926392
inter loss 2.526745319366455, intra loss: 0.002767885336652398, critic loss: 1.517154335975647
recommendation_loss: 1.2281773090362549, critic_loss: 1.517154335975647
inter loss 2.5243120193481445, intra loss: 0.002760173287242651, critic loss: 1.5156913995742798
recommendation_loss: 1.2904610633850098, critic_loss: 1.5156913995742798
inter loss 2.4894626140594482, intra loss: 0.0027616191655397415, critic loss: 1.4947822093963623
recommendation_loss: 1.2606512308120728, critic_loss: 1.4947822093963623
inter loss 2.539583206176758, intra loss: 0.00276874378323555, critic loss: 1.5248574018478394
recommendation_loss: 1.2302796840667725, critic_loss: 1.5248574018478394
inter loss 2.521193504333496, intra loss: 0.002756322268396616, critic loss: 1.5138187408447266
recommendation_loss: 1.3175914287567139, critic_loss: 1.5138187408447266
inter loss 2.520498514175415, intra loss: 0.0027781426906585693, critic loss: 1.5134104490280151
recommendation_loss: 1.2603614330291748, critic_loss: 1.5134104490280151
inter loss 2.5240111351013184, intra loss: 0.002763718366622925, critic loss: 1.515512228012085
recommendation_loss: 1.2309362888336182, critic_loss: 1.515512228012085
inter loss 2.5182881355285645, intra loss: 0.0027790190652012825, critic loss: 1.5120846033096313
recommendation_loss: 1.2106208801269531, critic_loss: 1.5120846033096313
inter loss 2.5165653228759766, intra loss: 0.0027675845194607973, critic loss: 1.511046290397644
recommendation_loss: 1.2067182064056396, critic_loss: 1.511046290397644
inter loss 2.525564432144165, intra loss: 0.002758409595116973, critic loss: 1.5164421796798706
recommendation_loss: 1.183519721031189, critic_loss: 1.5164421796798706
inter loss 2.51798677444458, intra loss: 0.002780644688755274, critic loss: 1.5119043588638306
recommendation_loss: 1.2717204093933105, critic_loss: 1.5119043588638306
inter loss 2.5159926414489746, intra loss: 0.0027742739766836166, critic loss: 1.5107053518295288
recommendation_loss: 1.220625400543213, critic_loss: 1.5107053518295288
inter loss 2.529982328414917, intra loss: 0.0027724187821149826, critic loss: 1.5190985202789307
recommendation_loss: 1.2630951404571533, critic_loss: 1.5190985202789307
inter loss 2.5177698135375977, intra loss: 0.00275977561250329, critic loss: 1.5117658376693726
recommendation_loss: 1.2045873403549194, critic_loss: 1.5117658376693726
inter loss 2.50030517578125, intra loss: 0.0027522051241248846, critic loss: 1.501284122467041
recommendation_loss: 1.2041356563568115, critic_loss: 1.501284122467041
inter loss 2.512747287750244, intra loss: 0.002750672632828355, critic loss: 1.5087487697601318
recommendation_loss: 1.2308416366577148, critic_loss: 1.5087487697601318
inter loss 2.532651662826538, intra loss: 0.002741831121966243, critic loss: 1.5206878185272217
recommendation_loss: 1.2590973377227783, critic_loss: 1.5206878185272217
inter loss 2.520756721496582, intra loss: 0.002778915222734213, critic loss: 1.5135656595230103
recommendation_loss: 1.2798287868499756, critic_loss: 1.5135656595230103
inter loss 2.5103044509887695, intra loss: 0.0027511892840266228, critic loss: 1.5072832107543945
recommendation_loss: 1.2687668800354004, critic_loss: 1.5072832107543945
inter loss 2.5231168270111084, intra loss: 0.002777663990855217, critic loss: 1.5149811506271362
recommendation_loss: 1.2775256633758545, critic_loss: 1.5149811506271362
inter loss 2.5249695777893066, intra loss: 0.002750889165326953, critic loss: 1.5160821676254272
recommendation_loss: 1.2769681215286255, critic_loss: 1.5160821676254272
inter loss 2.5144314765930176, intra loss: 0.002762122545391321, critic loss: 1.5097638368606567
recommendation_loss: 1.2681605815887451, critic_loss: 1.5097638368606567
inter loss 2.524118185043335, intra loss: 0.002760782139375806, critic loss: 1.5155752897262573
recommendation_loss: 1.2577959299087524, critic_loss: 1.5155752897262573
inter loss 2.5022664070129395, intra loss: 0.0027629928663372993, critic loss: 1.5024651288986206
recommendation_loss: 1.1856215000152588, critic_loss: 1.5024651288986206
inter loss 2.4992284774780273, intra loss: 0.0027623435016721487, critic loss: 1.5006420612335205
recommendation_loss: 1.2039234638214111, critic_loss: 1.5006420612335205
inter loss 2.5175065994262695, intra loss: 0.002752554602921009, critic loss: 1.5116050243377686
recommendation_loss: 1.1760879755020142, critic_loss: 1.5116050243377686
inter loss 2.5400984287261963, intra loss: 0.0027533562388271093, critic loss: 1.525160551071167
recommendation_loss: 1.2418241500854492, critic_loss: 1.525160551071167
inter loss 2.4984123706817627, intra loss: 0.0027586526703089476, critic loss: 1.5001510381698608
recommendation_loss: 1.267113208770752, critic_loss: 1.5001510381698608
inter loss 2.511355400085449, intra loss: 0.002763252705335617, critic loss: 1.5079185962677002
recommendation_loss: 1.2171790599822998, critic_loss: 1.5079185962677002
inter loss 2.516300678253174, intra loss: 0.002781808841973543, critic loss: 1.5108932256698608
recommendation_loss: 1.2514070272445679, critic_loss: 1.5108932256698608
inter loss 2.494647264480591, intra loss: 0.002772311447188258, critic loss: 1.4978972673416138
recommendation_loss: 1.238669514656067, critic_loss: 1.4978972673416138
inter loss 2.511418342590332, intra loss: 0.002754995133727789, critic loss: 1.5079530477523804
recommendation_loss: 1.2182586193084717, critic_loss: 1.5079530477523804
inter loss 2.5134665966033936, intra loss: 0.0027652790304273367, critic loss: 1.5091861486434937
recommendation_loss: 1.2297704219818115, critic_loss: 1.5091861486434937
inter loss 2.5049843788146973, intra loss: 0.002766831312328577, critic loss: 1.5040974617004395
recommendation_loss: 1.2786340713500977, critic_loss: 1.5040974617004395
inter loss 2.5336692333221436, intra loss: 0.002768739592283964, critic loss: 1.5213090181350708
recommendation_loss: 1.257814645767212, critic_loss: 1.5213090181350708
inter loss 2.5294065475463867, intra loss: 0.0027718429919332266, critic loss: 1.5187528133392334
recommendation_loss: 1.2499388456344604, critic_loss: 1.5187528133392334
inter loss 2.5163421630859375, intra loss: 0.002772584790363908, critic loss: 1.5109143257141113
recommendation_loss: 1.3357093334197998, critic_loss: 1.5109143257141113
inter loss 2.5390267372131348, intra loss: 0.002772355917841196, critic loss: 1.5245250463485718
recommendation_loss: 1.2104566097259521, critic_loss: 1.5245250463485718
inter loss 2.527191400527954, intra loss: 0.0027748660650104284, critic loss: 1.5174248218536377
recommendation_loss: 1.3426470756530762, critic_loss: 1.5174248218536377
inter loss 2.529387950897217, intra loss: 0.0027649332769215107, critic loss: 1.518738865852356
recommendation_loss: 1.2287381887435913, critic_loss: 1.518738865852356
inter loss 2.508763313293457, intra loss: 0.002759752795100212, critic loss: 1.506361961364746
recommendation_loss: 1.3216222524642944, critic_loss: 1.506361961364746
inter loss 2.508774518966675, intra loss: 0.002761872485280037, critic loss: 1.5063694715499878
recommendation_loss: 1.3189518451690674, critic_loss: 1.5063694715499878
inter loss 2.519463062286377, intra loss: 0.0027587476652115583, critic loss: 1.5127813816070557
recommendation_loss: 1.2943060398101807, critic_loss: 1.5127813816070557
inter loss 2.5429763793945312, intra loss: 0.0027782339602708817, critic loss: 1.5268971920013428
recommendation_loss: 1.27592134475708, critic_loss: 1.5268971920013428
inter loss 2.5246829986572266, intra loss: 0.0027557089924812317, critic loss: 1.5159121751785278
recommendation_loss: 1.2819501161575317, critic_loss: 1.5159121751785278
inter loss 2.503732442855835, intra loss: 0.0027589434757828712, critic loss: 1.503343105316162
recommendation_loss: 1.3191428184509277, critic_loss: 1.503343105316162
inter loss 2.500408172607422, intra loss: 0.002753280336037278, critic loss: 1.501346230506897
recommendation_loss: 1.2512903213500977, critic_loss: 1.501346230506897
inter loss 2.4977080821990967, intra loss: 0.0027672569267451763, critic loss: 1.4997317790985107
recommendation_loss: 1.256473183631897, critic_loss: 1.4997317790985107
inter loss 2.5123798847198486, intra loss: 0.0027613083366304636, critic loss: 1.5085325241088867
recommendation_loss: 1.172926902770996, critic_loss: 1.5085325241088867
inter loss 2.5066099166870117, intra loss: 0.002756028901785612, critic loss: 1.5050684213638306
recommendation_loss: 1.2052123546600342, critic_loss: 1.5050684213638306
inter loss 2.538182258605957, intra loss: 0.0027612310368567705, critic loss: 1.524013876914978
recommendation_loss: 1.1947047710418701, critic_loss: 1.524013876914978
inter loss 2.508053779602051, intra loss: 0.0027518649585545063, critic loss: 1.505933165550232
recommendation_loss: 1.2401182651519775, critic_loss: 1.505933165550232
inter loss 2.5191688537597656, intra loss: 0.002732502529397607, critic loss: 1.51259446144104
recommendation_loss: 1.2039144039154053, critic_loss: 1.51259446144104
inter loss 2.500796318054199, intra loss: 0.002748667262494564, critic loss: 1.501577377319336
recommendation_loss: 1.2475754022598267, critic_loss: 1.501577377319336
inter loss 2.5634493827819824, intra loss: 0.0027336799539625645, critic loss: 1.5391632318496704
recommendation_loss: 1.2496592998504639, critic_loss: 1.5391632318496704
inter loss 2.5177223682403564, intra loss: 0.00278001232072711, critic loss: 1.5117454528808594
recommendation_loss: 1.3066970109939575, critic_loss: 1.5117454528808594
inter loss 2.516493797302246, intra loss: 0.002787412144243717, critic loss: 1.5110113620758057
recommendation_loss: 1.2630186080932617, critic_loss: 1.5110113620758057
inter loss 2.5172228813171387, intra loss: 0.002747010439634323, critic loss: 1.5114325284957886
recommendation_loss: 1.2846777439117432, critic_loss: 1.5114325284957886
inter loss 2.5108375549316406, intra loss: 0.002777287270873785, critic loss: 1.5076135396957397
recommendation_loss: 1.2480542659759521, critic_loss: 1.5076135396957397
inter loss 2.5032429695129395, intra loss: 0.00275730574503541, critic loss: 1.5030487775802612
recommendation_loss: 1.239250898361206, critic_loss: 1.5030487775802612
inter loss 2.580345630645752, intra loss: 0.0027719398494809866, critic loss: 1.549316167831421
recommendation_loss: 1.19210946559906, critic_loss: 1.549316167831421
inter loss 2.523620128631592, intra loss: 0.0027576792053878307, critic loss: 1.515275239944458
recommendation_loss: 1.2294726371765137, critic_loss: 1.515275239944458
inter loss 2.550288200378418, intra loss: 0.0027457333635538816, critic loss: 1.53127121925354
recommendation_loss: 1.1732943058013916, critic_loss: 1.53127121925354
inter loss 2.517702579498291, intra loss: 0.0027328559663146734, critic loss: 1.5117148160934448
recommendation_loss: 1.2512141466140747, critic_loss: 1.5117148160934448
inter loss 2.507174491882324, intra loss: 0.0027578063309192657, critic loss: 1.5054079294204712
recommendation_loss: 1.3177618980407715, critic_loss: 1.5054079294204712
inter loss 2.491623878479004, intra loss: 0.002743910998106003, critic loss: 1.4960719347000122
recommendation_loss: 1.3219170570373535, critic_loss: 1.4960719347000122
inter loss 2.5039443969726562, intra loss: 0.002748826751485467, critic loss: 1.503466248512268
recommendation_loss: 1.2663391828536987, critic_loss: 1.503466248512268
inter loss 2.4888124465942383, intra loss: 0.002761117648333311, critic loss: 1.4943920373916626
recommendation_loss: 1.269258975982666, critic_loss: 1.4943920373916626
inter loss 2.5115699768066406, intra loss: 0.0027240654453635216, critic loss: 1.5080316066741943
recommendation_loss: 1.2165766954421997, critic_loss: 1.5080316066741943
inter loss 2.5173375606536865, intra loss: 0.0027362422551959753, critic loss: 1.5114970207214355
recommendation_loss: 1.1841847896575928, critic_loss: 1.5114970207214355
inter loss 2.5417633056640625, intra loss: 0.0027267374098300934, critic loss: 1.5261486768722534
recommendation_loss: 1.216125249862671, critic_loss: 1.5261486768722534
inter loss 2.5271735191345215, intra loss: 0.0027497506234794855, critic loss: 1.5174040794372559
recommendation_loss: 1.2477846145629883, critic_loss: 1.5174040794372559
inter loss 2.5159618854522705, intra loss: 0.002742944983765483, critic loss: 1.5106743574142456
recommendation_loss: 1.1641827821731567, critic_loss: 1.5106743574142456
inter loss 2.5108351707458496, intra loss: 0.0027487529441714287, critic loss: 1.5076006650924683
recommendation_loss: 1.2511913776397705, critic_loss: 1.5076006650924683
inter loss 2.519287586212158, intra loss: 0.0027519785799086094, critic loss: 1.5126733779907227
recommendation_loss: 1.2560168504714966, critic_loss: 1.5126733779907227
inter loss 2.507394790649414, intra loss: 0.002761031500995159, critic loss: 1.5055413246154785
recommendation_loss: 1.2536283731460571, critic_loss: 1.5055413246154785
inter loss 2.5298290252685547, intra loss: 0.0027619244065135717, critic loss: 1.5190021991729736
recommendation_loss: 1.258737325668335, critic_loss: 1.5190021991729736
inter loss 2.516420364379883, intra loss: 0.002744989935308695, critic loss: 1.5109503269195557
recommendation_loss: 1.2479404211044312, critic_loss: 1.5109503269195557
inter loss 2.518824815750122, intra loss: 0.0027475678361952305, critic loss: 1.5123939514160156
recommendation_loss: 1.2319142818450928, critic_loss: 1.5123939514160156
inter loss 2.489590883255005, intra loss: 0.002769196406006813, critic loss: 1.4948623180389404
recommendation_loss: 1.28763747215271, critic_loss: 1.4948623180389404
inter loss 2.488544464111328, intra loss: 0.0027702455408871174, critic loss: 1.4942348003387451
recommendation_loss: 1.200002670288086, critic_loss: 1.4942348003387451
inter loss 2.520306348800659, intra loss: 0.0027669533155858517, critic loss: 1.5132906436920166
recommendation_loss: 1.2499330043792725, critic_loss: 1.5132906436920166
inter loss 2.4800713062286377, intra loss: 0.0027553443796932697, critic loss: 1.4891449213027954
recommendation_loss: 1.185174584388733, critic_loss: 1.4891449213027954
inter loss 2.5212225914001465, intra loss: 0.0027509229257702827, critic loss: 1.513833999633789
recommendation_loss: 1.1427288055419922, critic_loss: 1.513833999633789
inter loss 2.5175814628601074, intra loss: 0.0027486952021718025, critic loss: 1.511648416519165
recommendation_loss: 1.3366163969039917, critic_loss: 1.511648416519165
inter loss 2.5215094089508057, intra loss: 0.0027655204758048058, critic loss: 1.5140119791030884
recommendation_loss: 1.1650586128234863, critic_loss: 1.5140119791030884
inter loss 2.5115482807159424, intra loss: 0.002761324169114232, critic loss: 1.5080335140228271
recommendation_loss: 1.2815251350402832, critic_loss: 1.5080335140228271
inter loss 2.5140295028686523, intra loss: 0.00275160139426589, critic loss: 1.5095183849334717
recommendation_loss: 1.3020576238632202, critic_loss: 1.5095183849334717
inter loss 2.500109910964966, intra loss: 0.002755590481683612, critic loss: 1.5011682510375977
recommendation_loss: 1.1622413396835327, critic_loss: 1.5011682510375977
inter loss 2.5120131969451904, intra loss: 0.0027627451345324516, critic loss: 1.5083130598068237
recommendation_loss: 1.1727914810180664, critic_loss: 1.5083130598068237
inter loss 2.5145068168640137, intra loss: 0.002753923647105694, critic loss: 1.5098057985305786
recommendation_loss: 1.246507167816162, critic_loss: 1.5098057985305786
inter loss 2.480247974395752, intra loss: 0.002757401904091239, critic loss: 1.489251732826233
recommendation_loss: 1.165740966796875, critic_loss: 1.489251732826233
inter loss 2.520923376083374, intra loss: 0.002750470768660307, critic loss: 1.5136542320251465
recommendation_loss: 1.2511601448059082, critic_loss: 1.5136542320251465
inter loss 2.497288227081299, intra loss: 0.0027817385271191597, critic loss: 1.499485731124878
recommendation_loss: 1.3050683736801147, critic_loss: 1.499485731124878
inter loss 2.5101280212402344, intra loss: 0.0027582549955695868, critic loss: 1.5071802139282227
recommendation_loss: 1.2778575420379639, critic_loss: 1.5071802139282227
inter loss 2.487274646759033, intra loss: 0.0027566030621528625, critic loss: 1.4934675693511963
recommendation_loss: 1.335684895515442, critic_loss: 1.4934675693511963
inter loss 2.505716562271118, intra loss: 0.002766063902527094, critic loss: 1.5045363903045654
recommendation_loss: 1.2668001651763916, critic_loss: 1.5045363903045654
inter loss 2.495129108428955, intra loss: 0.0027576107531785965, critic loss: 1.4981805086135864
recommendation_loss: 1.236264944076538, critic_loss: 1.4981805086135864
inter loss 2.5211973190307617, intra loss: 0.0027516232803463936, critic loss: 1.5138190984725952
recommendation_loss: 1.1728383302688599, critic_loss: 1.5138190984725952
inter loss 2.5260539054870605, intra loss: 0.002757520414888859, critic loss: 1.5167354345321655
recommendation_loss: 1.2867777347564697, critic_loss: 1.5167354345321655
inter loss 2.522554397583008, intra loss: 0.002753170672804117, critic loss: 1.5146340131759644
recommendation_loss: 1.2335002422332764, critic_loss: 1.5146340131759644
inter loss 2.519622325897217, intra loss: 0.002755287569016218, critic loss: 1.5128755569458008
recommendation_loss: 1.2280466556549072, critic_loss: 1.5128755569458008
inter loss 2.5038022994995117, intra loss: 0.0027654082514345646, critic loss: 1.5033875703811646
recommendation_loss: 1.1989754438400269, critic_loss: 1.5033875703811646
inter loss 2.5164012908935547, intra loss: 0.002758524613454938, critic loss: 1.5109442472457886
recommendation_loss: 1.3052327632904053, critic_loss: 1.5109442472457886
inter loss 2.5204989910125732, intra loss: 0.0027546328492462635, critic loss: 1.5134012699127197
recommendation_loss: 1.2699915170669556, critic_loss: 1.5134012699127197
inter loss 2.5125324726104736, intra loss: 0.0027591679245233536, critic loss: 1.5086232423782349
recommendation_loss: 1.15572190284729, critic_loss: 1.5086232423782349
inter loss 2.5109481811523438, intra loss: 0.002771741710603237, critic loss: 1.507677674293518
recommendation_loss: 1.2127500772476196, critic_loss: 1.507677674293518
inter loss 2.517540693283081, intra loss: 0.0027602813206613064, critic loss: 1.5116286277770996
recommendation_loss: 1.219841718673706, critic_loss: 1.5116286277770996
inter loss 2.5157179832458496, intra loss: 0.002740601310506463, critic loss: 1.5105271339416504
recommendation_loss: 1.176522970199585, critic_loss: 1.5105271339416504
inter loss 2.512913227081299, intra loss: 0.002749166451394558, critic loss: 1.508847713470459
recommendation_loss: 1.2546727657318115, critic_loss: 1.508847713470459
inter loss 2.495404005050659, intra loss: 0.002760287607088685, critic loss: 1.4983465671539307
recommendation_loss: 1.216299057006836, critic_loss: 1.4983465671539307
inter loss 2.5035462379455566, intra loss: 0.002760661765933037, critic loss: 1.5032320022583008
recommendation_loss: 1.3428785800933838, critic_loss: 1.5032320022583008
inter loss 2.5088987350463867, intra loss: 0.0027591316029429436, critic loss: 1.506442904472351
recommendation_loss: 1.2294435501098633, critic_loss: 1.506442904472351
inter loss 2.5167479515075684, intra loss: 0.002754326444119215, critic loss: 1.511150598526001
recommendation_loss: 1.2737631797790527, critic_loss: 1.511150598526001
inter loss 2.505054235458374, intra loss: 0.0027542710304260254, critic loss: 1.5041342973709106
recommendation_loss: 1.3087419271469116, critic_loss: 1.5041342973709106
2024-08-09 18:42:12.854667: step 4864/24320 (epoch 16/80), loss = 1.327587 (33.997 sec/epoch), lr: 0.002707
Evaluating on dev set...
...........................
source: 	 mrr: 0.037184	 ndcg_5: 0.0267	 ndcg_10: 0.0376	 hit@1:0.011586	 hit@5:0.0434	 hit@10: 0.0775
target: 	 mrr: 0.045358	 ndcg_5: 0.0374	 ndcg_10: 0.0471	 hit@1:0.016725	 hit@5:0.0571	 hit@10: 0.0871
epoch 16: train_loss = 1.327587, source_hit@10 = 0.0775, source_ndcg@10 = 0.0376, target_hit@10 = 0.0871, target_ndcg@10 = 0.0471

inter loss 2.474313259124756, intra loss: 0.002757270121946931, critic loss: 1.485690951347351
recommendation_loss: 1.2934808731079102, critic_loss: 1.485690951347351
inter loss 2.5106706619262695, intra loss: 0.002765859244391322, critic loss: 1.5075088739395142
recommendation_loss: 1.1982775926589966, critic_loss: 1.5075088739395142
inter loss 2.5051615238189697, intra loss: 0.0027639660984277725, critic loss: 1.5042024850845337
recommendation_loss: 1.1657333374023438, critic_loss: 1.5042024850845337
inter loss 2.4991562366485596, intra loss: 0.0027565157506614923, critic loss: 1.5005964040756226
recommendation_loss: 1.1430723667144775, critic_loss: 1.5005964040756226
inter loss 2.5091538429260254, intra loss: 0.002736136317253113, critic loss: 1.5065867900848389
recommendation_loss: 1.291191577911377, critic_loss: 1.5065867900848389
inter loss 2.5281128883361816, intra loss: 0.0027640715707093477, critic loss: 1.5179734230041504
recommendation_loss: 1.2413005828857422, critic_loss: 1.5179734230041504
inter loss 2.515474319458008, intra loss: 0.002766006626188755, critic loss: 1.5103909969329834
recommendation_loss: 1.2911256551742554, critic_loss: 1.5103909969329834
inter loss 2.5077362060546875, intra loss: 0.0027491345535963774, critic loss: 1.5057414770126343
recommendation_loss: 1.2105251550674438, critic_loss: 1.5057414770126343
inter loss 2.4948902130126953, intra loss: 0.002740232739597559, critic loss: 1.4980303049087524
recommendation_loss: 1.2403764724731445, critic_loss: 1.4980303049087524
inter loss 2.5354163646698, intra loss: 0.0027582398615777493, critic loss: 1.522353172302246
recommendation_loss: 1.2270798683166504, critic_loss: 1.522353172302246
inter loss 2.510251045227051, intra loss: 0.002769235987216234, critic loss: 1.507258415222168
recommendation_loss: 1.2425752878189087, critic_loss: 1.507258415222168
inter loss 2.4929590225219727, intra loss: 0.002759402384981513, critic loss: 1.49687922000885
recommendation_loss: 1.1710076332092285, critic_loss: 1.49687922000885
inter loss 2.4963431358337402, intra loss: 0.002772554289549589, critic loss: 1.4989149570465088
recommendation_loss: 1.2638368606567383, critic_loss: 1.4989149570465088
inter loss 2.480893135070801, intra loss: 0.00276177772320807, critic loss: 1.4896405935287476
recommendation_loss: 1.199353814125061, critic_loss: 1.4896405935287476
inter loss 2.4919321537017822, intra loss: 0.0027498968411237, critic loss: 1.496259331703186
recommendation_loss: 1.3526970148086548, critic_loss: 1.496259331703186
inter loss 2.5083630084991455, intra loss: 0.002769328188151121, critic loss: 1.506125569343567
recommendation_loss: 1.195338487625122, critic_loss: 1.506125569343567
inter loss 2.493295669555664, intra loss: 0.0027555308770388365, critic loss: 1.497079610824585
recommendation_loss: 1.196409821510315, critic_loss: 1.497079610824585
inter loss 2.504970073699951, intra loss: 0.002762007759884, critic loss: 1.504086971282959
recommendation_loss: 1.2290343046188354, critic_loss: 1.504086971282959
inter loss 2.5255556106567383, intra loss: 0.0027654655277729034, critic loss: 1.5164395570755005
recommendation_loss: 1.2518041133880615, critic_loss: 1.5164395570755005
inter loss 2.4956719875335693, intra loss: 0.0027546726632863283, critic loss: 1.4985051155090332
recommendation_loss: 1.1565438508987427, critic_loss: 1.4985051155090332
inter loss 2.4928393363952637, intra loss: 0.0027567818760871887, critic loss: 1.4968063831329346
recommendation_loss: 1.2196886539459229, critic_loss: 1.4968063831329346
inter loss 2.49832820892334, intra loss: 0.002761555602774024, critic loss: 1.5001015663146973
recommendation_loss: 1.2528274059295654, critic_loss: 1.5001015663146973
inter loss 2.517609119415283, intra loss: 0.0027660669293254614, critic loss: 1.5116719007492065
recommendation_loss: 1.2732737064361572, critic_loss: 1.5116719007492065
inter loss 2.527564764022827, intra loss: 0.00275792577303946, critic loss: 1.5176421403884888
recommendation_loss: 1.2795547246932983, critic_loss: 1.5176421403884888
inter loss 2.509462833404541, intra loss: 0.002755341585725546, critic loss: 1.5067799091339111
recommendation_loss: 1.1893987655639648, critic_loss: 1.5067799091339111
inter loss 2.5129194259643555, intra loss: 0.0027582847978919744, critic loss: 1.5088549852371216
recommendation_loss: 1.2061867713928223, critic_loss: 1.5088549852371216
inter loss 2.5125770568847656, intra loss: 0.0027540922164916992, critic loss: 1.5086479187011719
recommendation_loss: 1.2354005575180054, critic_loss: 1.5086479187011719
inter loss 2.5284318923950195, intra loss: 0.0027416252996772528, critic loss: 1.518155813217163
recommendation_loss: 1.2184208631515503, critic_loss: 1.518155813217163
inter loss 2.51509428024292, intra loss: 0.002757146954536438, critic loss: 1.5101594924926758
recommendation_loss: 1.2244499921798706, critic_loss: 1.5101594924926758
inter loss 2.4763524532318115, intra loss: 0.0027570638339966536, critic loss: 1.4869142770767212
recommendation_loss: 1.217301845550537, critic_loss: 1.4869142770767212
inter loss 2.4952211380004883, intra loss: 0.002760527655482292, critic loss: 1.4982370138168335
recommendation_loss: 1.263279676437378, critic_loss: 1.4982370138168335
inter loss 2.5011637210845947, intra loss: 0.002758927410468459, critic loss: 1.50180184841156
recommendation_loss: 1.236348032951355, critic_loss: 1.50180184841156
inter loss 2.488983154296875, intra loss: 0.0027705084066838026, critic loss: 1.4944981336593628
recommendation_loss: 1.2402358055114746, critic_loss: 1.4944981336593628
inter loss 2.517092227935791, intra loss: 0.002771351719275117, critic loss: 1.5113639831542969
recommendation_loss: 1.232298493385315, critic_loss: 1.5113639831542969
inter loss 2.5099382400512695, intra loss: 0.002749937353655696, critic loss: 1.5070629119873047
recommendation_loss: 1.2452800273895264, critic_loss: 1.5070629119873047
inter loss 2.4979758262634277, intra loss: 0.0027647684328258038, critic loss: 1.4998914003372192
recommendation_loss: 1.1902275085449219, critic_loss: 1.4998914003372192
inter loss 2.5350749492645264, intra loss: 0.002765691140666604, critic loss: 1.5221513509750366
recommendation_loss: 1.2396633625030518, critic_loss: 1.5221513509750366
inter loss 2.5247020721435547, intra loss: 0.0027604775968939066, critic loss: 1.5159255266189575
recommendation_loss: 1.2121542692184448, critic_loss: 1.5159255266189575
inter loss 2.4829418659210205, intra loss: 0.002763784257695079, critic loss: 1.490870714187622
recommendation_loss: 1.2462961673736572, critic_loss: 1.490870714187622
inter loss 2.5052151679992676, intra loss: 0.002768567530438304, critic loss: 1.5042365789413452
recommendation_loss: 1.2777906656265259, critic_loss: 1.5042365789413452
inter loss 2.4642159938812256, intra loss: 0.0027610750403255224, critic loss: 1.479634165763855
recommendation_loss: 1.1882232427597046, critic_loss: 1.479634165763855
inter loss 2.4824697971343994, intra loss: 0.002767210826277733, critic loss: 1.4905887842178345
recommendation_loss: 1.2372058629989624, critic_loss: 1.4905887842178345
inter loss 2.494819164276123, intra loss: 0.0027568507939577103, critic loss: 1.4979941844940186
recommendation_loss: 1.2249706983566284, critic_loss: 1.4979941844940186
inter loss 2.490997552871704, intra loss: 0.002765638055279851, critic loss: 1.4957048892974854
recommendation_loss: 1.2561595439910889, critic_loss: 1.4957048892974854
inter loss 2.4646799564361572, intra loss: 0.0027742839884012938, critic loss: 1.4799177646636963
recommendation_loss: 1.2472988367080688, critic_loss: 1.4799177646636963
inter loss 2.5005664825439453, intra loss: 0.0027504651807248592, critic loss: 1.501440167427063
recommendation_loss: 1.2070059776306152, critic_loss: 1.501440167427063
inter loss 2.488833427429199, intra loss: 0.0027606175281107426, critic loss: 1.4944043159484863
recommendation_loss: 1.209576964378357, critic_loss: 1.4944043159484863
inter loss 2.511141300201416, intra loss: 0.0027718849014490843, critic loss: 1.507793664932251
recommendation_loss: 1.2642467021942139, critic_loss: 1.507793664932251
inter loss 2.495072841644287, intra loss: 0.0027620000764727592, critic loss: 1.4981485605239868
recommendation_loss: 1.2471137046813965, critic_loss: 1.4981485605239868
inter loss 2.508444309234619, intra loss: 0.002758595859631896, critic loss: 1.5061700344085693
recommendation_loss: 1.1859807968139648, critic_loss: 1.5061700344085693
inter loss 2.4958431720733643, intra loss: 0.0027416646480560303, critic loss: 1.4986026287078857
recommendation_loss: 1.23919677734375, critic_loss: 1.4986026287078857
inter loss 2.5007877349853516, intra loss: 0.002737517934292555, critic loss: 1.5015677213668823
recommendation_loss: 1.1833163499832153, critic_loss: 1.5015677213668823
inter loss 2.504283905029297, intra loss: 0.002761817304417491, critic loss: 1.503675103187561
recommendation_loss: 1.2105671167373657, critic_loss: 1.503675103187561
inter loss 2.494472026824951, intra loss: 0.002756707137450576, critic loss: 1.4977859258651733
recommendation_loss: 1.2281723022460938, critic_loss: 1.4977859258651733
inter loss 2.4813804626464844, intra loss: 0.002756026340648532, critic loss: 1.4899307489395142
recommendation_loss: 1.2202345132827759, critic_loss: 1.4899307489395142
inter loss 2.511455535888672, intra loss: 0.002756051253527403, critic loss: 1.5079758167266846
recommendation_loss: 1.1313440799713135, critic_loss: 1.5079758167266846
inter loss 2.501211643218994, intra loss: 0.0027609195094555616, critic loss: 1.5018314123153687
recommendation_loss: 1.2161245346069336, critic_loss: 1.5018314123153687
inter loss 2.546126365661621, intra loss: 0.002754203975200653, critic loss: 1.5287775993347168
recommendation_loss: 1.2445683479309082, critic_loss: 1.5287775993347168
inter loss 2.517542839050293, intra loss: 0.002765109296888113, critic loss: 1.5116318464279175
recommendation_loss: 1.214972734451294, critic_loss: 1.5116318464279175
inter loss 2.505131959915161, intra loss: 0.0027735307812690735, critic loss: 1.5041886568069458
recommendation_loss: 1.1543552875518799, critic_loss: 1.5041886568069458
inter loss 2.504526138305664, intra loss: 0.0027720199432224035, critic loss: 1.5038244724273682
recommendation_loss: 1.2338570356369019, critic_loss: 1.5038244724273682
inter loss 2.498067855834961, intra loss: 0.002776814391836524, critic loss: 1.4999514818191528
recommendation_loss: 1.2509962320327759, critic_loss: 1.4999514818191528
inter loss 2.495175361633301, intra loss: 0.0027519913855940104, critic loss: 1.4982060194015503
recommendation_loss: 1.2550208568572998, critic_loss: 1.4982060194015503
inter loss 2.5301060676574707, intra loss: 0.002758135786280036, critic loss: 1.5191669464111328
recommendation_loss: 1.281923532485962, critic_loss: 1.5191669464111328
inter loss 2.4838833808898926, intra loss: 0.0027590268291532993, critic loss: 1.4914337396621704
recommendation_loss: 1.2656359672546387, critic_loss: 1.4914337396621704
inter loss 2.5086002349853516, intra loss: 0.002771599218249321, critic loss: 1.506268858909607
recommendation_loss: 1.1478867530822754, critic_loss: 1.506268858909607
inter loss 2.4749321937561035, intra loss: 0.0027619285974651575, critic loss: 1.486064076423645
recommendation_loss: 1.2315486669540405, critic_loss: 1.486064076423645
inter loss 2.5014681816101074, intra loss: 0.0027620175387710333, critic loss: 1.501985788345337
recommendation_loss: 1.3087791204452515, critic_loss: 1.501985788345337
inter loss 2.485032081604004, intra loss: 0.0027730425354093313, critic loss: 1.4921284914016724
recommendation_loss: 1.3072841167449951, critic_loss: 1.4921284914016724
inter loss 2.4937398433685303, intra loss: 0.0027536447159945965, critic loss: 1.4973454475402832
recommendation_loss: 1.2107821702957153, critic_loss: 1.4973454475402832
inter loss 2.502561092376709, intra loss: 0.002773053478449583, critic loss: 1.5026459693908691
recommendation_loss: 1.2395817041397095, critic_loss: 1.5026459693908691
inter loss 2.5391807556152344, intra loss: 0.002758572343736887, critic loss: 1.5246119499206543
recommendation_loss: 1.1706430912017822, critic_loss: 1.5246119499206543
inter loss 2.5341148376464844, intra loss: 0.002754987683147192, critic loss: 1.5215709209442139
recommendation_loss: 1.1920640468597412, critic_loss: 1.5215709209442139
inter loss 2.493351697921753, intra loss: 0.0027751349844038486, critic loss: 1.4971210956573486
recommendation_loss: 1.2009191513061523, critic_loss: 1.4971210956573486
inter loss 2.4910755157470703, intra loss: 0.0027595143765211105, critic loss: 1.4957491159439087
recommendation_loss: 1.2191674709320068, critic_loss: 1.4957491159439087
inter loss 2.4861066341400146, intra loss: 0.002781463088467717, critic loss: 1.49277663230896
recommendation_loss: 1.237616777420044, critic_loss: 1.49277663230896
inter loss 2.5051627159118652, intra loss: 0.0027580978348851204, critic loss: 1.5042009353637695
recommendation_loss: 1.3226004838943481, critic_loss: 1.5042009353637695
inter loss 2.4982476234436035, intra loss: 0.002765971701592207, critic loss: 1.500054955482483
recommendation_loss: 1.2169791460037231, critic_loss: 1.500054955482483
inter loss 2.4934332370758057, intra loss: 0.0027873562648892403, critic loss: 1.4971749782562256
recommendation_loss: 1.178733468055725, critic_loss: 1.4971749782562256
inter loss 2.508002281188965, intra loss: 0.002774324733763933, critic loss: 1.505911111831665
recommendation_loss: 1.2109096050262451, critic_loss: 1.505911111831665
inter loss 2.4788050651550293, intra loss: 0.002757604233920574, critic loss: 1.4883861541748047
recommendation_loss: 1.2385797500610352, critic_loss: 1.4883861541748047
inter loss 2.503080129623413, intra loss: 0.0027648014947772026, critic loss: 1.5029540061950684
recommendation_loss: 1.2279987335205078, critic_loss: 1.5029540061950684
inter loss 2.509688377380371, intra loss: 0.002758794231340289, critic loss: 1.5069166421890259
recommendation_loss: 1.2476072311401367, critic_loss: 1.5069166421890259
inter loss 2.512772560119629, intra loss: 0.002764779841527343, critic loss: 1.5087695121765137
recommendation_loss: 1.1953011751174927, critic_loss: 1.5087695121765137
inter loss 2.500720977783203, intra loss: 0.002782217226922512, critic loss: 1.5015455484390259
recommendation_loss: 1.188721776008606, critic_loss: 1.5015455484390259
inter loss 2.497983455657959, intra loss: 0.002771250903606415, critic loss: 1.4998986721038818
recommendation_loss: 1.301074504852295, critic_loss: 1.4998986721038818
inter loss 2.5146570205688477, intra loss: 0.0027910498902201653, critic loss: 1.5099107027053833
recommendation_loss: 1.2173341512680054, critic_loss: 1.5099107027053833
inter loss 2.496265172958374, intra loss: 0.0027773194015026093, critic loss: 1.4988700151443481
recommendation_loss: 1.13410484790802, critic_loss: 1.4988700151443481
inter loss 2.4692821502685547, intra loss: 0.0027876319363713264, critic loss: 1.4826843738555908
recommendation_loss: 1.2502257823944092, critic_loss: 1.4826843738555908
inter loss 2.490419626235962, intra loss: 0.0027653786819428205, critic loss: 1.4953579902648926
recommendation_loss: 1.2498815059661865, critic_loss: 1.4953579902648926
inter loss 2.4968361854553223, intra loss: 0.002761625684797764, critic loss: 1.499206304550171
recommendation_loss: 1.1796441078186035, critic_loss: 1.499206304550171
inter loss 2.4968011379241943, intra loss: 0.0027755149640142918, critic loss: 1.4991909265518188
recommendation_loss: 1.237367868423462, critic_loss: 1.4991909265518188
inter loss 2.4925990104675293, intra loss: 0.0027578286826610565, critic loss: 1.4966626167297363
recommendation_loss: 1.192017912864685, critic_loss: 1.4966626167297363
inter loss 2.494004726409912, intra loss: 0.002759823575615883, critic loss: 1.4975067377090454
recommendation_loss: 1.3274400234222412, critic_loss: 1.4975067377090454
inter loss 2.491860866546631, intra loss: 0.0027758940123021603, critic loss: 1.4962269067764282
recommendation_loss: 1.2470934391021729, critic_loss: 1.4962269067764282
inter loss 2.506362199783325, intra loss: 0.002758004702627659, critic loss: 1.5049206018447876
recommendation_loss: 1.2100104093551636, critic_loss: 1.5049206018447876
inter loss 2.507143497467041, intra loss: 0.002765060868114233, critic loss: 1.5053921937942505
recommendation_loss: 1.2893112897872925, critic_loss: 1.5053921937942505
inter loss 2.541232109069824, intra loss: 0.0027780169621109962, critic loss: 1.525850534439087
recommendation_loss: 1.1652570962905884, critic_loss: 1.525850534439087
inter loss 2.525130033493042, intra loss: 0.0027566696517169476, critic loss: 1.5161807537078857
recommendation_loss: 1.2562904357910156, critic_loss: 1.5161807537078857
inter loss 2.5199332237243652, intra loss: 0.0027572154067456722, critic loss: 1.5130629539489746
recommendation_loss: 1.3349502086639404, critic_loss: 1.5130629539489746
inter loss 2.513713836669922, intra loss: 0.0027648955583572388, critic loss: 1.5093343257904053
recommendation_loss: 1.1979072093963623, critic_loss: 1.5093343257904053
inter loss 2.5145459175109863, intra loss: 0.002771124243736267, critic loss: 1.5098360776901245
recommendation_loss: 1.198909878730774, critic_loss: 1.5098360776901245
inter loss 2.502639055252075, intra loss: 0.0027646785601973534, critic loss: 1.5026893615722656
recommendation_loss: 1.1974680423736572, critic_loss: 1.5026893615722656
inter loss 2.4993247985839844, intra loss: 0.0027512202505022287, critic loss: 1.5006954669952393
recommendation_loss: 1.2009434700012207, critic_loss: 1.5006954669952393
inter loss 2.5231707096099854, intra loss: 0.0027638967148959637, critic loss: 1.5150080919265747
recommendation_loss: 1.2364232540130615, critic_loss: 1.5150080919265747
inter loss 2.4943132400512695, intra loss: 0.002759549766778946, critic loss: 1.4976918697357178
recommendation_loss: 1.2537109851837158, critic_loss: 1.4976918697357178
inter loss 2.510730504989624, intra loss: 0.002753930864855647, critic loss: 1.507539987564087
recommendation_loss: 1.2960346937179565, critic_loss: 1.507539987564087
inter loss 2.5265233516693115, intra loss: 0.00277942162938416, critic loss: 1.5170258283615112
recommendation_loss: 1.1342897415161133, critic_loss: 1.5170258283615112
inter loss 2.5099334716796875, intra loss: 0.0027691174764186144, critic loss: 1.5070677995681763
recommendation_loss: 1.1914405822753906, critic_loss: 1.5070677995681763
inter loss 2.535706043243408, intra loss: 0.002763540018349886, critic loss: 1.522529125213623
recommendation_loss: 1.124767780303955, critic_loss: 1.522529125213623
inter loss 2.5105390548706055, intra loss: 0.002758997492492199, critic loss: 1.5074270963668823
recommendation_loss: 1.1916238069534302, critic_loss: 1.5074270963668823
inter loss 2.4947240352630615, intra loss: 0.002762168413028121, critic loss: 1.4979393482208252
recommendation_loss: 1.220445990562439, critic_loss: 1.4979393482208252
inter loss 2.5265445709228516, intra loss: 0.002760465256869793, critic loss: 1.5170310735702515
recommendation_loss: 1.2331044673919678, critic_loss: 1.5170310735702515
inter loss 2.496851921081543, intra loss: 0.002757319249212742, critic loss: 1.4992141723632812
recommendation_loss: 1.1892526149749756, critic_loss: 1.4992141723632812
inter loss 2.5090088844299316, intra loss: 0.002769527258351445, critic loss: 1.506513237953186
recommendation_loss: 1.195250153541565, critic_loss: 1.506513237953186
inter loss 2.500823974609375, intra loss: 0.002769078593701124, critic loss: 1.501602053642273
recommendation_loss: 1.2534657716751099, critic_loss: 1.501602053642273
inter loss 2.489579200744629, intra loss: 0.0027776830829679966, critic loss: 1.4948586225509644
recommendation_loss: 1.2135488986968994, critic_loss: 1.4948586225509644
inter loss 2.4927306175231934, intra loss: 0.002759635215625167, critic loss: 1.4967422485351562
recommendation_loss: 1.2233105897903442, critic_loss: 1.4967422485351562
inter loss 2.4915621280670166, intra loss: 0.002769862301647663, critic loss: 1.4960452318191528
recommendation_loss: 1.1390336751937866, critic_loss: 1.4960452318191528
inter loss 2.513007402420044, intra loss: 0.002754202112555504, critic loss: 1.5089062452316284
recommendation_loss: 1.2137730121612549, critic_loss: 1.5089062452316284
inter loss 2.526306390762329, intra loss: 0.0027662210632115602, critic loss: 1.5168904066085815
recommendation_loss: 1.2275490760803223, critic_loss: 1.5168904066085815
inter loss 2.5191402435302734, intra loss: 0.002760324627161026, critic loss: 1.512588381767273
recommendation_loss: 1.1464471817016602, critic_loss: 1.512588381767273
inter loss 2.474658966064453, intra loss: 0.002764761447906494, critic loss: 1.4859013557434082
recommendation_loss: 1.2313013076782227, critic_loss: 1.4859013557434082
inter loss 2.5355224609375, intra loss: 0.0027466414030641317, critic loss: 1.5224121809005737
recommendation_loss: 1.2577605247497559, critic_loss: 1.5224121809005737
inter loss 2.519198417663574, intra loss: 0.002755822381004691, critic loss: 1.5126214027404785
recommendation_loss: 1.243099570274353, critic_loss: 1.5126214027404785
inter loss 2.5143566131591797, intra loss: 0.00277486490085721, critic loss: 1.5097240209579468
recommendation_loss: 1.2312935590744019, critic_loss: 1.5097240209579468
inter loss 2.506596803665161, intra loss: 0.002757706679403782, critic loss: 1.505061149597168
recommendation_loss: 1.1354560852050781, critic_loss: 1.505061149597168
inter loss 2.506633996963501, intra loss: 0.0027465014718472958, critic loss: 1.5050791501998901
recommendation_loss: 1.1981836557388306, critic_loss: 1.5050791501998901
inter loss 2.517331600189209, intra loss: 0.002744473982602358, critic loss: 1.5114967823028564
recommendation_loss: 1.2786312103271484, critic_loss: 1.5114967823028564
inter loss 2.4884440898895264, intra loss: 0.002764888573437929, critic loss: 1.49417245388031
recommendation_loss: 1.2467079162597656, critic_loss: 1.49417245388031
inter loss 2.526278257369995, intra loss: 0.00275459629483521, critic loss: 1.5168688297271729
recommendation_loss: 1.151767373085022, critic_loss: 1.5168688297271729
inter loss 2.526517629623413, intra loss: 0.002745826728641987, critic loss: 1.517008900642395
recommendation_loss: 1.2962682247161865, critic_loss: 1.517008900642395
inter loss 2.5060312747955322, intra loss: 0.0027674944140017033, critic loss: 1.5047258138656616
recommendation_loss: 1.230027198791504, critic_loss: 1.5047258138656616
inter loss 2.4860613346099854, intra loss: 0.002766024088487029, critic loss: 1.4927432537078857
recommendation_loss: 1.219602346420288, critic_loss: 1.4927432537078857
inter loss 2.5015869140625, intra loss: 0.0027553346008062363, critic loss: 1.5020543336868286
recommendation_loss: 1.3572882413864136, critic_loss: 1.5020543336868286
inter loss 2.503976583480835, intra loss: 0.002766016637906432, critic loss: 1.5034923553466797
recommendation_loss: 1.303048849105835, critic_loss: 1.5034923553466797
inter loss 2.551035165786743, intra loss: 0.0027491850778460503, critic loss: 1.5317208766937256
recommendation_loss: 1.2618178129196167, critic_loss: 1.5317208766937256
inter loss 2.525216579437256, intra loss: 0.002764756791293621, critic loss: 1.5162359476089478
recommendation_loss: 1.2835750579833984, critic_loss: 1.5162359476089478
inter loss 2.4962825775146484, intra loss: 0.0027559122536331415, critic loss: 1.498871922492981
recommendation_loss: 1.191105604171753, critic_loss: 1.498871922492981
inter loss 2.4951694011688232, intra loss: 0.002734915353357792, critic loss: 1.4981956481933594
recommendation_loss: 1.202817440032959, critic_loss: 1.4981956481933594
inter loss 2.515016555786133, intra loss: 0.002745236037299037, critic loss: 1.5101079940795898
recommendation_loss: 1.2442939281463623, critic_loss: 1.5101079940795898
inter loss 2.475759506225586, intra loss: 0.0027425363659858704, critic loss: 1.4865527153015137
recommendation_loss: 1.2257477045059204, critic_loss: 1.4865527153015137
inter loss 2.5120065212249756, intra loss: 0.0027661786880344152, critic loss: 1.5083104372024536
recommendation_loss: 1.2290936708450317, critic_loss: 1.5083104372024536
inter loss 2.522860050201416, intra loss: 0.0027675647288560867, critic loss: 1.514823079109192
recommendation_loss: 1.242109775543213, critic_loss: 1.514823079109192
inter loss 2.4974021911621094, intra loss: 0.0027505531907081604, critic loss: 1.4995415210723877
recommendation_loss: 1.2495613098144531, critic_loss: 1.4995415210723877
inter loss 2.488379716873169, intra loss: 0.002735813846811652, critic loss: 1.4941222667694092
recommendation_loss: 1.1644960641860962, critic_loss: 1.4941222667694092
inter loss 2.5150866508483887, intra loss: 0.0027558798901736736, critic loss: 1.510154366493225
recommendation_loss: 1.2336151599884033, critic_loss: 1.510154366493225
inter loss 2.4947891235351562, intra loss: 0.0027441915590316057, critic loss: 1.4979711771011353
recommendation_loss: 1.314632773399353, critic_loss: 1.4979711771011353
inter loss 2.48604416847229, intra loss: 0.0027557206340134144, critic loss: 1.49272882938385
recommendation_loss: 1.2165197134017944, critic_loss: 1.49272882938385
inter loss 2.525224208831787, intra loss: 0.0027627828530967236, critic loss: 1.5162396430969238
recommendation_loss: 1.1777974367141724, critic_loss: 1.5162396430969238
inter loss 2.541546583175659, intra loss: 0.002746718470007181, critic loss: 1.5260266065597534
recommendation_loss: 1.3121957778930664, critic_loss: 1.5260266065597534
inter loss 2.502377510070801, intra loss: 0.0027555865235626698, critic loss: 1.5025287866592407
recommendation_loss: 1.2647113800048828, critic_loss: 1.5025287866592407
inter loss 2.514583110809326, intra loss: 0.002749625826254487, critic loss: 1.5098497867584229
recommendation_loss: 1.310827374458313, critic_loss: 1.5098497867584229
inter loss 2.520232677459717, intra loss: 0.00275768106803298, critic loss: 1.5132427215576172
recommendation_loss: 1.1591590642929077, critic_loss: 1.5132427215576172
inter loss 2.5019257068634033, intra loss: 0.002763517899438739, critic loss: 1.5022609233856201
recommendation_loss: 1.1652430295944214, critic_loss: 1.5022609233856201
inter loss 2.528280258178711, intra loss: 0.002760854782536626, critic loss: 1.5180726051330566
recommendation_loss: 1.2686686515808105, critic_loss: 1.5180726051330566
inter loss 2.5235629081726074, intra loss: 0.002743127290159464, critic loss: 1.5152350664138794
recommendation_loss: 1.1477913856506348, critic_loss: 1.5152350664138794
inter loss 2.53646183013916, intra loss: 0.00274645141325891, critic loss: 1.5229758024215698
recommendation_loss: 1.207090139389038, critic_loss: 1.5229758024215698
inter loss 2.52681565284729, intra loss: 0.00274739321321249, critic loss: 1.5171884298324585
recommendation_loss: 1.2691659927368164, critic_loss: 1.5171884298324585
inter loss 2.5049550533294678, intra loss: 0.002763591008260846, critic loss: 1.5040785074234009
recommendation_loss: 1.252995252609253, critic_loss: 1.5040785074234009
inter loss 2.531017780303955, intra loss: 0.0027516770642250776, critic loss: 1.5197113752365112
recommendation_loss: 1.2371126413345337, critic_loss: 1.5197113752365112
inter loss 2.5140984058380127, intra loss: 0.0027484579477459192, critic loss: 1.5095584392547607
recommendation_loss: 1.2297348976135254, critic_loss: 1.5095584392547607
inter loss 2.5294981002807617, intra loss: 0.002778067719191313, critic loss: 1.5188101530075073
recommendation_loss: 1.2522212266921997, critic_loss: 1.5188101530075073
inter loss 2.4854817390441895, intra loss: 0.0027667887043207884, critic loss: 1.4923958778381348
recommendation_loss: 1.230799674987793, critic_loss: 1.4923958778381348
inter loss 2.477971076965332, intra loss: 0.00277156219817698, critic loss: 1.4878913164138794
recommendation_loss: 1.3098247051239014, critic_loss: 1.4878913164138794
inter loss 2.5003957748413086, intra loss: 0.002781710820272565, critic loss: 1.5013502836227417
recommendation_loss: 1.2957375049591064, critic_loss: 1.5013502836227417
inter loss 2.487764596939087, intra loss: 0.0027588556986302137, critic loss: 1.4937623739242554
recommendation_loss: 1.0869438648223877, critic_loss: 1.4937623739242554
inter loss 2.503570079803467, intra loss: 0.0027505545876920223, critic loss: 1.5032422542572021
recommendation_loss: 1.3139104843139648, critic_loss: 1.5032422542572021
inter loss 2.518477439880371, intra loss: 0.002749193925410509, critic loss: 1.5121862888336182
recommendation_loss: 1.13895583152771, critic_loss: 1.5121862888336182
inter loss 2.534087657928467, intra loss: 0.0027355370111763477, critic loss: 1.5215468406677246
recommendation_loss: 1.2040445804595947, critic_loss: 1.5215468406677246
inter loss 2.505537271499634, intra loss: 0.0027397722005844116, critic loss: 1.5044183731079102
recommendation_loss: 1.1645455360412598, critic_loss: 1.5044183731079102
inter loss 2.503075361251831, intra loss: 0.0027707682456821203, critic loss: 1.5029535293579102
recommendation_loss: 1.1554073095321655, critic_loss: 1.5029535293579102
inter loss 2.5005316734313965, intra loss: 0.0027544675394892693, critic loss: 1.5014208555221558
recommendation_loss: 1.249740719795227, critic_loss: 1.5014208555221558
inter loss 2.507819652557373, intra loss: 0.0027531487867236137, critic loss: 1.5057930946350098
recommendation_loss: 1.1655914783477783, critic_loss: 1.5057930946350098
inter loss 2.5084900856018066, intra loss: 0.002746467012912035, critic loss: 1.5061928033828735
recommendation_loss: 1.2515065670013428, critic_loss: 1.5061928033828735
inter loss 2.4998042583465576, intra loss: 0.002751461695879698, critic loss: 1.5009831190109253
recommendation_loss: 1.1474201679229736, critic_loss: 1.5009831190109253
inter loss 2.506096839904785, intra loss: 0.00276194023899734, critic loss: 1.5047630071640015
recommendation_loss: 1.1918197870254517, critic_loss: 1.5047630071640015
inter loss 2.517432689666748, intra loss: 0.0027542603202164173, critic loss: 1.511561393737793
recommendation_loss: 1.1866660118103027, critic_loss: 1.511561393737793
inter loss 2.5140271186828613, intra loss: 0.002752118743956089, critic loss: 1.5095171928405762
recommendation_loss: 1.2622061967849731, critic_loss: 1.5095171928405762
inter loss 2.5251007080078125, intra loss: 0.002757913200184703, critic loss: 1.51616370677948
recommendation_loss: 1.2819275856018066, critic_loss: 1.51616370677948
inter loss 2.511131763458252, intra loss: 0.002757873386144638, critic loss: 1.5077823400497437
recommendation_loss: 1.2765181064605713, critic_loss: 1.5077823400497437
inter loss 2.5077242851257324, intra loss: 0.002762929769232869, critic loss: 1.5057398080825806
recommendation_loss: 1.2502264976501465, critic_loss: 1.5057398080825806
inter loss 2.5050604343414307, intra loss: 0.0027529816143214703, critic loss: 1.5041375160217285
recommendation_loss: 1.1389111280441284, critic_loss: 1.5041375160217285
inter loss 2.521892547607422, intra loss: 0.0027558396104723215, critic loss: 1.514237880706787
recommendation_loss: 1.1578083038330078, critic_loss: 1.514237880706787
inter loss 2.515629291534424, intra loss: 0.0027563159819692373, critic loss: 1.5104801654815674
recommendation_loss: 1.260115623474121, critic_loss: 1.5104801654815674
inter loss 2.495009422302246, intra loss: 0.002757082227617502, critic loss: 1.4981085062026978
recommendation_loss: 1.2426337003707886, critic_loss: 1.4981085062026978
inter loss 2.484125852584839, intra loss: 0.002757178619503975, critic loss: 1.491578459739685
recommendation_loss: 1.2953242063522339, critic_loss: 1.491578459739685
inter loss 2.4926984310150146, intra loss: 0.0027724867686629295, critic loss: 1.4967280626296997
recommendation_loss: 1.2780381441116333, critic_loss: 1.4967280626296997
inter loss 2.5170960426330566, intra loss: 0.00274655781686306, critic loss: 1.5113563537597656
recommendation_loss: 1.2349357604980469, critic_loss: 1.5113563537597656
inter loss 2.5042195320129395, intra loss: 0.0027505862526595592, critic loss: 1.5036319494247437
recommendation_loss: 1.2540302276611328, critic_loss: 1.5036319494247437
inter loss 2.49596905708313, intra loss: 0.0027619232423603535, critic loss: 1.4986861944198608
recommendation_loss: 1.206329107284546, critic_loss: 1.4986861944198608
inter loss 2.523371696472168, intra loss: 0.0027284626848995686, critic loss: 1.515114426612854
recommendation_loss: 1.148209571838379, critic_loss: 1.515114426612854
inter loss 2.5096044540405273, intra loss: 0.0027628180105239153, critic loss: 1.50686776638031
recommendation_loss: 1.1503984928131104, critic_loss: 1.50686776638031
inter loss 2.51823091506958, intra loss: 0.0027495180256664753, critic loss: 1.5120384693145752
recommendation_loss: 1.2817773818969727, critic_loss: 1.5120384693145752
inter loss 2.5457568168640137, intra loss: 0.002745601814240217, critic loss: 1.5285524129867554
recommendation_loss: 1.2289396524429321, critic_loss: 1.5285524129867554
inter loss 2.5024478435516357, intra loss: 0.0027540279552340508, critic loss: 1.502570390701294
recommendation_loss: 1.2784709930419922, critic_loss: 1.502570390701294
inter loss 2.521615982055664, intra loss: 0.0027613905258476734, critic loss: 1.5140742063522339
recommendation_loss: 1.216262698173523, critic_loss: 1.5140742063522339
inter loss 2.516170024871826, intra loss: 0.0027506351470947266, critic loss: 1.5108023881912231
recommendation_loss: 1.2184072732925415, critic_loss: 1.5108023881912231
inter loss 2.478858470916748, intra loss: 0.002761954441666603, critic loss: 1.488420009613037
recommendation_loss: 1.2863209247589111, critic_loss: 1.488420009613037
inter loss 2.4795074462890625, intra loss: 0.002754457062110305, critic loss: 1.4888062477111816
recommendation_loss: 1.2814306020736694, critic_loss: 1.4888062477111816
inter loss 2.5153520107269287, intra loss: 0.0027607511729002, critic loss: 1.5103156566619873
recommendation_loss: 1.1622971296310425, critic_loss: 1.5103156566619873
inter loss 2.5280160903930664, intra loss: 0.0027736290358006954, critic loss: 1.5179191827774048
recommendation_loss: 1.2506153583526611, critic_loss: 1.5179191827774048
inter loss 2.5203099250793457, intra loss: 0.0027613933198153973, critic loss: 1.5132906436920166
recommendation_loss: 1.248958706855774, critic_loss: 1.5132906436920166
inter loss 2.498441696166992, intra loss: 0.002769656013697386, critic loss: 1.5001728534698486
recommendation_loss: 1.2484071254730225, critic_loss: 1.5001728534698486
inter loss 2.5294361114501953, intra loss: 0.002752521773800254, critic loss: 1.5187627077102661
recommendation_loss: 1.2488560676574707, critic_loss: 1.5187627077102661
inter loss 2.5146090984344482, intra loss: 0.0027580582536756992, critic loss: 1.509868860244751
recommendation_loss: 1.3093489408493042, critic_loss: 1.509868860244751
inter loss 2.509593963623047, intra loss: 0.0027393230702728033, critic loss: 1.5068522691726685
recommendation_loss: 1.2175887823104858, critic_loss: 1.5068522691726685
inter loss 2.5131635665893555, intra loss: 0.00275033270008862, critic loss: 1.5089983940124512
recommendation_loss: 1.2512431144714355, critic_loss: 1.5089983940124512
inter loss 2.5331435203552246, intra loss: 0.002768288366496563, critic loss: 1.5209934711456299
recommendation_loss: 1.2584114074707031, critic_loss: 1.5209934711456299
inter loss 2.5145745277404785, intra loss: 0.0027537767309695482, critic loss: 1.5098463296890259
recommendation_loss: 1.2399448156356812, critic_loss: 1.5098463296890259
inter loss 2.5270345211029053, intra loss: 0.0027600787580013275, critic loss: 1.5173248052597046
recommendation_loss: 1.2171424627304077, critic_loss: 1.5173248052597046
inter loss 2.498755931854248, intra loss: 0.0027710162103176117, critic loss: 1.5003620386123657
recommendation_loss: 1.1874850988388062, critic_loss: 1.5003620386123657
inter loss 2.5185093879699707, intra loss: 0.002747015096247196, critic loss: 1.5122044086456299
recommendation_loss: 1.186854600906372, critic_loss: 1.5122044086456299
inter loss 2.5076022148132324, intra loss: 0.0027668920811265707, critic loss: 1.5056681632995605
recommendation_loss: 1.1251304149627686, critic_loss: 1.5056681632995605
inter loss 2.540410041809082, intra loss: 0.0027508751954883337, critic loss: 1.5253463983535767
recommendation_loss: 1.2499586343765259, critic_loss: 1.5253463983535767
inter loss 2.5246481895446777, intra loss: 0.002757346024736762, critic loss: 1.5158919095993042
recommendation_loss: 1.2246744632720947, critic_loss: 1.5158919095993042
inter loss 2.513720989227295, intra loss: 0.0027721766382455826, critic loss: 1.5093415975570679
recommendation_loss: 1.2144064903259277, critic_loss: 1.5093415975570679
inter loss 2.4983673095703125, intra loss: 0.0027554547414183617, critic loss: 1.5001226663589478
recommendation_loss: 1.2067339420318604, critic_loss: 1.5001226663589478
inter loss 2.533689498901367, intra loss: 0.0027555765118449926, critic loss: 1.5213159322738647
recommendation_loss: 1.2036854028701782, critic_loss: 1.5213159322738647
inter loss 2.537693738937378, intra loss: 0.0027473296504467726, critic loss: 1.5237152576446533
recommendation_loss: 1.2457563877105713, critic_loss: 1.5237152576446533
inter loss 2.4972567558288574, intra loss: 0.002757154405117035, critic loss: 1.4994568824768066
recommendation_loss: 1.2434132099151611, critic_loss: 1.4994568824768066
inter loss 2.489799737930298, intra loss: 0.002751059364527464, critic loss: 1.4949803352355957
recommendation_loss: 1.158445119857788, critic_loss: 1.4949803352355957
inter loss 2.4860496520996094, intra loss: 0.0027545313350856304, critic loss: 1.4927316904067993
recommendation_loss: 1.1905016899108887, critic_loss: 1.4927316904067993
inter loss 2.521733045578003, intra loss: 0.002749128732830286, critic loss: 1.5141396522521973
recommendation_loss: 1.315490961074829, critic_loss: 1.5141396522521973
inter loss 2.487036943435669, intra loss: 0.0027846486773341894, critic loss: 1.4933360815048218
recommendation_loss: 1.2571866512298584, critic_loss: 1.4933360815048218
inter loss 2.4987552165985107, intra loss: 0.0027613937854766846, critic loss: 1.500357747077942
recommendation_loss: 1.199460506439209, critic_loss: 1.500357747077942
inter loss 2.5057644844055176, intra loss: 0.0027517902199178934, critic loss: 1.5045593976974487
recommendation_loss: 1.269248366355896, critic_loss: 1.5045593976974487
inter loss 2.5416805744171143, intra loss: 0.0027389787137508392, critic loss: 1.5261039733886719
recommendation_loss: 1.3758045434951782, critic_loss: 1.5261039733886719
inter loss 2.540109157562256, intra loss: 0.0027571278624236584, critic loss: 1.5251684188842773
recommendation_loss: 1.218482255935669, critic_loss: 1.5251684188842773
inter loss 2.549257755279541, intra loss: 0.0027568242512643337, critic loss: 1.530657410621643
recommendation_loss: 1.2561581134796143, critic_loss: 1.530657410621643
inter loss 2.4949581623077393, intra loss: 0.0027405384462326765, critic loss: 1.4980711936950684
recommendation_loss: 1.231960654258728, critic_loss: 1.4980711936950684
inter loss 2.529937267303467, intra loss: 0.0027571418322622776, critic loss: 1.519065260887146
recommendation_loss: 1.316206455230713, critic_loss: 1.519065260887146
inter loss 2.506254196166992, intra loss: 0.0027393719647079706, critic loss: 1.5048483610153198
recommendation_loss: 1.216482162475586, critic_loss: 1.5048483610153198
inter loss 2.507229804992676, intra loss: 0.002745592501014471, critic loss: 1.5054361820220947
recommendation_loss: 1.2142633199691772, critic_loss: 1.5054361820220947
inter loss 2.4952378273010254, intra loss: 0.0027566980570554733, critic loss: 1.4982454776763916
recommendation_loss: 1.242417812347412, critic_loss: 1.4982454776763916
inter loss 2.509805202484131, intra loss: 0.002753413747996092, critic loss: 1.5069845914840698
recommendation_loss: 1.2692112922668457, critic_loss: 1.5069845914840698
inter loss 2.5046944618225098, intra loss: 0.002742308657616377, critic loss: 1.5039137601852417
recommendation_loss: 1.2726062536239624, critic_loss: 1.5039137601852417
inter loss 2.5118794441223145, intra loss: 0.002740010153502226, critic loss: 1.5082237720489502
recommendation_loss: 1.193772315979004, critic_loss: 1.5082237720489502
inter loss 2.5275654792785645, intra loss: 0.002753298496827483, critic loss: 1.5176407098770142
recommendation_loss: 1.209607720375061, critic_loss: 1.5176407098770142
inter loss 2.5266690254211426, intra loss: 0.002747630700469017, critic loss: 1.5171005725860596
recommendation_loss: 1.2779829502105713, critic_loss: 1.5171005725860596
inter loss 2.504255771636963, intra loss: 0.002722186967730522, critic loss: 1.5036424398422241
recommendation_loss: 1.1748992204666138, critic_loss: 1.5036424398422241
inter loss 2.541186809539795, intra loss: 0.0027456716634333134, critic loss: 1.5258104801177979
recommendation_loss: 1.2340178489685059, critic_loss: 1.5258104801177979
inter loss 2.513868808746338, intra loss: 0.002759275957942009, critic loss: 1.509425163269043
recommendation_loss: 1.1532573699951172, critic_loss: 1.509425163269043
inter loss 2.527585506439209, intra loss: 0.0027446013409644365, critic loss: 1.5176491737365723
recommendation_loss: 1.3207122087478638, critic_loss: 1.5176491737365723
inter loss 2.508000373840332, intra loss: 0.002752829110249877, critic loss: 1.5059014558792114
recommendation_loss: 1.276742696762085, critic_loss: 1.5059014558792114
inter loss 2.5068717002868652, intra loss: 0.0027805862482637167, critic loss: 1.5052353143692017
recommendation_loss: 1.2278575897216797, critic_loss: 1.5052353143692017
inter loss 2.54364013671875, intra loss: 0.0027565560303628445, critic loss: 1.5272867679595947
recommendation_loss: 1.2555384635925293, critic_loss: 1.5272867679595947
inter loss 2.489133358001709, intra loss: 0.0027523960452526808, critic loss: 1.4945811033248901
recommendation_loss: 1.254462480545044, critic_loss: 1.4945811033248901
inter loss 2.5041074752807617, intra loss: 0.0027567786164581776, critic loss: 1.5035672187805176
recommendation_loss: 1.237705945968628, critic_loss: 1.5035672187805176
inter loss 2.4998679161071777, intra loss: 0.0027787056751549244, critic loss: 1.5010323524475098
recommendation_loss: 1.2089691162109375, critic_loss: 1.5010323524475098
inter loss 2.4974608421325684, intra loss: 0.002767575206235051, critic loss: 1.4995834827423096
recommendation_loss: 1.1297720670700073, critic_loss: 1.4995834827423096
inter loss 2.4916257858276367, intra loss: 0.002770478604361415, critic loss: 1.4960837364196777
recommendation_loss: 1.2065917253494263, critic_loss: 1.4960837364196777
inter loss 2.5189766883850098, intra loss: 0.002754430053755641, critic loss: 1.512487769126892
recommendation_loss: 1.1601901054382324, critic_loss: 1.512487769126892
inter loss 2.483576536178589, intra loss: 0.0027435116935521364, critic loss: 1.4912433624267578
recommendation_loss: 1.248162031173706, critic_loss: 1.4912433624267578
inter loss 2.519102096557617, intra loss: 0.0027491485234349966, critic loss: 1.5125610828399658
recommendation_loss: 1.2673099040985107, critic_loss: 1.5125610828399658
inter loss 2.5012471675872803, intra loss: 0.0027497676201164722, critic loss: 1.5018483400344849
recommendation_loss: 1.1975001096725464, critic_loss: 1.5018483400344849
inter loss 2.517796039581299, intra loss: 0.002738404553383589, critic loss: 1.5117731094360352
recommendation_loss: 1.301602840423584, critic_loss: 1.5117731094360352
inter loss 2.5271565914154053, intra loss: 0.002751363208517432, critic loss: 1.5173945426940918
recommendation_loss: 1.2279959917068481, critic_loss: 1.5173945426940918
inter loss 2.5012195110321045, intra loss: 0.002732879016548395, critic loss: 1.501824975013733
recommendation_loss: 1.2814737558364868, critic_loss: 1.501824975013733
inter loss 2.5010428428649902, intra loss: 0.002753104083240032, critic loss: 1.5017269849777222
recommendation_loss: 1.2211138010025024, critic_loss: 1.5017269849777222
inter loss 2.5171151161193848, intra loss: 0.0027524239849299192, critic loss: 1.5113701820373535
recommendation_loss: 1.2646740674972534, critic_loss: 1.5113701820373535
inter loss 2.501911163330078, intra loss: 0.0027694879099726677, critic loss: 1.502254605293274
recommendation_loss: 1.2141867876052856, critic_loss: 1.502254605293274
inter loss 2.49587082862854, intra loss: 0.002752253320068121, critic loss: 1.4986234903335571
recommendation_loss: 1.216925859451294, critic_loss: 1.4986234903335571
inter loss 2.5249252319335938, intra loss: 0.0027607663068920374, critic loss: 1.5160595178604126
recommendation_loss: 1.2075116634368896, critic_loss: 1.5160595178604126
inter loss 2.507368564605713, intra loss: 0.002758590504527092, critic loss: 1.5055246353149414
recommendation_loss: 1.2192726135253906, critic_loss: 1.5055246353149414
inter loss 2.527759075164795, intra loss: 0.002756377449259162, critic loss: 1.5177581310272217
recommendation_loss: 1.2752790451049805, critic_loss: 1.5177581310272217
inter loss 2.502346992492676, intra loss: 0.0027540307492017746, critic loss: 1.5025098323822021
recommendation_loss: 1.2164100408554077, critic_loss: 1.5025098323822021
inter loss 2.5015010833740234, intra loss: 0.0027593490667641163, critic loss: 1.5020045042037964
recommendation_loss: 1.175291895866394, critic_loss: 1.5020045042037964
inter loss 2.5279150009155273, intra loss: 0.0027519280556589365, critic loss: 1.5178498029708862
recommendation_loss: 1.2572479248046875, critic_loss: 1.5178498029708862
inter loss 2.5195133686065674, intra loss: 0.0027480069547891617, critic loss: 1.5128073692321777
recommendation_loss: 1.2758429050445557, critic_loss: 1.5128073692321777
inter loss 2.5034537315368652, intra loss: 0.002750589745119214, critic loss: 1.503172516822815
recommendation_loss: 1.2155585289001465, critic_loss: 1.503172516822815
inter loss 2.503922462463379, intra loss: 0.0027500386349856853, critic loss: 1.5034536123275757
recommendation_loss: 1.1653929948806763, critic_loss: 1.5034536123275757
inter loss 2.5032544136047363, intra loss: 0.0027629374526441097, critic loss: 1.5030579566955566
recommendation_loss: 1.3333405256271362, critic_loss: 1.5030579566955566
inter loss 2.4995431900024414, intra loss: 0.0027367461007088423, critic loss: 1.5008206367492676
recommendation_loss: 1.198065996170044, critic_loss: 1.5008206367492676
inter loss 2.515174150466919, intra loss: 0.0027475813403725624, critic loss: 1.5102035999298096
recommendation_loss: 1.2151685953140259, critic_loss: 1.5102035999298096
inter loss 2.5165276527404785, intra loss: 0.002759993076324463, critic loss: 1.5110206604003906
recommendation_loss: 1.253462791442871, critic_loss: 1.5110206604003906
inter loss 2.5230627059936523, intra loss: 0.002743292134255171, critic loss: 1.51493501663208
recommendation_loss: 1.3253381252288818, critic_loss: 1.51493501663208
inter loss 2.496148109436035, intra loss: 0.002753256354480982, critic loss: 1.4987901449203491
recommendation_loss: 1.1895716190338135, critic_loss: 1.4987901449203491
inter loss 2.4934706687927246, intra loss: 0.002744713332504034, critic loss: 1.4971803426742554
recommendation_loss: 1.2070178985595703, critic_loss: 1.4971803426742554
inter loss 2.5107874870300293, intra loss: 0.002742805052548647, critic loss: 1.507569670677185
recommendation_loss: 1.2275261878967285, critic_loss: 1.507569670677185
inter loss 2.498199939727783, intra loss: 0.002757174428552389, critic loss: 1.5000228881835938
recommendation_loss: 1.2416476011276245, critic_loss: 1.5000228881835938
inter loss 2.4909353256225586, intra loss: 0.002753226784989238, critic loss: 1.4956624507904053
recommendation_loss: 1.231634259223938, critic_loss: 1.4956624507904053
inter loss 2.5335397720336914, intra loss: 0.0027512479573488235, critic loss: 1.5212244987487793
recommendation_loss: 1.2954810857772827, critic_loss: 1.5212244987487793
inter loss 2.5259225368499756, intra loss: 0.002744352910667658, critic loss: 1.5166513919830322
recommendation_loss: 1.193199872970581, critic_loss: 1.5166513919830322
inter loss 2.5275142192840576, intra loss: 0.0027547841891646385, critic loss: 1.5176105499267578
recommendation_loss: 1.2260411977767944, critic_loss: 1.5176105499267578
inter loss 2.5030159950256348, intra loss: 0.002744991797953844, critic loss: 1.5029077529907227
recommendation_loss: 1.1860138177871704, critic_loss: 1.5029077529907227
inter loss 2.516662120819092, intra loss: 0.002754367422312498, critic loss: 1.511099100112915
recommendation_loss: 1.2550913095474243, critic_loss: 1.511099100112915
inter loss 2.512089729309082, intra loss: 0.0027465499006211758, critic loss: 1.508352518081665
recommendation_loss: 1.2665188312530518, critic_loss: 1.508352518081665
inter loss 2.534498929977417, intra loss: 0.00276696914806962, critic loss: 1.5218061208724976
recommendation_loss: 1.249886155128479, critic_loss: 1.5218061208724976
inter loss 2.527416944503784, intra loss: 0.0027358958031982183, critic loss: 1.5175446271896362
recommendation_loss: 1.2234187126159668, critic_loss: 1.5175446271896362
inter loss 2.4974989891052246, intra loss: 0.002752959728240967, critic loss: 1.4996005296707153
recommendation_loss: 1.25309419631958, critic_loss: 1.4996005296707153
inter loss 2.5161938667297363, intra loss: 0.002759661292657256, critic loss: 1.5108202695846558
recommendation_loss: 1.1819634437561035, critic_loss: 1.5108202695846558
inter loss 2.508664131164551, intra loss: 0.0027652268763631582, critic loss: 1.5063047409057617
recommendation_loss: 1.2631940841674805, critic_loss: 1.5063047409057617
inter loss 2.508570432662964, intra loss: 0.0027355877682566643, critic loss: 1.5062365531921387
recommendation_loss: 1.1958811283111572, critic_loss: 1.5062365531921387
inter loss 2.509477376937866, intra loss: 0.002741591539233923, critic loss: 1.506783127784729
recommendation_loss: 1.2439512014389038, critic_loss: 1.506783127784729
inter loss 2.50529146194458, intra loss: 0.002760933246463537, critic loss: 1.5042792558670044
recommendation_loss: 1.2548131942749023, critic_loss: 1.5042792558670044
inter loss 2.4992098808288574, intra loss: 0.00274637877009809, critic loss: 1.5006245374679565
recommendation_loss: 1.293447732925415, critic_loss: 1.5006245374679565
inter loss 2.5162792205810547, intra loss: 0.0027424865402281284, critic loss: 1.5108646154403687
recommendation_loss: 1.238358736038208, critic_loss: 1.5108646154403687
inter loss 2.516439914703369, intra loss: 0.0027293707244098186, critic loss: 1.5109556913375854
recommendation_loss: 1.2009251117706299, critic_loss: 1.5109556913375854
inter loss 2.5291714668273926, intra loss: 0.0027584638446569443, critic loss: 1.5186063051223755
recommendation_loss: 1.2355315685272217, critic_loss: 1.5186063051223755
inter loss 2.5239055156707764, intra loss: 0.0027441540732979774, critic loss: 1.5154410600662231
recommendation_loss: 1.311011552810669, critic_loss: 1.5154410600662231
inter loss 2.520437240600586, intra loss: 0.0027428700122982264, critic loss: 1.5133596658706665
recommendation_loss: 1.2267578840255737, critic_loss: 1.5133596658706665
inter loss 2.510000228881836, intra loss: 0.00276311207562685, critic loss: 1.5071053504943848
recommendation_loss: 1.1957480907440186, critic_loss: 1.5071053504943848
inter loss 2.494281768798828, intra loss: 0.0027448581531643867, critic loss: 1.4976670742034912
recommendation_loss: 1.2242406606674194, critic_loss: 1.4976670742034912
2024-08-09 18:42:46.510952: step 5168/24320 (epoch 17/80), loss = 1.312529 (33.370 sec/epoch), lr: 0.002707
Evaluating on dev set...
...........................
source: 	 mrr: 0.041251	 ndcg_5: 0.0289	 ndcg_10: 0.0403	 hit@1:0.013758	 hit@5:0.0434	 hit@10: 0.0789
target: 	 mrr: 0.040072	 ndcg_5: 0.0323	 ndcg_10: 0.0427	 hit@1:0.012544	 hit@5:0.0509	 hit@10: 0.0836
epoch 17: train_loss = 1.312529, source_hit@10 = 0.0789, source_ndcg@10 = 0.0403, target_hit@10 = 0.0836, target_ndcg@10 = 0.0427

inter loss 2.5167508125305176, intra loss: 0.002781796036288142, critic loss: 1.5111632347106934
recommendation_loss: 1.2149633169174194, critic_loss: 1.5111632347106934
inter loss 2.513608932495117, intra loss: 0.0027484761085361242, critic loss: 1.5092648267745972
recommendation_loss: 1.281010627746582, critic_loss: 1.5092648267745972
inter loss 2.4802756309509277, intra loss: 0.0027290519792586565, critic loss: 1.4892569780349731
recommendation_loss: 1.2372236251831055, critic_loss: 1.4892569780349731
inter loss 2.502943515777588, intra loss: 0.002759628463536501, critic loss: 1.5028700828552246
recommendation_loss: 1.1803958415985107, critic_loss: 1.5028700828552246
inter loss 2.510685920715332, intra loss: 0.002733144210651517, critic loss: 1.507504940032959
recommendation_loss: 1.2689666748046875, critic_loss: 1.507504940032959
inter loss 2.487577199935913, intra loss: 0.002751713152974844, critic loss: 1.4936469793319702
recommendation_loss: 1.2562922239303589, critic_loss: 1.4936469793319702
inter loss 2.503708600997925, intra loss: 0.0027555618435144424, critic loss: 1.503327488899231
recommendation_loss: 1.2001755237579346, critic_loss: 1.503327488899231
inter loss 2.4907066822052, intra loss: 0.002743922872468829, critic loss: 1.4955216646194458
recommendation_loss: 1.1855533123016357, critic_loss: 1.4955216646194458
inter loss 2.4820449352264404, intra loss: 0.002725956728681922, critic loss: 1.490317463874817
recommendation_loss: 1.2299976348876953, critic_loss: 1.490317463874817
inter loss 2.496371030807495, intra loss: 0.0027423605788499117, critic loss: 1.4989196062088013
recommendation_loss: 1.2174640893936157, critic_loss: 1.4989196062088013
inter loss 2.517416477203369, intra loss: 0.0027296782936900854, critic loss: 1.5115418434143066
recommendation_loss: 1.1789743900299072, critic_loss: 1.5115418434143066
inter loss 2.5011837482452393, intra loss: 0.002736855298280716, critic loss: 1.501805067062378
recommendation_loss: 1.14473557472229, critic_loss: 1.501805067062378
inter loss 2.504671573638916, intra loss: 0.0027518928982317448, critic loss: 1.5039037466049194
recommendation_loss: 1.3099995851516724, critic_loss: 1.5039037466049194
inter loss 2.500225067138672, intra loss: 0.0027547343634068966, critic loss: 1.501236915588379
recommendation_loss: 1.2319837808609009, critic_loss: 1.501236915588379
inter loss 2.493104934692383, intra loss: 0.0027441116981208324, critic loss: 1.4969606399536133
recommendation_loss: 1.2930132150650024, critic_loss: 1.4969606399536133
inter loss 2.5185043811798096, intra loss: 0.0027495562098920345, critic loss: 1.512202501296997
recommendation_loss: 1.3827624320983887, critic_loss: 1.512202501296997
inter loss 2.5229032039642334, intra loss: 0.002743951976299286, critic loss: 1.51483952999115
recommendation_loss: 1.2100012302398682, critic_loss: 1.51483952999115
inter loss 2.4997353553771973, intra loss: 0.0027537858113646507, critic loss: 1.5009427070617676
recommendation_loss: 1.2383334636688232, critic_loss: 1.5009427070617676
inter loss 2.510958194732666, intra loss: 0.0027446788735687733, critic loss: 1.507672905921936
recommendation_loss: 1.1965469121932983, critic_loss: 1.507672905921936
inter loss 2.496638536453247, intra loss: 0.0027521904557943344, critic loss: 1.4990841150283813
recommendation_loss: 1.1938940286636353, critic_loss: 1.4990841150283813
inter loss 2.5243000984191895, intra loss: 0.002752849832177162, critic loss: 1.515681266784668
recommendation_loss: 1.2102259397506714, critic_loss: 1.515681266784668
inter loss 2.469329595565796, intra loss: 0.0027632974088191986, critic loss: 1.4827030897140503
recommendation_loss: 1.23043692111969, critic_loss: 1.4827030897140503
inter loss 2.5003223419189453, intra loss: 0.0027518002316355705, critic loss: 1.5012942552566528
recommendation_loss: 1.1747466325759888, critic_loss: 1.5012942552566528
inter loss 2.4903876781463623, intra loss: 0.002758644986897707, critic loss: 1.4953360557556152
recommendation_loss: 1.2272367477416992, critic_loss: 1.4953360557556152
inter loss 2.4844350814819336, intra loss: 0.002759586786851287, critic loss: 1.491765022277832
recommendation_loss: 1.165919303894043, critic_loss: 1.491765022277832
inter loss 2.488579273223877, intra loss: 0.0027672331780195236, critic loss: 1.494254469871521
recommendation_loss: 1.1509318351745605, critic_loss: 1.494254469871521
inter loss 2.501699924468994, intra loss: 0.002740612719208002, critic loss: 1.502116322517395
recommendation_loss: 1.239742398262024, critic_loss: 1.502116322517395
inter loss 2.48502516746521, intra loss: 0.002756513422355056, critic loss: 1.4921177625656128
recommendation_loss: 1.263335943222046, critic_loss: 1.4921177625656128
inter loss 2.490389347076416, intra loss: 0.0027613360434770584, critic loss: 1.4953382015228271
recommendation_loss: 1.1343141794204712, critic_loss: 1.4953382015228271
inter loss 2.4743239879608154, intra loss: 0.002754656132310629, critic loss: 1.4856963157653809
recommendation_loss: 1.2341967821121216, critic_loss: 1.4856963157653809
inter loss 2.4890711307525635, intra loss: 0.002757245907559991, critic loss: 1.4945456981658936
recommendation_loss: 1.2868610620498657, critic_loss: 1.4945456981658936
inter loss 2.48575758934021, intra loss: 0.0027729361318051815, critic loss: 1.4925637245178223
recommendation_loss: 1.1453224420547485, critic_loss: 1.4925637245178223
inter loss 2.47883677482605, intra loss: 0.0027547411154955626, critic loss: 1.4884039163589478
recommendation_loss: 1.2871406078338623, critic_loss: 1.4884039163589478
inter loss 2.514051914215088, intra loss: 0.00275782379321754, critic loss: 1.5095343589782715
recommendation_loss: 1.1714321374893188, critic_loss: 1.5095343589782715
inter loss 2.5092272758483887, intra loss: 0.002756415633484721, critic loss: 1.506639003753662
recommendation_loss: 1.218441367149353, critic_loss: 1.506639003753662
inter loss 2.493865489959717, intra loss: 0.0027728613931685686, critic loss: 1.4974284172058105
recommendation_loss: 1.253355622291565, critic_loss: 1.4974284172058105
inter loss 2.491191864013672, intra loss: 0.00277071725577116, critic loss: 1.4958235025405884
recommendation_loss: 1.2820444107055664, critic_loss: 1.4958235025405884
inter loss 2.479759454727173, intra loss: 0.002768751932308078, critic loss: 1.4889631271362305
recommendation_loss: 1.2582324743270874, critic_loss: 1.4889631271362305
inter loss 2.478980541229248, intra loss: 0.0027724781539291143, critic loss: 1.4884973764419556
recommendation_loss: 1.2152535915374756, critic_loss: 1.4884973764419556
inter loss 2.473111629486084, intra loss: 0.0027555215638130903, critic loss: 1.4849692583084106
recommendation_loss: 1.2216663360595703, critic_loss: 1.4849692583084106
inter loss 2.4874558448791504, intra loss: 0.0027613695710897446, critic loss: 1.4935781955718994
recommendation_loss: 1.245377540588379, critic_loss: 1.4935781955718994
inter loss 2.497779607772827, intra loss: 0.002746464218944311, critic loss: 1.49976646900177
recommendation_loss: 1.1533253192901611, critic_loss: 1.49976646900177
inter loss 2.5098984241485596, intra loss: 0.002746507292613387, critic loss: 1.5070377588272095
recommendation_loss: 1.2317173480987549, critic_loss: 1.5070377588272095
inter loss 2.488252878189087, intra loss: 0.002746360842138529, critic loss: 1.4940502643585205
recommendation_loss: 1.2208234071731567, critic_loss: 1.4940502643585205
inter loss 2.5140180587768555, intra loss: 0.002743407618254423, critic loss: 1.5095082521438599
recommendation_loss: 1.2297916412353516, critic_loss: 1.5095082521438599
inter loss 2.4875071048736572, intra loss: 0.0027684399392455816, critic loss: 1.4936116933822632
recommendation_loss: 1.1580185890197754, critic_loss: 1.4936116933822632
inter loss 2.4901437759399414, intra loss: 0.0027667032554745674, critic loss: 1.4951930046081543
recommendation_loss: 1.2740626335144043, critic_loss: 1.4951930046081543
inter loss 2.498659610748291, intra loss: 0.002765549113973975, critic loss: 1.5003020763397217
recommendation_loss: 1.2902944087982178, critic_loss: 1.5003020763397217
inter loss 2.49605131149292, intra loss: 0.0027576107531785965, critic loss: 1.4987338781356812
recommendation_loss: 1.258455514907837, critic_loss: 1.4987338781356812
inter loss 2.499441146850586, intra loss: 0.002736548660323024, critic loss: 1.5007593631744385
recommendation_loss: 1.1972917318344116, critic_loss: 1.5007593631744385
inter loss 2.4683308601379395, intra loss: 0.002762814052402973, critic loss: 1.4821035861968994
recommendation_loss: 1.2691981792449951, critic_loss: 1.4821035861968994
inter loss 2.492081880569458, intra loss: 0.0027516381815075874, critic loss: 1.496349811553955
recommendation_loss: 1.1820118427276611, critic_loss: 1.496349811553955
inter loss 2.538302421569824, intra loss: 0.0027774774935096502, critic loss: 1.5240925550460815
recommendation_loss: 1.2000503540039062, critic_loss: 1.5240925550460815
inter loss 2.495682716369629, intra loss: 0.002782902680337429, critic loss: 1.4985228776931763
recommendation_loss: 1.2404041290283203, critic_loss: 1.4985228776931763
inter loss 2.503446102142334, intra loss: 0.0027739894576370716, critic loss: 1.503177285194397
recommendation_loss: 1.3272216320037842, critic_loss: 1.503177285194397
inter loss 2.5015015602111816, intra loss: 0.002772028325125575, critic loss: 1.5020097494125366
recommendation_loss: 1.2208772897720337, critic_loss: 1.5020097494125366
inter loss 2.50002121925354, intra loss: 0.002771016675978899, critic loss: 1.501121163368225
recommendation_loss: 1.197756052017212, critic_loss: 1.501121163368225
inter loss 2.5076446533203125, intra loss: 0.0027650780975818634, critic loss: 1.5056928396224976
recommendation_loss: 1.2911262512207031, critic_loss: 1.5056928396224976
inter loss 2.5111870765686035, intra loss: 0.002762590767815709, critic loss: 1.5078173875808716
recommendation_loss: 1.1523643732070923, critic_loss: 1.5078173875808716
inter loss 2.4968807697296143, intra loss: 0.002759212628006935, critic loss: 1.4992321729660034
recommendation_loss: 1.177170991897583, critic_loss: 1.4992321729660034
inter loss 2.4931540489196777, intra loss: 0.0027662627398967743, critic loss: 1.4969990253448486
recommendation_loss: 1.1867420673370361, critic_loss: 1.4969990253448486
inter loss 2.4910480976104736, intra loss: 0.002773465123027563, critic loss: 1.4957382678985596
recommendation_loss: 1.192710518836975, critic_loss: 1.4957382678985596
inter loss 2.5010008811950684, intra loss: 0.002762163057923317, critic loss: 1.5017054080963135
recommendation_loss: 1.2360060214996338, critic_loss: 1.5017054080963135
inter loss 2.4908549785614014, intra loss: 0.002787658479064703, critic loss: 1.4956281185150146
recommendation_loss: 1.2123796939849854, critic_loss: 1.4956281185150146
inter loss 2.514387369155884, intra loss: 0.0027783093973994255, critic loss: 1.5097438097000122
recommendation_loss: 1.2174687385559082, critic_loss: 1.5097438097000122
inter loss 2.5099544525146484, intra loss: 0.0027557918801903725, critic loss: 1.5070750713348389
recommendation_loss: 1.1417183876037598, critic_loss: 1.5070750713348389
inter loss 2.49416446685791, intra loss: 0.002762715332210064, critic loss: 1.4976037740707397
recommendation_loss: 1.310908555984497, critic_loss: 1.4976037740707397
inter loss 2.5345754623413086, intra loss: 0.0027502772863954306, critic loss: 1.5218454599380493
recommendation_loss: 1.2140483856201172, critic_loss: 1.5218454599380493
inter loss 2.519686222076416, intra loss: 0.002757171168923378, critic loss: 1.512914776802063
recommendation_loss: 1.1903836727142334, critic_loss: 1.512914776802063
inter loss 2.494265556335449, intra loss: 0.0027664173394441605, critic loss: 1.4976660013198853
recommendation_loss: 1.2527529001235962, critic_loss: 1.4976660013198853
inter loss 2.4875855445861816, intra loss: 0.0027580223977565765, critic loss: 1.493654489517212
recommendation_loss: 1.1884305477142334, critic_loss: 1.493654489517212
inter loss 2.535959243774414, intra loss: 0.002775029744952917, critic loss: 1.5226855278015137
recommendation_loss: 1.2157618999481201, critic_loss: 1.5226855278015137
inter loss 2.4922282695770264, intra loss: 0.0027655204758048058, critic loss: 1.496443271636963
recommendation_loss: 1.209511637687683, critic_loss: 1.496443271636963
inter loss 2.525771141052246, intra loss: 0.0027469508349895477, critic loss: 1.516561508178711
recommendation_loss: 1.2536357641220093, critic_loss: 1.516561508178711
inter loss 2.5118212699890137, intra loss: 0.0027635691221803427, critic loss: 1.5081982612609863
recommendation_loss: 1.1829304695129395, critic_loss: 1.5081982612609863
inter loss 2.5247809886932373, intra loss: 0.0027781319804489613, critic loss: 1.5159798860549927
recommendation_loss: 1.183023452758789, critic_loss: 1.5159798860549927
inter loss 2.516469955444336, intra loss: 0.002749874023720622, critic loss: 1.5109820365905762
recommendation_loss: 1.2696102857589722, critic_loss: 1.5109820365905762
inter loss 2.5136046409606934, intra loss: 0.0027736276388168335, critic loss: 1.5092723369598389
recommendation_loss: 1.2977986335754395, critic_loss: 1.5092723369598389
inter loss 2.5004284381866455, intra loss: 0.002766106743365526, critic loss: 1.5013636350631714
recommendation_loss: 1.1823363304138184, critic_loss: 1.5013636350631714
inter loss 2.515564441680908, intra loss: 0.002748233499005437, critic loss: 1.510438084602356
recommendation_loss: 1.173270583152771, critic_loss: 1.510438084602356
inter loss 2.490708351135254, intra loss: 0.002760752569884062, critic loss: 1.4955294132232666
recommendation_loss: 1.2277659177780151, critic_loss: 1.4955294132232666
inter loss 2.5016894340515137, intra loss: 0.0027548472862690687, critic loss: 1.5021157264709473
recommendation_loss: 1.2156586647033691, critic_loss: 1.5021157264709473
inter loss 2.488196611404419, intra loss: 0.002764284610748291, critic loss: 1.4940236806869507
recommendation_loss: 1.2476701736450195, critic_loss: 1.4940236806869507
inter loss 2.5318169593811035, intra loss: 0.002772124484181404, critic loss: 1.520199179649353
recommendation_loss: 1.1926850080490112, critic_loss: 1.520199179649353
inter loss 2.541358232498169, intra loss: 0.002774239517748356, critic loss: 1.5259246826171875
recommendation_loss: 1.1460316181182861, critic_loss: 1.5259246826171875
inter loss 2.5360045433044434, intra loss: 0.0027743931859731674, critic loss: 1.5227124691009521
recommendation_loss: 1.2603662014007568, critic_loss: 1.5227124691009521
inter loss 2.5042877197265625, intra loss: 0.0027691046707332134, critic loss: 1.5036803483963013
recommendation_loss: 1.2310322523117065, critic_loss: 1.5036803483963013
inter loss 2.5169918537139893, intra loss: 0.002761735115200281, critic loss: 1.5112998485565186
recommendation_loss: 1.2051668167114258, critic_loss: 1.5112998485565186
inter loss 2.526000499725342, intra loss: 0.0027621188201010227, critic loss: 1.5167051553726196
recommendation_loss: 1.2534879446029663, critic_loss: 1.5167051553726196
inter loss 2.5011110305786133, intra loss: 0.002759324386715889, critic loss: 1.5017704963684082
recommendation_loss: 1.202797532081604, critic_loss: 1.5017704963684082
inter loss 2.505021333694458, intra loss: 0.002759384922683239, critic loss: 1.5041166543960571
recommendation_loss: 1.1636571884155273, critic_loss: 1.5041166543960571
inter loss 2.530595064163208, intra loss: 0.002754346700385213, critic loss: 1.5194588899612427
recommendation_loss: 1.2059566974639893, critic_loss: 1.5194588899612427
inter loss 2.512289524078369, intra loss: 0.00276190135627985, critic loss: 1.5084785223007202
recommendation_loss: 1.2901103496551514, critic_loss: 1.5084785223007202
inter loss 2.5255661010742188, intra loss: 0.0027579301968216896, critic loss: 1.516442894935608
recommendation_loss: 1.1412509679794312, critic_loss: 1.516442894935608
inter loss 2.520724296569824, intra loss: 0.0027471049688756466, critic loss: 1.5135334730148315
recommendation_loss: 1.1708649396896362, critic_loss: 1.5135334730148315
inter loss 2.5015082359313965, intra loss: 0.002775165718048811, critic loss: 1.5020151138305664
recommendation_loss: 1.2225849628448486, critic_loss: 1.5020151138305664
inter loss 2.49558687210083, intra loss: 0.002781882183626294, critic loss: 1.498464822769165
recommendation_loss: 1.1789966821670532, critic_loss: 1.498464822769165
inter loss 2.5141518115997314, intra loss: 0.0027824966236948967, critic loss: 1.5096042156219482
recommendation_loss: 1.1830251216888428, critic_loss: 1.5096042156219482
inter loss 2.514597177505493, intra loss: 0.002780250273644924, critic loss: 1.5098705291748047
recommendation_loss: 1.1392515897750854, critic_loss: 1.5098705291748047
inter loss 2.4981932640075684, intra loss: 0.0027685596141964197, critic loss: 1.5000234842300415
recommendation_loss: 1.2721585035324097, critic_loss: 1.5000234842300415
inter loss 2.511606216430664, intra loss: 0.0027789752930402756, critic loss: 1.508075475692749
recommendation_loss: 1.2229132652282715, critic_loss: 1.508075475692749
inter loss 2.5006470680236816, intra loss: 0.002770606428384781, critic loss: 1.5014965534210205
recommendation_loss: 1.1733568906784058, critic_loss: 1.5014965534210205
inter loss 2.5043373107910156, intra loss: 0.002756514586508274, critic loss: 1.5037050247192383
recommendation_loss: 1.2013742923736572, critic_loss: 1.5037050247192383
inter loss 2.5004587173461914, intra loss: 0.0027592412661761045, critic loss: 1.5013788938522339
recommendation_loss: 1.2157601118087769, critic_loss: 1.5013788938522339
inter loss 2.502777099609375, intra loss: 0.002758979331701994, critic loss: 1.502769947052002
recommendation_loss: 1.3590792417526245, critic_loss: 1.502769947052002
inter loss 2.5320770740509033, intra loss: 0.0027715787291526794, critic loss: 1.520354986190796
recommendation_loss: 1.2552152872085571, critic_loss: 1.520354986190796
inter loss 2.5035042762756348, intra loss: 0.0027478551492094994, critic loss: 1.5032017230987549
recommendation_loss: 1.1513501405715942, critic_loss: 1.5032017230987549
inter loss 2.497253894805908, intra loss: 0.0027684869710355997, critic loss: 1.4994598627090454
recommendation_loss: 1.194534182548523, critic_loss: 1.4994598627090454
inter loss 2.5132534503936768, intra loss: 0.002748648403212428, critic loss: 1.5090515613555908
recommendation_loss: 1.229018211364746, critic_loss: 1.5090515613555908
inter loss 2.5152008533477783, intra loss: 0.0027589304372668266, critic loss: 1.5102241039276123
recommendation_loss: 1.133131980895996, critic_loss: 1.5102241039276123
inter loss 2.49885892868042, intra loss: 0.002774740569293499, critic loss: 1.5004252195358276
recommendation_loss: 1.2793447971343994, critic_loss: 1.5004252195358276
inter loss 2.489119529724121, intra loss: 0.0027562908362597227, critic loss: 1.4945743083953857
recommendation_loss: 1.2344125509262085, critic_loss: 1.4945743083953857
inter loss 2.498126983642578, intra loss: 0.0027623604983091354, critic loss: 1.499981164932251
recommendation_loss: 1.1977566480636597, critic_loss: 1.499981164932251
inter loss 2.4960532188415527, intra loss: 0.0027610347606241703, critic loss: 1.4987363815307617
recommendation_loss: 1.2605018615722656, critic_loss: 1.4987363815307617
inter loss 2.4997661113739014, intra loss: 0.0027485478203743696, critic loss: 1.5009591579437256
recommendation_loss: 1.1772692203521729, critic_loss: 1.5009591579437256
inter loss 2.496044158935547, intra loss: 0.0027633695863187313, critic loss: 1.4987318515777588
recommendation_loss: 1.2309777736663818, critic_loss: 1.4987318515777588
inter loss 2.481236457824707, intra loss: 0.0027512984815984964, critic loss: 1.489842414855957
recommendation_loss: 1.2901666164398193, critic_loss: 1.489842414855957
inter loss 2.491323471069336, intra loss: 0.0027530756779015064, critic loss: 1.4958953857421875
recommendation_loss: 1.2236404418945312, critic_loss: 1.4958953857421875
inter loss 2.500044822692871, intra loss: 0.0027724308893084526, critic loss: 1.5011359453201294
recommendation_loss: 1.1331088542938232, critic_loss: 1.5011359453201294
inter loss 2.49405574798584, intra loss: 0.0027762034442275763, critic loss: 1.4975439310073853
recommendation_loss: 1.2580938339233398, critic_loss: 1.4975439310073853
inter loss 2.496901273727417, intra loss: 0.0027705072425305843, critic loss: 1.49924898147583
recommendation_loss: 1.1285860538482666, critic_loss: 1.49924898147583
inter loss 2.501197576522827, intra loss: 0.0027771128807216883, critic loss: 1.5018293857574463
recommendation_loss: 1.1080164909362793, critic_loss: 1.5018293857574463
inter loss 2.5177440643310547, intra loss: 0.0027762793470174074, critic loss: 1.5117570161819458
recommendation_loss: 1.2666444778442383, critic_loss: 1.5117570161819458
inter loss 2.4692494869232178, intra loss: 0.0027706825640052557, critic loss: 1.4826580286026
recommendation_loss: 1.412851333618164, critic_loss: 1.4826580286026
inter loss 2.5026025772094727, intra loss: 0.002781518269330263, critic loss: 1.5026742219924927
recommendation_loss: 1.1809017658233643, critic_loss: 1.5026742219924927
inter loss 2.5072927474975586, intra loss: 0.0027654427103698254, critic loss: 1.5054818391799927
recommendation_loss: 1.2407974004745483, critic_loss: 1.5054818391799927
inter loss 2.499619483947754, intra loss: 0.0027708769775927067, critic loss: 1.5008801221847534
recommendation_loss: 1.2076013088226318, critic_loss: 1.5008801221847534
inter loss 2.469667434692383, intra loss: 0.0027705891989171505, critic loss: 1.482908844947815
recommendation_loss: 1.2069528102874756, critic_loss: 1.482908844947815
inter loss 2.5025200843811035, intra loss: 0.0027715396136045456, critic loss: 1.502620816230774
recommendation_loss: 1.2586097717285156, critic_loss: 1.502620816230774
inter loss 2.4987754821777344, intra loss: 0.0027777645736932755, critic loss: 1.5003764629364014
recommendation_loss: 1.1649775505065918, critic_loss: 1.5003764629364014
inter loss 2.4883408546447754, intra loss: 0.002763631520792842, critic loss: 1.4941099882125854
recommendation_loss: 1.1858247518539429, critic_loss: 1.4941099882125854
inter loss 2.5052661895751953, intra loss: 0.0027615237049758434, critic loss: 1.5042643547058105
recommendation_loss: 1.1724265813827515, critic_loss: 1.5042643547058105
inter loss 2.4766082763671875, intra loss: 0.0027666627429425716, critic loss: 1.4870716333389282
recommendation_loss: 1.1906465291976929, critic_loss: 1.4870716333389282
inter loss 2.5346102714538574, intra loss: 0.002759695751592517, critic loss: 1.5218701362609863
recommendation_loss: 1.2204375267028809, critic_loss: 1.5218701362609863
inter loss 2.4928464889526367, intra loss: 0.002777902176603675, critic loss: 1.4968191385269165
recommendation_loss: 1.30167555809021, critic_loss: 1.4968191385269165
inter loss 2.500983238220215, intra loss: 0.0027572044637054205, critic loss: 1.5016928911209106
recommendation_loss: 1.232445478439331, critic_loss: 1.5016928911209106
inter loss 2.506279230117798, intra loss: 0.002771436469629407, critic loss: 1.5048761367797852
recommendation_loss: 1.1773948669433594, critic_loss: 1.5048761367797852
inter loss 2.517601728439331, intra loss: 0.002774270251393318, critic loss: 1.5116708278656006
recommendation_loss: 1.2323130369186401, critic_loss: 1.5116708278656006
inter loss 2.506028175354004, intra loss: 0.002760479226708412, critic loss: 1.5047211647033691
recommendation_loss: 1.2378367185592651, critic_loss: 1.5047211647033691
inter loss 2.4959635734558105, intra loss: 0.0027696453034877777, critic loss: 1.4986859560012817
recommendation_loss: 1.1827081441879272, critic_loss: 1.4986859560012817
inter loss 2.5211546421051025, intra loss: 0.0027672143187373877, critic loss: 1.5137996673583984
recommendation_loss: 1.1879808902740479, critic_loss: 1.5137996673583984
inter loss 2.5016918182373047, intra loss: 0.0027546314522624016, critic loss: 1.5021170377731323
recommendation_loss: 1.2204433679580688, critic_loss: 1.5021170377731323
inter loss 2.498030662536621, intra loss: 0.002764514647424221, critic loss: 1.4999241828918457
recommendation_loss: 1.1634860038757324, critic_loss: 1.4999241828918457
inter loss 2.506639003753662, intra loss: 0.002778476569801569, critic loss: 1.5050948858261108
recommendation_loss: 1.1933916807174683, critic_loss: 1.5050948858261108
inter loss 2.4883341789245605, intra loss: 0.002765005687251687, critic loss: 1.4941065311431885
recommendation_loss: 1.1767981052398682, critic_loss: 1.4941065311431885
inter loss 2.4843263626098633, intra loss: 0.0027606284711509943, critic loss: 1.4917000532150269
recommendation_loss: 1.2333223819732666, critic_loss: 1.4917000532150269
inter loss 2.5153722763061523, intra loss: 0.00276161078363657, critic loss: 1.5103280544281006
recommendation_loss: 1.2620933055877686, critic_loss: 1.5103280544281006
inter loss 2.531350612640381, intra loss: 0.0027260947972536087, critic loss: 1.5199007987976074
recommendation_loss: 1.2262935638427734, critic_loss: 1.5199007987976074
inter loss 2.5027637481689453, intra loss: 0.002741582226008177, critic loss: 1.5027549266815186
recommendation_loss: 1.2020511627197266, critic_loss: 1.5027549266815186
inter loss 2.4892048835754395, intra loss: 0.00274896202608943, critic loss: 1.4946225881576538
recommendation_loss: 1.2296781539916992, critic_loss: 1.4946225881576538
inter loss 2.497713565826416, intra loss: 0.0027552922256290913, critic loss: 1.4997302293777466
recommendation_loss: 1.2731508016586304, critic_loss: 1.4997302293777466
inter loss 2.4964566230773926, intra loss: 0.002758430317044258, critic loss: 1.4989774227142334
recommendation_loss: 1.2864192724227905, critic_loss: 1.4989774227142334
inter loss 2.478205442428589, intra loss: 0.0027665894012898207, critic loss: 1.488029956817627
recommendation_loss: 1.2912423610687256, critic_loss: 1.488029956817627
inter loss 2.495638847351074, intra loss: 0.002754933899268508, critic loss: 1.4984853267669678
recommendation_loss: 1.1943604946136475, critic_loss: 1.4984853267669678
inter loss 2.484455108642578, intra loss: 0.0027530810330063105, critic loss: 1.491774320602417
recommendation_loss: 1.1896706819534302, critic_loss: 1.491774320602417
inter loss 2.4806814193725586, intra loss: 0.002777694258838892, critic loss: 1.4895199537277222
recommendation_loss: 1.1329466104507446, critic_loss: 1.4895199537277222
inter loss 2.5045952796936035, intra loss: 0.002762803342193365, critic loss: 1.5038622617721558
recommendation_loss: 1.1883772611618042, critic_loss: 1.5038622617721558
inter loss 2.514305353164673, intra loss: 0.0027613979764282703, critic loss: 1.509687900543213
recommendation_loss: 1.2064456939697266, critic_loss: 1.509687900543213
inter loss 2.4999935626983643, intra loss: 0.0027587448712438345, critic loss: 1.501099705696106
recommendation_loss: 1.2050522565841675, critic_loss: 1.501099705696106
inter loss 2.4963440895080566, intra loss: 0.0027583593036979437, critic loss: 1.4989099502563477
recommendation_loss: 1.1958996057510376, critic_loss: 1.4989099502563477
inter loss 2.504939079284668, intra loss: 0.002764463424682617, critic loss: 1.5040693283081055
recommendation_loss: 1.2122900485992432, critic_loss: 1.5040693283081055
inter loss 2.49684476852417, intra loss: 0.002753680571913719, critic loss: 1.4992084503173828
recommendation_loss: 1.16928231716156, critic_loss: 1.4992084503173828
inter loss 2.506917953491211, intra loss: 0.002777229994535446, critic loss: 1.505261778831482
recommendation_loss: 1.3327115774154663, critic_loss: 1.505261778831482
inter loss 2.5303187370300293, intra loss: 0.002769100945442915, critic loss: 1.519299030303955
recommendation_loss: 1.1620854139328003, critic_loss: 1.519299030303955
inter loss 2.507913589477539, intra loss: 0.002776653040200472, critic loss: 1.5058588981628418
recommendation_loss: 1.165501594543457, critic_loss: 1.5058588981628418
inter loss 2.5088818073272705, intra loss: 0.002764774952083826, critic loss: 1.5064350366592407
recommendation_loss: 1.1710363626480103, critic_loss: 1.5064350366592407
inter loss 2.513857841491699, intra loss: 0.002758218441158533, critic loss: 1.50941801071167
recommendation_loss: 1.1894692182540894, critic_loss: 1.50941801071167
inter loss 2.5277085304260254, intra loss: 0.0027850857004523277, critic loss: 1.517739176750183
recommendation_loss: 1.1699163913726807, critic_loss: 1.517739176750183
inter loss 2.4819693565368652, intra loss: 0.002768250647932291, critic loss: 1.4902889728546143
recommendation_loss: 1.1880643367767334, critic_loss: 1.4902889728546143
inter loss 2.4958949089050293, intra loss: 0.002754478482529521, critic loss: 1.4986387491226196
recommendation_loss: 1.1273064613342285, critic_loss: 1.4986387491226196
inter loss 2.5131988525390625, intra loss: 0.002772975480183959, critic loss: 1.509028673171997
recommendation_loss: 1.1080745458602905, critic_loss: 1.509028673171997
inter loss 2.4875118732452393, intra loss: 0.0027727875858545303, critic loss: 1.4936163425445557
recommendation_loss: 1.216809868812561, critic_loss: 1.4936163425445557
inter loss 2.4895384311676025, intra loss: 0.002754128072410822, critic loss: 1.494824767112732
recommendation_loss: 1.172423243522644, critic_loss: 1.494824767112732
inter loss 2.505702018737793, intra loss: 0.002747325226664543, critic loss: 1.5045201778411865
recommendation_loss: 1.205424427986145, critic_loss: 1.5045201778411865
inter loss 2.4939565658569336, intra loss: 0.0027699137572199106, critic loss: 1.4974819421768188
recommendation_loss: 1.246950626373291, critic_loss: 1.4974819421768188
inter loss 2.498215913772583, intra loss: 0.0027582519687712193, critic loss: 1.500032901763916
recommendation_loss: 1.205094337463379, critic_loss: 1.500032901763916
inter loss 2.5017762184143066, intra loss: 0.0027614254504442215, critic loss: 1.502170443534851
recommendation_loss: 1.2055089473724365, critic_loss: 1.502170443534851
inter loss 2.509894847869873, intra loss: 0.0027755319606512785, critic loss: 1.507047176361084
recommendation_loss: 1.2256617546081543, critic_loss: 1.507047176361084
inter loss 2.529999256134033, intra loss: 0.002778314519673586, critic loss: 1.519110918045044
recommendation_loss: 1.1455851793289185, critic_loss: 1.519110918045044
inter loss 2.4813058376312256, intra loss: 0.0027640534099191427, critic loss: 1.4898892641067505
recommendation_loss: 1.2382798194885254, critic_loss: 1.4898892641067505
inter loss 2.5182442665100098, intra loss: 0.0027643186040222645, critic loss: 1.5120524168014526
recommendation_loss: 1.2372090816497803, critic_loss: 1.5120524168014526
inter loss 2.5029263496398926, intra loss: 0.002765848534181714, critic loss: 1.5028622150421143
recommendation_loss: 1.1875683069229126, critic_loss: 1.5028622150421143
inter loss 2.525207996368408, intra loss: 0.0027435938827693462, critic loss: 1.516222357749939
recommendation_loss: 1.1406831741333008, critic_loss: 1.516222357749939
inter loss 2.4955203533172607, intra loss: 0.0027468136977404356, critic loss: 1.4984110593795776
recommendation_loss: 1.193737268447876, critic_loss: 1.4984110593795776
inter loss 2.484532117843628, intra loss: 0.0027698420453816652, critic loss: 1.4918272495269775
recommendation_loss: 1.2750840187072754, critic_loss: 1.4918272495269775
inter loss 2.5260956287384033, intra loss: 0.002765574026852846, critic loss: 1.516763687133789
recommendation_loss: 1.1552469730377197, critic_loss: 1.516763687133789
inter loss 2.506309747695923, intra loss: 0.002754934597760439, critic loss: 1.5048879384994507
recommendation_loss: 1.2889392375946045, critic_loss: 1.5048879384994507
inter loss 2.5024337768554688, intra loss: 0.002768217818811536, critic loss: 1.5025676488876343
recommendation_loss: 1.2486459016799927, critic_loss: 1.5025676488876343
inter loss 2.503127336502075, intra loss: 0.002757658716291189, critic loss: 1.5029795169830322
recommendation_loss: 1.2285953760147095, critic_loss: 1.5029795169830322
inter loss 2.492765426635742, intra loss: 0.0027747415006160736, critic loss: 1.4967691898345947
recommendation_loss: 1.2730706930160522, critic_loss: 1.4967691898345947
inter loss 2.52630615234375, intra loss: 0.0027541187591850758, critic loss: 1.5168853998184204
recommendation_loss: 1.143683671951294, critic_loss: 1.5168853998184204
inter loss 2.5121803283691406, intra loss: 0.00274130841717124, critic loss: 1.5084047317504883
recommendation_loss: 1.207350254058838, critic_loss: 1.5084047317504883
inter loss 2.494779586791992, intra loss: 0.002769618295133114, critic loss: 1.4979755878448486
recommendation_loss: 1.1475757360458374, critic_loss: 1.4979755878448486
inter loss 2.545964241027832, intra loss: 0.0027705549728125334, critic loss: 1.528686761856079
recommendation_loss: 1.268961787223816, critic_loss: 1.528686761856079
inter loss 2.5455541610717773, intra loss: 0.0027599434833973646, critic loss: 1.528436541557312
recommendation_loss: 1.1721984148025513, critic_loss: 1.528436541557312
inter loss 2.488348960876465, intra loss: 0.002750784857198596, critic loss: 1.4941097497940063
recommendation_loss: 1.1747788190841675, critic_loss: 1.4941097497940063
inter loss 2.4986674785614014, intra loss: 0.0027615376748144627, critic loss: 1.50030517578125
recommendation_loss: 1.139140248298645, critic_loss: 1.50030517578125
inter loss 2.5331997871398926, intra loss: 0.002771001076325774, critic loss: 1.5210283994674683
recommendation_loss: 1.2600418329238892, critic_loss: 1.5210283994674683
inter loss 2.5269927978515625, intra loss: 0.0027728353161364794, critic loss: 1.5173048973083496
recommendation_loss: 1.1270785331726074, critic_loss: 1.5173048973083496
inter loss 2.5151901245117188, intra loss: 0.0027728360146284103, critic loss: 1.5102232694625854
recommendation_loss: 1.2602550983428955, critic_loss: 1.5102232694625854
inter loss 2.517120838165283, intra loss: 0.0027720341458916664, critic loss: 1.5113813877105713
recommendation_loss: 1.0818326473236084, critic_loss: 1.5113813877105713
inter loss 2.516700029373169, intra loss: 0.002743413671851158, critic loss: 1.5111174583435059
recommendation_loss: 1.1994737386703491, critic_loss: 1.5111174583435059
inter loss 2.496870279312134, intra loss: 0.0027806598227471113, critic loss: 1.4992344379425049
recommendation_loss: 1.2252875566482544, critic_loss: 1.4992344379425049
inter loss 2.4890213012695312, intra loss: 0.0027617921587079763, critic loss: 1.4945175647735596
recommendation_loss: 1.2810866832733154, critic_loss: 1.4945175647735596
inter loss 2.485602617263794, intra loss: 0.0027568028308451176, critic loss: 1.492464303970337
recommendation_loss: 1.1877845525741577, critic_loss: 1.492464303970337
inter loss 2.506510019302368, intra loss: 0.002752355532720685, critic loss: 1.505007028579712
recommendation_loss: 1.298399806022644, critic_loss: 1.505007028579712
inter loss 2.51983642578125, intra loss: 0.002783748786896467, critic loss: 1.5130155086517334
recommendation_loss: 1.2535123825073242, critic_loss: 1.5130155086517334
inter loss 2.5041322708129883, intra loss: 0.002749428153038025, critic loss: 1.5035792589187622
recommendation_loss: 1.269627571105957, critic_loss: 1.5035792589187622
inter loss 2.4953246116638184, intra loss: 0.0027733873575925827, critic loss: 1.4983041286468506
recommendation_loss: 1.2354997396469116, critic_loss: 1.4983041286468506
inter loss 2.497046947479248, intra loss: 0.00275434460490942, critic loss: 1.499329924583435
recommendation_loss: 1.258910894393921, critic_loss: 1.499329924583435
inter loss 2.5068612098693848, intra loss: 0.002776053734123707, critic loss: 1.5052272081375122
recommendation_loss: 1.203916311264038, critic_loss: 1.5052272081375122
inter loss 2.4962196350097656, intra loss: 0.002785891992971301, critic loss: 1.498846173286438
recommendation_loss: 1.2668430805206299, critic_loss: 1.498846173286438
inter loss 2.545098304748535, intra loss: 0.0027623355854302645, critic loss: 1.528164029121399
recommendation_loss: 1.2295798063278198, critic_loss: 1.528164029121399
inter loss 2.4892969131469727, intra loss: 0.0027722762897610664, critic loss: 1.4946870803833008
recommendation_loss: 1.1578675508499146, critic_loss: 1.4946870803833008
inter loss 2.514319896697998, intra loss: 0.002762586809694767, critic loss: 1.5096970796585083
recommendation_loss: 1.2204326391220093, critic_loss: 1.5096970796585083
inter loss 2.512537956237793, intra loss: 0.0027658906765282154, critic loss: 1.5086292028427124
recommendation_loss: 1.2565457820892334, critic_loss: 1.5086292028427124
inter loss 2.4919142723083496, intra loss: 0.002764632925391197, critic loss: 1.496254563331604
recommendation_loss: 1.1689881086349487, critic_loss: 1.496254563331604
inter loss 2.511798858642578, intra loss: 0.002769195009022951, critic loss: 1.5081870555877686
recommendation_loss: 1.1758158206939697, critic_loss: 1.5081870555877686
inter loss 2.51505184173584, intra loss: 0.0027603991329669952, critic loss: 1.510135293006897
recommendation_loss: 1.1180763244628906, critic_loss: 1.510135293006897
inter loss 2.5065841674804688, intra loss: 0.0027686627581715584, critic loss: 1.5050580501556396
recommendation_loss: 1.2177337408065796, critic_loss: 1.5050580501556396
inter loss 2.513399124145508, intra loss: 0.0027756518684327602, critic loss: 1.5091499090194702
recommendation_loss: 1.1499099731445312, critic_loss: 1.5091499090194702
inter loss 2.494819164276123, intra loss: 0.0027476716786623, critic loss: 1.497990608215332
recommendation_loss: 1.212109923362732, critic_loss: 1.497990608215332
inter loss 2.5074234008789062, intra loss: 0.002760084578767419, critic loss: 1.5055581331253052
recommendation_loss: 1.2343578338623047, critic_loss: 1.5055581331253052
inter loss 2.5039854049682617, intra loss: 0.002765542594715953, critic loss: 1.50349760055542
recommendation_loss: 1.2698171138763428, critic_loss: 1.50349760055542
inter loss 2.4984965324401855, intra loss: 0.002755237277597189, critic loss: 1.5002000331878662
recommendation_loss: 1.2038540840148926, critic_loss: 1.5002000331878662
inter loss 2.5187125205993652, intra loss: 0.002769933780655265, critic loss: 1.5123355388641357
recommendation_loss: 1.2171467542648315, critic_loss: 1.5123355388641357
inter loss 2.5095698833465576, intra loss: 0.0027831175830215216, critic loss: 1.5068552494049072
recommendation_loss: 1.2145613431930542, critic_loss: 1.5068552494049072
inter loss 2.5107192993164062, intra loss: 0.002747548744082451, critic loss: 1.507530689239502
recommendation_loss: 1.317923903465271, critic_loss: 1.507530689239502
inter loss 2.5229954719543457, intra loss: 0.002760840579867363, critic loss: 1.5149017572402954
recommendation_loss: 1.237138271331787, critic_loss: 1.5149017572402954
inter loss 2.5173239707946777, intra loss: 0.0027661514468491077, critic loss: 1.5115009546279907
recommendation_loss: 1.2967246770858765, critic_loss: 1.5115009546279907
inter loss 2.50909161567688, intra loss: 0.002734262263402343, critic loss: 1.5065487623214722
recommendation_loss: 1.1489213705062866, critic_loss: 1.5065487623214722
inter loss 2.495067834854126, intra loss: 0.002733806846663356, critic loss: 1.4981342554092407
recommendation_loss: 1.2140181064605713, critic_loss: 1.4981342554092407
inter loss 2.529968023300171, intra loss: 0.0027450541965663433, critic loss: 1.5190789699554443
recommendation_loss: 1.177781105041504, critic_loss: 1.5190789699554443
inter loss 2.508574962615967, intra loss: 0.0027500553987920284, critic loss: 1.5062451362609863
recommendation_loss: 1.283766269683838, critic_loss: 1.5062451362609863
inter loss 2.530182361602783, intra loss: 0.0027515143156051636, critic loss: 1.5192101001739502
recommendation_loss: 1.2057366371154785, critic_loss: 1.5192101001739502
inter loss 2.516122817993164, intra loss: 0.0027419249527156353, critic loss: 1.5107704401016235
recommendation_loss: 1.2903778553009033, critic_loss: 1.5107704401016235
inter loss 2.502854108810425, intra loss: 0.002748830011114478, critic loss: 1.502812147140503
recommendation_loss: 1.2725332975387573, critic_loss: 1.502812147140503
inter loss 2.506530523300171, intra loss: 0.002752266824245453, critic loss: 1.5050193071365356
recommendation_loss: 1.196235179901123, critic_loss: 1.5050193071365356
inter loss 2.5260629653930664, intra loss: 0.002739325165748596, critic loss: 1.5167336463928223
recommendation_loss: 1.128920316696167, critic_loss: 1.5167336463928223
inter loss 2.524017333984375, intra loss: 0.0027590966783463955, critic loss: 1.5155141353607178
recommendation_loss: 1.1790733337402344, critic_loss: 1.5155141353607178
inter loss 2.537907123565674, intra loss: 0.0027604876086115837, critic loss: 1.523848533630371
recommendation_loss: 1.164495825767517, critic_loss: 1.523848533630371
inter loss 2.516413688659668, intra loss: 0.002762030577287078, critic loss: 1.5109530687332153
recommendation_loss: 1.2191040515899658, critic_loss: 1.5109530687332153
inter loss 2.5065019130706787, intra loss: 0.0027604857459664345, critic loss: 1.5050054788589478
recommendation_loss: 1.1780802011489868, critic_loss: 1.5050054788589478
inter loss 2.493600368499756, intra loss: 0.0027615129947662354, critic loss: 1.4972648620605469
recommendation_loss: 1.2152292728424072, critic_loss: 1.4972648620605469
inter loss 2.5298495292663574, intra loss: 0.0027697680052369833, critic loss: 1.5190176963806152
recommendation_loss: 1.1978505849838257, critic_loss: 1.5190176963806152
inter loss 2.521118640899658, intra loss: 0.002768410835415125, critic loss: 1.513778567314148
recommendation_loss: 1.2594772577285767, critic_loss: 1.513778567314148
inter loss 2.5026957988739014, intra loss: 0.0027651635464280844, critic loss: 1.5027235746383667
recommendation_loss: 1.2612887620925903, critic_loss: 1.5027235746383667
inter loss 2.504105806350708, intra loss: 0.002770937979221344, critic loss: 1.5035719871520996
recommendation_loss: 1.196911334991455, critic_loss: 1.5035719871520996
inter loss 2.5190939903259277, intra loss: 0.002766679972410202, critic loss: 1.5125631093978882
recommendation_loss: 1.2774156332015991, critic_loss: 1.5125631093978882
inter loss 2.5098817348480225, intra loss: 0.0027619118336588144, critic loss: 1.5070338249206543
recommendation_loss: 1.2195625305175781, critic_loss: 1.5070338249206543
inter loss 2.4867868423461914, intra loss: 0.0027692709118127823, critic loss: 1.4931797981262207
recommendation_loss: 1.20560622215271, critic_loss: 1.4931797981262207
inter loss 2.5177090167999268, intra loss: 0.0027771336026489735, critic loss: 1.5117363929748535
recommendation_loss: 1.1639642715454102, critic_loss: 1.5117363929748535
inter loss 2.545441150665283, intra loss: 0.0027481603901833296, critic loss: 1.5283639430999756
recommendation_loss: 1.2596352100372314, critic_loss: 1.5283639430999756
inter loss 2.5155019760131836, intra loss: 0.0027567395009100437, critic loss: 1.5104039907455444
recommendation_loss: 1.2719752788543701, critic_loss: 1.5104039907455444
inter loss 2.5208899974823, intra loss: 0.002770703984424472, critic loss: 1.5136423110961914
recommendation_loss: 1.2306221723556519, critic_loss: 1.5136423110961914
inter loss 2.5159060955047607, intra loss: 0.002767768921330571, critic loss: 1.510650873184204
recommendation_loss: 1.2270148992538452, critic_loss: 1.510650873184204
inter loss 2.490638017654419, intra loss: 0.002760970965027809, critic loss: 1.4954872131347656
recommendation_loss: 1.2017347812652588, critic_loss: 1.4954872131347656
inter loss 2.507958173751831, intra loss: 0.0027500991709530354, critic loss: 1.5058749914169312
recommendation_loss: 1.2790625095367432, critic_loss: 1.5058749914169312
inter loss 2.5208075046539307, intra loss: 0.0027479734271764755, critic loss: 1.513583779335022
recommendation_loss: 1.3323981761932373, critic_loss: 1.513583779335022
inter loss 2.5148391723632812, intra loss: 0.002748026978224516, critic loss: 1.510002851486206
recommendation_loss: 1.149990200996399, critic_loss: 1.510002851486206
inter loss 2.520339250564575, intra loss: 0.0027786060236394405, critic loss: 1.513314962387085
recommendation_loss: 1.1405248641967773, critic_loss: 1.513314962387085
inter loss 2.495781898498535, intra loss: 0.0027650000993162394, critic loss: 1.498575210571289
recommendation_loss: 1.236409306526184, critic_loss: 1.498575210571289
inter loss 2.5089735984802246, intra loss: 0.0027770623564720154, critic loss: 1.5064949989318848
recommendation_loss: 1.266875982284546, critic_loss: 1.5064949989318848
inter loss 2.508871555328369, intra loss: 0.002761025680229068, critic loss: 1.5064274072647095
recommendation_loss: 1.1893192529678345, critic_loss: 1.5064274072647095
inter loss 2.533045530319214, intra loss: 0.0027623018249869347, critic loss: 1.5209323167800903
recommendation_loss: 1.2356610298156738, critic_loss: 1.5209323167800903
inter loss 2.513981342315674, intra loss: 0.002767917700111866, critic loss: 1.5094960927963257
recommendation_loss: 1.3053243160247803, critic_loss: 1.5094960927963257
inter loss 2.4941956996917725, intra loss: 0.0027874272782355547, critic loss: 1.497632384300232
recommendation_loss: 1.2544952630996704, critic_loss: 1.497632384300232
inter loss 2.5222225189208984, intra loss: 0.0027808710001409054, critic loss: 1.5144459009170532
recommendation_loss: 1.1815510988235474, critic_loss: 1.5144459009170532
inter loss 2.506533622741699, intra loss: 0.0027659093029797077, critic loss: 1.5050265789031982
recommendation_loss: 1.246808409690857, critic_loss: 1.5050265789031982
inter loss 2.4836065769195557, intra loss: 0.002766380086541176, critic loss: 1.4912705421447754
recommendation_loss: 1.242706060409546, critic_loss: 1.4912705421447754
inter loss 2.491173028945923, intra loss: 0.002758472692221403, critic loss: 1.4958072900772095
recommendation_loss: 1.261652946472168, critic_loss: 1.4958072900772095
inter loss 2.5016746520996094, intra loss: 0.0027769305743277073, critic loss: 1.5021156072616577
recommendation_loss: 1.183898687362671, critic_loss: 1.5021156072616577
inter loss 2.5079691410064697, intra loss: 0.0027641765773296356, critic loss: 1.5058872699737549
recommendation_loss: 1.2776490449905396, critic_loss: 1.5058872699737549
inter loss 2.5112147331237793, intra loss: 0.002778983674943447, critic loss: 1.5078405141830444
recommendation_loss: 1.2499085664749146, critic_loss: 1.5078405141830444
inter loss 2.4943814277648926, intra loss: 0.0027660399209707975, critic loss: 1.4977352619171143
recommendation_loss: 1.1998087167739868, critic_loss: 1.4977352619171143
inter loss 2.515120029449463, intra loss: 0.0027875378727912903, critic loss: 1.510187029838562
recommendation_loss: 1.2460721731185913, critic_loss: 1.510187029838562
inter loss 2.5140719413757324, intra loss: 0.0027577108703553677, critic loss: 1.5095462799072266
recommendation_loss: 1.2317315340042114, critic_loss: 1.5095462799072266
inter loss 2.5038561820983887, intra loss: 0.002775304950773716, critic loss: 1.503423810005188
recommendation_loss: 1.263878345489502, critic_loss: 1.503423810005188
inter loss 2.526571750640869, intra loss: 0.0027731838636100292, critic loss: 1.517052412033081
recommendation_loss: 1.211000680923462, critic_loss: 1.517052412033081
inter loss 2.5379462242126465, intra loss: 0.0027897078543901443, critic loss: 1.5238837003707886
recommendation_loss: 1.1362663507461548, critic_loss: 1.5238837003707886
inter loss 2.525559425354004, intra loss: 0.002773790154606104, critic loss: 1.5164451599121094
recommendation_loss: 1.2278385162353516, critic_loss: 1.5164451599121094
inter loss 2.515367269515991, intra loss: 0.0027746979612857103, critic loss: 1.510330319404602
recommendation_loss: 1.2262908220291138, critic_loss: 1.510330319404602
inter loss 2.4767909049987793, intra loss: 0.0027804323472082615, critic loss: 1.4871867895126343
recommendation_loss: 1.2488617897033691, critic_loss: 1.4871867895126343
inter loss 2.515117645263672, intra loss: 0.0027667328249663115, critic loss: 1.5101773738861084
recommendation_loss: 1.2167928218841553, critic_loss: 1.5101773738861084
inter loss 2.516008138656616, intra loss: 0.0027597961015999317, critic loss: 1.5107088088989258
recommendation_loss: 1.2443312406539917, critic_loss: 1.5107088088989258
inter loss 2.5074210166931152, intra loss: 0.002753359731286764, critic loss: 1.5055540800094604
recommendation_loss: 1.194334864616394, critic_loss: 1.5055540800094604
inter loss 2.4946494102478027, intra loss: 0.002782149240374565, critic loss: 1.497902512550354
recommendation_loss: 1.2329063415527344, critic_loss: 1.497902512550354
inter loss 2.5201613903045654, intra loss: 0.002744993194937706, critic loss: 1.5131949186325073
recommendation_loss: 1.1827592849731445, critic_loss: 1.5131949186325073
inter loss 2.5059359073638916, intra loss: 0.0027538584545254707, critic loss: 1.504663109779358
recommendation_loss: 1.275538682937622, critic_loss: 1.504663109779358
inter loss 2.5025148391723633, intra loss: 0.002753236796706915, critic loss: 1.502610206604004
recommendation_loss: 1.1412022113800049, critic_loss: 1.502610206604004
inter loss 2.488062858581543, intra loss: 0.0027622939087450504, critic loss: 1.4939427375793457
recommendation_loss: 1.1982550621032715, critic_loss: 1.4939427375793457
inter loss 2.5139894485473633, intra loss: 0.0027559539303183556, critic loss: 1.5094960927963257
recommendation_loss: 1.1828389167785645, critic_loss: 1.5094960927963257
inter loss 2.512357473373413, intra loss: 0.0027611118275672197, critic loss: 1.5085190534591675
recommendation_loss: 1.232313632965088, critic_loss: 1.5085190534591675
inter loss 2.541560649871826, intra loss: 0.002759387716650963, critic loss: 1.5260401964187622
recommendation_loss: 1.2428358793258667, critic_loss: 1.5260401964187622
inter loss 2.5107226371765137, intra loss: 0.0027494390960782766, critic loss: 1.5075334310531616
recommendation_loss: 1.3070927858352661, critic_loss: 1.5075334310531616
inter loss 2.5264391899108887, intra loss: 0.0027645961381495, critic loss: 1.5169693231582642
recommendation_loss: 1.1536768674850464, critic_loss: 1.5169693231582642
inter loss 2.5123414993286133, intra loss: 0.0027576698921620846, critic loss: 1.5085079669952393
recommendation_loss: 1.2409751415252686, critic_loss: 1.5085079669952393
inter loss 2.4976203441619873, intra loss: 0.002773863496258855, critic loss: 1.499681830406189
recommendation_loss: 1.2581787109375, critic_loss: 1.499681830406189
inter loss 2.4776997566223145, intra loss: 0.0027791783213615417, critic loss: 1.4877315759658813
recommendation_loss: 1.2802108526229858, critic_loss: 1.4877315759658813
inter loss 2.4942827224731445, intra loss: 0.0027608999516814947, critic loss: 1.4976739883422852
recommendation_loss: 1.2049424648284912, critic_loss: 1.4976739883422852
inter loss 2.506291627883911, intra loss: 0.0027513988316059113, critic loss: 1.5048755407333374
recommendation_loss: 1.2464064359664917, critic_loss: 1.5048755407333374
inter loss 2.5020899772644043, intra loss: 0.0027708543930202723, critic loss: 1.5023623704910278
recommendation_loss: 1.2328510284423828, critic_loss: 1.5023623704910278
inter loss 2.5178110599517822, intra loss: 0.0027736597694456577, critic loss: 1.511796236038208
recommendation_loss: 1.1661872863769531, critic_loss: 1.511796236038208
inter loss 2.4891626834869385, intra loss: 0.0027793378103524446, critic loss: 1.4946093559265137
recommendation_loss: 1.2093802690505981, critic_loss: 1.4946093559265137
2024-08-09 18:43:20.392423: step 5472/24320 (epoch 18/80), loss = 1.303614 (33.595 sec/epoch), lr: 0.002572
Evaluating on dev set...
...........................
source: 	 mrr: 0.045006	 ndcg_5: 0.0326	 ndcg_10: 0.0440	 hit@1:0.016655	 hit@5:0.0485	 hit@10: 0.0840
target: 	 mrr: 0.044517	 ndcg_5: 0.0354	 ndcg_10: 0.0465	 hit@1:0.018815	 hit@5:0.0509	 hit@10: 0.0857
epoch 18: train_loss = 1.303614, source_hit@10 = 0.0840, source_ndcg@10 = 0.0440, target_hit@10 = 0.0857, target_ndcg@10 = 0.0465

inter loss 2.481717348098755, intra loss: 0.0027512446977198124, critic loss: 1.4901310205459595
recommendation_loss: 1.2878398895263672, critic_loss: 1.4901310205459595
inter loss 2.512744903564453, intra loss: 0.002763751894235611, critic loss: 1.5087525844573975
recommendation_loss: 1.230230689048767, critic_loss: 1.5087525844573975
inter loss 2.5028023719787598, intra loss: 0.002757707145065069, critic loss: 1.5027844905853271
recommendation_loss: 1.2138290405273438, critic_loss: 1.5027844905853271
inter loss 2.5641679763793945, intra loss: 0.002766641555353999, critic loss: 1.5396075248718262
recommendation_loss: 1.215468406677246, critic_loss: 1.5396075248718262
inter loss 2.55338716506958, intra loss: 0.002773019950836897, critic loss: 1.5331416130065918
recommendation_loss: 1.247945785522461, critic_loss: 1.5331416130065918
inter loss 2.5442423820495605, intra loss: 0.0027645451482385397, critic loss: 1.527651309967041
recommendation_loss: 1.2568514347076416, critic_loss: 1.527651309967041
inter loss 2.515623092651367, intra loss: 0.0027540763840079308, critic loss: 1.510475516319275
recommendation_loss: 1.2075504064559937, critic_loss: 1.510475516319275
inter loss 2.533942699432373, intra loss: 0.002745592501014471, critic loss: 1.5214639902114868
recommendation_loss: 1.1692469120025635, critic_loss: 1.5214639902114868
inter loss 2.501664638519287, intra loss: 0.0027571828104555607, critic loss: 1.5021017789840698
recommendation_loss: 1.2649595737457275, critic_loss: 1.5021017789840698
inter loss 2.502607822418213, intra loss: 0.0027585262432694435, critic loss: 1.5026681423187256
recommendation_loss: 1.2186124324798584, critic_loss: 1.5026681423187256
inter loss 2.4959027767181396, intra loss: 0.0027593672275543213, critic loss: 1.4986454248428345
recommendation_loss: 1.1601550579071045, critic_loss: 1.4986454248428345
inter loss 2.51943302154541, intra loss: 0.0027700411155819893, critic loss: 1.5127679109573364
recommendation_loss: 1.1552313566207886, critic_loss: 1.5127679109573364
inter loss 2.511820077896118, intra loss: 0.002768151927739382, critic loss: 1.5081993341445923
recommendation_loss: 1.269596815109253, critic_loss: 1.5081993341445923
inter loss 2.5423922538757324, intra loss: 0.002756034955382347, critic loss: 1.5265378952026367
recommendation_loss: 1.2000353336334229, critic_loss: 1.5265378952026367
inter loss 2.5101845264434814, intra loss: 0.002775463741272688, critic loss: 1.507220983505249
recommendation_loss: 1.2890632152557373, critic_loss: 1.507220983505249
inter loss 2.5073206424713135, intra loss: 0.002767514204606414, critic loss: 1.5054994821548462
recommendation_loss: 1.1810169219970703, critic_loss: 1.5054994821548462
inter loss 2.52020263671875, intra loss: 0.002770256483927369, critic loss: 1.5132297277450562
recommendation_loss: 1.1184661388397217, critic_loss: 1.5132297277450562
inter loss 2.506685495376587, intra loss: 0.002768379868939519, critic loss: 1.505118727684021
recommendation_loss: 1.1545894145965576, critic_loss: 1.505118727684021
inter loss 2.521578311920166, intra loss: 0.0027526759076863527, critic loss: 1.5140480995178223
recommendation_loss: 1.1653515100479126, critic_loss: 1.5140480995178223
inter loss 2.499457359313965, intra loss: 0.0027640832122415304, critic loss: 1.5007801055908203
recommendation_loss: 1.2170825004577637, critic_loss: 1.5007801055908203
inter loss 2.487576723098755, intra loss: 0.0027579946909099817, critic loss: 1.4936492443084717
recommendation_loss: 1.1863945722579956, critic_loss: 1.4936492443084717
inter loss 2.5049827098846436, intra loss: 0.002760558621957898, critic loss: 1.504093885421753
recommendation_loss: 1.1481044292449951, critic_loss: 1.504093885421753
inter loss 2.5278377532958984, intra loss: 0.002778892405331135, critic loss: 1.5178142786026
recommendation_loss: 1.0690242052078247, critic_loss: 1.5178142786026
inter loss 2.5279529094696045, intra loss: 0.0027642259374260902, critic loss: 1.517877459526062
recommendation_loss: 1.2233967781066895, critic_loss: 1.517877459526062
inter loss 2.5164694786071777, intra loss: 0.0027317493222653866, critic loss: 1.510974407196045
recommendation_loss: 1.202143907546997, critic_loss: 1.510974407196045
inter loss 2.533053398132324, intra loss: 0.0027450723573565483, critic loss: 1.5209301710128784
recommendation_loss: 1.1480193138122559, critic_loss: 1.5209301710128784
inter loss 2.5022025108337402, intra loss: 0.002780165057629347, critic loss: 1.5024336576461792
recommendation_loss: 1.2472710609436035, critic_loss: 1.5024336576461792
inter loss 2.4906299114227295, intra loss: 0.0027736807242035866, critic loss: 1.4954874515533447
recommendation_loss: 1.238609790802002, critic_loss: 1.4954874515533447
inter loss 2.5182175636291504, intra loss: 0.0027312838938087225, critic loss: 1.5120232105255127
recommendation_loss: 1.1547093391418457, critic_loss: 1.5120232105255127
inter loss 2.4844303131103516, intra loss: 0.002767861820757389, critic loss: 1.4917653799057007
recommendation_loss: 1.2316793203353882, critic_loss: 1.4917653799057007
inter loss 2.4613871574401855, intra loss: 0.002755432389676571, critic loss: 1.4779345989227295
recommendation_loss: 1.1541098356246948, critic_loss: 1.4779345989227295
inter loss 2.52738618850708, intra loss: 0.002772399690002203, critic loss: 1.5175408124923706
recommendation_loss: 1.1109811067581177, critic_loss: 1.5175408124923706
inter loss 2.4891366958618164, intra loss: 0.002742540556937456, critic loss: 1.4945790767669678
recommendation_loss: 1.274155855178833, critic_loss: 1.4945790767669678
inter loss 2.5151607990264893, intra loss: 0.002742682583630085, critic loss: 1.5101935863494873
recommendation_loss: 1.1783525943756104, critic_loss: 1.5101935863494873
inter loss 2.4983348846435547, intra loss: 0.0027622252237051725, critic loss: 1.500105857849121
recommendation_loss: 1.1850850582122803, critic_loss: 1.500105857849121
inter loss 2.499565601348877, intra loss: 0.0027795713394880295, critic loss: 1.5008512735366821
recommendation_loss: 1.207658052444458, critic_loss: 1.5008512735366821
inter loss 2.4893391132354736, intra loss: 0.0027516784612089396, critic loss: 1.4947041273117065
recommendation_loss: 1.2769728899002075, critic_loss: 1.4947041273117065
inter loss 2.517395257949829, intra loss: 0.0027682741638273, critic loss: 1.5115445852279663
recommendation_loss: 1.2257627248764038, critic_loss: 1.5115445852279663
inter loss 2.474069118499756, intra loss: 0.002743428573012352, critic loss: 1.4855388402938843
recommendation_loss: 1.2080276012420654, critic_loss: 1.4855388402938843
inter loss 2.4875760078430176, intra loss: 0.002760480158030987, critic loss: 1.4936498403549194
recommendation_loss: 1.14859938621521, critic_loss: 1.4936498403549194
inter loss 2.4998114109039307, intra loss: 0.0027534400578588247, critic loss: 1.500988245010376
recommendation_loss: 1.2032051086425781, critic_loss: 1.500988245010376
inter loss 2.525607109069824, intra loss: 0.002746450249105692, critic loss: 1.5164629220962524
recommendation_loss: 1.2383747100830078, critic_loss: 1.5164629220962524
inter loss 2.4879236221313477, intra loss: 0.0027374504134058952, critic loss: 1.4938491582870483
recommendation_loss: 1.116573691368103, critic_loss: 1.4938491582870483
inter loss 2.518815279006958, intra loss: 0.0027515990659594536, critic loss: 1.512389898300171
recommendation_loss: 1.2631785869598389, critic_loss: 1.512389898300171
inter loss 2.5001749992370605, intra loss: 0.002763069700449705, critic loss: 1.5012102127075195
recommendation_loss: 1.1986210346221924, critic_loss: 1.5012102127075195
inter loss 2.469851016998291, intra loss: 0.0027666022069752216, critic loss: 1.4830173254013062
recommendation_loss: 1.1656690835952759, critic_loss: 1.4830173254013062
inter loss 2.4905099868774414, intra loss: 0.0027669842820614576, critic loss: 1.495412826538086
recommendation_loss: 1.1590406894683838, critic_loss: 1.495412826538086
inter loss 2.5009331703186035, intra loss: 0.002765200100839138, critic loss: 1.5016659498214722
recommendation_loss: 1.2625854015350342, critic_loss: 1.5016659498214722
inter loss 2.506366491317749, intra loss: 0.0027427684981375933, critic loss: 1.504917025566101
recommendation_loss: 1.196542739868164, critic_loss: 1.504917025566101
inter loss 2.500399112701416, intra loss: 0.0027398422826081514, critic loss: 1.5013353824615479
recommendation_loss: 1.144599199295044, critic_loss: 1.5013353824615479
inter loss 2.4997811317443848, intra loss: 0.002756564412266016, critic loss: 1.5009713172912598
recommendation_loss: 1.2495169639587402, critic_loss: 1.5009713172912598
inter loss 2.507188081741333, intra loss: 0.002771155908703804, critic loss: 1.5054212808609009
recommendation_loss: 1.168999195098877, critic_loss: 1.5054212808609009
inter loss 2.489105701446533, intra loss: 0.0027608522213995457, critic loss: 1.49456787109375
recommendation_loss: 1.1864330768585205, critic_loss: 1.49456787109375
inter loss 2.524275779724121, intra loss: 0.002781535964459181, critic loss: 1.5156781673431396
recommendation_loss: 1.2897398471832275, critic_loss: 1.5156781673431396
inter loss 2.505612373352051, intra loss: 0.0027581907343119383, critic loss: 1.5044708251953125
recommendation_loss: 1.1798428297042847, critic_loss: 1.5044708251953125
inter loss 2.509626865386963, intra loss: 0.0027727975975722075, critic loss: 1.506885290145874
recommendation_loss: 1.265346646308899, critic_loss: 1.506885290145874
inter loss 2.5009050369262695, intra loss: 0.0027635586448013783, critic loss: 1.5016485452651978
recommendation_loss: 1.2869493961334229, critic_loss: 1.5016485452651978
inter loss 2.513594150543213, intra loss: 0.0027584750205278397, critic loss: 1.5092599391937256
recommendation_loss: 1.2429778575897217, critic_loss: 1.5092599391937256
inter loss 2.486511707305908, intra loss: 0.0027591814287006855, critic loss: 1.4930107593536377
recommendation_loss: 1.2974722385406494, critic_loss: 1.4930107593536377
inter loss 2.4801347255706787, intra loss: 0.002752965549007058, critic loss: 1.4891819953918457
recommendation_loss: 1.2655012607574463, critic_loss: 1.4891819953918457
inter loss 2.5075178146362305, intra loss: 0.0027637032326310873, critic loss: 1.5056161880493164
recommendation_loss: 1.1970763206481934, critic_loss: 1.5056161880493164
inter loss 2.5207252502441406, intra loss: 0.00275352387689054, critic loss: 1.5135365724563599
recommendation_loss: 1.297877550125122, critic_loss: 1.5135365724563599
inter loss 2.512211561203003, intra loss: 0.0027710776776075363, critic loss: 1.5084353685379028
recommendation_loss: 1.1832365989685059, critic_loss: 1.5084353685379028
inter loss 2.517296552658081, intra loss: 0.0027630282565951347, critic loss: 1.5114831924438477
recommendation_loss: 1.2276108264923096, critic_loss: 1.5114831924438477
inter loss 2.507838726043701, intra loss: 0.0027638706378638744, critic loss: 1.5058088302612305
recommendation_loss: 1.1835271120071411, critic_loss: 1.5058088302612305
inter loss 2.4909584522247314, intra loss: 0.0027670301496982574, critic loss: 1.4956820011138916
recommendation_loss: 1.1665914058685303, critic_loss: 1.4956820011138916
inter loss 2.505812644958496, intra loss: 0.0027648299001157284, critic loss: 1.5045936107635498
recommendation_loss: 1.3040621280670166, critic_loss: 1.5045936107635498
inter loss 2.542046546936035, intra loss: 0.0027332992758601904, critic loss: 1.526321291923523
recommendation_loss: 1.2167506217956543, critic_loss: 1.526321291923523
inter loss 2.5107955932617188, intra loss: 0.0027629495598375797, critic loss: 1.507582664489746
recommendation_loss: 1.1821774244308472, critic_loss: 1.507582664489746
inter loss 2.4896464347839355, intra loss: 0.0027843769639730453, critic loss: 1.4949016571044922
recommendation_loss: 1.2429789304733276, critic_loss: 1.4949016571044922
inter loss 2.5062718391418457, intra loss: 0.0027624687645584345, critic loss: 1.5048681497573853
recommendation_loss: 1.1267441511154175, critic_loss: 1.5048681497573853
inter loss 2.5074191093444824, intra loss: 0.0027436481323093176, critic loss: 1.5055489540100098
recommendation_loss: 1.1725081205368042, critic_loss: 1.5055489540100098
inter loss 2.5135936737060547, intra loss: 0.0027798698283731937, critic loss: 1.5092682838439941
recommendation_loss: 1.1603150367736816, critic_loss: 1.5092682838439941
inter loss 2.49554443359375, intra loss: 0.002747936174273491, critic loss: 1.4984259605407715
recommendation_loss: 1.1638474464416504, critic_loss: 1.4984259605407715
inter loss 2.481463670730591, intra loss: 0.0027619909960776567, critic loss: 1.489983081817627
recommendation_loss: 1.2468843460083008, critic_loss: 1.489983081817627
inter loss 2.500537872314453, intra loss: 0.002771037630736828, critic loss: 1.5014312267303467
recommendation_loss: 1.2559611797332764, critic_loss: 1.5014312267303467
inter loss 2.474421501159668, intra loss: 0.002768077189102769, critic loss: 1.48576021194458
recommendation_loss: 1.1682612895965576, critic_loss: 1.48576021194458
inter loss 2.5203614234924316, intra loss: 0.002738658804446459, critic loss: 1.5133123397827148
recommendation_loss: 1.06792151927948, critic_loss: 1.5133123397827148
inter loss 2.5109004974365234, intra loss: 0.0027575797867029905, critic loss: 1.507643461227417
recommendation_loss: 1.1506950855255127, critic_loss: 1.507643461227417
inter loss 2.4909827709198, intra loss: 0.002758437767624855, critic loss: 1.4956930875778198
recommendation_loss: 1.189960241317749, critic_loss: 1.4956930875778198
inter loss 2.5199503898620605, intra loss: 0.0027543087489902973, critic loss: 1.5130720138549805
recommendation_loss: 1.2070462703704834, critic_loss: 1.5130720138549805
inter loss 2.5226733684539795, intra loss: 0.002756306203082204, critic loss: 1.5147066116333008
recommendation_loss: 1.1723361015319824, critic_loss: 1.5147066116333008
inter loss 2.507162570953369, intra loss: 0.0027441829442977905, critic loss: 1.5053952932357788
recommendation_loss: 1.2121567726135254, critic_loss: 1.5053952932357788
inter loss 2.5109691619873047, intra loss: 0.002749212784692645, critic loss: 1.5076812505722046
recommendation_loss: 1.2286218404769897, critic_loss: 1.5076812505722046
inter loss 2.4962668418884277, intra loss: 0.002752377185970545, critic loss: 1.4988610744476318
recommendation_loss: 1.1939584016799927, critic_loss: 1.4988610744476318
inter loss 2.512575149536133, intra loss: 0.002762859221547842, critic loss: 1.508650302886963
recommendation_loss: 1.2242810726165771, critic_loss: 1.508650302886963
