nohup: ignoring input
using gpu:1 to train the model
using gpu:1 to train the model
cuda:1
Namespace(A_split=False, JK='sum', a_fold=100, aggregate=False, alpha=0.5, batch_size=1024, batch_tau=0.2, beta_inter=0.6, conv_layers=4, cuda=True, decay_epoch=10, device=device(type='cuda', index=1), device_id='1', domains='game_video', dropout=0.3, epoch=80, feature_dim=126, hidden_dim=126, k_tau=0.5, lambda_critic=0.3, leakey=0.05, load=False, log='logs.txt', log_epoch=1, lr=0.003, lr_decay=0.95, min_epoch=50, mode='train', model_file=None, model_name='gv', momentum=0.98, num_latent_factors=3, num_negative=100, optim='adam', patience=20, proj_layers=1, projection=1, rectify_epoch=30, residual=1, save=False, save_dir='./saved_models', seed=32, similarity_tau=0.1, test_sample_number=999, user_batch_size=256, weight_decay=0.0002)
number_user 25025
number_item 12319
/home/hourun/invariantCDR_v2/invariantCDR/utils/GraphMaker.py:46: RuntimeWarning: divide by zero encountered in power
  r_inv = np.power(rowsum, -1).flatten()
real graph loaded!
number_user 19457
number_item 8751
real graph loaded!
graph loaded!
Loading data from game_video with batch size 1024...
unseen test: 0
test length: 1381
unseen test: 0
test length: 1304
unseen test: 0
test length: 1435
unseen test: 0
test length: 1458
source_user_num 25025
target_user_num 19457
source_item_num 12319
target_item_num 8751
shared users id: 1737
test users 226, 217
unseen test: 0
dev length: 1000
unseen test: 0
dev length: 1000
source train data : 155036, target train data: 156091, source test data : 1304, target test data : 1458, source dev data : 1000, target dev data : 1000
recommendation_loss: 2.96824049949646, critic_loss: 0
recommendation_loss: 3.1321353912353516, critic_loss: 0
recommendation_loss: 2.904068946838379, critic_loss: 0
recommendation_loss: 2.9413888454437256, critic_loss: 0
recommendation_loss: 2.9074294567108154, critic_loss: 0
recommendation_loss: 2.8714990615844727, critic_loss: 0
recommendation_loss: 2.8949975967407227, critic_loss: 0
recommendation_loss: 2.83502459526062, critic_loss: 0
recommendation_loss: 2.841553211212158, critic_loss: 0
recommendation_loss: 2.8165807723999023, critic_loss: 0
recommendation_loss: 2.833220958709717, critic_loss: 0
recommendation_loss: 2.8305208683013916, critic_loss: 0
recommendation_loss: 2.7925164699554443, critic_loss: 0
recommendation_loss: 2.805664539337158, critic_loss: 0
recommendation_loss: 2.8130428791046143, critic_loss: 0
recommendation_loss: 2.8124802112579346, critic_loss: 0
recommendation_loss: 2.7988858222961426, critic_loss: 0
recommendation_loss: 2.788087844848633, critic_loss: 0
recommendation_loss: 2.8036537170410156, critic_loss: 0
recommendation_loss: 2.7867588996887207, critic_loss: 0
recommendation_loss: 2.8147101402282715, critic_loss: 0
recommendation_loss: 2.789846897125244, critic_loss: 0
recommendation_loss: 2.799741744995117, critic_loss: 0
recommendation_loss: 2.802701950073242, critic_loss: 0
recommendation_loss: 2.7944653034210205, critic_loss: 0
recommendation_loss: 2.792853355407715, critic_loss: 0
recommendation_loss: 2.7823009490966797, critic_loss: 0
recommendation_loss: 2.776150703430176, critic_loss: 0
recommendation_loss: 2.7917163372039795, critic_loss: 0
recommendation_loss: 2.7935495376586914, critic_loss: 0
recommendation_loss: 2.7747418880462646, critic_loss: 0
recommendation_loss: 2.7846381664276123, critic_loss: 0
recommendation_loss: 2.7657878398895264, critic_loss: 0
recommendation_loss: 2.780539035797119, critic_loss: 0
recommendation_loss: 2.7787797451019287, critic_loss: 0
recommendation_loss: 2.7682909965515137, critic_loss: 0
recommendation_loss: 2.7735323905944824, critic_loss: 0
recommendation_loss: 2.7713379859924316, critic_loss: 0
recommendation_loss: 2.7765142917633057, critic_loss: 0
recommendation_loss: 2.768779754638672, critic_loss: 0
recommendation_loss: 2.770930051803589, critic_loss: 0
recommendation_loss: 2.766028881072998, critic_loss: 0
recommendation_loss: 2.7415060997009277, critic_loss: 0
recommendation_loss: 2.753939151763916, critic_loss: 0
recommendation_loss: 2.771529197692871, critic_loss: 0
recommendation_loss: 2.782088279724121, critic_loss: 0
recommendation_loss: 2.7599384784698486, critic_loss: 0
recommendation_loss: 2.7372887134552, critic_loss: 0
recommendation_loss: 2.746861696243286, critic_loss: 0
recommendation_loss: 2.7589826583862305, critic_loss: 0
recommendation_loss: 2.7535786628723145, critic_loss: 0
recommendation_loss: 2.735060930252075, critic_loss: 0
recommendation_loss: 2.737941265106201, critic_loss: 0
recommendation_loss: 2.7196598052978516, critic_loss: 0
recommendation_loss: 2.722658634185791, critic_loss: 0
recommendation_loss: 2.7647619247436523, critic_loss: 0
recommendation_loss: 2.729247570037842, critic_loss: 0
recommendation_loss: 2.7128326892852783, critic_loss: 0
recommendation_loss: 2.7382171154022217, critic_loss: 0
recommendation_loss: 2.7321622371673584, critic_loss: 0
recommendation_loss: 2.7586779594421387, critic_loss: 0
recommendation_loss: 2.743506669998169, critic_loss: 0
recommendation_loss: 2.735592842102051, critic_loss: 0
recommendation_loss: 2.7258219718933105, critic_loss: 0
recommendation_loss: 2.7283973693847656, critic_loss: 0
recommendation_loss: 2.734832763671875, critic_loss: 0
recommendation_loss: 2.7360777854919434, critic_loss: 0
recommendation_loss: 2.710345506668091, critic_loss: 0
recommendation_loss: 2.7214550971984863, critic_loss: 0
recommendation_loss: 2.714132308959961, critic_loss: 0
recommendation_loss: 2.714055061340332, critic_loss: 0
recommendation_loss: 2.7087175846099854, critic_loss: 0
recommendation_loss: 2.701063632965088, critic_loss: 0
recommendation_loss: 2.7185566425323486, critic_loss: 0
recommendation_loss: 2.7256081104278564, critic_loss: 0
recommendation_loss: 2.7374093532562256, critic_loss: 0
recommendation_loss: 2.7251627445220947, critic_loss: 0
recommendation_loss: 2.678584337234497, critic_loss: 0
recommendation_loss: 2.716195821762085, critic_loss: 0
recommendation_loss: 2.684549570083618, critic_loss: 0
recommendation_loss: 2.720053195953369, critic_loss: 0
recommendation_loss: 2.70285964012146, critic_loss: 0
recommendation_loss: 2.676222801208496, critic_loss: 0
recommendation_loss: 2.70540452003479, critic_loss: 0
recommendation_loss: 2.696329355239868, critic_loss: 0
recommendation_loss: 2.6769859790802, critic_loss: 0
recommendation_loss: 2.6923584938049316, critic_loss: 0
recommendation_loss: 2.641000747680664, critic_loss: 0
recommendation_loss: 2.647749900817871, critic_loss: 0
recommendation_loss: 2.6234776973724365, critic_loss: 0
recommendation_loss: 2.6292572021484375, critic_loss: 0
recommendation_loss: 2.603217124938965, critic_loss: 0
recommendation_loss: 2.551116704940796, critic_loss: 0
recommendation_loss: 2.536935567855835, critic_loss: 0
recommendation_loss: 2.537837505340576, critic_loss: 0
recommendation_loss: 2.5078020095825195, critic_loss: 0
recommendation_loss: 2.571430206298828, critic_loss: 0
recommendation_loss: 2.453933000564575, critic_loss: 0
recommendation_loss: 2.5149240493774414, critic_loss: 0
recommendation_loss: 2.517191171646118, critic_loss: 0
recommendation_loss: 2.499828815460205, critic_loss: 0
recommendation_loss: 2.4565207958221436, critic_loss: 0
recommendation_loss: 2.5084283351898193, critic_loss: 0
recommendation_loss: 2.4772374629974365, critic_loss: 0
recommendation_loss: 2.5199711322784424, critic_loss: 0
recommendation_loss: 2.5193228721618652, critic_loss: 0
recommendation_loss: 2.5413432121276855, critic_loss: 0
recommendation_loss: 2.448017120361328, critic_loss: 0
recommendation_loss: 2.440690517425537, critic_loss: 0
recommendation_loss: 2.470827341079712, critic_loss: 0
recommendation_loss: 2.4999189376831055, critic_loss: 0
recommendation_loss: 2.4888455867767334, critic_loss: 0
recommendation_loss: 2.511996269226074, critic_loss: 0
recommendation_loss: 2.4449357986450195, critic_loss: 0
recommendation_loss: 2.4834868907928467, critic_loss: 0
recommendation_loss: 2.4994282722473145, critic_loss: 0
recommendation_loss: 2.490717887878418, critic_loss: 0
recommendation_loss: 2.4859509468078613, critic_loss: 0
recommendation_loss: 2.5166163444519043, critic_loss: 0
recommendation_loss: 2.471874713897705, critic_loss: 0
recommendation_loss: 2.439779281616211, critic_loss: 0
recommendation_loss: 2.4277987480163574, critic_loss: 0
recommendation_loss: 2.482652187347412, critic_loss: 0
recommendation_loss: 2.4897828102111816, critic_loss: 0
recommendation_loss: 2.44297456741333, critic_loss: 0
recommendation_loss: 2.4691994190216064, critic_loss: 0
recommendation_loss: 2.502964973449707, critic_loss: 0
recommendation_loss: 2.4408204555511475, critic_loss: 0
recommendation_loss: 2.47585391998291, critic_loss: 0
recommendation_loss: 2.4942009449005127, critic_loss: 0
recommendation_loss: 2.479804039001465, critic_loss: 0
recommendation_loss: 2.5138933658599854, critic_loss: 0
recommendation_loss: 2.41560697555542, critic_loss: 0
recommendation_loss: 2.4296693801879883, critic_loss: 0
recommendation_loss: 2.396204948425293, critic_loss: 0
recommendation_loss: 2.468205213546753, critic_loss: 0
recommendation_loss: 2.3981053829193115, critic_loss: 0
recommendation_loss: 2.5331099033355713, critic_loss: 0
recommendation_loss: 2.38639760017395, critic_loss: 0
recommendation_loss: 2.434739351272583, critic_loss: 0
recommendation_loss: 2.4478373527526855, critic_loss: 0
recommendation_loss: 2.4302163124084473, critic_loss: 0
recommendation_loss: 2.3881726264953613, critic_loss: 0
recommendation_loss: 2.4293532371520996, critic_loss: 0
recommendation_loss: 2.4458727836608887, critic_loss: 0
recommendation_loss: 2.4446473121643066, critic_loss: 0
recommendation_loss: 2.4740397930145264, critic_loss: 0
recommendation_loss: 2.474424123764038, critic_loss: 0
recommendation_loss: 2.3973491191864014, critic_loss: 0
recommendation_loss: 2.4026334285736084, critic_loss: 0
recommendation_loss: 2.3985533714294434, critic_loss: 0
recommendation_loss: 2.4222710132598877, critic_loss: 0
recommendation_loss: 2.4225831031799316, critic_loss: 0
recommendation_loss: 2.454683542251587, critic_loss: 0
recommendation_loss: 2.382591485977173, critic_loss: 0
recommendation_loss: 2.4295501708984375, critic_loss: 0
recommendation_loss: 2.392636299133301, critic_loss: 0
recommendation_loss: 2.3468055725097656, critic_loss: 0
recommendation_loss: 2.3850831985473633, critic_loss: 0
recommendation_loss: 2.3534576892852783, critic_loss: 0
recommendation_loss: 2.443969249725342, critic_loss: 0
recommendation_loss: 2.3790645599365234, critic_loss: 0
recommendation_loss: 2.4400739669799805, critic_loss: 0
recommendation_loss: 2.4138569831848145, critic_loss: 0
recommendation_loss: 2.415144205093384, critic_loss: 0
recommendation_loss: 2.4621481895446777, critic_loss: 0
recommendation_loss: 2.4049720764160156, critic_loss: 0
recommendation_loss: 2.4542300701141357, critic_loss: 0
recommendation_loss: 2.410170793533325, critic_loss: 0
recommendation_loss: 2.367422580718994, critic_loss: 0
recommendation_loss: 2.434359550476074, critic_loss: 0
recommendation_loss: 2.394399404525757, critic_loss: 0
recommendation_loss: 2.389902114868164, critic_loss: 0
recommendation_loss: 2.38862943649292, critic_loss: 0
recommendation_loss: 2.4117228984832764, critic_loss: 0
recommendation_loss: 2.3472061157226562, critic_loss: 0
recommendation_loss: 2.4038615226745605, critic_loss: 0
recommendation_loss: 2.379051446914673, critic_loss: 0
recommendation_loss: 2.3644790649414062, critic_loss: 0
recommendation_loss: 2.341921329498291, critic_loss: 0
recommendation_loss: 2.474917411804199, critic_loss: 0
recommendation_loss: 2.3777053356170654, critic_loss: 0
recommendation_loss: 2.32969069480896, critic_loss: 0
recommendation_loss: 2.3708715438842773, critic_loss: 0
recommendation_loss: 2.3702619075775146, critic_loss: 0
recommendation_loss: 2.35644268989563, critic_loss: 0
recommendation_loss: 2.350492477416992, critic_loss: 0
recommendation_loss: 2.3878331184387207, critic_loss: 0
recommendation_loss: 2.3744142055511475, critic_loss: 0
recommendation_loss: 2.3868727684020996, critic_loss: 0
recommendation_loss: 2.3821158409118652, critic_loss: 0
recommendation_loss: 2.3413708209991455, critic_loss: 0
recommendation_loss: 2.350273609161377, critic_loss: 0
recommendation_loss: 2.3496451377868652, critic_loss: 0
recommendation_loss: 2.3117568492889404, critic_loss: 0
recommendation_loss: 2.3678505420684814, critic_loss: 0
recommendation_loss: 2.3533236980438232, critic_loss: 0
recommendation_loss: 2.4313488006591797, critic_loss: 0
recommendation_loss: 2.3435873985290527, critic_loss: 0
recommendation_loss: 2.395721673965454, critic_loss: 0
recommendation_loss: 2.400787591934204, critic_loss: 0
recommendation_loss: 2.4020960330963135, critic_loss: 0
recommendation_loss: 2.346815586090088, critic_loss: 0
recommendation_loss: 2.33971905708313, critic_loss: 0
recommendation_loss: 2.359358787536621, critic_loss: 0
recommendation_loss: 2.288705348968506, critic_loss: 0
recommendation_loss: 2.4280552864074707, critic_loss: 0
recommendation_loss: 2.327946662902832, critic_loss: 0
recommendation_loss: 2.3801169395446777, critic_loss: 0
recommendation_loss: 2.4102783203125, critic_loss: 0
recommendation_loss: 2.34846568107605, critic_loss: 0
recommendation_loss: 2.3122851848602295, critic_loss: 0
recommendation_loss: 2.331352949142456, critic_loss: 0
recommendation_loss: 2.3572449684143066, critic_loss: 0
recommendation_loss: 2.4122748374938965, critic_loss: 0
recommendation_loss: 2.3626670837402344, critic_loss: 0
recommendation_loss: 2.3510215282440186, critic_loss: 0
recommendation_loss: 2.354365348815918, critic_loss: 0
recommendation_loss: 2.2823290824890137, critic_loss: 0
recommendation_loss: 2.3329200744628906, critic_loss: 0
recommendation_loss: 2.334869146347046, critic_loss: 0
recommendation_loss: 2.3300814628601074, critic_loss: 0
recommendation_loss: 2.3846797943115234, critic_loss: 0
recommendation_loss: 2.347371816635132, critic_loss: 0
recommendation_loss: 2.355196952819824, critic_loss: 0
recommendation_loss: 2.349860191345215, critic_loss: 0
recommendation_loss: 2.3623199462890625, critic_loss: 0
recommendation_loss: 2.3752264976501465, critic_loss: 0
recommendation_loss: 2.2987120151519775, critic_loss: 0
recommendation_loss: 2.3395023345947266, critic_loss: 0
recommendation_loss: 2.3189592361450195, critic_loss: 0
recommendation_loss: 2.327486276626587, critic_loss: 0
recommendation_loss: 2.408219337463379, critic_loss: 0
recommendation_loss: 2.3867015838623047, critic_loss: 0
recommendation_loss: 2.3557944297790527, critic_loss: 0
recommendation_loss: 2.3810617923736572, critic_loss: 0
recommendation_loss: 2.4014196395874023, critic_loss: 0
recommendation_loss: 2.332660436630249, critic_loss: 0
recommendation_loss: 2.319575548171997, critic_loss: 0
recommendation_loss: 2.380941867828369, critic_loss: 0
recommendation_loss: 2.3035027980804443, critic_loss: 0
recommendation_loss: 2.3808913230895996, critic_loss: 0
recommendation_loss: 2.4115378856658936, critic_loss: 0
recommendation_loss: 2.3373730182647705, critic_loss: 0
recommendation_loss: 2.384249687194824, critic_loss: 0
recommendation_loss: 2.3285105228424072, critic_loss: 0
recommendation_loss: 2.3017983436584473, critic_loss: 0
recommendation_loss: 2.3663220405578613, critic_loss: 0
recommendation_loss: 2.2892637252807617, critic_loss: 0
recommendation_loss: 2.3046340942382812, critic_loss: 0
recommendation_loss: 2.4074809551239014, critic_loss: 0
recommendation_loss: 2.3080825805664062, critic_loss: 0
recommendation_loss: 2.369678020477295, critic_loss: 0
recommendation_loss: 2.360032558441162, critic_loss: 0
recommendation_loss: 2.312934637069702, critic_loss: 0
recommendation_loss: 2.318620204925537, critic_loss: 0
recommendation_loss: 2.287621259689331, critic_loss: 0
recommendation_loss: 2.3100903034210205, critic_loss: 0
recommendation_loss: 2.281815528869629, critic_loss: 0
recommendation_loss: 2.346160411834717, critic_loss: 0
recommendation_loss: 2.306415557861328, critic_loss: 0
recommendation_loss: 2.2861688137054443, critic_loss: 0
recommendation_loss: 2.2856340408325195, critic_loss: 0
recommendation_loss: 2.324765682220459, critic_loss: 0
recommendation_loss: 2.2538836002349854, critic_loss: 0
recommendation_loss: 2.322094678878784, critic_loss: 0
recommendation_loss: 2.2744240760803223, critic_loss: 0
recommendation_loss: 2.2534356117248535, critic_loss: 0
recommendation_loss: 2.2597384452819824, critic_loss: 0
recommendation_loss: 2.2787129878997803, critic_loss: 0
recommendation_loss: 2.299466848373413, critic_loss: 0
recommendation_loss: 2.242112636566162, critic_loss: 0
recommendation_loss: 2.2944412231445312, critic_loss: 0
recommendation_loss: 2.2895569801330566, critic_loss: 0
recommendation_loss: 2.243659496307373, critic_loss: 0
recommendation_loss: 2.277087926864624, critic_loss: 0
recommendation_loss: 2.333435535430908, critic_loss: 0
recommendation_loss: 2.1759891510009766, critic_loss: 0
recommendation_loss: 2.185961961746216, critic_loss: 0
recommendation_loss: 2.1538352966308594, critic_loss: 0
recommendation_loss: 2.2634775638580322, critic_loss: 0
recommendation_loss: 2.246854305267334, critic_loss: 0
recommendation_loss: 2.2352089881896973, critic_loss: 0
recommendation_loss: 2.1850757598876953, critic_loss: 0
recommendation_loss: 2.2402758598327637, critic_loss: 0
recommendation_loss: 2.1686980724334717, critic_loss: 0
recommendation_loss: 2.2227535247802734, critic_loss: 0
recommendation_loss: 2.146125078201294, critic_loss: 0
recommendation_loss: 2.2151880264282227, critic_loss: 0
recommendation_loss: 2.190359592437744, critic_loss: 0
recommendation_loss: 2.1937594413757324, critic_loss: 0
recommendation_loss: 2.192615270614624, critic_loss: 0
recommendation_loss: 2.2580957412719727, critic_loss: 0
recommendation_loss: 2.215552568435669, critic_loss: 0
recommendation_loss: 2.199124813079834, critic_loss: 0
recommendation_loss: 2.1544926166534424, critic_loss: 0
recommendation_loss: 2.22769832611084, critic_loss: 0
recommendation_loss: 2.1769859790802, critic_loss: 0
recommendation_loss: 2.185532808303833, critic_loss: 0
recommendation_loss: 2.2639684677124023, critic_loss: 0
recommendation_loss: 2.138667106628418, critic_loss: 0
recommendation_loss: 2.198303461074829, critic_loss: 0
recommendation_loss: 2.187934637069702, critic_loss: 0
recommendation_loss: 2.2134389877319336, critic_loss: 0
2024-08-09 17:49:41.500765: step 304/24320 (epoch 1/80), loss = 1.741442 (29.065 sec/epoch), lr: 0.003000
Evaluating on dev set...
...........................
source: 	 mrr: 0.024540	 ndcg_5: 0.0151	 ndcg_10: 0.0196	 hit@1:0.005069	 hit@5:0.0246	 hit@10: 0.0384
target: 	 mrr: 0.026045	 ndcg_5: 0.0191	 ndcg_10: 0.0255	 hit@1:0.005575	 hit@5:0.0314	 hit@10: 0.0509
source best!
.............
source: 	 mrr: 0.025997	 ndcg_5: 0.0158	 ndcg_10: 0.0232	 hit@1:0.005368	 hit@5:0.0261	 hit@10: 0.0491
target best!
..............target: 	 mrr: 0.026791	 ndcg_5: 0.0182	 ndcg_10: 0.0267	 hit@1:0.008916	 hit@5:0.0288	 hit@10: 0.0549
epoch 1: train_loss = 1.741442, source_hit@10 = 0.0491, source_ndcg@10 = 0.0232, target_hit@10 = 0.0549, target_ndcg@10 = 0.0267

recommendation_loss: 2.200244903564453, critic_loss: 0
recommendation_loss: 2.192708969116211, critic_loss: 0
recommendation_loss: 2.1192445755004883, critic_loss: 0
recommendation_loss: 2.1514973640441895, critic_loss: 0
recommendation_loss: 2.142573356628418, critic_loss: 0
recommendation_loss: 2.194955348968506, critic_loss: 0
recommendation_loss: 2.1307992935180664, critic_loss: 0
recommendation_loss: 2.1489083766937256, critic_loss: 0
recommendation_loss: 2.124809503555298, critic_loss: 0
recommendation_loss: 2.058210849761963, critic_loss: 0
recommendation_loss: 2.0973548889160156, critic_loss: 0
recommendation_loss: 2.207648515701294, critic_loss: 0
recommendation_loss: 2.102123260498047, critic_loss: 0
recommendation_loss: 2.082947015762329, critic_loss: 0
recommendation_loss: 2.1661674976348877, critic_loss: 0
recommendation_loss: 2.1442880630493164, critic_loss: 0
recommendation_loss: 2.09234881401062, critic_loss: 0
recommendation_loss: 2.164236545562744, critic_loss: 0
recommendation_loss: 2.10332989692688, critic_loss: 0
recommendation_loss: 2.076512575149536, critic_loss: 0
recommendation_loss: 2.092317581176758, critic_loss: 0
recommendation_loss: 2.0651276111602783, critic_loss: 0
recommendation_loss: 2.0629024505615234, critic_loss: 0
recommendation_loss: 2.1498184204101562, critic_loss: 0
recommendation_loss: 2.0230867862701416, critic_loss: 0
recommendation_loss: 2.040102958679199, critic_loss: 0
recommendation_loss: 2.088383674621582, critic_loss: 0
recommendation_loss: 2.0785391330718994, critic_loss: 0
recommendation_loss: 2.168452262878418, critic_loss: 0
recommendation_loss: 2.1212692260742188, critic_loss: 0
recommendation_loss: 2.10864520072937, critic_loss: 0
recommendation_loss: 2.048278331756592, critic_loss: 0
recommendation_loss: 2.1856253147125244, critic_loss: 0
recommendation_loss: 2.1087002754211426, critic_loss: 0
recommendation_loss: 2.104247808456421, critic_loss: 0
recommendation_loss: 2.047975778579712, critic_loss: 0
recommendation_loss: 2.149698257446289, critic_loss: 0
recommendation_loss: 2.1493079662323, critic_loss: 0
recommendation_loss: 2.0327341556549072, critic_loss: 0
recommendation_loss: 2.0215110778808594, critic_loss: 0
recommendation_loss: 2.0740702152252197, critic_loss: 0
recommendation_loss: 2.1393938064575195, critic_loss: 0
recommendation_loss: 1.9872627258300781, critic_loss: 0
recommendation_loss: 2.0448155403137207, critic_loss: 0
recommendation_loss: 2.035978078842163, critic_loss: 0
recommendation_loss: 2.145879030227661, critic_loss: 0
recommendation_loss: 2.0443544387817383, critic_loss: 0
recommendation_loss: 2.078305721282959, critic_loss: 0
recommendation_loss: 2.0408267974853516, critic_loss: 0
recommendation_loss: 2.072791576385498, critic_loss: 0
recommendation_loss: 2.0871665477752686, critic_loss: 0
recommendation_loss: 1.9760184288024902, critic_loss: 0
recommendation_loss: 2.016711711883545, critic_loss: 0
recommendation_loss: 2.0282938480377197, critic_loss: 0
recommendation_loss: 2.069908618927002, critic_loss: 0
recommendation_loss: 2.054248571395874, critic_loss: 0
recommendation_loss: 2.0090465545654297, critic_loss: 0
recommendation_loss: 2.089831829071045, critic_loss: 0
recommendation_loss: 1.9938108921051025, critic_loss: 0
recommendation_loss: 1.9756650924682617, critic_loss: 0
recommendation_loss: 2.012502908706665, critic_loss: 0
recommendation_loss: 2.0554986000061035, critic_loss: 0
recommendation_loss: 2.060986042022705, critic_loss: 0
recommendation_loss: 2.116403102874756, critic_loss: 0
recommendation_loss: 1.9838210344314575, critic_loss: 0
recommendation_loss: 2.0319530963897705, critic_loss: 0
recommendation_loss: 2.0092735290527344, critic_loss: 0
recommendation_loss: 2.1566267013549805, critic_loss: 0
recommendation_loss: 2.0386335849761963, critic_loss: 0
recommendation_loss: 1.953324556350708, critic_loss: 0
recommendation_loss: 1.9933903217315674, critic_loss: 0
recommendation_loss: 1.9765104055404663, critic_loss: 0
recommendation_loss: 1.9276814460754395, critic_loss: 0
recommendation_loss: 2.0246365070343018, critic_loss: 0
recommendation_loss: 2.0479114055633545, critic_loss: 0
recommendation_loss: 2.0606796741485596, critic_loss: 0
recommendation_loss: 2.0569798946380615, critic_loss: 0
recommendation_loss: 1.9878594875335693, critic_loss: 0
recommendation_loss: 1.987857699394226, critic_loss: 0
recommendation_loss: 2.0610299110412598, critic_loss: 0
recommendation_loss: 2.066694498062134, critic_loss: 0
recommendation_loss: 1.9856114387512207, critic_loss: 0
recommendation_loss: 1.9581316709518433, critic_loss: 0
recommendation_loss: 2.0393142700195312, critic_loss: 0
recommendation_loss: 1.9695324897766113, critic_loss: 0
recommendation_loss: 2.0300443172454834, critic_loss: 0
recommendation_loss: 2.085881471633911, critic_loss: 0
recommendation_loss: 2.039015293121338, critic_loss: 0
recommendation_loss: 2.079890251159668, critic_loss: 0
recommendation_loss: 2.03836727142334, critic_loss: 0
recommendation_loss: 1.9879604578018188, critic_loss: 0
recommendation_loss: 2.0255138874053955, critic_loss: 0
recommendation_loss: 2.0313186645507812, critic_loss: 0
recommendation_loss: 1.9396191835403442, critic_loss: 0
recommendation_loss: 2.0442912578582764, critic_loss: 0
recommendation_loss: 1.9795070886611938, critic_loss: 0
recommendation_loss: 2.0374865531921387, critic_loss: 0
recommendation_loss: 1.9507745504379272, critic_loss: 0
recommendation_loss: 2.0346217155456543, critic_loss: 0
recommendation_loss: 2.0349841117858887, critic_loss: 0
recommendation_loss: 1.935977816581726, critic_loss: 0
recommendation_loss: 2.01914381980896, critic_loss: 0
recommendation_loss: 1.950446367263794, critic_loss: 0
recommendation_loss: 1.9585354328155518, critic_loss: 0
recommendation_loss: 1.9663383960723877, critic_loss: 0
recommendation_loss: 2.0289502143859863, critic_loss: 0
recommendation_loss: 1.942859172821045, critic_loss: 0
recommendation_loss: 1.955223560333252, critic_loss: 0
recommendation_loss: 1.967934489250183, critic_loss: 0
recommendation_loss: 1.9615488052368164, critic_loss: 0
recommendation_loss: 1.9813838005065918, critic_loss: 0
recommendation_loss: 1.9928174018859863, critic_loss: 0
recommendation_loss: 1.9191807508468628, critic_loss: 0
recommendation_loss: 1.9453699588775635, critic_loss: 0
recommendation_loss: 1.9375253915786743, critic_loss: 0
recommendation_loss: 1.9125950336456299, critic_loss: 0
recommendation_loss: 2.100827217102051, critic_loss: 0
recommendation_loss: 2.001812696456909, critic_loss: 0
recommendation_loss: 1.9082945585250854, critic_loss: 0
recommendation_loss: 1.9396213293075562, critic_loss: 0
recommendation_loss: 1.937137246131897, critic_loss: 0
recommendation_loss: 1.8436826467514038, critic_loss: 0
recommendation_loss: 1.888801097869873, critic_loss: 0
recommendation_loss: 1.9500155448913574, critic_loss: 0
recommendation_loss: 1.911137342453003, critic_loss: 0
recommendation_loss: 2.029292583465576, critic_loss: 0
recommendation_loss: 1.989267110824585, critic_loss: 0
recommendation_loss: 1.9845384359359741, critic_loss: 0
recommendation_loss: 1.9866533279418945, critic_loss: 0
recommendation_loss: 1.9224272966384888, critic_loss: 0
recommendation_loss: 1.9993088245391846, critic_loss: 0
recommendation_loss: 1.977612018585205, critic_loss: 0
recommendation_loss: 1.9136450290679932, critic_loss: 0
recommendation_loss: 2.018446445465088, critic_loss: 0
recommendation_loss: 1.9323896169662476, critic_loss: 0
recommendation_loss: 2.0002787113189697, critic_loss: 0
recommendation_loss: 1.9809012413024902, critic_loss: 0
recommendation_loss: 2.010899543762207, critic_loss: 0
recommendation_loss: 1.9041247367858887, critic_loss: 0
recommendation_loss: 1.9635288715362549, critic_loss: 0
recommendation_loss: 1.8960387706756592, critic_loss: 0
recommendation_loss: 1.9100348949432373, critic_loss: 0
recommendation_loss: 1.9091970920562744, critic_loss: 0
recommendation_loss: 1.9118801355361938, critic_loss: 0
recommendation_loss: 1.9260828495025635, critic_loss: 0
recommendation_loss: 1.8755123615264893, critic_loss: 0
recommendation_loss: 1.8877534866333008, critic_loss: 0
recommendation_loss: 2.02433180809021, critic_loss: 0
recommendation_loss: 2.0105819702148438, critic_loss: 0
recommendation_loss: 1.9460878372192383, critic_loss: 0
recommendation_loss: 1.9353127479553223, critic_loss: 0
recommendation_loss: 1.9554858207702637, critic_loss: 0
recommendation_loss: 1.9799387454986572, critic_loss: 0
recommendation_loss: 1.8985406160354614, critic_loss: 0
recommendation_loss: 1.8955415487289429, critic_loss: 0
recommendation_loss: 1.9473347663879395, critic_loss: 0
recommendation_loss: 1.9512848854064941, critic_loss: 0
recommendation_loss: 1.9540921449661255, critic_loss: 0
recommendation_loss: 1.8691160678863525, critic_loss: 0
recommendation_loss: 2.020085334777832, critic_loss: 0
recommendation_loss: 1.9563298225402832, critic_loss: 0
recommendation_loss: 1.9120177030563354, critic_loss: 0
recommendation_loss: 1.9305601119995117, critic_loss: 0
recommendation_loss: 1.9341261386871338, critic_loss: 0
recommendation_loss: 1.948744773864746, critic_loss: 0
recommendation_loss: 1.9697339534759521, critic_loss: 0
recommendation_loss: 1.8746836185455322, critic_loss: 0
recommendation_loss: 1.9825899600982666, critic_loss: 0
recommendation_loss: 1.9166841506958008, critic_loss: 0
recommendation_loss: 1.915832281112671, critic_loss: 0
recommendation_loss: 1.9724639654159546, critic_loss: 0
recommendation_loss: 1.8932523727416992, critic_loss: 0
recommendation_loss: 1.9635629653930664, critic_loss: 0
recommendation_loss: 1.9084550142288208, critic_loss: 0
recommendation_loss: 1.9730255603790283, critic_loss: 0
recommendation_loss: 1.9165117740631104, critic_loss: 0
recommendation_loss: 1.8755022287368774, critic_loss: 0
recommendation_loss: 1.9388551712036133, critic_loss: 0
recommendation_loss: 1.8624660968780518, critic_loss: 0
recommendation_loss: 1.9212727546691895, critic_loss: 0
recommendation_loss: 1.8614696264266968, critic_loss: 0
recommendation_loss: 1.9431178569793701, critic_loss: 0
recommendation_loss: 1.927943229675293, critic_loss: 0
recommendation_loss: 1.9307678937911987, critic_loss: 0
recommendation_loss: 1.9314045906066895, critic_loss: 0
recommendation_loss: 1.9225797653198242, critic_loss: 0
recommendation_loss: 2.0628252029418945, critic_loss: 0
recommendation_loss: 1.8823082447052002, critic_loss: 0
recommendation_loss: 1.8115565776824951, critic_loss: 0
recommendation_loss: 1.9365668296813965, critic_loss: 0
recommendation_loss: 1.9102745056152344, critic_loss: 0
recommendation_loss: 1.9126261472702026, critic_loss: 0
recommendation_loss: 1.8705947399139404, critic_loss: 0
recommendation_loss: 1.8905380964279175, critic_loss: 0
recommendation_loss: 1.8969318866729736, critic_loss: 0
recommendation_loss: 1.8961873054504395, critic_loss: 0
recommendation_loss: 1.976540207862854, critic_loss: 0
recommendation_loss: 1.8664472103118896, critic_loss: 0
recommendation_loss: 1.8867361545562744, critic_loss: 0
recommendation_loss: 1.859052300453186, critic_loss: 0
recommendation_loss: 1.9005237817764282, critic_loss: 0
recommendation_loss: 1.8927526473999023, critic_loss: 0
recommendation_loss: 1.8679734468460083, critic_loss: 0
recommendation_loss: 1.8843588829040527, critic_loss: 0
recommendation_loss: 1.8553155660629272, critic_loss: 0
recommendation_loss: 1.9696651697158813, critic_loss: 0
recommendation_loss: 1.919960618019104, critic_loss: 0
recommendation_loss: 1.906655192375183, critic_loss: 0
recommendation_loss: 1.8732414245605469, critic_loss: 0
recommendation_loss: 1.8971810340881348, critic_loss: 0
recommendation_loss: 1.9528498649597168, critic_loss: 0
recommendation_loss: 1.8830928802490234, critic_loss: 0
recommendation_loss: 1.8627448081970215, critic_loss: 0
recommendation_loss: 1.8308173418045044, critic_loss: 0
recommendation_loss: 1.9818909168243408, critic_loss: 0
recommendation_loss: 1.9133632183074951, critic_loss: 0
recommendation_loss: 1.882869839668274, critic_loss: 0
recommendation_loss: 1.8529975414276123, critic_loss: 0
recommendation_loss: 1.898694634437561, critic_loss: 0
recommendation_loss: 1.8485450744628906, critic_loss: 0
recommendation_loss: 1.9301773309707642, critic_loss: 0
recommendation_loss: 1.8422274589538574, critic_loss: 0
recommendation_loss: 1.8441931009292603, critic_loss: 0
recommendation_loss: 1.9364482164382935, critic_loss: 0
recommendation_loss: 1.8588134050369263, critic_loss: 0
recommendation_loss: 1.8622832298278809, critic_loss: 0
recommendation_loss: 1.8801792860031128, critic_loss: 0
recommendation_loss: 1.9206221103668213, critic_loss: 0
recommendation_loss: 1.7728567123413086, critic_loss: 0
recommendation_loss: 1.8975151777267456, critic_loss: 0
recommendation_loss: 1.9270033836364746, critic_loss: 0
recommendation_loss: 1.8660571575164795, critic_loss: 0
recommendation_loss: 1.9064747095108032, critic_loss: 0
recommendation_loss: 1.8877153396606445, critic_loss: 0
recommendation_loss: 1.89017915725708, critic_loss: 0
recommendation_loss: 1.8585755825042725, critic_loss: 0
recommendation_loss: 1.9261064529418945, critic_loss: 0
recommendation_loss: 1.7991852760314941, critic_loss: 0
recommendation_loss: 1.8446681499481201, critic_loss: 0
recommendation_loss: 1.794303059577942, critic_loss: 0
recommendation_loss: 1.9182066917419434, critic_loss: 0
recommendation_loss: 1.896543025970459, critic_loss: 0
recommendation_loss: 1.8621004819869995, critic_loss: 0
recommendation_loss: 1.878425121307373, critic_loss: 0
recommendation_loss: 1.8311660289764404, critic_loss: 0
recommendation_loss: 1.9078199863433838, critic_loss: 0
recommendation_loss: 1.8938690423965454, critic_loss: 0
recommendation_loss: 1.821095585823059, critic_loss: 0
recommendation_loss: 1.851888656616211, critic_loss: 0
recommendation_loss: 1.9174256324768066, critic_loss: 0
recommendation_loss: 1.8561186790466309, critic_loss: 0
recommendation_loss: 1.8185298442840576, critic_loss: 0
recommendation_loss: 1.943406581878662, critic_loss: 0
recommendation_loss: 1.8230233192443848, critic_loss: 0
recommendation_loss: 1.8208842277526855, critic_loss: 0
recommendation_loss: 1.8746813535690308, critic_loss: 0
recommendation_loss: 1.8616740703582764, critic_loss: 0
recommendation_loss: 1.8438045978546143, critic_loss: 0
recommendation_loss: 1.9092483520507812, critic_loss: 0
recommendation_loss: 1.8407386541366577, critic_loss: 0
recommendation_loss: 1.9381870031356812, critic_loss: 0
recommendation_loss: 1.8788416385650635, critic_loss: 0
recommendation_loss: 1.8799476623535156, critic_loss: 0
recommendation_loss: 1.840850830078125, critic_loss: 0
recommendation_loss: 1.904491901397705, critic_loss: 0
recommendation_loss: 1.8656445741653442, critic_loss: 0
recommendation_loss: 1.8603302240371704, critic_loss: 0
recommendation_loss: 1.8209528923034668, critic_loss: 0
recommendation_loss: 1.9099113941192627, critic_loss: 0
recommendation_loss: 1.8597795963287354, critic_loss: 0
recommendation_loss: 1.7955745458602905, critic_loss: 0
recommendation_loss: 1.8678971529006958, critic_loss: 0
recommendation_loss: 1.810394287109375, critic_loss: 0
recommendation_loss: 1.8994319438934326, critic_loss: 0
recommendation_loss: 1.8456350564956665, critic_loss: 0
recommendation_loss: 1.886724829673767, critic_loss: 0
recommendation_loss: 1.8671917915344238, critic_loss: 0
recommendation_loss: 1.845337986946106, critic_loss: 0
recommendation_loss: 1.8373249769210815, critic_loss: 0
recommendation_loss: 1.81324303150177, critic_loss: 0
recommendation_loss: 1.7879862785339355, critic_loss: 0
recommendation_loss: 1.8500115871429443, critic_loss: 0
recommendation_loss: 1.8786112070083618, critic_loss: 0
recommendation_loss: 1.841251254081726, critic_loss: 0
recommendation_loss: 1.9645496606826782, critic_loss: 0
recommendation_loss: 1.8500103950500488, critic_loss: 0
recommendation_loss: 1.847036600112915, critic_loss: 0
recommendation_loss: 1.8512799739837646, critic_loss: 0
recommendation_loss: 1.9148941040039062, critic_loss: 0
recommendation_loss: 1.8269108533859253, critic_loss: 0
recommendation_loss: 1.8006956577301025, critic_loss: 0
recommendation_loss: 1.9311881065368652, critic_loss: 0
recommendation_loss: 1.8486788272857666, critic_loss: 0
recommendation_loss: 1.845229983329773, critic_loss: 0
recommendation_loss: 1.7952206134796143, critic_loss: 0
recommendation_loss: 1.7870205640792847, critic_loss: 0
recommendation_loss: 1.8549458980560303, critic_loss: 0
recommendation_loss: 1.7668653726577759, critic_loss: 0
recommendation_loss: 1.8359156847000122, critic_loss: 0
recommendation_loss: 1.8524059057235718, critic_loss: 0
recommendation_loss: 1.8025665283203125, critic_loss: 0
recommendation_loss: 1.9083209037780762, critic_loss: 0
recommendation_loss: 1.8055428266525269, critic_loss: 0
recommendation_loss: 1.8823208808898926, critic_loss: 0
2024-08-09 17:50:11.194266: step 608/24320 (epoch 2/80), loss = 1.369101 (29.088 sec/epoch), lr: 0.003000
Evaluating on dev set...
...........................
source: 	 mrr: 0.016102	 ndcg_5: 0.0104	 ndcg_10: 0.0132	 hit@1:0.001448	 hit@5:0.0188	 hit@10: 0.0275
target: 	 mrr: 0.025243	 ndcg_5: 0.0166	 ndcg_10: 0.0254	 hit@1:0.005575	 hit@5:0.0272	 hit@10: 0.0544
epoch 2: train_loss = 1.369101, source_hit@10 = 0.0275, source_ndcg@10 = 0.0132, target_hit@10 = 0.0544, target_ndcg@10 = 0.0254

recommendation_loss: 1.8639699220657349, critic_loss: 0
recommendation_loss: 1.813389778137207, critic_loss: 0
recommendation_loss: 1.8797178268432617, critic_loss: 0
recommendation_loss: 1.8142123222351074, critic_loss: 0
recommendation_loss: 1.7510099411010742, critic_loss: 0
recommendation_loss: 1.9363243579864502, critic_loss: 0
recommendation_loss: 1.8998074531555176, critic_loss: 0
recommendation_loss: 1.8502625226974487, critic_loss: 0
recommendation_loss: 1.8441121578216553, critic_loss: 0
recommendation_loss: 1.8021951913833618, critic_loss: 0
recommendation_loss: 1.8302398920059204, critic_loss: 0
recommendation_loss: 1.7438875436782837, critic_loss: 0
recommendation_loss: 1.8453259468078613, critic_loss: 0
recommendation_loss: 1.8136255741119385, critic_loss: 0
recommendation_loss: 1.961236834526062, critic_loss: 0
recommendation_loss: 1.831073522567749, critic_loss: 0
recommendation_loss: 1.7931089401245117, critic_loss: 0
recommendation_loss: 1.8182467222213745, critic_loss: 0
recommendation_loss: 1.8112611770629883, critic_loss: 0
recommendation_loss: 1.8808305263519287, critic_loss: 0
recommendation_loss: 1.8691368103027344, critic_loss: 0
recommendation_loss: 1.8228933811187744, critic_loss: 0
recommendation_loss: 1.8250377178192139, critic_loss: 0
recommendation_loss: 1.9012871980667114, critic_loss: 0
recommendation_loss: 1.8194020986557007, critic_loss: 0
recommendation_loss: 1.8666355609893799, critic_loss: 0
recommendation_loss: 1.8013712167739868, critic_loss: 0
recommendation_loss: 1.8692119121551514, critic_loss: 0
recommendation_loss: 1.8335118293762207, critic_loss: 0
recommendation_loss: 1.8537509441375732, critic_loss: 0
recommendation_loss: 1.8495384454727173, critic_loss: 0
recommendation_loss: 1.8044414520263672, critic_loss: 0
recommendation_loss: 1.8641763925552368, critic_loss: 0
recommendation_loss: 1.8757367134094238, critic_loss: 0
recommendation_loss: 1.849946141242981, critic_loss: 0
recommendation_loss: 1.8215367794036865, critic_loss: 0
recommendation_loss: 1.7899720668792725, critic_loss: 0
recommendation_loss: 1.8740605115890503, critic_loss: 0
recommendation_loss: 1.8194093704223633, critic_loss: 0
recommendation_loss: 1.7797834873199463, critic_loss: 0
recommendation_loss: 1.8473154306411743, critic_loss: 0
recommendation_loss: 1.7418010234832764, critic_loss: 0
recommendation_loss: 1.7398769855499268, critic_loss: 0
recommendation_loss: 1.7690293788909912, critic_loss: 0
recommendation_loss: 1.818939208984375, critic_loss: 0
recommendation_loss: 1.8278193473815918, critic_loss: 0
recommendation_loss: 1.8438252210617065, critic_loss: 0
recommendation_loss: 1.7835381031036377, critic_loss: 0
recommendation_loss: 1.8577466011047363, critic_loss: 0
recommendation_loss: 1.7266308069229126, critic_loss: 0
recommendation_loss: 1.941495418548584, critic_loss: 0
recommendation_loss: 1.8209466934204102, critic_loss: 0
recommendation_loss: 1.8993322849273682, critic_loss: 0
recommendation_loss: 1.8167309761047363, critic_loss: 0
recommendation_loss: 1.8116812705993652, critic_loss: 0
recommendation_loss: 1.8768839836120605, critic_loss: 0
recommendation_loss: 1.7988524436950684, critic_loss: 0
recommendation_loss: 1.7384278774261475, critic_loss: 0
recommendation_loss: 1.8188884258270264, critic_loss: 0
recommendation_loss: 1.8359860181808472, critic_loss: 0
recommendation_loss: 1.840065598487854, critic_loss: 0
recommendation_loss: 1.8798900842666626, critic_loss: 0
recommendation_loss: 1.8392902612686157, critic_loss: 0
recommendation_loss: 1.8368940353393555, critic_loss: 0
recommendation_loss: 1.9955930709838867, critic_loss: 0
recommendation_loss: 1.784213900566101, critic_loss: 0
recommendation_loss: 1.8852133750915527, critic_loss: 0
recommendation_loss: 1.8603932857513428, critic_loss: 0
recommendation_loss: 1.887599229812622, critic_loss: 0
recommendation_loss: 1.8437182903289795, critic_loss: 0
recommendation_loss: 1.8918789625167847, critic_loss: 0
recommendation_loss: 1.8954424858093262, critic_loss: 0
recommendation_loss: 1.8727734088897705, critic_loss: 0
recommendation_loss: 1.827648401260376, critic_loss: 0
recommendation_loss: 1.8693506717681885, critic_loss: 0
recommendation_loss: 1.8104898929595947, critic_loss: 0
recommendation_loss: 1.8593167066574097, critic_loss: 0
recommendation_loss: 1.7975945472717285, critic_loss: 0
recommendation_loss: 1.8104455471038818, critic_loss: 0
recommendation_loss: 1.8164275884628296, critic_loss: 0
recommendation_loss: 1.8240785598754883, critic_loss: 0
recommendation_loss: 1.8341717720031738, critic_loss: 0
recommendation_loss: 1.826715350151062, critic_loss: 0
recommendation_loss: 1.8231399059295654, critic_loss: 0
recommendation_loss: 1.7798194885253906, critic_loss: 0
recommendation_loss: 1.8628841638565063, critic_loss: 0
recommendation_loss: 1.8516795635223389, critic_loss: 0
recommendation_loss: 1.7496137619018555, critic_loss: 0
recommendation_loss: 1.813359022140503, critic_loss: 0
recommendation_loss: 1.832956314086914, critic_loss: 0
recommendation_loss: 1.7779983282089233, critic_loss: 0
recommendation_loss: 1.825394630432129, critic_loss: 0
recommendation_loss: 1.7537705898284912, critic_loss: 0
recommendation_loss: 1.7024800777435303, critic_loss: 0
recommendation_loss: 1.7750699520111084, critic_loss: 0
recommendation_loss: 1.7860535383224487, critic_loss: 0
recommendation_loss: 1.7789448499679565, critic_loss: 0
recommendation_loss: 1.809731125831604, critic_loss: 0
recommendation_loss: 1.7515578269958496, critic_loss: 0
recommendation_loss: 1.8044061660766602, critic_loss: 0
recommendation_loss: 1.7638356685638428, critic_loss: 0
recommendation_loss: 1.7455298900604248, critic_loss: 0
recommendation_loss: 1.736314058303833, critic_loss: 0
recommendation_loss: 1.7717365026474, critic_loss: 0
recommendation_loss: 1.821536898612976, critic_loss: 0
recommendation_loss: 1.8516809940338135, critic_loss: 0
recommendation_loss: 1.8524823188781738, critic_loss: 0
recommendation_loss: 1.7323951721191406, critic_loss: 0
recommendation_loss: 1.824378252029419, critic_loss: 0
recommendation_loss: 1.7458148002624512, critic_loss: 0
recommendation_loss: 1.8297765254974365, critic_loss: 0
recommendation_loss: 1.7670414447784424, critic_loss: 0
recommendation_loss: 1.6883795261383057, critic_loss: 0
recommendation_loss: 1.8092114925384521, critic_loss: 0
recommendation_loss: 1.854910135269165, critic_loss: 0
recommendation_loss: 1.7529258728027344, critic_loss: 0
recommendation_loss: 1.7814278602600098, critic_loss: 0
recommendation_loss: 1.7794162034988403, critic_loss: 0
recommendation_loss: 1.7124764919281006, critic_loss: 0
recommendation_loss: 1.8209640979766846, critic_loss: 0
recommendation_loss: 1.784980297088623, critic_loss: 0
recommendation_loss: 1.7682539224624634, critic_loss: 0
recommendation_loss: 1.7936521768569946, critic_loss: 0
recommendation_loss: 1.887394905090332, critic_loss: 0
recommendation_loss: 1.8030099868774414, critic_loss: 0
recommendation_loss: 1.8027771711349487, critic_loss: 0
recommendation_loss: 1.7403898239135742, critic_loss: 0
recommendation_loss: 1.8127002716064453, critic_loss: 0
recommendation_loss: 1.8037891387939453, critic_loss: 0
recommendation_loss: 1.7761396169662476, critic_loss: 0
recommendation_loss: 1.6907232999801636, critic_loss: 0
recommendation_loss: 1.7984789609909058, critic_loss: 0
recommendation_loss: 1.7894020080566406, critic_loss: 0
recommendation_loss: 1.7204244136810303, critic_loss: 0
recommendation_loss: 1.8025553226470947, critic_loss: 0
recommendation_loss: 1.7540844678878784, critic_loss: 0
recommendation_loss: 1.779476284980774, critic_loss: 0
recommendation_loss: 1.8130595684051514, critic_loss: 0
recommendation_loss: 1.6970175504684448, critic_loss: 0
recommendation_loss: 1.7643728256225586, critic_loss: 0
recommendation_loss: 1.7487894296646118, critic_loss: 0
recommendation_loss: 1.8068222999572754, critic_loss: 0
recommendation_loss: 1.7441725730895996, critic_loss: 0
recommendation_loss: 1.7034201622009277, critic_loss: 0
recommendation_loss: 1.7604871988296509, critic_loss: 0
recommendation_loss: 1.7216194868087769, critic_loss: 0
recommendation_loss: 1.7693662643432617, critic_loss: 0
recommendation_loss: 1.766568899154663, critic_loss: 0
recommendation_loss: 1.6870546340942383, critic_loss: 0
recommendation_loss: 1.6947964429855347, critic_loss: 0
recommendation_loss: 1.7608447074890137, critic_loss: 0
recommendation_loss: 1.7730156183242798, critic_loss: 0
recommendation_loss: 1.7512681484222412, critic_loss: 0
recommendation_loss: 1.7073849439620972, critic_loss: 0
recommendation_loss: 1.697318196296692, critic_loss: 0
recommendation_loss: 1.7766834497451782, critic_loss: 0
recommendation_loss: 1.7357239723205566, critic_loss: 0
recommendation_loss: 1.7429521083831787, critic_loss: 0
recommendation_loss: 1.7331290245056152, critic_loss: 0
recommendation_loss: 1.7775720357894897, critic_loss: 0
recommendation_loss: 1.7553857564926147, critic_loss: 0
recommendation_loss: 1.6994229555130005, critic_loss: 0
recommendation_loss: 1.7883250713348389, critic_loss: 0
recommendation_loss: 1.6905155181884766, critic_loss: 0
recommendation_loss: 1.8301761150360107, critic_loss: 0
recommendation_loss: 1.7413406372070312, critic_loss: 0
recommendation_loss: 1.6145837306976318, critic_loss: 0
recommendation_loss: 1.7510219812393188, critic_loss: 0
recommendation_loss: 1.7479066848754883, critic_loss: 0
recommendation_loss: 1.7628974914550781, critic_loss: 0
recommendation_loss: 1.6865535974502563, critic_loss: 0
recommendation_loss: 1.7827261686325073, critic_loss: 0
recommendation_loss: 1.7517814636230469, critic_loss: 0
recommendation_loss: 1.835983157157898, critic_loss: 0
recommendation_loss: 1.8019315004348755, critic_loss: 0
recommendation_loss: 1.70498788356781, critic_loss: 0
recommendation_loss: 1.7318662405014038, critic_loss: 0
recommendation_loss: 1.716437816619873, critic_loss: 0
recommendation_loss: 1.7180485725402832, critic_loss: 0
recommendation_loss: 1.735070824623108, critic_loss: 0
recommendation_loss: 1.6257301568984985, critic_loss: 0
recommendation_loss: 1.7069051265716553, critic_loss: 0
recommendation_loss: 1.7229028940200806, critic_loss: 0
recommendation_loss: 1.74648916721344, critic_loss: 0
recommendation_loss: 1.6926149129867554, critic_loss: 0
recommendation_loss: 1.7469254732131958, critic_loss: 0
recommendation_loss: 1.8194773197174072, critic_loss: 0
recommendation_loss: 1.6923296451568604, critic_loss: 0
recommendation_loss: 1.7732722759246826, critic_loss: 0
recommendation_loss: 1.8073567152023315, critic_loss: 0
recommendation_loss: 1.7098039388656616, critic_loss: 0
recommendation_loss: 1.749457836151123, critic_loss: 0
recommendation_loss: 1.6966211795806885, critic_loss: 0
recommendation_loss: 1.7704286575317383, critic_loss: 0
recommendation_loss: 1.7401829957962036, critic_loss: 0
recommendation_loss: 1.7310832738876343, critic_loss: 0
recommendation_loss: 1.8383818864822388, critic_loss: 0
recommendation_loss: 1.758131742477417, critic_loss: 0
recommendation_loss: 1.6555758714675903, critic_loss: 0
recommendation_loss: 1.754441261291504, critic_loss: 0
recommendation_loss: 1.6965728998184204, critic_loss: 0
recommendation_loss: 1.6543781757354736, critic_loss: 0
recommendation_loss: 1.7408019304275513, critic_loss: 0
recommendation_loss: 1.7574008703231812, critic_loss: 0
recommendation_loss: 1.716562271118164, critic_loss: 0
recommendation_loss: 1.746333360671997, critic_loss: 0
recommendation_loss: 1.7373502254486084, critic_loss: 0
recommendation_loss: 1.818955898284912, critic_loss: 0
recommendation_loss: 1.7420974969863892, critic_loss: 0
recommendation_loss: 1.722814917564392, critic_loss: 0
recommendation_loss: 1.7198982238769531, critic_loss: 0
recommendation_loss: 1.6764448881149292, critic_loss: 0
recommendation_loss: 1.708167314529419, critic_loss: 0
recommendation_loss: 1.71724271774292, critic_loss: 0
recommendation_loss: 1.68446683883667, critic_loss: 0
recommendation_loss: 1.7220425605773926, critic_loss: 0
recommendation_loss: 1.811192512512207, critic_loss: 0
recommendation_loss: 1.6043949127197266, critic_loss: 0
recommendation_loss: 1.7154366970062256, critic_loss: 0
recommendation_loss: 1.6337045431137085, critic_loss: 0
recommendation_loss: 1.6994377374649048, critic_loss: 0
recommendation_loss: 1.724830150604248, critic_loss: 0
recommendation_loss: 1.7049448490142822, critic_loss: 0
recommendation_loss: 1.7808467149734497, critic_loss: 0
recommendation_loss: 1.751396894454956, critic_loss: 0
recommendation_loss: 1.7223320007324219, critic_loss: 0
recommendation_loss: 1.736511468887329, critic_loss: 0
recommendation_loss: 1.7925626039505005, critic_loss: 0
recommendation_loss: 1.7476701736450195, critic_loss: 0
recommendation_loss: 1.6797839403152466, critic_loss: 0
recommendation_loss: 1.7278575897216797, critic_loss: 0
recommendation_loss: 1.7794535160064697, critic_loss: 0
recommendation_loss: 1.6537773609161377, critic_loss: 0
recommendation_loss: 1.7535862922668457, critic_loss: 0
recommendation_loss: 1.6815733909606934, critic_loss: 0
recommendation_loss: 1.7085732221603394, critic_loss: 0
recommendation_loss: 1.78049635887146, critic_loss: 0
recommendation_loss: 1.669548511505127, critic_loss: 0
recommendation_loss: 1.6834900379180908, critic_loss: 0
recommendation_loss: 1.7455469369888306, critic_loss: 0
recommendation_loss: 1.6927733421325684, critic_loss: 0
recommendation_loss: 1.6906670331954956, critic_loss: 0
recommendation_loss: 1.7480475902557373, critic_loss: 0
recommendation_loss: 1.6479920148849487, critic_loss: 0
recommendation_loss: 1.7089282274246216, critic_loss: 0
recommendation_loss: 1.6959354877471924, critic_loss: 0
recommendation_loss: 1.7422040700912476, critic_loss: 0
recommendation_loss: 1.644790768623352, critic_loss: 0
recommendation_loss: 1.6411000490188599, critic_loss: 0
recommendation_loss: 1.725285291671753, critic_loss: 0
recommendation_loss: 1.7167589664459229, critic_loss: 0
recommendation_loss: 1.685174584388733, critic_loss: 0
recommendation_loss: 1.707823395729065, critic_loss: 0
recommendation_loss: 1.7730633020401, critic_loss: 0
recommendation_loss: 1.7602932453155518, critic_loss: 0
recommendation_loss: 1.6696254014968872, critic_loss: 0
recommendation_loss: 1.705102801322937, critic_loss: 0
recommendation_loss: 1.6904048919677734, critic_loss: 0
recommendation_loss: 1.667541742324829, critic_loss: 0
recommendation_loss: 1.6391563415527344, critic_loss: 0
recommendation_loss: 1.7565815448760986, critic_loss: 0
recommendation_loss: 1.6910359859466553, critic_loss: 0
recommendation_loss: 1.6374605894088745, critic_loss: 0
recommendation_loss: 1.6335862874984741, critic_loss: 0
recommendation_loss: 1.7773873805999756, critic_loss: 0
recommendation_loss: 1.7138230800628662, critic_loss: 0
recommendation_loss: 1.6280832290649414, critic_loss: 0
recommendation_loss: 1.6684272289276123, critic_loss: 0
recommendation_loss: 1.8362435102462769, critic_loss: 0
recommendation_loss: 1.7609232664108276, critic_loss: 0
recommendation_loss: 1.7211418151855469, critic_loss: 0
recommendation_loss: 1.7238450050354004, critic_loss: 0
recommendation_loss: 1.7165722846984863, critic_loss: 0
recommendation_loss: 1.7889525890350342, critic_loss: 0
recommendation_loss: 1.6322119235992432, critic_loss: 0
recommendation_loss: 1.8560545444488525, critic_loss: 0
recommendation_loss: 1.6831555366516113, critic_loss: 0
recommendation_loss: 1.761048436164856, critic_loss: 0
recommendation_loss: 1.6669071912765503, critic_loss: 0
recommendation_loss: 1.744963526725769, critic_loss: 0
recommendation_loss: 1.7461661100387573, critic_loss: 0
recommendation_loss: 1.7371076345443726, critic_loss: 0
recommendation_loss: 1.800926685333252, critic_loss: 0
recommendation_loss: 1.7682690620422363, critic_loss: 0
recommendation_loss: 1.7793554067611694, critic_loss: 0
recommendation_loss: 1.6038521528244019, critic_loss: 0
recommendation_loss: 1.7785570621490479, critic_loss: 0
recommendation_loss: 1.757609486579895, critic_loss: 0
recommendation_loss: 1.6947495937347412, critic_loss: 0
recommendation_loss: 1.7697484493255615, critic_loss: 0
recommendation_loss: 1.780949354171753, critic_loss: 0
recommendation_loss: 1.8059179782867432, critic_loss: 0
recommendation_loss: 1.7536271810531616, critic_loss: 0
recommendation_loss: 1.737187385559082, critic_loss: 0
recommendation_loss: 1.713572382926941, critic_loss: 0
recommendation_loss: 1.636394739151001, critic_loss: 0
recommendation_loss: 1.7178653478622437, critic_loss: 0
recommendation_loss: 1.7698255777359009, critic_loss: 0
recommendation_loss: 1.6690328121185303, critic_loss: 0
recommendation_loss: 1.6898157596588135, critic_loss: 0
recommendation_loss: 1.703909158706665, critic_loss: 0
recommendation_loss: 1.740195393562317, critic_loss: 0
recommendation_loss: 1.6124018430709839, critic_loss: 0
recommendation_loss: 1.7349133491516113, critic_loss: 0
2024-08-09 17:50:40.754704: step 912/24320 (epoch 3/80), loss = 1.237275 (29.226 sec/epoch), lr: 0.003000
Evaluating on dev set...
...........................
source: 	 mrr: 0.020539	 ndcg_5: 0.0118	 ndcg_10: 0.0184	 hit@1:0.005069	 hit@5:0.0181	 hit@10: 0.0384
target: 	 mrr: 0.021089	 ndcg_5: 0.0131	 ndcg_10: 0.0196	 hit@1:0.002787	 hit@5:0.0251	 hit@10: 0.0453
epoch 3: train_loss = 1.237275, source_hit@10 = 0.0384, source_ndcg@10 = 0.0184, target_hit@10 = 0.0453, target_ndcg@10 = 0.0196

recommendation_loss: 1.714125394821167, critic_loss: 0
recommendation_loss: 1.6788190603256226, critic_loss: 0
recommendation_loss: 1.6240206956863403, critic_loss: 0
recommendation_loss: 1.6788012981414795, critic_loss: 0
recommendation_loss: 1.7037549018859863, critic_loss: 0
recommendation_loss: 1.744208812713623, critic_loss: 0
recommendation_loss: 1.697262167930603, critic_loss: 0
recommendation_loss: 1.7706372737884521, critic_loss: 0
recommendation_loss: 1.6947526931762695, critic_loss: 0
recommendation_loss: 1.690108060836792, critic_loss: 0
recommendation_loss: 1.7078800201416016, critic_loss: 0
recommendation_loss: 1.6416661739349365, critic_loss: 0
recommendation_loss: 1.674551010131836, critic_loss: 0
recommendation_loss: 1.6887845993041992, critic_loss: 0
recommendation_loss: 1.7341734170913696, critic_loss: 0
recommendation_loss: 1.7393708229064941, critic_loss: 0
recommendation_loss: 1.7158534526824951, critic_loss: 0
recommendation_loss: 1.6706225872039795, critic_loss: 0
recommendation_loss: 1.7619035243988037, critic_loss: 0
recommendation_loss: 1.7171685695648193, critic_loss: 0
recommendation_loss: 1.7196742296218872, critic_loss: 0
recommendation_loss: 1.6138825416564941, critic_loss: 0
recommendation_loss: 1.659005045890808, critic_loss: 0
recommendation_loss: 1.718645453453064, critic_loss: 0
recommendation_loss: 1.6175633668899536, critic_loss: 0
recommendation_loss: 1.6328989267349243, critic_loss: 0
recommendation_loss: 1.6942589282989502, critic_loss: 0
recommendation_loss: 1.7419061660766602, critic_loss: 0
recommendation_loss: 1.630825400352478, critic_loss: 0
recommendation_loss: 1.7252507209777832, critic_loss: 0
recommendation_loss: 1.7205804586410522, critic_loss: 0
recommendation_loss: 1.644447922706604, critic_loss: 0
recommendation_loss: 1.7934328317642212, critic_loss: 0
recommendation_loss: 1.7229282855987549, critic_loss: 0
recommendation_loss: 1.687505841255188, critic_loss: 0
recommendation_loss: 1.639326572418213, critic_loss: 0
recommendation_loss: 1.6676123142242432, critic_loss: 0
recommendation_loss: 1.7476346492767334, critic_loss: 0
recommendation_loss: 1.636216163635254, critic_loss: 0
recommendation_loss: 1.619532585144043, critic_loss: 0
recommendation_loss: 1.7026731967926025, critic_loss: 0
recommendation_loss: 1.7568180561065674, critic_loss: 0
recommendation_loss: 1.7027534246444702, critic_loss: 0
recommendation_loss: 1.7197930812835693, critic_loss: 0
recommendation_loss: 1.6391963958740234, critic_loss: 0
recommendation_loss: 1.6563658714294434, critic_loss: 0
recommendation_loss: 1.6583991050720215, critic_loss: 0
recommendation_loss: 1.6853514909744263, critic_loss: 0
recommendation_loss: 1.6827584505081177, critic_loss: 0
recommendation_loss: 1.5836546421051025, critic_loss: 0
recommendation_loss: 1.6986045837402344, critic_loss: 0
recommendation_loss: 1.782543420791626, critic_loss: 0
recommendation_loss: 1.7086011171340942, critic_loss: 0
recommendation_loss: 1.6296448707580566, critic_loss: 0
recommendation_loss: 1.6745450496673584, critic_loss: 0
recommendation_loss: 1.6670600175857544, critic_loss: 0
recommendation_loss: 1.7087239027023315, critic_loss: 0
recommendation_loss: 1.7191612720489502, critic_loss: 0
recommendation_loss: 1.6765575408935547, critic_loss: 0
recommendation_loss: 1.7062034606933594, critic_loss: 0
recommendation_loss: 1.581936001777649, critic_loss: 0
recommendation_loss: 1.7523491382598877, critic_loss: 0
recommendation_loss: 1.6659168004989624, critic_loss: 0
recommendation_loss: 1.6162736415863037, critic_loss: 0
recommendation_loss: 1.728618860244751, critic_loss: 0
recommendation_loss: 1.624072551727295, critic_loss: 0
recommendation_loss: 1.7431352138519287, critic_loss: 0
recommendation_loss: 1.7045998573303223, critic_loss: 0
recommendation_loss: 1.7011395692825317, critic_loss: 0
recommendation_loss: 1.6365911960601807, critic_loss: 0
recommendation_loss: 1.5836219787597656, critic_loss: 0
recommendation_loss: 1.6544262170791626, critic_loss: 0
recommendation_loss: 1.641068458557129, critic_loss: 0
recommendation_loss: 1.6201858520507812, critic_loss: 0
recommendation_loss: 1.6675924062728882, critic_loss: 0
recommendation_loss: 1.7483047246932983, critic_loss: 0
recommendation_loss: 1.6954998970031738, critic_loss: 0
recommendation_loss: 1.676775336265564, critic_loss: 0
recommendation_loss: 1.625915288925171, critic_loss: 0
recommendation_loss: 1.7385566234588623, critic_loss: 0
recommendation_loss: 1.6059520244598389, critic_loss: 0
recommendation_loss: 1.6406731605529785, critic_loss: 0
recommendation_loss: 1.6346395015716553, critic_loss: 0
recommendation_loss: 1.7256464958190918, critic_loss: 0
recommendation_loss: 1.7204967737197876, critic_loss: 0
recommendation_loss: 1.7031335830688477, critic_loss: 0
recommendation_loss: 1.6795417070388794, critic_loss: 0
recommendation_loss: 1.7077568769454956, critic_loss: 0
recommendation_loss: 1.6611003875732422, critic_loss: 0
recommendation_loss: 1.686633825302124, critic_loss: 0
recommendation_loss: 1.6729645729064941, critic_loss: 0
recommendation_loss: 1.6408318281173706, critic_loss: 0
recommendation_loss: 1.6777633428573608, critic_loss: 0
recommendation_loss: 1.6158283948898315, critic_loss: 0
recommendation_loss: 1.700424313545227, critic_loss: 0
recommendation_loss: 1.625896692276001, critic_loss: 0
recommendation_loss: 1.5949996709823608, critic_loss: 0
recommendation_loss: 1.6583502292633057, critic_loss: 0
recommendation_loss: 1.6276029348373413, critic_loss: 0
recommendation_loss: 1.6736828088760376, critic_loss: 0
recommendation_loss: 1.6904491186141968, critic_loss: 0
recommendation_loss: 1.5992542505264282, critic_loss: 0
recommendation_loss: 1.6253845691680908, critic_loss: 0
recommendation_loss: 1.7122478485107422, critic_loss: 0
recommendation_loss: 1.6662460565567017, critic_loss: 0
recommendation_loss: 1.649075984954834, critic_loss: 0
recommendation_loss: 1.6649744510650635, critic_loss: 0
recommendation_loss: 1.586906909942627, critic_loss: 0
recommendation_loss: 1.7043850421905518, critic_loss: 0
recommendation_loss: 1.5644512176513672, critic_loss: 0
recommendation_loss: 1.7572777271270752, critic_loss: 0
recommendation_loss: 1.6925294399261475, critic_loss: 0
recommendation_loss: 1.6816619634628296, critic_loss: 0
recommendation_loss: 1.6390267610549927, critic_loss: 0
recommendation_loss: 1.6956710815429688, critic_loss: 0
recommendation_loss: 1.6401488780975342, critic_loss: 0
recommendation_loss: 1.7455494403839111, critic_loss: 0
recommendation_loss: 1.7119823694229126, critic_loss: 0
recommendation_loss: 1.6121290922164917, critic_loss: 0
recommendation_loss: 1.7091186046600342, critic_loss: 0
recommendation_loss: 1.6807572841644287, critic_loss: 0
recommendation_loss: 1.6332640647888184, critic_loss: 0
recommendation_loss: 1.7061705589294434, critic_loss: 0
recommendation_loss: 1.6910808086395264, critic_loss: 0
recommendation_loss: 1.7090378999710083, critic_loss: 0
recommendation_loss: 1.7040913105010986, critic_loss: 0
recommendation_loss: 1.6196564435958862, critic_loss: 0
recommendation_loss: 1.733616590499878, critic_loss: 0
recommendation_loss: 1.6347147226333618, critic_loss: 0
recommendation_loss: 1.720841407775879, critic_loss: 0
recommendation_loss: 1.7342759370803833, critic_loss: 0
recommendation_loss: 1.6923260688781738, critic_loss: 0
recommendation_loss: 1.629180908203125, critic_loss: 0
recommendation_loss: 1.6386545896530151, critic_loss: 0
recommendation_loss: 1.7167787551879883, critic_loss: 0
recommendation_loss: 1.6554739475250244, critic_loss: 0
recommendation_loss: 1.6711766719818115, critic_loss: 0
recommendation_loss: 1.713313102722168, critic_loss: 0
recommendation_loss: 1.6578203439712524, critic_loss: 0
recommendation_loss: 1.6353445053100586, critic_loss: 0
recommendation_loss: 1.6275298595428467, critic_loss: 0
recommendation_loss: 1.705574870109558, critic_loss: 0
recommendation_loss: 1.6528695821762085, critic_loss: 0
recommendation_loss: 1.6688759326934814, critic_loss: 0
recommendation_loss: 1.6303331851959229, critic_loss: 0
recommendation_loss: 1.5915539264678955, critic_loss: 0
recommendation_loss: 1.6117316484451294, critic_loss: 0
recommendation_loss: 1.756941556930542, critic_loss: 0
recommendation_loss: 1.591484785079956, critic_loss: 0
recommendation_loss: 1.7873015403747559, critic_loss: 0
recommendation_loss: 1.647439956665039, critic_loss: 0
recommendation_loss: 1.6255708932876587, critic_loss: 0
recommendation_loss: 1.734429121017456, critic_loss: 0
recommendation_loss: 1.6792834997177124, critic_loss: 0
recommendation_loss: 1.7084134817123413, critic_loss: 0
recommendation_loss: 1.6746289730072021, critic_loss: 0
recommendation_loss: 1.622413992881775, critic_loss: 0
recommendation_loss: 1.5446860790252686, critic_loss: 0
recommendation_loss: 1.6684908866882324, critic_loss: 0
recommendation_loss: 1.6704354286193848, critic_loss: 0
recommendation_loss: 1.6763331890106201, critic_loss: 0
recommendation_loss: 1.6556246280670166, critic_loss: 0
recommendation_loss: 1.6848156452178955, critic_loss: 0
recommendation_loss: 1.6277391910552979, critic_loss: 0
recommendation_loss: 1.7284857034683228, critic_loss: 0
recommendation_loss: 1.6920009851455688, critic_loss: 0
recommendation_loss: 1.6333634853363037, critic_loss: 0
recommendation_loss: 1.6558115482330322, critic_loss: 0
recommendation_loss: 1.6824121475219727, critic_loss: 0
recommendation_loss: 1.5930452346801758, critic_loss: 0
recommendation_loss: 1.5671823024749756, critic_loss: 0
recommendation_loss: 1.6810717582702637, critic_loss: 0
recommendation_loss: 1.6549413204193115, critic_loss: 0
recommendation_loss: 1.608217477798462, critic_loss: 0
recommendation_loss: 1.6308228969573975, critic_loss: 0
recommendation_loss: 1.588162899017334, critic_loss: 0
recommendation_loss: 1.7017351388931274, critic_loss: 0
recommendation_loss: 1.6353278160095215, critic_loss: 0
recommendation_loss: 1.730409026145935, critic_loss: 0
recommendation_loss: 1.6090734004974365, critic_loss: 0
recommendation_loss: 1.6288831233978271, critic_loss: 0
recommendation_loss: 1.7657012939453125, critic_loss: 0
recommendation_loss: 1.663578748703003, critic_loss: 0
recommendation_loss: 1.7029540538787842, critic_loss: 0
recommendation_loss: 1.6611374616622925, critic_loss: 0
recommendation_loss: 1.6602964401245117, critic_loss: 0
recommendation_loss: 1.7265188694000244, critic_loss: 0
recommendation_loss: 1.6076027154922485, critic_loss: 0
recommendation_loss: 1.6700174808502197, critic_loss: 0
recommendation_loss: 1.6543856859207153, critic_loss: 0
recommendation_loss: 1.6028226613998413, critic_loss: 0
recommendation_loss: 1.6214146614074707, critic_loss: 0
recommendation_loss: 1.5989747047424316, critic_loss: 0
recommendation_loss: 1.6231826543807983, critic_loss: 0
recommendation_loss: 1.696306586265564, critic_loss: 0
recommendation_loss: 1.668976068496704, critic_loss: 0
recommendation_loss: 1.685434103012085, critic_loss: 0
recommendation_loss: 1.6510419845581055, critic_loss: 0
recommendation_loss: 1.6291285753250122, critic_loss: 0
recommendation_loss: 1.6142853498458862, critic_loss: 0
recommendation_loss: 1.6067473888397217, critic_loss: 0
recommendation_loss: 1.6168909072875977, critic_loss: 0
recommendation_loss: 1.6500225067138672, critic_loss: 0
recommendation_loss: 1.5850870609283447, critic_loss: 0
recommendation_loss: 1.6646535396575928, critic_loss: 0
recommendation_loss: 1.6456859111785889, critic_loss: 0
recommendation_loss: 1.6501363515853882, critic_loss: 0
recommendation_loss: 1.673410415649414, critic_loss: 0
recommendation_loss: 1.623961091041565, critic_loss: 0
recommendation_loss: 1.59725022315979, critic_loss: 0
recommendation_loss: 1.5659561157226562, critic_loss: 0
recommendation_loss: 1.6051530838012695, critic_loss: 0
recommendation_loss: 1.650416374206543, critic_loss: 0
recommendation_loss: 1.6468255519866943, critic_loss: 0
recommendation_loss: 1.597874402999878, critic_loss: 0
recommendation_loss: 1.6376444101333618, critic_loss: 0
recommendation_loss: 1.6880303621292114, critic_loss: 0
recommendation_loss: 1.6300588846206665, critic_loss: 0
recommendation_loss: 1.6239075660705566, critic_loss: 0
recommendation_loss: 1.5945494174957275, critic_loss: 0
recommendation_loss: 1.6936841011047363, critic_loss: 0
recommendation_loss: 1.640275001525879, critic_loss: 0
recommendation_loss: 1.6453465223312378, critic_loss: 0
recommendation_loss: 1.6660412549972534, critic_loss: 0
recommendation_loss: 1.686659574508667, critic_loss: 0
recommendation_loss: 1.6033906936645508, critic_loss: 0
recommendation_loss: 1.6824440956115723, critic_loss: 0
recommendation_loss: 1.6871163845062256, critic_loss: 0
recommendation_loss: 1.700835108757019, critic_loss: 0
recommendation_loss: 1.6571003198623657, critic_loss: 0
recommendation_loss: 1.673887014389038, critic_loss: 0
recommendation_loss: 1.698243498802185, critic_loss: 0
recommendation_loss: 1.6959714889526367, critic_loss: 0
recommendation_loss: 1.6932051181793213, critic_loss: 0
recommendation_loss: 1.7105684280395508, critic_loss: 0
recommendation_loss: 1.6656514406204224, critic_loss: 0
recommendation_loss: 1.7065786123275757, critic_loss: 0
recommendation_loss: 1.5758907794952393, critic_loss: 0
recommendation_loss: 1.6391128301620483, critic_loss: 0
recommendation_loss: 1.703205943107605, critic_loss: 0
recommendation_loss: 1.6297242641448975, critic_loss: 0
recommendation_loss: 1.6009202003479004, critic_loss: 0
recommendation_loss: 1.667153000831604, critic_loss: 0
recommendation_loss: 1.600278615951538, critic_loss: 0
recommendation_loss: 1.7057217359542847, critic_loss: 0
recommendation_loss: 1.6654818058013916, critic_loss: 0
recommendation_loss: 1.644097924232483, critic_loss: 0
recommendation_loss: 1.622312307357788, critic_loss: 0
recommendation_loss: 1.6316683292388916, critic_loss: 0
recommendation_loss: 1.6905477046966553, critic_loss: 0
recommendation_loss: 1.6862566471099854, critic_loss: 0
recommendation_loss: 1.6134055852890015, critic_loss: 0
recommendation_loss: 1.731950283050537, critic_loss: 0
recommendation_loss: 1.6707308292388916, critic_loss: 0
recommendation_loss: 1.6835609674453735, critic_loss: 0
recommendation_loss: 1.572789192199707, critic_loss: 0
recommendation_loss: 1.6328027248382568, critic_loss: 0
recommendation_loss: 1.6304551362991333, critic_loss: 0
recommendation_loss: 1.6362314224243164, critic_loss: 0
recommendation_loss: 1.6118929386138916, critic_loss: 0
recommendation_loss: 1.650736927986145, critic_loss: 0
recommendation_loss: 1.5525379180908203, critic_loss: 0
recommendation_loss: 1.5658223628997803, critic_loss: 0
recommendation_loss: 1.6050028800964355, critic_loss: 0
recommendation_loss: 1.6456732749938965, critic_loss: 0
recommendation_loss: 1.6380512714385986, critic_loss: 0
recommendation_loss: 1.6151529550552368, critic_loss: 0
recommendation_loss: 1.7158085107803345, critic_loss: 0
recommendation_loss: 1.7165195941925049, critic_loss: 0
recommendation_loss: 1.6523399353027344, critic_loss: 0
recommendation_loss: 1.6837092638015747, critic_loss: 0
recommendation_loss: 1.5817177295684814, critic_loss: 0
recommendation_loss: 1.6505582332611084, critic_loss: 0
recommendation_loss: 1.6330736875534058, critic_loss: 0
recommendation_loss: 1.5944321155548096, critic_loss: 0
recommendation_loss: 1.6960934400558472, critic_loss: 0
recommendation_loss: 1.6783828735351562, critic_loss: 0
recommendation_loss: 1.6415575742721558, critic_loss: 0
recommendation_loss: 1.5827940702438354, critic_loss: 0
recommendation_loss: 1.5839438438415527, critic_loss: 0
recommendation_loss: 1.6193023920059204, critic_loss: 0
recommendation_loss: 1.6180412769317627, critic_loss: 0
recommendation_loss: 1.6562210321426392, critic_loss: 0
recommendation_loss: 1.687917947769165, critic_loss: 0
recommendation_loss: 1.7080588340759277, critic_loss: 0
recommendation_loss: 1.547235131263733, critic_loss: 0
recommendation_loss: 1.6555367708206177, critic_loss: 0
recommendation_loss: 1.5949633121490479, critic_loss: 0
recommendation_loss: 1.5440831184387207, critic_loss: 0
recommendation_loss: 1.5966867208480835, critic_loss: 0
recommendation_loss: 1.5999163389205933, critic_loss: 0
recommendation_loss: 1.6930952072143555, critic_loss: 0
recommendation_loss: 1.6758332252502441, critic_loss: 0
recommendation_loss: 1.681954264640808, critic_loss: 0
recommendation_loss: 1.6868386268615723, critic_loss: 0
recommendation_loss: 1.5512382984161377, critic_loss: 0
recommendation_loss: 1.6791996955871582, critic_loss: 0
recommendation_loss: 1.6286096572875977, critic_loss: 0
recommendation_loss: 1.6567935943603516, critic_loss: 0
recommendation_loss: 1.6315908432006836, critic_loss: 0
recommendation_loss: 1.643218994140625, critic_loss: 0
recommendation_loss: 1.6730775833129883, critic_loss: 0
recommendation_loss: 1.5407969951629639, critic_loss: 0
recommendation_loss: 1.6606858968734741, critic_loss: 0
2024-08-09 17:51:10.154655: step 1216/24320 (epoch 4/80), loss = 1.163333 (29.067 sec/epoch), lr: 0.003000
Evaluating on dev set...
...........................
source: 	 mrr: 0.028186	 ndcg_5: 0.0192	 ndcg_10: 0.0270	 hit@1:0.008689	 hit@5:0.0304	 hit@10: 0.0550
target: 	 mrr: 0.032723	 ndcg_5: 0.0226	 ndcg_10: 0.0336	 hit@1:0.007666	 hit@5:0.0383	 hit@10: 0.0725
source best!
.............
source: 	 mrr: 0.032689	 ndcg_5: 0.0243	 ndcg_10: 0.0331	 hit@1:0.009969	 hit@5:0.0391	 hit@10: 0.0675
target best!
..............target: 	 mrr: 0.041853	 ndcg_5: 0.0332	 ndcg_10: 0.0417	 hit@1:0.015089	 hit@5:0.0514	 hit@10: 0.0782
epoch 4: train_loss = 1.163333, source_hit@10 = 0.0675, source_ndcg@10 = 0.0331, target_hit@10 = 0.0782, target_ndcg@10 = 0.0417
new best model saved.

recommendation_loss: 1.7148334980010986, critic_loss: 0
recommendation_loss: 1.7493021488189697, critic_loss: 0
recommendation_loss: 1.5091426372528076, critic_loss: 0
recommendation_loss: 1.6905878782272339, critic_loss: 0
recommendation_loss: 1.6505341529846191, critic_loss: 0
recommendation_loss: 1.6959398984909058, critic_loss: 0
recommendation_loss: 1.7007699012756348, critic_loss: 0
recommendation_loss: 1.68522047996521, critic_loss: 0
recommendation_loss: 1.6299768686294556, critic_loss: 0
recommendation_loss: 1.5316333770751953, critic_loss: 0
recommendation_loss: 1.658919095993042, critic_loss: 0
recommendation_loss: 1.5463814735412598, critic_loss: 0
recommendation_loss: 1.693505883216858, critic_loss: 0
recommendation_loss: 1.6532938480377197, critic_loss: 0
recommendation_loss: 1.6910068988800049, critic_loss: 0
recommendation_loss: 1.6661689281463623, critic_loss: 0
recommendation_loss: 1.6119500398635864, critic_loss: 0
recommendation_loss: 1.6603338718414307, critic_loss: 0
recommendation_loss: 1.6114180088043213, critic_loss: 0
recommendation_loss: 1.5638415813446045, critic_loss: 0
recommendation_loss: 1.6474190950393677, critic_loss: 0
recommendation_loss: 1.5362143516540527, critic_loss: 0
recommendation_loss: 1.560930609703064, critic_loss: 0
recommendation_loss: 1.6614868640899658, critic_loss: 0
recommendation_loss: 1.5550031661987305, critic_loss: 0
recommendation_loss: 1.626512050628662, critic_loss: 0
recommendation_loss: 1.6672742366790771, critic_loss: 0
recommendation_loss: 1.6489198207855225, critic_loss: 0
recommendation_loss: 1.6450517177581787, critic_loss: 0
recommendation_loss: 1.6599464416503906, critic_loss: 0
recommendation_loss: 1.6351228952407837, critic_loss: 0
recommendation_loss: 1.6080033779144287, critic_loss: 0
recommendation_loss: 1.739472508430481, critic_loss: 0
recommendation_loss: 1.6427658796310425, critic_loss: 0
recommendation_loss: 1.635043978691101, critic_loss: 0
recommendation_loss: 1.6143828630447388, critic_loss: 0
recommendation_loss: 1.6808183193206787, critic_loss: 0
recommendation_loss: 1.6583333015441895, critic_loss: 0
recommendation_loss: 1.673640251159668, critic_loss: 0
recommendation_loss: 1.6141095161437988, critic_loss: 0
recommendation_loss: 1.637615442276001, critic_loss: 0
recommendation_loss: 1.7498070001602173, critic_loss: 0
recommendation_loss: 1.6492559909820557, critic_loss: 0
recommendation_loss: 1.6644175052642822, critic_loss: 0
recommendation_loss: 1.6582926511764526, critic_loss: 0
recommendation_loss: 1.6206066608428955, critic_loss: 0
recommendation_loss: 1.5992037057876587, critic_loss: 0
recommendation_loss: 1.684173583984375, critic_loss: 0
recommendation_loss: 1.6436083316802979, critic_loss: 0
recommendation_loss: 1.5971460342407227, critic_loss: 0
recommendation_loss: 1.635913372039795, critic_loss: 0
recommendation_loss: 1.623045802116394, critic_loss: 0
recommendation_loss: 1.5838947296142578, critic_loss: 0
recommendation_loss: 1.6783685684204102, critic_loss: 0
recommendation_loss: 1.6631085872650146, critic_loss: 0
recommendation_loss: 1.6408921480178833, critic_loss: 0
recommendation_loss: 1.6284105777740479, critic_loss: 0
recommendation_loss: 1.6809840202331543, critic_loss: 0
recommendation_loss: 1.669313907623291, critic_loss: 0
recommendation_loss: 1.6739307641983032, critic_loss: 0
recommendation_loss: 1.6327742338180542, critic_loss: 0
recommendation_loss: 1.7896487712860107, critic_loss: 0
recommendation_loss: 1.622880220413208, critic_loss: 0
recommendation_loss: 1.695586085319519, critic_loss: 0
recommendation_loss: 1.6491141319274902, critic_loss: 0
recommendation_loss: 1.5946165323257446, critic_loss: 0
recommendation_loss: 1.6403694152832031, critic_loss: 0
recommendation_loss: 1.6970672607421875, critic_loss: 0
recommendation_loss: 1.5916472673416138, critic_loss: 0
recommendation_loss: 1.6961182355880737, critic_loss: 0
recommendation_loss: 1.5577646493911743, critic_loss: 0
recommendation_loss: 1.5596790313720703, critic_loss: 0
recommendation_loss: 1.5322437286376953, critic_loss: 0
recommendation_loss: 1.6059017181396484, critic_loss: 0
recommendation_loss: 1.6593341827392578, critic_loss: 0
recommendation_loss: 1.584153413772583, critic_loss: 0
recommendation_loss: 1.6926294565200806, critic_loss: 0
recommendation_loss: 1.6452370882034302, critic_loss: 0
recommendation_loss: 1.5502350330352783, critic_loss: 0
recommendation_loss: 1.6018610000610352, critic_loss: 0
recommendation_loss: 1.6261444091796875, critic_loss: 0
recommendation_loss: 1.6741151809692383, critic_loss: 0
recommendation_loss: 1.6324907541275024, critic_loss: 0
recommendation_loss: 1.637686848640442, critic_loss: 0
recommendation_loss: 1.6486873626708984, critic_loss: 0
recommendation_loss: 1.701979637145996, critic_loss: 0
recommendation_loss: 1.7055081129074097, critic_loss: 0
recommendation_loss: 1.586440920829773, critic_loss: 0
recommendation_loss: 1.7206367254257202, critic_loss: 0
recommendation_loss: 1.6896655559539795, critic_loss: 0
recommendation_loss: 1.5764577388763428, critic_loss: 0
recommendation_loss: 1.6164687871932983, critic_loss: 0
recommendation_loss: 1.7046928405761719, critic_loss: 0
recommendation_loss: 1.5273237228393555, critic_loss: 0
recommendation_loss: 1.634587287902832, critic_loss: 0
recommendation_loss: 1.628580093383789, critic_loss: 0
recommendation_loss: 1.6639854907989502, critic_loss: 0
recommendation_loss: 1.6494793891906738, critic_loss: 0
recommendation_loss: 1.612379789352417, critic_loss: 0
recommendation_loss: 1.6345078945159912, critic_loss: 0
recommendation_loss: 1.6051199436187744, critic_loss: 0
recommendation_loss: 1.6611573696136475, critic_loss: 0
recommendation_loss: 1.595704436302185, critic_loss: 0
recommendation_loss: 1.6157665252685547, critic_loss: 0
recommendation_loss: 1.62704598903656, critic_loss: 0
recommendation_loss: 1.655073642730713, critic_loss: 0
recommendation_loss: 1.6359286308288574, critic_loss: 0
recommendation_loss: 1.643941044807434, critic_loss: 0
recommendation_loss: 1.6246612071990967, critic_loss: 0
recommendation_loss: 1.613993525505066, critic_loss: 0
recommendation_loss: 1.682976245880127, critic_loss: 0
recommendation_loss: 1.619414210319519, critic_loss: 0
recommendation_loss: 1.67048180103302, critic_loss: 0
recommendation_loss: 1.5796798467636108, critic_loss: 0
recommendation_loss: 1.6959011554718018, critic_loss: 0
recommendation_loss: 1.582869052886963, critic_loss: 0
recommendation_loss: 1.6787586212158203, critic_loss: 0
recommendation_loss: 1.7093610763549805, critic_loss: 0
recommendation_loss: 1.642282247543335, critic_loss: 0
recommendation_loss: 1.5194346904754639, critic_loss: 0
recommendation_loss: 1.6010055541992188, critic_loss: 0
recommendation_loss: 1.5423177480697632, critic_loss: 0
recommendation_loss: 1.5889889001846313, critic_loss: 0
recommendation_loss: 1.6710472106933594, critic_loss: 0
recommendation_loss: 1.6089582443237305, critic_loss: 0
recommendation_loss: 1.6282007694244385, critic_loss: 0
recommendation_loss: 1.556140661239624, critic_loss: 0
recommendation_loss: 1.594376802444458, critic_loss: 0
recommendation_loss: 1.6099766492843628, critic_loss: 0
recommendation_loss: 1.6602411270141602, critic_loss: 0
recommendation_loss: 1.5820670127868652, critic_loss: 0
recommendation_loss: 1.6302013397216797, critic_loss: 0
recommendation_loss: 1.576430320739746, critic_loss: 0
recommendation_loss: 1.5997648239135742, critic_loss: 0
recommendation_loss: 1.6308544874191284, critic_loss: 0
recommendation_loss: 1.586414098739624, critic_loss: 0
recommendation_loss: 1.6051249504089355, critic_loss: 0
recommendation_loss: 1.6271878480911255, critic_loss: 0
recommendation_loss: 1.5697171688079834, critic_loss: 0
recommendation_loss: 1.6233904361724854, critic_loss: 0
recommendation_loss: 1.5588804483413696, critic_loss: 0
recommendation_loss: 1.6068711280822754, critic_loss: 0
recommendation_loss: 1.612066626548767, critic_loss: 0
recommendation_loss: 1.5891245603561401, critic_loss: 0
recommendation_loss: 1.6512837409973145, critic_loss: 0
recommendation_loss: 1.6295177936553955, critic_loss: 0
recommendation_loss: 1.5831189155578613, critic_loss: 0
recommendation_loss: 1.7028472423553467, critic_loss: 0
recommendation_loss: 1.5569143295288086, critic_loss: 0
recommendation_loss: 1.5858782529830933, critic_loss: 0
recommendation_loss: 1.5842766761779785, critic_loss: 0
recommendation_loss: 1.5927438735961914, critic_loss: 0
recommendation_loss: 1.6933757066726685, critic_loss: 0
recommendation_loss: 1.5027505159378052, critic_loss: 0
recommendation_loss: 1.5385358333587646, critic_loss: 0
recommendation_loss: 1.605621337890625, critic_loss: 0
recommendation_loss: 1.5512830018997192, critic_loss: 0
recommendation_loss: 1.5648682117462158, critic_loss: 0
recommendation_loss: 1.550615906715393, critic_loss: 0
recommendation_loss: 1.6061387062072754, critic_loss: 0
recommendation_loss: 1.6454508304595947, critic_loss: 0
recommendation_loss: 1.59522545337677, critic_loss: 0
recommendation_loss: 1.636074423789978, critic_loss: 0
recommendation_loss: 1.54233717918396, critic_loss: 0
recommendation_loss: 1.618159532546997, critic_loss: 0
recommendation_loss: 1.5905451774597168, critic_loss: 0
recommendation_loss: 1.5328994989395142, critic_loss: 0
recommendation_loss: 1.6081697940826416, critic_loss: 0
recommendation_loss: 1.6569477319717407, critic_loss: 0
recommendation_loss: 1.588200569152832, critic_loss: 0
recommendation_loss: 1.495886206626892, critic_loss: 0
recommendation_loss: 1.5389257669448853, critic_loss: 0
recommendation_loss: 1.6199451684951782, critic_loss: 0
recommendation_loss: 1.5981783866882324, critic_loss: 0
recommendation_loss: 1.6568398475646973, critic_loss: 0
recommendation_loss: 1.6498398780822754, critic_loss: 0
recommendation_loss: 1.5880143642425537, critic_loss: 0
recommendation_loss: 1.5189909934997559, critic_loss: 0
recommendation_loss: 1.5865246057510376, critic_loss: 0
recommendation_loss: 1.5642436742782593, critic_loss: 0
recommendation_loss: 1.589284896850586, critic_loss: 0
recommendation_loss: 1.7111475467681885, critic_loss: 0
recommendation_loss: 1.5280392169952393, critic_loss: 0
recommendation_loss: 1.6085327863693237, critic_loss: 0
recommendation_loss: 1.6367343664169312, critic_loss: 0
recommendation_loss: 1.601381540298462, critic_loss: 0
recommendation_loss: 1.5968046188354492, critic_loss: 0
recommendation_loss: 1.5984529256820679, critic_loss: 0
recommendation_loss: 1.6149080991744995, critic_loss: 0
recommendation_loss: 1.6305063962936401, critic_loss: 0
recommendation_loss: 1.575863242149353, critic_loss: 0
recommendation_loss: 1.641213297843933, critic_loss: 0
recommendation_loss: 1.5743669271469116, critic_loss: 0
recommendation_loss: 1.621875524520874, critic_loss: 0
recommendation_loss: 1.590360403060913, critic_loss: 0
recommendation_loss: 1.567702054977417, critic_loss: 0
recommendation_loss: 1.6062792539596558, critic_loss: 0
recommendation_loss: 1.5910758972167969, critic_loss: 0
recommendation_loss: 1.5931413173675537, critic_loss: 0
recommendation_loss: 1.5741487741470337, critic_loss: 0
recommendation_loss: 1.5698148012161255, critic_loss: 0
recommendation_loss: 1.6289875507354736, critic_loss: 0
recommendation_loss: 1.5715333223342896, critic_loss: 0
recommendation_loss: 1.5765191316604614, critic_loss: 0
recommendation_loss: 1.5654281377792358, critic_loss: 0
recommendation_loss: 1.6957826614379883, critic_loss: 0
recommendation_loss: 1.653836727142334, critic_loss: 0
recommendation_loss: 1.6034499406814575, critic_loss: 0
recommendation_loss: 1.614107608795166, critic_loss: 0
recommendation_loss: 1.6067020893096924, critic_loss: 0
recommendation_loss: 1.5664145946502686, critic_loss: 0
recommendation_loss: 1.6389336585998535, critic_loss: 0
recommendation_loss: 1.6661171913146973, critic_loss: 0
recommendation_loss: 1.6384862661361694, critic_loss: 0
recommendation_loss: 1.5572407245635986, critic_loss: 0
recommendation_loss: 1.619534969329834, critic_loss: 0
recommendation_loss: 1.5205776691436768, critic_loss: 0
recommendation_loss: 1.5329008102416992, critic_loss: 0
recommendation_loss: 1.5948034524917603, critic_loss: 0
recommendation_loss: 1.4889072179794312, critic_loss: 0
recommendation_loss: 1.6395167112350464, critic_loss: 0
recommendation_loss: 1.5145196914672852, critic_loss: 0
recommendation_loss: 1.5654442310333252, critic_loss: 0
recommendation_loss: 1.6244717836380005, critic_loss: 0
recommendation_loss: 1.708690881729126, critic_loss: 0
recommendation_loss: 1.613767385482788, critic_loss: 0
recommendation_loss: 1.6505054235458374, critic_loss: 0
recommendation_loss: 1.5853073596954346, critic_loss: 0
recommendation_loss: 1.5616939067840576, critic_loss: 0
recommendation_loss: 1.5848369598388672, critic_loss: 0
recommendation_loss: 1.637596607208252, critic_loss: 0
recommendation_loss: 1.629307746887207, critic_loss: 0
recommendation_loss: 1.5969401597976685, critic_loss: 0
recommendation_loss: 1.6443506479263306, critic_loss: 0
recommendation_loss: 1.5686016082763672, critic_loss: 0
recommendation_loss: 1.7053476572036743, critic_loss: 0
recommendation_loss: 1.7297786474227905, critic_loss: 0
recommendation_loss: 1.5617830753326416, critic_loss: 0
recommendation_loss: 1.5589637756347656, critic_loss: 0
recommendation_loss: 1.5650743246078491, critic_loss: 0
recommendation_loss: 1.5936570167541504, critic_loss: 0
recommendation_loss: 1.5610008239746094, critic_loss: 0
recommendation_loss: 1.5539000034332275, critic_loss: 0
recommendation_loss: 1.5876601934432983, critic_loss: 0
recommendation_loss: 1.73824143409729, critic_loss: 0
recommendation_loss: 1.6131824254989624, critic_loss: 0
recommendation_loss: 1.6759082078933716, critic_loss: 0
recommendation_loss: 1.5420804023742676, critic_loss: 0
recommendation_loss: 1.5476621389389038, critic_loss: 0
recommendation_loss: 1.6164723634719849, critic_loss: 0
recommendation_loss: 1.5537993907928467, critic_loss: 0
recommendation_loss: 1.480931282043457, critic_loss: 0
recommendation_loss: 1.5879466533660889, critic_loss: 0
recommendation_loss: 1.5990397930145264, critic_loss: 0
recommendation_loss: 1.6113052368164062, critic_loss: 0
recommendation_loss: 1.5981132984161377, critic_loss: 0
recommendation_loss: 1.5972577333450317, critic_loss: 0
recommendation_loss: 1.5335617065429688, critic_loss: 0
recommendation_loss: 1.4735698699951172, critic_loss: 0
recommendation_loss: 1.6091723442077637, critic_loss: 0
recommendation_loss: 1.559556245803833, critic_loss: 0
recommendation_loss: 1.5824953317642212, critic_loss: 0
recommendation_loss: 1.6668797731399536, critic_loss: 0
recommendation_loss: 1.5425974130630493, critic_loss: 0
recommendation_loss: 1.5699199438095093, critic_loss: 0
recommendation_loss: 1.5805598497390747, critic_loss: 0
recommendation_loss: 1.5794992446899414, critic_loss: 0
recommendation_loss: 1.604102373123169, critic_loss: 0
recommendation_loss: 1.6536649465560913, critic_loss: 0
recommendation_loss: 1.6412111520767212, critic_loss: 0
recommendation_loss: 1.5668882131576538, critic_loss: 0
recommendation_loss: 1.6209676265716553, critic_loss: 0
recommendation_loss: 1.5587425231933594, critic_loss: 0
recommendation_loss: 1.6498632431030273, critic_loss: 0
recommendation_loss: 1.5793124437332153, critic_loss: 0
recommendation_loss: 1.6595256328582764, critic_loss: 0
recommendation_loss: 1.591633677482605, critic_loss: 0
recommendation_loss: 1.5916953086853027, critic_loss: 0
recommendation_loss: 1.5767159461975098, critic_loss: 0
recommendation_loss: 1.5758771896362305, critic_loss: 0
recommendation_loss: 1.5816580057144165, critic_loss: 0
recommendation_loss: 1.5773288011550903, critic_loss: 0
recommendation_loss: 1.6321558952331543, critic_loss: 0
recommendation_loss: 1.539056420326233, critic_loss: 0
recommendation_loss: 1.5903676748275757, critic_loss: 0
recommendation_loss: 1.5775760412216187, critic_loss: 0
recommendation_loss: 1.5765998363494873, critic_loss: 0
recommendation_loss: 1.5146515369415283, critic_loss: 0
recommendation_loss: 1.5511062145233154, critic_loss: 0
recommendation_loss: 1.5621081590652466, critic_loss: 0
recommendation_loss: 1.5714023113250732, critic_loss: 0
recommendation_loss: 1.5968645811080933, critic_loss: 0
recommendation_loss: 1.5821750164031982, critic_loss: 0
recommendation_loss: 1.545310378074646, critic_loss: 0
recommendation_loss: 1.5669655799865723, critic_loss: 0
recommendation_loss: 1.525664210319519, critic_loss: 0
recommendation_loss: 1.6365715265274048, critic_loss: 0
recommendation_loss: 1.497145652770996, critic_loss: 0
recommendation_loss: 1.5706522464752197, critic_loss: 0
recommendation_loss: 1.5868991613388062, critic_loss: 0
recommendation_loss: 1.5969679355621338, critic_loss: 0
recommendation_loss: 1.571454644203186, critic_loss: 0
recommendation_loss: 1.565555214881897, critic_loss: 0
recommendation_loss: 1.674606204032898, critic_loss: 0
2024-08-09 17:51:39.886755: step 1520/24320 (epoch 5/80), loss = 1.128643 (28.960 sec/epoch), lr: 0.003000
Evaluating on dev set...
...........................
source: 	 mrr: 0.036082	 ndcg_5: 0.0261	 ndcg_10: 0.0330	 hit@1:0.013034	 hit@5:0.0398	 hit@10: 0.0615
target: 	 mrr: 0.034065	 ndcg_5: 0.0254	 ndcg_10: 0.0337	 hit@1:0.009756	 hit@5:0.0425	 hit@10: 0.0683
source best!
.............
source: 	 mrr: 0.032531	 ndcg_5: 0.0218	 ndcg_10: 0.0320	 hit@1:0.007669	 hit@5:0.0360	 hit@10: 0.0683
target best!
..............target: 	 mrr: 0.036742	 ndcg_5: 0.0279	 ndcg_10: 0.0378	 hit@1:0.009602	 hit@5:0.0453	 hit@10: 0.0761
epoch 5: train_loss = 1.128643, source_hit@10 = 0.0683, source_ndcg@10 = 0.0320, target_hit@10 = 0.0761, target_ndcg@10 = 0.0378
new best model saved.

recommendation_loss: 1.627246379852295, critic_loss: 0
recommendation_loss: 1.6189827919006348, critic_loss: 0
recommendation_loss: 1.5122613906860352, critic_loss: 0
recommendation_loss: 1.583771824836731, critic_loss: 0
recommendation_loss: 1.5868507623672485, critic_loss: 0
recommendation_loss: 1.5663961172103882, critic_loss: 0
recommendation_loss: 1.5063215494155884, critic_loss: 0
recommendation_loss: 1.6077873706817627, critic_loss: 0
recommendation_loss: 1.609053134918213, critic_loss: 0
recommendation_loss: 1.505738615989685, critic_loss: 0
recommendation_loss: 1.6104207038879395, critic_loss: 0
recommendation_loss: 1.4821555614471436, critic_loss: 0
recommendation_loss: 1.5967059135437012, critic_loss: 0
recommendation_loss: 1.5650180578231812, critic_loss: 0
recommendation_loss: 1.6705518960952759, critic_loss: 0
recommendation_loss: 1.5527026653289795, critic_loss: 0
recommendation_loss: 1.581565499305725, critic_loss: 0
recommendation_loss: 1.556876301765442, critic_loss: 0
recommendation_loss: 1.5276986360549927, critic_loss: 0
recommendation_loss: 1.4908710718154907, critic_loss: 0
recommendation_loss: 1.5060690641403198, critic_loss: 0
recommendation_loss: 1.524409532546997, critic_loss: 0
recommendation_loss: 1.5538164377212524, critic_loss: 0
recommendation_loss: 1.5748008489608765, critic_loss: 0
recommendation_loss: 1.623227834701538, critic_loss: 0
recommendation_loss: 1.5483214855194092, critic_loss: 0
recommendation_loss: 1.5854334831237793, critic_loss: 0
recommendation_loss: 1.5604257583618164, critic_loss: 0
recommendation_loss: 1.5303912162780762, critic_loss: 0
recommendation_loss: 1.521733045578003, critic_loss: 0
recommendation_loss: 1.4876728057861328, critic_loss: 0
recommendation_loss: 1.5309659242630005, critic_loss: 0
recommendation_loss: 1.622434139251709, critic_loss: 0
recommendation_loss: 1.5757087469100952, critic_loss: 0
recommendation_loss: 1.600773811340332, critic_loss: 0
recommendation_loss: 1.5691910982131958, critic_loss: 0
recommendation_loss: 1.5910509824752808, critic_loss: 0
recommendation_loss: 1.6498329639434814, critic_loss: 0
recommendation_loss: 1.566378116607666, critic_loss: 0
recommendation_loss: 1.5364744663238525, critic_loss: 0
recommendation_loss: 1.6684495210647583, critic_loss: 0
recommendation_loss: 1.5591918230056763, critic_loss: 0
recommendation_loss: 1.6297181844711304, critic_loss: 0
recommendation_loss: 1.537290096282959, critic_loss: 0
recommendation_loss: 1.540398359298706, critic_loss: 0
recommendation_loss: 1.550974726676941, critic_loss: 0
recommendation_loss: 1.6191455125808716, critic_loss: 0
recommendation_loss: 1.4981518983840942, critic_loss: 0
recommendation_loss: 1.5561840534210205, critic_loss: 0
recommendation_loss: 1.5288701057434082, critic_loss: 0
recommendation_loss: 1.5636157989501953, critic_loss: 0
recommendation_loss: 1.5312199592590332, critic_loss: 0
recommendation_loss: 1.5305123329162598, critic_loss: 0
recommendation_loss: 1.5596121549606323, critic_loss: 0
recommendation_loss: 1.5639647245407104, critic_loss: 0
recommendation_loss: 1.5220963954925537, critic_loss: 0
recommendation_loss: 1.555760383605957, critic_loss: 0
recommendation_loss: 1.5965487957000732, critic_loss: 0
recommendation_loss: 1.606610894203186, critic_loss: 0
recommendation_loss: 1.5642991065979004, critic_loss: 0
recommendation_loss: 1.5205795764923096, critic_loss: 0
recommendation_loss: 1.5862340927124023, critic_loss: 0
recommendation_loss: 1.568258285522461, critic_loss: 0
recommendation_loss: 1.541521430015564, critic_loss: 0
recommendation_loss: 1.57355535030365, critic_loss: 0
recommendation_loss: 1.5721466541290283, critic_loss: 0
recommendation_loss: 1.5896110534667969, critic_loss: 0
recommendation_loss: 1.571488857269287, critic_loss: 0
recommendation_loss: 1.6171071529388428, critic_loss: 0
recommendation_loss: 1.4964946508407593, critic_loss: 0
recommendation_loss: 1.5071734189987183, critic_loss: 0
recommendation_loss: 1.6631861925125122, critic_loss: 0
recommendation_loss: 1.4715332984924316, critic_loss: 0
recommendation_loss: 1.4670941829681396, critic_loss: 0
recommendation_loss: 1.6313074827194214, critic_loss: 0
recommendation_loss: 1.5516810417175293, critic_loss: 0
recommendation_loss: 1.4580729007720947, critic_loss: 0
recommendation_loss: 1.4820854663848877, critic_loss: 0
recommendation_loss: 1.5093274116516113, critic_loss: 0
recommendation_loss: 1.6033493280410767, critic_loss: 0
recommendation_loss: 1.5486513376235962, critic_loss: 0
recommendation_loss: 1.6161236763000488, critic_loss: 0
recommendation_loss: 1.5753791332244873, critic_loss: 0
recommendation_loss: 1.6146349906921387, critic_loss: 0
recommendation_loss: 1.611526608467102, critic_loss: 0
recommendation_loss: 1.59194016456604, critic_loss: 0
recommendation_loss: 1.57481849193573, critic_loss: 0
recommendation_loss: 1.4953938722610474, critic_loss: 0
recommendation_loss: 1.6063120365142822, critic_loss: 0
recommendation_loss: 1.5100475549697876, critic_loss: 0
recommendation_loss: 1.552201509475708, critic_loss: 0
recommendation_loss: 1.5544703006744385, critic_loss: 0
recommendation_loss: 1.5481550693511963, critic_loss: 0
recommendation_loss: 1.432565689086914, critic_loss: 0
recommendation_loss: 1.5869643688201904, critic_loss: 0
recommendation_loss: 1.5937845706939697, critic_loss: 0
recommendation_loss: 1.5423933267593384, critic_loss: 0
recommendation_loss: 1.559159278869629, critic_loss: 0
recommendation_loss: 1.5677837133407593, critic_loss: 0
recommendation_loss: 1.58579683303833, critic_loss: 0
recommendation_loss: 1.5591633319854736, critic_loss: 0
recommendation_loss: 1.4792901277542114, critic_loss: 0
recommendation_loss: 1.5203914642333984, critic_loss: 0
recommendation_loss: 1.4949045181274414, critic_loss: 0
recommendation_loss: 1.5737566947937012, critic_loss: 0
recommendation_loss: 1.582777976989746, critic_loss: 0
recommendation_loss: 1.5771942138671875, critic_loss: 0
recommendation_loss: 1.6338156461715698, critic_loss: 0
recommendation_loss: 1.5947345495224, critic_loss: 0
recommendation_loss: 1.523842453956604, critic_loss: 0
recommendation_loss: 1.5238676071166992, critic_loss: 0
recommendation_loss: 1.5874571800231934, critic_loss: 0
recommendation_loss: 1.6146554946899414, critic_loss: 0
recommendation_loss: 1.5806114673614502, critic_loss: 0
recommendation_loss: 1.5300806760787964, critic_loss: 0
recommendation_loss: 1.5442267656326294, critic_loss: 0
recommendation_loss: 1.553107500076294, critic_loss: 0
recommendation_loss: 1.5898396968841553, critic_loss: 0
recommendation_loss: 1.5552923679351807, critic_loss: 0
recommendation_loss: 1.5046297311782837, critic_loss: 0
recommendation_loss: 1.5232853889465332, critic_loss: 0
recommendation_loss: 1.5317585468292236, critic_loss: 0
recommendation_loss: 1.5524811744689941, critic_loss: 0
recommendation_loss: 1.6692556142807007, critic_loss: 0
recommendation_loss: 1.4976739883422852, critic_loss: 0
recommendation_loss: 1.6117019653320312, critic_loss: 0
recommendation_loss: 1.4782158136367798, critic_loss: 0
recommendation_loss: 1.4863804578781128, critic_loss: 0
recommendation_loss: 1.5585112571716309, critic_loss: 0
recommendation_loss: 1.567115068435669, critic_loss: 0
recommendation_loss: 1.5460033416748047, critic_loss: 0
recommendation_loss: 1.5470811128616333, critic_loss: 0
recommendation_loss: 1.5980162620544434, critic_loss: 0
recommendation_loss: 1.4995619058609009, critic_loss: 0
recommendation_loss: 1.595470905303955, critic_loss: 0
recommendation_loss: 1.5565661191940308, critic_loss: 0
recommendation_loss: 1.462514877319336, critic_loss: 0
recommendation_loss: 1.5740256309509277, critic_loss: 0
recommendation_loss: 1.498481273651123, critic_loss: 0
recommendation_loss: 1.5774108171463013, critic_loss: 0
recommendation_loss: 1.4636377096176147, critic_loss: 0
recommendation_loss: 1.4488756656646729, critic_loss: 0
recommendation_loss: 1.4463372230529785, critic_loss: 0
recommendation_loss: 1.5026469230651855, critic_loss: 0
recommendation_loss: 1.4923038482666016, critic_loss: 0
recommendation_loss: 1.4550420045852661, critic_loss: 0
recommendation_loss: 1.490309715270996, critic_loss: 0
recommendation_loss: 1.5441299676895142, critic_loss: 0
recommendation_loss: 1.3689342737197876, critic_loss: 0
recommendation_loss: 1.505251407623291, critic_loss: 0
recommendation_loss: 1.5913347005844116, critic_loss: 0
recommendation_loss: 1.4898462295532227, critic_loss: 0
recommendation_loss: 1.6098041534423828, critic_loss: 0
recommendation_loss: 1.4550069570541382, critic_loss: 0
recommendation_loss: 1.4635579586029053, critic_loss: 0
recommendation_loss: 1.5655804872512817, critic_loss: 0
recommendation_loss: 1.4515999555587769, critic_loss: 0
recommendation_loss: 1.5263066291809082, critic_loss: 0
recommendation_loss: 1.6033755540847778, critic_loss: 0
recommendation_loss: 1.5486723184585571, critic_loss: 0
recommendation_loss: 1.5027134418487549, critic_loss: 0
recommendation_loss: 1.5131032466888428, critic_loss: 0
recommendation_loss: 1.5931000709533691, critic_loss: 0
recommendation_loss: 1.544478178024292, critic_loss: 0
recommendation_loss: 1.6281275749206543, critic_loss: 0
recommendation_loss: 1.594998836517334, critic_loss: 0
recommendation_loss: 1.4323968887329102, critic_loss: 0
recommendation_loss: 1.515639305114746, critic_loss: 0
recommendation_loss: 1.5382497310638428, critic_loss: 0
recommendation_loss: 1.4126118421554565, critic_loss: 0
recommendation_loss: 1.4759756326675415, critic_loss: 0
recommendation_loss: 1.4252443313598633, critic_loss: 0
recommendation_loss: 1.46304452419281, critic_loss: 0
recommendation_loss: 1.496589183807373, critic_loss: 0
recommendation_loss: 1.571192979812622, critic_loss: 0
recommendation_loss: 1.447805643081665, critic_loss: 0
recommendation_loss: 1.5828694105148315, critic_loss: 0
recommendation_loss: 1.4316020011901855, critic_loss: 0
recommendation_loss: 1.5566620826721191, critic_loss: 0
recommendation_loss: 1.5305657386779785, critic_loss: 0
recommendation_loss: 1.5048655271530151, critic_loss: 0
recommendation_loss: 1.6241605281829834, critic_loss: 0
recommendation_loss: 1.4644310474395752, critic_loss: 0
recommendation_loss: 1.5674536228179932, critic_loss: 0
recommendation_loss: 1.5984402894973755, critic_loss: 0
recommendation_loss: 1.6159660816192627, critic_loss: 0
recommendation_loss: 1.6124829053878784, critic_loss: 0
recommendation_loss: 1.49479341506958, critic_loss: 0
recommendation_loss: 1.5526714324951172, critic_loss: 0
recommendation_loss: 1.5078461170196533, critic_loss: 0
recommendation_loss: 1.480041265487671, critic_loss: 0
recommendation_loss: 1.510573387145996, critic_loss: 0
recommendation_loss: 1.4568907022476196, critic_loss: 0
recommendation_loss: 1.5360983610153198, critic_loss: 0
recommendation_loss: 1.5308902263641357, critic_loss: 0
recommendation_loss: 1.5204081535339355, critic_loss: 0
recommendation_loss: 1.577652931213379, critic_loss: 0
recommendation_loss: 1.5971455574035645, critic_loss: 0
recommendation_loss: 1.507059097290039, critic_loss: 0
recommendation_loss: 1.5219649076461792, critic_loss: 0
recommendation_loss: 1.389273762702942, critic_loss: 0
recommendation_loss: 1.66678786277771, critic_loss: 0
recommendation_loss: 1.510642170906067, critic_loss: 0
recommendation_loss: 1.500040888786316, critic_loss: 0
recommendation_loss: 1.5814058780670166, critic_loss: 0
recommendation_loss: 1.6044937372207642, critic_loss: 0
recommendation_loss: 1.586691975593567, critic_loss: 0
recommendation_loss: 1.60892653465271, critic_loss: 0
recommendation_loss: 1.4611436128616333, critic_loss: 0
recommendation_loss: 1.512926697731018, critic_loss: 0
recommendation_loss: 1.536750316619873, critic_loss: 0
recommendation_loss: 1.487228274345398, critic_loss: 0
recommendation_loss: 1.4925998449325562, critic_loss: 0
recommendation_loss: 1.4986215829849243, critic_loss: 0
recommendation_loss: 1.4745272397994995, critic_loss: 0
recommendation_loss: 1.4660587310791016, critic_loss: 0
recommendation_loss: 1.536298155784607, critic_loss: 0
recommendation_loss: 1.4257323741912842, critic_loss: 0
recommendation_loss: 1.5206077098846436, critic_loss: 0
recommendation_loss: 1.4232368469238281, critic_loss: 0
recommendation_loss: 1.6158854961395264, critic_loss: 0
recommendation_loss: 1.4752153158187866, critic_loss: 0
recommendation_loss: 1.409386396408081, critic_loss: 0
recommendation_loss: 1.600866436958313, critic_loss: 0
recommendation_loss: 1.5786992311477661, critic_loss: 0
recommendation_loss: 1.3959951400756836, critic_loss: 0
recommendation_loss: 1.583876609802246, critic_loss: 0
recommendation_loss: 1.5526134967803955, critic_loss: 0
recommendation_loss: 1.4810473918914795, critic_loss: 0
recommendation_loss: 1.4550015926361084, critic_loss: 0
recommendation_loss: 1.4898561239242554, critic_loss: 0
recommendation_loss: 1.5858553647994995, critic_loss: 0
recommendation_loss: 1.4704254865646362, critic_loss: 0
recommendation_loss: 1.6007014513015747, critic_loss: 0
recommendation_loss: 1.5314234495162964, critic_loss: 0
recommendation_loss: 1.490053415298462, critic_loss: 0
recommendation_loss: 1.5531009435653687, critic_loss: 0
recommendation_loss: 1.435403823852539, critic_loss: 0
recommendation_loss: 1.4615068435668945, critic_loss: 0
recommendation_loss: 1.4622455835342407, critic_loss: 0
recommendation_loss: 1.483681559562683, critic_loss: 0
recommendation_loss: 1.4829885959625244, critic_loss: 0
recommendation_loss: 1.5448778867721558, critic_loss: 0
recommendation_loss: 1.5046582221984863, critic_loss: 0
recommendation_loss: 1.6109461784362793, critic_loss: 0
recommendation_loss: 1.6019632816314697, critic_loss: 0
recommendation_loss: 1.561570405960083, critic_loss: 0
recommendation_loss: 1.4727201461791992, critic_loss: 0
recommendation_loss: 1.5342507362365723, critic_loss: 0
recommendation_loss: 1.497635841369629, critic_loss: 0
recommendation_loss: 1.4857988357543945, critic_loss: 0
recommendation_loss: 1.4415512084960938, critic_loss: 0
recommendation_loss: 1.5662604570388794, critic_loss: 0
recommendation_loss: 1.588204264640808, critic_loss: 0
recommendation_loss: 1.6012842655181885, critic_loss: 0
recommendation_loss: 1.5371136665344238, critic_loss: 0
recommendation_loss: 1.4477307796478271, critic_loss: 0
recommendation_loss: 1.4744951725006104, critic_loss: 0
recommendation_loss: 1.534543514251709, critic_loss: 0
recommendation_loss: 1.5186362266540527, critic_loss: 0
recommendation_loss: 1.5419681072235107, critic_loss: 0
recommendation_loss: 1.4871032238006592, critic_loss: 0
recommendation_loss: 1.5115476846694946, critic_loss: 0
recommendation_loss: 1.5010435581207275, critic_loss: 0
recommendation_loss: 1.50963294506073, critic_loss: 0
recommendation_loss: 1.5242924690246582, critic_loss: 0
recommendation_loss: 1.5417399406433105, critic_loss: 0
recommendation_loss: 1.5725257396697998, critic_loss: 0
recommendation_loss: 1.650839924812317, critic_loss: 0
recommendation_loss: 1.5589649677276611, critic_loss: 0
recommendation_loss: 1.4280269145965576, critic_loss: 0
recommendation_loss: 1.4035282135009766, critic_loss: 0
recommendation_loss: 1.4963492155075073, critic_loss: 0
recommendation_loss: 1.5183851718902588, critic_loss: 0
recommendation_loss: 1.553214430809021, critic_loss: 0
recommendation_loss: 1.4983738660812378, critic_loss: 0
recommendation_loss: 1.6144241094589233, critic_loss: 0
recommendation_loss: 1.5400593280792236, critic_loss: 0
recommendation_loss: 1.5009691715240479, critic_loss: 0
recommendation_loss: 1.4656624794006348, critic_loss: 0
recommendation_loss: 1.521860957145691, critic_loss: 0
recommendation_loss: 1.5717121362686157, critic_loss: 0
recommendation_loss: 1.5071029663085938, critic_loss: 0
recommendation_loss: 1.5870273113250732, critic_loss: 0
recommendation_loss: 1.5350662469863892, critic_loss: 0
recommendation_loss: 1.4343030452728271, critic_loss: 0
recommendation_loss: 1.556512713432312, critic_loss: 0
recommendation_loss: 1.5653246641159058, critic_loss: 0
recommendation_loss: 1.545973300933838, critic_loss: 0
recommendation_loss: 1.5752532482147217, critic_loss: 0
recommendation_loss: 1.5123069286346436, critic_loss: 0
recommendation_loss: 1.5855247974395752, critic_loss: 0
recommendation_loss: 1.4862247705459595, critic_loss: 0
recommendation_loss: 1.4565691947937012, critic_loss: 0
recommendation_loss: 1.518139362335205, critic_loss: 0
recommendation_loss: 1.5271167755126953, critic_loss: 0
recommendation_loss: 1.5901527404785156, critic_loss: 0
recommendation_loss: 1.4736809730529785, critic_loss: 0
recommendation_loss: 1.4693670272827148, critic_loss: 0
recommendation_loss: 1.481520175933838, critic_loss: 0
recommendation_loss: 1.487060308456421, critic_loss: 0
recommendation_loss: 1.4961220026016235, critic_loss: 0
recommendation_loss: 1.5926978588104248, critic_loss: 0
recommendation_loss: 1.5554654598236084, critic_loss: 0
2024-08-09 17:52:09.573961: step 1824/24320 (epoch 6/80), loss = 1.076070 (28.932 sec/epoch), lr: 0.003000
Evaluating on dev set...
...........................
source: 	 mrr: 0.037338	 ndcg_5: 0.0256	 ndcg_10: 0.0351	 hit@1:0.014482	 hit@5:0.0369	 hit@10: 0.0666
target: 	 mrr: 0.042173	 ndcg_5: 0.0353	 ndcg_10: 0.0456	 hit@1:0.013240	 hit@5:0.0571	 hit@10: 0.0885
source best!
.............
source: 	 mrr: 0.028912	 ndcg_5: 0.0184	 ndcg_10: 0.0264	 hit@1:0.004601	 hit@5:0.0322	 hit@10: 0.0567
target best!
..............target: 	 mrr: 0.044744	 ndcg_5: 0.0356	 ndcg_10: 0.0467	 hit@1:0.017147	 hit@5:0.0542	 hit@10: 0.0898
epoch 6: train_loss = 1.076070, source_hit@10 = 0.0567, source_ndcg@10 = 0.0264, target_hit@10 = 0.0898, target_ndcg@10 = 0.0467
new best model saved.

recommendation_loss: 1.5523369312286377, critic_loss: 0
recommendation_loss: 1.6052050590515137, critic_loss: 0
recommendation_loss: 1.4285904169082642, critic_loss: 0
recommendation_loss: 1.4803296327590942, critic_loss: 0
recommendation_loss: 1.4899675846099854, critic_loss: 0
recommendation_loss: 1.5080913305282593, critic_loss: 0
recommendation_loss: 1.5064435005187988, critic_loss: 0
recommendation_loss: 1.561919093132019, critic_loss: 0
recommendation_loss: 1.514978051185608, critic_loss: 0
recommendation_loss: 1.5635896921157837, critic_loss: 0
recommendation_loss: 1.545990228652954, critic_loss: 0
recommendation_loss: 1.3677922487258911, critic_loss: 0
recommendation_loss: 1.5481200218200684, critic_loss: 0
recommendation_loss: 1.5178707838058472, critic_loss: 0
recommendation_loss: 1.6331863403320312, critic_loss: 0
recommendation_loss: 1.468869686126709, critic_loss: 0
recommendation_loss: 1.5162477493286133, critic_loss: 0
recommendation_loss: 1.510951042175293, critic_loss: 0
recommendation_loss: 1.4958609342575073, critic_loss: 0
recommendation_loss: 1.4549438953399658, critic_loss: 0
recommendation_loss: 1.5176098346710205, critic_loss: 0
recommendation_loss: 1.4548759460449219, critic_loss: 0
recommendation_loss: 1.462363600730896, critic_loss: 0
recommendation_loss: 1.524120807647705, critic_loss: 0
recommendation_loss: 1.4800554513931274, critic_loss: 0
recommendation_loss: 1.4838582277297974, critic_loss: 0
recommendation_loss: 1.441625952720642, critic_loss: 0
recommendation_loss: 1.4567781686782837, critic_loss: 0
recommendation_loss: 1.373909831047058, critic_loss: 0
recommendation_loss: 1.5537139177322388, critic_loss: 0
recommendation_loss: 1.531761646270752, critic_loss: 0
recommendation_loss: 1.4416675567626953, critic_loss: 0
recommendation_loss: 1.6492631435394287, critic_loss: 0
recommendation_loss: 1.5263031721115112, critic_loss: 0
recommendation_loss: 1.5025557279586792, critic_loss: 0
recommendation_loss: 1.525995135307312, critic_loss: 0
recommendation_loss: 1.5314981937408447, critic_loss: 0
recommendation_loss: 1.5420011281967163, critic_loss: 0
recommendation_loss: 1.5076377391815186, critic_loss: 0
recommendation_loss: 1.489711880683899, critic_loss: 0
recommendation_loss: 1.4614863395690918, critic_loss: 0
recommendation_loss: 1.5397953987121582, critic_loss: 0
recommendation_loss: 1.5239105224609375, critic_loss: 0
recommendation_loss: 1.4696104526519775, critic_loss: 0
recommendation_loss: 1.461107850074768, critic_loss: 0
recommendation_loss: 1.5051720142364502, critic_loss: 0
recommendation_loss: 1.4878878593444824, critic_loss: 0
recommendation_loss: 1.4911224842071533, critic_loss: 0
recommendation_loss: 1.491819143295288, critic_loss: 0
recommendation_loss: 1.5134432315826416, critic_loss: 0
recommendation_loss: 1.561392903327942, critic_loss: 0
recommendation_loss: 1.428415298461914, critic_loss: 0
recommendation_loss: 1.460733413696289, critic_loss: 0
recommendation_loss: 1.4249088764190674, critic_loss: 0
recommendation_loss: 1.477480173110962, critic_loss: 0
recommendation_loss: 1.5200446844100952, critic_loss: 0
recommendation_loss: 1.4576364755630493, critic_loss: 0
recommendation_loss: 1.5431430339813232, critic_loss: 0
recommendation_loss: 1.4928327798843384, critic_loss: 0
recommendation_loss: 1.4636993408203125, critic_loss: 0
recommendation_loss: 1.4519271850585938, critic_loss: 0
recommendation_loss: 1.5911967754364014, critic_loss: 0
recommendation_loss: 1.5080779790878296, critic_loss: 0
recommendation_loss: 1.4821105003356934, critic_loss: 0
recommendation_loss: 1.5905723571777344, critic_loss: 0
recommendation_loss: 1.4705016613006592, critic_loss: 0
recommendation_loss: 1.5369758605957031, critic_loss: 0
recommendation_loss: 1.5727436542510986, critic_loss: 0
recommendation_loss: 1.5693871974945068, critic_loss: 0
recommendation_loss: 1.4305901527404785, critic_loss: 0
recommendation_loss: 1.4732686281204224, critic_loss: 0
recommendation_loss: 1.5117862224578857, critic_loss: 0
recommendation_loss: 1.4386266469955444, critic_loss: 0
recommendation_loss: 1.5122087001800537, critic_loss: 0
recommendation_loss: 1.5444135665893555, critic_loss: 0
recommendation_loss: 1.5146288871765137, critic_loss: 0
recommendation_loss: 1.4673471450805664, critic_loss: 0
recommendation_loss: 1.5451607704162598, critic_loss: 0
recommendation_loss: 1.4837400913238525, critic_loss: 0
recommendation_loss: 1.4644954204559326, critic_loss: 0
recommendation_loss: 1.4817559719085693, critic_loss: 0
recommendation_loss: 1.4908355474472046, critic_loss: 0
recommendation_loss: 1.5205587148666382, critic_loss: 0
recommendation_loss: 1.447082281112671, critic_loss: 0
recommendation_loss: 1.481980800628662, critic_loss: 0
recommendation_loss: 1.524582028388977, critic_loss: 0
recommendation_loss: 1.4913028478622437, critic_loss: 0
recommendation_loss: 1.5304912328720093, critic_loss: 0
recommendation_loss: 1.448276162147522, critic_loss: 0
recommendation_loss: 1.40663480758667, critic_loss: 0
recommendation_loss: 1.4915282726287842, critic_loss: 0
recommendation_loss: 1.441251277923584, critic_loss: 0
recommendation_loss: 1.5193185806274414, critic_loss: 0
recommendation_loss: 1.4591891765594482, critic_loss: 0
recommendation_loss: 1.5545156002044678, critic_loss: 0
recommendation_loss: 1.4716503620147705, critic_loss: 0
recommendation_loss: 1.5434777736663818, critic_loss: 0
recommendation_loss: 1.442656397819519, critic_loss: 0
recommendation_loss: 1.5015674829483032, critic_loss: 0
recommendation_loss: 1.5443017482757568, critic_loss: 0
recommendation_loss: 1.4657204151153564, critic_loss: 0
recommendation_loss: 1.4959819316864014, critic_loss: 0
recommendation_loss: 1.483790397644043, critic_loss: 0
recommendation_loss: 1.4851282835006714, critic_loss: 0
recommendation_loss: 1.5726330280303955, critic_loss: 0
recommendation_loss: 1.5018502473831177, critic_loss: 0
recommendation_loss: 1.5292768478393555, critic_loss: 0
recommendation_loss: 1.435021162033081, critic_loss: 0
recommendation_loss: 1.4651941061019897, critic_loss: 0
recommendation_loss: 1.5311264991760254, critic_loss: 0
recommendation_loss: 1.525955319404602, critic_loss: 0
recommendation_loss: 1.576012372970581, critic_loss: 0
recommendation_loss: 1.5456422567367554, critic_loss: 0
recommendation_loss: 1.5496094226837158, critic_loss: 0
recommendation_loss: 1.4979318380355835, critic_loss: 0
recommendation_loss: 1.4726606607437134, critic_loss: 0
recommendation_loss: 1.57204008102417, critic_loss: 0
recommendation_loss: 1.5248682498931885, critic_loss: 0
recommendation_loss: 1.4552884101867676, critic_loss: 0
recommendation_loss: 1.4242589473724365, critic_loss: 0
recommendation_loss: 1.4784526824951172, critic_loss: 0
recommendation_loss: 1.4155726432800293, critic_loss: 0
recommendation_loss: 1.5118244886398315, critic_loss: 0
recommendation_loss: 1.5591195821762085, critic_loss: 0
recommendation_loss: 1.4940948486328125, critic_loss: 0
recommendation_loss: 1.4839617013931274, critic_loss: 0
recommendation_loss: 1.498887538909912, critic_loss: 0
recommendation_loss: 1.4658122062683105, critic_loss: 0
recommendation_loss: 1.4911082983016968, critic_loss: 0
recommendation_loss: 1.489128828048706, critic_loss: 0
recommendation_loss: 1.4575639963150024, critic_loss: 0
recommendation_loss: 1.4597699642181396, critic_loss: 0
recommendation_loss: 1.4957789182662964, critic_loss: 0
recommendation_loss: 1.437549114227295, critic_loss: 0
recommendation_loss: 1.5073354244232178, critic_loss: 0
recommendation_loss: 1.5196105241775513, critic_loss: 0
recommendation_loss: 1.4529647827148438, critic_loss: 0
recommendation_loss: 1.5300002098083496, critic_loss: 0
recommendation_loss: 1.477299690246582, critic_loss: 0
recommendation_loss: 1.48286771774292, critic_loss: 0
recommendation_loss: 1.451482892036438, critic_loss: 0
recommendation_loss: 1.5622427463531494, critic_loss: 0
recommendation_loss: 1.420181155204773, critic_loss: 0
recommendation_loss: 1.4744226932525635, critic_loss: 0
recommendation_loss: 1.5684280395507812, critic_loss: 0
recommendation_loss: 1.389115810394287, critic_loss: 0
recommendation_loss: 1.506177544593811, critic_loss: 0
recommendation_loss: 1.5295298099517822, critic_loss: 0
recommendation_loss: 1.3045333623886108, critic_loss: 0
recommendation_loss: 1.5771374702453613, critic_loss: 0
recommendation_loss: 1.413487434387207, critic_loss: 0
recommendation_loss: 1.541275978088379, critic_loss: 0
recommendation_loss: 1.4914896488189697, critic_loss: 0
recommendation_loss: 1.4337615966796875, critic_loss: 0
recommendation_loss: 1.4479608535766602, critic_loss: 0
recommendation_loss: 1.547681450843811, critic_loss: 0
recommendation_loss: 1.3874932527542114, critic_loss: 0
recommendation_loss: 1.4527614116668701, critic_loss: 0
recommendation_loss: 1.45438551902771, critic_loss: 0
recommendation_loss: 1.4977564811706543, critic_loss: 0
recommendation_loss: 1.4437224864959717, critic_loss: 0
recommendation_loss: 1.47421133518219, critic_loss: 0
recommendation_loss: 1.478929877281189, critic_loss: 0
recommendation_loss: 1.4135289192199707, critic_loss: 0
recommendation_loss: 1.5246145725250244, critic_loss: 0
recommendation_loss: 1.4727799892425537, critic_loss: 0
recommendation_loss: 1.4173948764801025, critic_loss: 0
recommendation_loss: 1.5448575019836426, critic_loss: 0
recommendation_loss: 1.5134798288345337, critic_loss: 0
recommendation_loss: 1.4854609966278076, critic_loss: 0
recommendation_loss: 1.3635752201080322, critic_loss: 0
recommendation_loss: 1.4977589845657349, critic_loss: 0
recommendation_loss: 1.4416089057922363, critic_loss: 0
recommendation_loss: 1.4929205179214478, critic_loss: 0
recommendation_loss: 1.5180745124816895, critic_loss: 0
recommendation_loss: 1.3868515491485596, critic_loss: 0
recommendation_loss: 1.3773531913757324, critic_loss: 0
recommendation_loss: 1.5003290176391602, critic_loss: 0
recommendation_loss: 1.4889302253723145, critic_loss: 0
recommendation_loss: 1.5294630527496338, critic_loss: 0
recommendation_loss: 1.459564447402954, critic_loss: 0
recommendation_loss: 1.560714602470398, critic_loss: 0
recommendation_loss: 1.4434022903442383, critic_loss: 0
recommendation_loss: 1.5462591648101807, critic_loss: 0
recommendation_loss: 1.5088717937469482, critic_loss: 0
recommendation_loss: 1.4434784650802612, critic_loss: 0
recommendation_loss: 1.5572149753570557, critic_loss: 0
recommendation_loss: 1.4816310405731201, critic_loss: 0
recommendation_loss: 1.5635193586349487, critic_loss: 0
recommendation_loss: 1.5549099445343018, critic_loss: 0
recommendation_loss: 1.4454662799835205, critic_loss: 0
recommendation_loss: 1.4272810220718384, critic_loss: 0
recommendation_loss: 1.4940989017486572, critic_loss: 0
recommendation_loss: 1.5335018634796143, critic_loss: 0
recommendation_loss: 1.5858640670776367, critic_loss: 0
recommendation_loss: 1.4981638193130493, critic_loss: 0
recommendation_loss: 1.4684827327728271, critic_loss: 0
recommendation_loss: 1.5066871643066406, critic_loss: 0
recommendation_loss: 1.390812873840332, critic_loss: 0
recommendation_loss: 1.4738582372665405, critic_loss: 0
recommendation_loss: 1.4717199802398682, critic_loss: 0
recommendation_loss: 1.4572696685791016, critic_loss: 0
recommendation_loss: 1.496870994567871, critic_loss: 0
recommendation_loss: 1.4616351127624512, critic_loss: 0
recommendation_loss: 1.4883722066879272, critic_loss: 0
recommendation_loss: 1.5019983053207397, critic_loss: 0
recommendation_loss: 1.572566032409668, critic_loss: 0
recommendation_loss: 1.5651121139526367, critic_loss: 0
recommendation_loss: 1.4963459968566895, critic_loss: 0
recommendation_loss: 1.4947230815887451, critic_loss: 0
recommendation_loss: 1.4997327327728271, critic_loss: 0
recommendation_loss: 1.4579291343688965, critic_loss: 0
recommendation_loss: 1.4176371097564697, critic_loss: 0
recommendation_loss: 1.461259126663208, critic_loss: 0
recommendation_loss: 1.4673792123794556, critic_loss: 0
recommendation_loss: 1.509963035583496, critic_loss: 0
recommendation_loss: 1.5390677452087402, critic_loss: 0
recommendation_loss: 1.4843230247497559, critic_loss: 0
recommendation_loss: 1.4349113702774048, critic_loss: 0
recommendation_loss: 1.3914726972579956, critic_loss: 0
recommendation_loss: 1.5191899538040161, critic_loss: 0
recommendation_loss: 1.3683651685714722, critic_loss: 0
recommendation_loss: 1.4248870611190796, critic_loss: 0
recommendation_loss: 1.5332293510437012, critic_loss: 0
recommendation_loss: 1.5057804584503174, critic_loss: 0
recommendation_loss: 1.4834473133087158, critic_loss: 0
recommendation_loss: 1.5321227312088013, critic_loss: 0
recommendation_loss: 1.5436128377914429, critic_loss: 0
recommendation_loss: 1.4715601205825806, critic_loss: 0
recommendation_loss: 1.473362684249878, critic_loss: 0
recommendation_loss: 1.496841311454773, critic_loss: 0
recommendation_loss: 1.5929303169250488, critic_loss: 0
recommendation_loss: 1.5138291120529175, critic_loss: 0
recommendation_loss: 1.5327035188674927, critic_loss: 0
recommendation_loss: 1.495839238166809, critic_loss: 0
recommendation_loss: 1.5225292444229126, critic_loss: 0
recommendation_loss: 1.6453332901000977, critic_loss: 0
recommendation_loss: 1.379370927810669, critic_loss: 0
recommendation_loss: 1.4812785387039185, critic_loss: 0
recommendation_loss: 1.4792695045471191, critic_loss: 0
recommendation_loss: 1.4069693088531494, critic_loss: 0
recommendation_loss: 1.4751088619232178, critic_loss: 0
recommendation_loss: 1.4597581624984741, critic_loss: 0
recommendation_loss: 1.4255869388580322, critic_loss: 0
recommendation_loss: 1.5437006950378418, critic_loss: 0
recommendation_loss: 1.4796037673950195, critic_loss: 0
recommendation_loss: 1.540886402130127, critic_loss: 0
recommendation_loss: 1.4803415536880493, critic_loss: 0
recommendation_loss: 1.4967591762542725, critic_loss: 0
recommendation_loss: 1.4567842483520508, critic_loss: 0
recommendation_loss: 1.4809516668319702, critic_loss: 0
recommendation_loss: 1.4226974248886108, critic_loss: 0
recommendation_loss: 1.4918550252914429, critic_loss: 0
recommendation_loss: 1.4599683284759521, critic_loss: 0
recommendation_loss: 1.483623743057251, critic_loss: 0
recommendation_loss: 1.4920848608016968, critic_loss: 0
recommendation_loss: 1.4738550186157227, critic_loss: 0
recommendation_loss: 1.4402920007705688, critic_loss: 0
recommendation_loss: 1.4761731624603271, critic_loss: 0
recommendation_loss: 1.470747709274292, critic_loss: 0
recommendation_loss: 1.4875649213790894, critic_loss: 0
recommendation_loss: 1.5033290386199951, critic_loss: 0
recommendation_loss: 1.4790120124816895, critic_loss: 0
recommendation_loss: 1.4055917263031006, critic_loss: 0
recommendation_loss: 1.4427326917648315, critic_loss: 0
recommendation_loss: 1.5044944286346436, critic_loss: 0
recommendation_loss: 1.4099464416503906, critic_loss: 0
recommendation_loss: 1.4566364288330078, critic_loss: 0
recommendation_loss: 1.5747758150100708, critic_loss: 0
recommendation_loss: 1.5091068744659424, critic_loss: 0
recommendation_loss: 1.5015383958816528, critic_loss: 0
recommendation_loss: 1.395398736000061, critic_loss: 0
recommendation_loss: 1.5253933668136597, critic_loss: 0
recommendation_loss: 1.4759504795074463, critic_loss: 0
recommendation_loss: 1.4868173599243164, critic_loss: 0
recommendation_loss: 1.5347752571105957, critic_loss: 0
recommendation_loss: 1.5155380964279175, critic_loss: 0
recommendation_loss: 1.4698768854141235, critic_loss: 0
recommendation_loss: 1.5091519355773926, critic_loss: 0
recommendation_loss: 1.3756264448165894, critic_loss: 0
recommendation_loss: 1.4908678531646729, critic_loss: 0
recommendation_loss: 1.4007173776626587, critic_loss: 0
recommendation_loss: 1.539320468902588, critic_loss: 0
recommendation_loss: 1.4702177047729492, critic_loss: 0
recommendation_loss: 1.475832223892212, critic_loss: 0
recommendation_loss: 1.4320294857025146, critic_loss: 0
recommendation_loss: 1.4414702653884888, critic_loss: 0
recommendation_loss: 1.5006484985351562, critic_loss: 0
recommendation_loss: 1.4480496644973755, critic_loss: 0
recommendation_loss: 1.4558159112930298, critic_loss: 0
recommendation_loss: 1.4783101081848145, critic_loss: 0
recommendation_loss: 1.5129088163375854, critic_loss: 0
recommendation_loss: 1.4842031002044678, critic_loss: 0
recommendation_loss: 1.4709123373031616, critic_loss: 0
recommendation_loss: 1.522186040878296, critic_loss: 0
recommendation_loss: 1.4402005672454834, critic_loss: 0
recommendation_loss: 1.4165993928909302, critic_loss: 0
recommendation_loss: 1.3977267742156982, critic_loss: 0
recommendation_loss: 1.420379638671875, critic_loss: 0
recommendation_loss: 1.4769402742385864, critic_loss: 0
recommendation_loss: 1.4636919498443604, critic_loss: 0
recommendation_loss: 1.4410996437072754, critic_loss: 0
recommendation_loss: 1.4804619550704956, critic_loss: 0
recommendation_loss: 1.5557036399841309, critic_loss: 0
2024-08-09 17:52:39.581384: step 2128/24320 (epoch 7/80), loss = 1.041894 (29.242 sec/epoch), lr: 0.003000
Evaluating on dev set...
...........................
source: 	 mrr: 0.034877	 ndcg_5: 0.0231	 ndcg_10: 0.0324	 hit@1:0.008689	 hit@5:0.0369	 hit@10: 0.0659
target: 	 mrr: 0.044267	 ndcg_5: 0.0347	 ndcg_10: 0.0439	 hit@1:0.016028	 hit@5:0.0523	 hit@10: 0.0815
target best!
..............target: 	 mrr: 0.045739	 ndcg_5: 0.0360	 ndcg_10: 0.0470	 hit@1:0.016461	 hit@5:0.0549	 hit@10: 0.0898
epoch 7: train_loss = 1.041894, source_hit@10 = 0.0659, source_ndcg@10 = 0.0324, target_hit@10 = 0.0898, target_ndcg@10 = 0.0470
new best model saved.

recommendation_loss: 1.427927017211914, critic_loss: 0
recommendation_loss: 1.496213436126709, critic_loss: 0
recommendation_loss: 1.4306741952896118, critic_loss: 0
recommendation_loss: 1.4323456287384033, critic_loss: 0
recommendation_loss: 1.4228237867355347, critic_loss: 0
recommendation_loss: 1.4925768375396729, critic_loss: 0
recommendation_loss: 1.4853441715240479, critic_loss: 0
recommendation_loss: 1.4511479139328003, critic_loss: 0
recommendation_loss: 1.422913670539856, critic_loss: 0
recommendation_loss: 1.42332124710083, critic_loss: 0
recommendation_loss: 1.4250967502593994, critic_loss: 0
recommendation_loss: 1.4051963090896606, critic_loss: 0
recommendation_loss: 1.5264155864715576, critic_loss: 0
recommendation_loss: 1.410599946975708, critic_loss: 0
recommendation_loss: 1.585031270980835, critic_loss: 0
recommendation_loss: 1.401597261428833, critic_loss: 0
recommendation_loss: 1.497145414352417, critic_loss: 0
recommendation_loss: 1.435532808303833, critic_loss: 0
recommendation_loss: 1.520885705947876, critic_loss: 0
recommendation_loss: 1.461751937866211, critic_loss: 0
recommendation_loss: 1.3818867206573486, critic_loss: 0
recommendation_loss: 1.4592177867889404, critic_loss: 0
recommendation_loss: 1.5285485982894897, critic_loss: 0
recommendation_loss: 1.5131709575653076, critic_loss: 0
recommendation_loss: 1.560594916343689, critic_loss: 0
recommendation_loss: 1.5452253818511963, critic_loss: 0
recommendation_loss: 1.3893306255340576, critic_loss: 0
recommendation_loss: 1.4923280477523804, critic_loss: 0
recommendation_loss: 1.322000503540039, critic_loss: 0
recommendation_loss: 1.5233958959579468, critic_loss: 0
recommendation_loss: 1.5033661127090454, critic_loss: 0
recommendation_loss: 1.3792831897735596, critic_loss: 0
recommendation_loss: 1.534549355506897, critic_loss: 0
recommendation_loss: 1.4916231632232666, critic_loss: 0
recommendation_loss: 1.4229975938796997, critic_loss: 0
recommendation_loss: 1.5258071422576904, critic_loss: 0
recommendation_loss: 1.5065727233886719, critic_loss: 0
recommendation_loss: 1.49374258518219, critic_loss: 0
recommendation_loss: 1.5076602697372437, critic_loss: 0
recommendation_loss: 1.4613351821899414, critic_loss: 0
recommendation_loss: 1.5239269733428955, critic_loss: 0
recommendation_loss: 1.51774001121521, critic_loss: 0
recommendation_loss: 1.4527924060821533, critic_loss: 0
recommendation_loss: 1.4402698278427124, critic_loss: 0
recommendation_loss: 1.3952784538269043, critic_loss: 0
recommendation_loss: 1.5747008323669434, critic_loss: 0
recommendation_loss: 1.4246841669082642, critic_loss: 0
recommendation_loss: 1.4833934307098389, critic_loss: 0
recommendation_loss: 1.4070266485214233, critic_loss: 0
recommendation_loss: 1.4907679557800293, critic_loss: 0
recommendation_loss: 1.5247942209243774, critic_loss: 0
recommendation_loss: 1.5286998748779297, critic_loss: 0
recommendation_loss: 1.4771203994750977, critic_loss: 0
recommendation_loss: 1.4832608699798584, critic_loss: 0
recommendation_loss: 1.5165324211120605, critic_loss: 0
recommendation_loss: 1.4463528394699097, critic_loss: 0
recommendation_loss: 1.4428982734680176, critic_loss: 0
recommendation_loss: 1.4732718467712402, critic_loss: 0
recommendation_loss: 1.4734855890274048, critic_loss: 0
recommendation_loss: 1.398586392402649, critic_loss: 0
recommendation_loss: 1.4145609140396118, critic_loss: 0
recommendation_loss: 1.4021042585372925, critic_loss: 0
recommendation_loss: 1.429196834564209, critic_loss: 0
recommendation_loss: 1.4661774635314941, critic_loss: 0
recommendation_loss: 1.4819777011871338, critic_loss: 0
recommendation_loss: 1.4092340469360352, critic_loss: 0
recommendation_loss: 1.4411777257919312, critic_loss: 0
recommendation_loss: 1.5108613967895508, critic_loss: 0
recommendation_loss: 1.4506187438964844, critic_loss: 0
recommendation_loss: 1.4038679599761963, critic_loss: 0
recommendation_loss: 1.475232720375061, critic_loss: 0
recommendation_loss: 1.502493977546692, critic_loss: 0
recommendation_loss: 1.33372962474823, critic_loss: 0
recommendation_loss: 1.4915179014205933, critic_loss: 0
recommendation_loss: 1.3729405403137207, critic_loss: 0
recommendation_loss: 1.4995235204696655, critic_loss: 0
recommendation_loss: 1.4529764652252197, critic_loss: 0
recommendation_loss: 1.4412040710449219, critic_loss: 0
recommendation_loss: 1.3856332302093506, critic_loss: 0
recommendation_loss: 1.514655590057373, critic_loss: 0
recommendation_loss: 1.424614667892456, critic_loss: 0
recommendation_loss: 1.4628705978393555, critic_loss: 0
recommendation_loss: 1.4098036289215088, critic_loss: 0
recommendation_loss: 1.4882912635803223, critic_loss: 0
recommendation_loss: 1.4352768659591675, critic_loss: 0
recommendation_loss: 1.456414818763733, critic_loss: 0
recommendation_loss: 1.5089969635009766, critic_loss: 0
recommendation_loss: 1.3771249055862427, critic_loss: 0
recommendation_loss: 1.3785337209701538, critic_loss: 0
recommendation_loss: 1.4850847721099854, critic_loss: 0
recommendation_loss: 1.3884706497192383, critic_loss: 0
recommendation_loss: 1.4620112180709839, critic_loss: 0
recommendation_loss: 1.45682692527771, critic_loss: 0
recommendation_loss: 1.3740205764770508, critic_loss: 0
recommendation_loss: 1.4210963249206543, critic_loss: 0
recommendation_loss: 1.446810007095337, critic_loss: 0
recommendation_loss: 1.5645073652267456, critic_loss: 0
recommendation_loss: 1.4144725799560547, critic_loss: 0
recommendation_loss: 1.4590013027191162, critic_loss: 0
recommendation_loss: 1.4669710397720337, critic_loss: 0
recommendation_loss: 1.45273756980896, critic_loss: 0
recommendation_loss: 1.4490149021148682, critic_loss: 0
recommendation_loss: 1.4350801706314087, critic_loss: 0
recommendation_loss: 1.4061741828918457, critic_loss: 0
recommendation_loss: 1.4953711032867432, critic_loss: 0
recommendation_loss: 1.4563639163970947, critic_loss: 0
recommendation_loss: 1.4831745624542236, critic_loss: 0
recommendation_loss: 1.4817228317260742, critic_loss: 0
recommendation_loss: 1.4871774911880493, critic_loss: 0
recommendation_loss: 1.4267923831939697, critic_loss: 0
recommendation_loss: 1.4711873531341553, critic_loss: 0
recommendation_loss: 1.445421576499939, critic_loss: 0
recommendation_loss: 1.5234752893447876, critic_loss: 0
recommendation_loss: 1.4963566064834595, critic_loss: 0
recommendation_loss: 1.4522855281829834, critic_loss: 0
recommendation_loss: 1.437821388244629, critic_loss: 0
recommendation_loss: 1.5206654071807861, critic_loss: 0
recommendation_loss: 1.4345407485961914, critic_loss: 0
recommendation_loss: 1.4309582710266113, critic_loss: 0
recommendation_loss: 1.496102213859558, critic_loss: 0
recommendation_loss: 1.467198133468628, critic_loss: 0
recommendation_loss: 1.408125400543213, critic_loss: 0
recommendation_loss: 1.4642844200134277, critic_loss: 0
recommendation_loss: 1.547469973564148, critic_loss: 0
recommendation_loss: 1.4814268350601196, critic_loss: 0
recommendation_loss: 1.421614408493042, critic_loss: 0
recommendation_loss: 1.4213539361953735, critic_loss: 0
recommendation_loss: 1.50312077999115, critic_loss: 0
recommendation_loss: 1.4461236000061035, critic_loss: 0
recommendation_loss: 1.5146543979644775, critic_loss: 0
recommendation_loss: 1.4899173974990845, critic_loss: 0
recommendation_loss: 1.4891124963760376, critic_loss: 0
recommendation_loss: 1.4558876752853394, critic_loss: 0
recommendation_loss: 1.4492039680480957, critic_loss: 0
recommendation_loss: 1.571475863456726, critic_loss: 0
recommendation_loss: 1.487258791923523, critic_loss: 0
recommendation_loss: 1.4621294736862183, critic_loss: 0
recommendation_loss: 1.5342001914978027, critic_loss: 0
recommendation_loss: 1.3934235572814941, critic_loss: 0
recommendation_loss: 1.4515022039413452, critic_loss: 0
recommendation_loss: 1.4260438680648804, critic_loss: 0
recommendation_loss: 1.4240856170654297, critic_loss: 0
recommendation_loss: 1.4476187229156494, critic_loss: 0
recommendation_loss: 1.4636402130126953, critic_loss: 0
recommendation_loss: 1.4710978269577026, critic_loss: 0
recommendation_loss: 1.4039784669876099, critic_loss: 0
recommendation_loss: 1.4739381074905396, critic_loss: 0
recommendation_loss: 1.4744024276733398, critic_loss: 0
recommendation_loss: 1.3636445999145508, critic_loss: 0
recommendation_loss: 1.5091500282287598, critic_loss: 0
recommendation_loss: 1.4421439170837402, critic_loss: 0
recommendation_loss: 1.449369192123413, critic_loss: 0
recommendation_loss: 1.5075652599334717, critic_loss: 0
recommendation_loss: 1.3450162410736084, critic_loss: 0
recommendation_loss: 1.402091383934021, critic_loss: 0
recommendation_loss: 1.4865962266921997, critic_loss: 0
recommendation_loss: 1.4211183786392212, critic_loss: 0
recommendation_loss: 1.3949289321899414, critic_loss: 0
recommendation_loss: 1.424132227897644, critic_loss: 0
recommendation_loss: 1.450229287147522, critic_loss: 0
recommendation_loss: 1.50298273563385, critic_loss: 0
recommendation_loss: 1.4551680088043213, critic_loss: 0
recommendation_loss: 1.492265224456787, critic_loss: 0
recommendation_loss: 1.4804366827011108, critic_loss: 0
recommendation_loss: 1.523825764656067, critic_loss: 0
recommendation_loss: 1.550196886062622, critic_loss: 0
recommendation_loss: 1.4891254901885986, critic_loss: 0
recommendation_loss: 1.5205605030059814, critic_loss: 0
recommendation_loss: 1.4453372955322266, critic_loss: 0
recommendation_loss: 1.4592353105545044, critic_loss: 0
recommendation_loss: 1.492568016052246, critic_loss: 0
recommendation_loss: 1.4170783758163452, critic_loss: 0
recommendation_loss: 1.5255019664764404, critic_loss: 0
recommendation_loss: 1.4665560722351074, critic_loss: 0
recommendation_loss: 1.4753241539001465, critic_loss: 0
recommendation_loss: 1.4271273612976074, critic_loss: 0
recommendation_loss: 1.487244963645935, critic_loss: 0
recommendation_loss: 1.4015579223632812, critic_loss: 0
recommendation_loss: 1.4455595016479492, critic_loss: 0
recommendation_loss: 1.4892568588256836, critic_loss: 0
recommendation_loss: 1.4794865846633911, critic_loss: 0
recommendation_loss: 1.5596652030944824, critic_loss: 0
recommendation_loss: 1.4180724620819092, critic_loss: 0
recommendation_loss: 1.4545515775680542, critic_loss: 0
recommendation_loss: 1.5566976070404053, critic_loss: 0
recommendation_loss: 1.501833200454712, critic_loss: 0
recommendation_loss: 1.5659805536270142, critic_loss: 0
recommendation_loss: 1.4859356880187988, critic_loss: 0
recommendation_loss: 1.4986400604248047, critic_loss: 0
recommendation_loss: 1.5260292291641235, critic_loss: 0
recommendation_loss: 1.5368032455444336, critic_loss: 0
recommendation_loss: 1.5344496965408325, critic_loss: 0
recommendation_loss: 1.4121673107147217, critic_loss: 0
recommendation_loss: 1.485669493675232, critic_loss: 0
recommendation_loss: 1.4220523834228516, critic_loss: 0
recommendation_loss: 1.4987839460372925, critic_loss: 0
recommendation_loss: 1.396765947341919, critic_loss: 0
recommendation_loss: 1.44899582862854, critic_loss: 0
recommendation_loss: 1.4123135805130005, critic_loss: 0
recommendation_loss: 1.442997694015503, critic_loss: 0
recommendation_loss: 1.4639426469802856, critic_loss: 0
recommendation_loss: 1.5013606548309326, critic_loss: 0
recommendation_loss: 1.5319830179214478, critic_loss: 0
recommendation_loss: 1.5116300582885742, critic_loss: 0
recommendation_loss: 1.4770528078079224, critic_loss: 0
recommendation_loss: 1.5528182983398438, critic_loss: 0
recommendation_loss: 1.436644196510315, critic_loss: 0
recommendation_loss: 1.5254642963409424, critic_loss: 0
recommendation_loss: 1.5075321197509766, critic_loss: 0
recommendation_loss: 1.4974032640457153, critic_loss: 0
recommendation_loss: 1.4743404388427734, critic_loss: 0
recommendation_loss: 1.4426343441009521, critic_loss: 0
recommendation_loss: 1.415595531463623, critic_loss: 0
recommendation_loss: 1.4225410223007202, critic_loss: 0
recommendation_loss: 1.3700048923492432, critic_loss: 0
recommendation_loss: 1.498026728630066, critic_loss: 0
recommendation_loss: 1.4016757011413574, critic_loss: 0
recommendation_loss: 1.420210838317871, critic_loss: 0
recommendation_loss: 1.443960428237915, critic_loss: 0
recommendation_loss: 1.4054899215698242, critic_loss: 0
recommendation_loss: 1.4536011219024658, critic_loss: 0
recommendation_loss: 1.515841007232666, critic_loss: 0
recommendation_loss: 1.4600107669830322, critic_loss: 0
recommendation_loss: 1.4890536069869995, critic_loss: 0
recommendation_loss: 1.4886237382888794, critic_loss: 0
recommendation_loss: 1.4083913564682007, critic_loss: 0
recommendation_loss: 1.470439076423645, critic_loss: 0
recommendation_loss: 1.4527643918991089, critic_loss: 0
recommendation_loss: 1.43169367313385, critic_loss: 0
recommendation_loss: 1.3660497665405273, critic_loss: 0
recommendation_loss: 1.4815900325775146, critic_loss: 0
recommendation_loss: 1.5113685131072998, critic_loss: 0
recommendation_loss: 1.4698266983032227, critic_loss: 0
recommendation_loss: 1.4879951477050781, critic_loss: 0
recommendation_loss: 1.4615169763565063, critic_loss: 0
recommendation_loss: 1.5199476480484009, critic_loss: 0
recommendation_loss: 1.5534647703170776, critic_loss: 0
recommendation_loss: 1.3529560565948486, critic_loss: 0
recommendation_loss: 1.4064873456954956, critic_loss: 0
recommendation_loss: 1.4427820444107056, critic_loss: 0
recommendation_loss: 1.4430396556854248, critic_loss: 0
recommendation_loss: 1.3634463548660278, critic_loss: 0
recommendation_loss: 1.4954144954681396, critic_loss: 0
recommendation_loss: 1.4440590143203735, critic_loss: 0
recommendation_loss: 1.5571235418319702, critic_loss: 0
recommendation_loss: 1.5059852600097656, critic_loss: 0
recommendation_loss: 1.514389157295227, critic_loss: 0
recommendation_loss: 1.4161404371261597, critic_loss: 0
recommendation_loss: 1.4757516384124756, critic_loss: 0
recommendation_loss: 1.433396577835083, critic_loss: 0
recommendation_loss: 1.4151825904846191, critic_loss: 0
recommendation_loss: 1.381080985069275, critic_loss: 0
recommendation_loss: 1.4776266813278198, critic_loss: 0
recommendation_loss: 1.6007957458496094, critic_loss: 0
recommendation_loss: 1.4642245769500732, critic_loss: 0
recommendation_loss: 1.4703885316848755, critic_loss: 0
recommendation_loss: 1.4039082527160645, critic_loss: 0
recommendation_loss: 1.489476203918457, critic_loss: 0
recommendation_loss: 1.4892700910568237, critic_loss: 0
recommendation_loss: 1.462178111076355, critic_loss: 0
recommendation_loss: 1.3666073083877563, critic_loss: 0
recommendation_loss: 1.3640098571777344, critic_loss: 0
recommendation_loss: 1.4386745691299438, critic_loss: 0
recommendation_loss: 1.43998384475708, critic_loss: 0
recommendation_loss: 1.437544584274292, critic_loss: 0
recommendation_loss: 1.522249460220337, critic_loss: 0
recommendation_loss: 1.404127836227417, critic_loss: 0
recommendation_loss: 1.4449779987335205, critic_loss: 0
recommendation_loss: 1.4707577228546143, critic_loss: 0
recommendation_loss: 1.5434417724609375, critic_loss: 0
recommendation_loss: 1.4273830652236938, critic_loss: 0
recommendation_loss: 1.4853943586349487, critic_loss: 0
recommendation_loss: 1.3561327457427979, critic_loss: 0
recommendation_loss: 1.4446148872375488, critic_loss: 0
recommendation_loss: 1.4109876155853271, critic_loss: 0
recommendation_loss: 1.4689840078353882, critic_loss: 0
recommendation_loss: 1.4704711437225342, critic_loss: 0
recommendation_loss: 1.5182170867919922, critic_loss: 0
recommendation_loss: 1.412940502166748, critic_loss: 0
recommendation_loss: 1.3857589960098267, critic_loss: 0
recommendation_loss: 1.4019347429275513, critic_loss: 0
recommendation_loss: 1.3807125091552734, critic_loss: 0
recommendation_loss: 1.4709755182266235, critic_loss: 0
recommendation_loss: 1.468549132347107, critic_loss: 0
recommendation_loss: 1.496405005455017, critic_loss: 0
recommendation_loss: 1.3877201080322266, critic_loss: 0
recommendation_loss: 1.4114575386047363, critic_loss: 0
recommendation_loss: 1.4822072982788086, critic_loss: 0
recommendation_loss: 1.4915714263916016, critic_loss: 0
recommendation_loss: 1.4366071224212646, critic_loss: 0
recommendation_loss: 1.4347416162490845, critic_loss: 0
recommendation_loss: 1.4807617664337158, critic_loss: 0
recommendation_loss: 1.4971559047698975, critic_loss: 0
recommendation_loss: 1.4709491729736328, critic_loss: 0
recommendation_loss: 1.4827618598937988, critic_loss: 0
recommendation_loss: 1.5403234958648682, critic_loss: 0
recommendation_loss: 1.335227608680725, critic_loss: 0
recommendation_loss: 1.5153894424438477, critic_loss: 0
recommendation_loss: 1.435882568359375, critic_loss: 0
recommendation_loss: 1.3862029314041138, critic_loss: 0
recommendation_loss: 1.512238621711731, critic_loss: 0
recommendation_loss: 1.4970182180404663, critic_loss: 0
recommendation_loss: 1.5082778930664062, critic_loss: 0
recommendation_loss: 1.4790294170379639, critic_loss: 0
2024-08-09 17:53:09.888672: step 2432/24320 (epoch 8/80), loss = 1.023027 (29.674 sec/epoch), lr: 0.003000
Evaluating on dev set...
...........................
source: 	 mrr: 0.011997	 ndcg_5: 0.0046	 ndcg_10: 0.0079	 hit@1:0.000724	 hit@5:0.0087	 hit@10: 0.0196
target: 	 mrr: 0.039715	 ndcg_5: 0.0305	 ndcg_10: 0.0403	 hit@1:0.013937	 hit@5:0.0474	 hit@10: 0.0780
epoch 8: train_loss = 1.023027, source_hit@10 = 0.0196, source_ndcg@10 = 0.0079, target_hit@10 = 0.0780, target_ndcg@10 = 0.0403

recommendation_loss: 1.414351463317871, critic_loss: 0
recommendation_loss: 1.3782415390014648, critic_loss: 0
recommendation_loss: 1.331467866897583, critic_loss: 0
recommendation_loss: 1.4138039350509644, critic_loss: 0
recommendation_loss: 1.4055982828140259, critic_loss: 0
recommendation_loss: 1.4777649641036987, critic_loss: 0
recommendation_loss: 1.4857211112976074, critic_loss: 0
recommendation_loss: 1.410243034362793, critic_loss: 0
recommendation_loss: 1.3584084510803223, critic_loss: 0
recommendation_loss: 1.3555940389633179, critic_loss: 0
recommendation_loss: 1.4477427005767822, critic_loss: 0
recommendation_loss: 1.3886706829071045, critic_loss: 0
recommendation_loss: 1.4774380922317505, critic_loss: 0
recommendation_loss: 1.4310952425003052, critic_loss: 0
recommendation_loss: 1.5333483219146729, critic_loss: 0
recommendation_loss: 1.3740017414093018, critic_loss: 0
recommendation_loss: 1.36540687084198, critic_loss: 0
recommendation_loss: 1.4574648141860962, critic_loss: 0
recommendation_loss: 1.443223476409912, critic_loss: 0
recommendation_loss: 1.4798064231872559, critic_loss: 0
recommendation_loss: 1.4721167087554932, critic_loss: 0
recommendation_loss: 1.43729567527771, critic_loss: 0
recommendation_loss: 1.481067180633545, critic_loss: 0
recommendation_loss: 1.467045545578003, critic_loss: 0
recommendation_loss: 1.4501535892486572, critic_loss: 0
recommendation_loss: 1.432946801185608, critic_loss: 0
recommendation_loss: 1.413149118423462, critic_loss: 0
recommendation_loss: 1.4251012802124023, critic_loss: 0
recommendation_loss: 1.407308578491211, critic_loss: 0
recommendation_loss: 1.506565809249878, critic_loss: 0
recommendation_loss: 1.420559287071228, critic_loss: 0
recommendation_loss: 1.429866075515747, critic_loss: 0
recommendation_loss: 1.5624511241912842, critic_loss: 0
recommendation_loss: 1.4325436353683472, critic_loss: 0
recommendation_loss: 1.3818191289901733, critic_loss: 0
recommendation_loss: 1.4274415969848633, critic_loss: 0
recommendation_loss: 1.4546021223068237, critic_loss: 0
recommendation_loss: 1.4713135957717896, critic_loss: 0
recommendation_loss: 1.4952142238616943, critic_loss: 0
recommendation_loss: 1.491502046585083, critic_loss: 0
recommendation_loss: 1.4187090396881104, critic_loss: 0
recommendation_loss: 1.4848917722702026, critic_loss: 0
recommendation_loss: 1.436847448348999, critic_loss: 0
recommendation_loss: 1.4522433280944824, critic_loss: 0
recommendation_loss: 1.4540683031082153, critic_loss: 0
recommendation_loss: 1.4359692335128784, critic_loss: 0
recommendation_loss: 1.4869298934936523, critic_loss: 0
recommendation_loss: 1.3862720727920532, critic_loss: 0
recommendation_loss: 1.465789556503296, critic_loss: 0
recommendation_loss: 1.441214919090271, critic_loss: 0
recommendation_loss: 1.4987664222717285, critic_loss: 0
recommendation_loss: 1.4657005071640015, critic_loss: 0
recommendation_loss: 1.5000181198120117, critic_loss: 0
recommendation_loss: 1.3995521068572998, critic_loss: 0
recommendation_loss: 1.4354252815246582, critic_loss: 0
recommendation_loss: 1.5037322044372559, critic_loss: 0
recommendation_loss: 1.4060041904449463, critic_loss: 0
recommendation_loss: 1.4789220094680786, critic_loss: 0
recommendation_loss: 1.4303165674209595, critic_loss: 0
recommendation_loss: 1.5096344947814941, critic_loss: 0
recommendation_loss: 1.4174540042877197, critic_loss: 0
recommendation_loss: 1.3980873823165894, critic_loss: 0
recommendation_loss: 1.4975521564483643, critic_loss: 0
recommendation_loss: 1.4378712177276611, critic_loss: 0
recommendation_loss: 1.513588547706604, critic_loss: 0
recommendation_loss: 1.4024512767791748, critic_loss: 0
recommendation_loss: 1.4171721935272217, critic_loss: 0
recommendation_loss: 1.449717402458191, critic_loss: 0
recommendation_loss: 1.4745991230010986, critic_loss: 0
recommendation_loss: 1.4298633337020874, critic_loss: 0
recommendation_loss: 1.3181172609329224, critic_loss: 0
recommendation_loss: 1.4364027976989746, critic_loss: 0
recommendation_loss: 1.4205749034881592, critic_loss: 0
recommendation_loss: 1.4061899185180664, critic_loss: 0
recommendation_loss: 1.4520800113677979, critic_loss: 0
recommendation_loss: 1.5259941816329956, critic_loss: 0
recommendation_loss: 1.3675668239593506, critic_loss: 0
recommendation_loss: 1.409003734588623, critic_loss: 0
recommendation_loss: 1.3936693668365479, critic_loss: 0
recommendation_loss: 1.4576228857040405, critic_loss: 0
recommendation_loss: 1.4258091449737549, critic_loss: 0
recommendation_loss: 1.3887953758239746, critic_loss: 0
recommendation_loss: 1.3610811233520508, critic_loss: 0
recommendation_loss: 1.444166660308838, critic_loss: 0
recommendation_loss: 1.4582295417785645, critic_loss: 0
recommendation_loss: 1.4455662965774536, critic_loss: 0
recommendation_loss: 1.4055460691452026, critic_loss: 0
recommendation_loss: 1.438171148300171, critic_loss: 0
recommendation_loss: 1.3644752502441406, critic_loss: 0
recommendation_loss: 1.430923342704773, critic_loss: 0
recommendation_loss: 1.3719571828842163, critic_loss: 0
recommendation_loss: 1.4369813203811646, critic_loss: 0
recommendation_loss: 1.4754917621612549, critic_loss: 0
recommendation_loss: 1.3201533555984497, critic_loss: 0
recommendation_loss: 1.3825583457946777, critic_loss: 0
recommendation_loss: 1.393844723701477, critic_loss: 0
recommendation_loss: 1.502368450164795, critic_loss: 0
recommendation_loss: 1.4260969161987305, critic_loss: 0
recommendation_loss: 1.4654844999313354, critic_loss: 0
recommendation_loss: 1.4314699172973633, critic_loss: 0
recommendation_loss: 1.4427050352096558, critic_loss: 0
recommendation_loss: 1.4106478691101074, critic_loss: 0
recommendation_loss: 1.5056102275848389, critic_loss: 0
recommendation_loss: 1.4400206804275513, critic_loss: 0
recommendation_loss: 1.4371020793914795, critic_loss: 0
recommendation_loss: 1.3780378103256226, critic_loss: 0
recommendation_loss: 1.4778923988342285, critic_loss: 0
recommendation_loss: 1.3155202865600586, critic_loss: 0
recommendation_loss: 1.3910422325134277, critic_loss: 0
recommendation_loss: 1.4132804870605469, critic_loss: 0
recommendation_loss: 1.5244688987731934, critic_loss: 0
recommendation_loss: 1.4323146343231201, critic_loss: 0
recommendation_loss: 1.476212501525879, critic_loss: 0
recommendation_loss: 1.4887250661849976, critic_loss: 0
recommendation_loss: 1.4674826860427856, critic_loss: 0
recommendation_loss: 1.4534684419631958, critic_loss: 0
recommendation_loss: 1.4755239486694336, critic_loss: 0
recommendation_loss: 1.552749752998352, critic_loss: 0
recommendation_loss: 1.3532133102416992, critic_loss: 0
recommendation_loss: 1.4566655158996582, critic_loss: 0
recommendation_loss: 1.3490808010101318, critic_loss: 0
recommendation_loss: 1.3412494659423828, critic_loss: 0
recommendation_loss: 1.491100788116455, critic_loss: 0
recommendation_loss: 1.494781255722046, critic_loss: 0
recommendation_loss: 1.3668311834335327, critic_loss: 0
recommendation_loss: 1.4204622507095337, critic_loss: 0
recommendation_loss: 1.389375925064087, critic_loss: 0
recommendation_loss: 1.400261402130127, critic_loss: 0
recommendation_loss: 1.400068998336792, critic_loss: 0
recommendation_loss: 1.5378016233444214, critic_loss: 0
recommendation_loss: 1.3798645734786987, critic_loss: 0
recommendation_loss: 1.4412232637405396, critic_loss: 0
recommendation_loss: 1.4186573028564453, critic_loss: 0
recommendation_loss: 1.487003207206726, critic_loss: 0
recommendation_loss: 1.488971471786499, critic_loss: 0
recommendation_loss: 1.4587091207504272, critic_loss: 0
recommendation_loss: 1.4315028190612793, critic_loss: 0
recommendation_loss: 1.4140506982803345, critic_loss: 0
recommendation_loss: 1.4190905094146729, critic_loss: 0
recommendation_loss: 1.4428253173828125, critic_loss: 0
recommendation_loss: 1.3622914552688599, critic_loss: 0
recommendation_loss: 1.3897309303283691, critic_loss: 0
recommendation_loss: 1.3592556715011597, critic_loss: 0
recommendation_loss: 1.385008692741394, critic_loss: 0
recommendation_loss: 1.4493263959884644, critic_loss: 0
recommendation_loss: 1.3973069190979004, critic_loss: 0
recommendation_loss: 1.459774374961853, critic_loss: 0
recommendation_loss: 1.4801545143127441, critic_loss: 0
recommendation_loss: 1.2904033660888672, critic_loss: 0
recommendation_loss: 1.4617334604263306, critic_loss: 0
recommendation_loss: 1.350690484046936, critic_loss: 0
recommendation_loss: 1.427852988243103, critic_loss: 0
recommendation_loss: 1.4688293933868408, critic_loss: 0
recommendation_loss: 1.3782427310943604, critic_loss: 0
recommendation_loss: 1.4358131885528564, critic_loss: 0
recommendation_loss: 1.4789855480194092, critic_loss: 0
recommendation_loss: 1.411999225616455, critic_loss: 0
recommendation_loss: 1.3394168615341187, critic_loss: 0
recommendation_loss: 1.4469318389892578, critic_loss: 0
recommendation_loss: 1.5345600843429565, critic_loss: 0
recommendation_loss: 1.379565715789795, critic_loss: 0
recommendation_loss: 1.3882718086242676, critic_loss: 0
recommendation_loss: 1.5080853700637817, critic_loss: 0
recommendation_loss: 1.3597691059112549, critic_loss: 0
recommendation_loss: 1.4226850271224976, critic_loss: 0
recommendation_loss: 1.408011794090271, critic_loss: 0
recommendation_loss: 1.4032783508300781, critic_loss: 0
recommendation_loss: 1.4992250204086304, critic_loss: 0
recommendation_loss: 1.4469032287597656, critic_loss: 0
recommendation_loss: 1.3816258907318115, critic_loss: 0
recommendation_loss: 1.4012295007705688, critic_loss: 0
recommendation_loss: 1.4163159132003784, critic_loss: 0
recommendation_loss: 1.4725024700164795, critic_loss: 0
recommendation_loss: 1.4988527297973633, critic_loss: 0
recommendation_loss: 1.446954369544983, critic_loss: 0
recommendation_loss: 1.3838448524475098, critic_loss: 0
recommendation_loss: 1.4693195819854736, critic_loss: 0
recommendation_loss: 1.3396415710449219, critic_loss: 0
recommendation_loss: 1.3993806838989258, critic_loss: 0
recommendation_loss: 1.3600536584854126, critic_loss: 0
recommendation_loss: 1.4309380054473877, critic_loss: 0
recommendation_loss: 1.4636123180389404, critic_loss: 0
recommendation_loss: 1.3499701023101807, critic_loss: 0
recommendation_loss: 1.4713196754455566, critic_loss: 0
recommendation_loss: 1.4313838481903076, critic_loss: 0
recommendation_loss: 1.485192060470581, critic_loss: 0
recommendation_loss: 1.5183830261230469, critic_loss: 0
recommendation_loss: 1.375717282295227, critic_loss: 0
recommendation_loss: 1.4120367765426636, critic_loss: 0
recommendation_loss: 1.4463791847229004, critic_loss: 0
recommendation_loss: 1.4174737930297852, critic_loss: 0
recommendation_loss: 1.4377262592315674, critic_loss: 0
recommendation_loss: 1.325191855430603, critic_loss: 0
recommendation_loss: 1.4533565044403076, critic_loss: 0
recommendation_loss: 1.4176771640777588, critic_loss: 0
recommendation_loss: 1.46311354637146, critic_loss: 0
recommendation_loss: 1.465137243270874, critic_loss: 0
recommendation_loss: 1.5078446865081787, critic_loss: 0
recommendation_loss: 1.4642298221588135, critic_loss: 0
recommendation_loss: 1.395308256149292, critic_loss: 0
recommendation_loss: 1.3790817260742188, critic_loss: 0
recommendation_loss: 1.4045082330703735, critic_loss: 0
recommendation_loss: 1.3978195190429688, critic_loss: 0
recommendation_loss: 1.4647701978683472, critic_loss: 0
recommendation_loss: 1.3807226419448853, critic_loss: 0
recommendation_loss: 1.450702428817749, critic_loss: 0
recommendation_loss: 1.4499626159667969, critic_loss: 0
recommendation_loss: 1.4262542724609375, critic_loss: 0
recommendation_loss: 1.4103175401687622, critic_loss: 0
recommendation_loss: 1.3890647888183594, critic_loss: 0
recommendation_loss: 1.4591515064239502, critic_loss: 0
recommendation_loss: 1.3796024322509766, critic_loss: 0
recommendation_loss: 1.4239919185638428, critic_loss: 0
recommendation_loss: 1.435866117477417, critic_loss: 0
recommendation_loss: 1.4189304113388062, critic_loss: 0
recommendation_loss: 1.5289958715438843, critic_loss: 0
recommendation_loss: 1.3695937395095825, critic_loss: 0
recommendation_loss: 1.396353006362915, critic_loss: 0
recommendation_loss: 1.3758610486984253, critic_loss: 0
recommendation_loss: 1.36769700050354, critic_loss: 0
recommendation_loss: 1.427109956741333, critic_loss: 0
recommendation_loss: 1.3969504833221436, critic_loss: 0
recommendation_loss: 1.4559359550476074, critic_loss: 0
recommendation_loss: 1.448414921760559, critic_loss: 0
recommendation_loss: 1.4673893451690674, critic_loss: 0
recommendation_loss: 1.4199808835983276, critic_loss: 0
recommendation_loss: 1.4420740604400635, critic_loss: 0
recommendation_loss: 1.426218032836914, critic_loss: 0
recommendation_loss: 1.536286473274231, critic_loss: 0
recommendation_loss: 1.3931918144226074, critic_loss: 0
recommendation_loss: 1.460701584815979, critic_loss: 0
recommendation_loss: 1.520760416984558, critic_loss: 0
recommendation_loss: 1.3692229986190796, critic_loss: 0
recommendation_loss: 1.4351943731307983, critic_loss: 0
recommendation_loss: 1.4447568655014038, critic_loss: 0
recommendation_loss: 1.5606515407562256, critic_loss: 0
recommendation_loss: 1.4655746221542358, critic_loss: 0
recommendation_loss: 1.4323381185531616, critic_loss: 0
recommendation_loss: 1.3643519878387451, critic_loss: 0
recommendation_loss: 1.3705947399139404, critic_loss: 0
recommendation_loss: 1.3634006977081299, critic_loss: 0
recommendation_loss: 1.3943533897399902, critic_loss: 0
recommendation_loss: 1.4799115657806396, critic_loss: 0
recommendation_loss: 1.5145481824874878, critic_loss: 0
recommendation_loss: 1.475385308265686, critic_loss: 0
recommendation_loss: 1.4589112997055054, critic_loss: 0
recommendation_loss: 1.552104115486145, critic_loss: 0
recommendation_loss: 1.2810096740722656, critic_loss: 0
recommendation_loss: 1.4045765399932861, critic_loss: 0
recommendation_loss: 1.4809671640396118, critic_loss: 0
recommendation_loss: 1.5026602745056152, critic_loss: 0
recommendation_loss: 1.410732388496399, critic_loss: 0
recommendation_loss: 1.4672294855117798, critic_loss: 0
recommendation_loss: 1.4371893405914307, critic_loss: 0
recommendation_loss: 1.4257208108901978, critic_loss: 0
recommendation_loss: 1.3884899616241455, critic_loss: 0
recommendation_loss: 1.4062565565109253, critic_loss: 0
recommendation_loss: 1.4094343185424805, critic_loss: 0
recommendation_loss: 1.492936372756958, critic_loss: 0
recommendation_loss: 1.4257142543792725, critic_loss: 0
recommendation_loss: 1.419805884361267, critic_loss: 0
recommendation_loss: 1.389804720878601, critic_loss: 0
recommendation_loss: 1.46895170211792, critic_loss: 0
recommendation_loss: 1.4282214641571045, critic_loss: 0
recommendation_loss: 1.4271116256713867, critic_loss: 0
recommendation_loss: 1.3777101039886475, critic_loss: 0
recommendation_loss: 1.4181673526763916, critic_loss: 0
recommendation_loss: 1.3140017986297607, critic_loss: 0
recommendation_loss: 1.5150489807128906, critic_loss: 0
recommendation_loss: 1.4108943939208984, critic_loss: 0
recommendation_loss: 1.3830723762512207, critic_loss: 0
recommendation_loss: 1.4203026294708252, critic_loss: 0
recommendation_loss: 1.4687929153442383, critic_loss: 0
recommendation_loss: 1.446628451347351, critic_loss: 0
recommendation_loss: 1.3801710605621338, critic_loss: 0
recommendation_loss: 1.3981772661209106, critic_loss: 0
recommendation_loss: 1.446414828300476, critic_loss: 0
recommendation_loss: 1.4586424827575684, critic_loss: 0
recommendation_loss: 1.30910325050354, critic_loss: 0
recommendation_loss: 1.4211616516113281, critic_loss: 0
recommendation_loss: 1.4323277473449707, critic_loss: 0
recommendation_loss: 1.3144159317016602, critic_loss: 0
recommendation_loss: 1.4505281448364258, critic_loss: 0
recommendation_loss: 1.4943091869354248, critic_loss: 0
recommendation_loss: 1.4246875047683716, critic_loss: 0
recommendation_loss: 1.4075355529785156, critic_loss: 0
recommendation_loss: 1.392511248588562, critic_loss: 0
recommendation_loss: 1.3999358415603638, critic_loss: 0
recommendation_loss: 1.433896541595459, critic_loss: 0
recommendation_loss: 1.470174789428711, critic_loss: 0
recommendation_loss: 1.4250823259353638, critic_loss: 0
recommendation_loss: 1.3727455139160156, critic_loss: 0
recommendation_loss: 1.462427020072937, critic_loss: 0
recommendation_loss: 1.4360331296920776, critic_loss: 0
recommendation_loss: 1.4435306787490845, critic_loss: 0
recommendation_loss: 1.3078467845916748, critic_loss: 0
recommendation_loss: 1.4302303791046143, critic_loss: 0
recommendation_loss: 1.4639250040054321, critic_loss: 0
recommendation_loss: 1.4284191131591797, critic_loss: 0
recommendation_loss: 1.416862964630127, critic_loss: 0
recommendation_loss: 1.4552279710769653, critic_loss: 0
recommendation_loss: 1.4238431453704834, critic_loss: 0
recommendation_loss: 1.417546033859253, critic_loss: 0
recommendation_loss: 1.379945993423462, critic_loss: 0
2024-08-09 17:53:40.318167: step 2736/24320 (epoch 9/80), loss = 1.001118 (30.090 sec/epoch), lr: 0.003000
Evaluating on dev set...
...........................
source: 	 mrr: 0.019515	 ndcg_5: 0.0102	 ndcg_10: 0.0148	 hit@1:0.002896	 hit@5:0.0167	 hit@10: 0.0304
target: 	 mrr: 0.046852	 ndcg_5: 0.0359	 ndcg_10: 0.0497	 hit@1:0.016028	 hit@5:0.0557	 hit@10: 0.0983
target best!
..............target: 	 mrr: 0.045898	 ndcg_5: 0.0359	 ndcg_10: 0.0464	 hit@1:0.017147	 hit@5:0.0556	 hit@10: 0.0885
epoch 9: train_loss = 1.001118, source_hit@10 = 0.0304, source_ndcg@10 = 0.0148, target_hit@10 = 0.0885, target_ndcg@10 = 0.0464
new best model saved.

recommendation_loss: 1.408696174621582, critic_loss: 0
recommendation_loss: 1.4198205471038818, critic_loss: 0
recommendation_loss: 1.3979945182800293, critic_loss: 0
recommendation_loss: 1.3903844356536865, critic_loss: 0
recommendation_loss: 1.5148272514343262, critic_loss: 0
recommendation_loss: 1.4502153396606445, critic_loss: 0
recommendation_loss: 1.4293593168258667, critic_loss: 0
recommendation_loss: 1.386082410812378, critic_loss: 0
recommendation_loss: 1.436394453048706, critic_loss: 0
recommendation_loss: 1.3660576343536377, critic_loss: 0
recommendation_loss: 1.4033713340759277, critic_loss: 0
recommendation_loss: 1.3671565055847168, critic_loss: 0
recommendation_loss: 1.4608371257781982, critic_loss: 0
recommendation_loss: 1.3818241357803345, critic_loss: 0
recommendation_loss: 1.4436612129211426, critic_loss: 0
recommendation_loss: 1.3869242668151855, critic_loss: 0
recommendation_loss: 1.4329991340637207, critic_loss: 0
recommendation_loss: 1.453176498413086, critic_loss: 0
recommendation_loss: 1.4086586236953735, critic_loss: 0
recommendation_loss: 1.4142062664031982, critic_loss: 0
recommendation_loss: 1.3591911792755127, critic_loss: 0
recommendation_loss: 1.417973518371582, critic_loss: 0
recommendation_loss: 1.3951066732406616, critic_loss: 0
recommendation_loss: 1.4785816669464111, critic_loss: 0
recommendation_loss: 1.5104424953460693, critic_loss: 0
recommendation_loss: 1.3940390348434448, critic_loss: 0
recommendation_loss: 1.3730943202972412, critic_loss: 0
recommendation_loss: 1.3563076257705688, critic_loss: 0
recommendation_loss: 1.3260447978973389, critic_loss: 0
recommendation_loss: 1.478205919265747, critic_loss: 0
recommendation_loss: 1.52205491065979, critic_loss: 0
recommendation_loss: 1.3653029203414917, critic_loss: 0
recommendation_loss: 1.514963984489441, critic_loss: 0
recommendation_loss: 1.4120988845825195, critic_loss: 0
recommendation_loss: 1.3123232126235962, critic_loss: 0
recommendation_loss: 1.4232298135757446, critic_loss: 0
recommendation_loss: 1.4033467769622803, critic_loss: 0
recommendation_loss: 1.3539767265319824, critic_loss: 0
recommendation_loss: 1.45033860206604, critic_loss: 0
recommendation_loss: 1.4321959018707275, critic_loss: 0
recommendation_loss: 1.3963568210601807, critic_loss: 0
recommendation_loss: 1.4435369968414307, critic_loss: 0
recommendation_loss: 1.413090705871582, critic_loss: 0
recommendation_loss: 1.3960151672363281, critic_loss: 0
recommendation_loss: 1.4105632305145264, critic_loss: 0
recommendation_loss: 1.4542087316513062, critic_loss: 0
recommendation_loss: 1.3779417276382446, critic_loss: 0
recommendation_loss: 1.4957046508789062, critic_loss: 0
recommendation_loss: 1.3989769220352173, critic_loss: 0
recommendation_loss: 1.4927318096160889, critic_loss: 0
recommendation_loss: 1.3756811618804932, critic_loss: 0
recommendation_loss: 1.3262065649032593, critic_loss: 0
recommendation_loss: 1.4000450372695923, critic_loss: 0
recommendation_loss: 1.3195197582244873, critic_loss: 0
recommendation_loss: 1.4095122814178467, critic_loss: 0
recommendation_loss: 1.4117673635482788, critic_loss: 0
recommendation_loss: 1.4484927654266357, critic_loss: 0
recommendation_loss: 1.3531954288482666, critic_loss: 0
recommendation_loss: 1.339217185974121, critic_loss: 0
recommendation_loss: 1.4302749633789062, critic_loss: 0
recommendation_loss: 1.4437741041183472, critic_loss: 0
recommendation_loss: 1.50423264503479, critic_loss: 0
recommendation_loss: 1.4776701927185059, critic_loss: 0
recommendation_loss: 1.3596240282058716, critic_loss: 0
recommendation_loss: 1.456160068511963, critic_loss: 0
recommendation_loss: 1.4275100231170654, critic_loss: 0
recommendation_loss: 1.3045132160186768, critic_loss: 0
recommendation_loss: 1.4075214862823486, critic_loss: 0
recommendation_loss: 1.3334877490997314, critic_loss: 0
recommendation_loss: 1.354580044746399, critic_loss: 0
recommendation_loss: 1.323062777519226, critic_loss: 0
recommendation_loss: 1.4624532461166382, critic_loss: 0
recommendation_loss: 1.4295212030410767, critic_loss: 0
recommendation_loss: 1.4265118837356567, critic_loss: 0
recommendation_loss: 1.465940237045288, critic_loss: 0
recommendation_loss: 1.490408182144165, critic_loss: 0
recommendation_loss: 1.4151006937026978, critic_loss: 0
recommendation_loss: 1.3717443943023682, critic_loss: 0
recommendation_loss: 1.331299066543579, critic_loss: 0
recommendation_loss: 1.415480613708496, critic_loss: 0
recommendation_loss: 1.5248184204101562, critic_loss: 0
recommendation_loss: 1.3547297716140747, critic_loss: 0
recommendation_loss: 1.3462704420089722, critic_loss: 0
recommendation_loss: 1.4311702251434326, critic_loss: 0
recommendation_loss: 1.40940260887146, critic_loss: 0
recommendation_loss: 1.3641594648361206, critic_loss: 0
recommendation_loss: 1.4543366432189941, critic_loss: 0
recommendation_loss: 1.373836874961853, critic_loss: 0
recommendation_loss: 1.373508095741272, critic_loss: 0
recommendation_loss: 1.3924531936645508, critic_loss: 0
recommendation_loss: 1.3314886093139648, critic_loss: 0
recommendation_loss: 1.384469747543335, critic_loss: 0
recommendation_loss: 1.4608266353607178, critic_loss: 0
recommendation_loss: 1.3618083000183105, critic_loss: 0
recommendation_loss: 1.337284803390503, critic_loss: 0
recommendation_loss: 1.3909388780593872, critic_loss: 0
recommendation_loss: 1.4539477825164795, critic_loss: 0
recommendation_loss: 1.3655757904052734, critic_loss: 0
recommendation_loss: 1.3568803071975708, critic_loss: 0
recommendation_loss: 1.4374538660049438, critic_loss: 0
recommendation_loss: 1.3545184135437012, critic_loss: 0
recommendation_loss: 1.4208515882492065, critic_loss: 0
recommendation_loss: 1.3489410877227783, critic_loss: 0
recommendation_loss: 1.28138267993927, critic_loss: 0
recommendation_loss: 1.3401604890823364, critic_loss: 0
recommendation_loss: 1.4302153587341309, critic_loss: 0
recommendation_loss: 1.5071604251861572, critic_loss: 0
recommendation_loss: 1.3486603498458862, critic_loss: 0
recommendation_loss: 1.4387788772583008, critic_loss: 0
recommendation_loss: 1.3347173929214478, critic_loss: 0
recommendation_loss: 1.3800334930419922, critic_loss: 0
recommendation_loss: 1.5089280605316162, critic_loss: 0
recommendation_loss: 1.4433155059814453, critic_loss: 0
recommendation_loss: 1.3977766036987305, critic_loss: 0
recommendation_loss: 1.416704773902893, critic_loss: 0
recommendation_loss: 1.3868993520736694, critic_loss: 0
recommendation_loss: 1.3693742752075195, critic_loss: 0
recommendation_loss: 1.411191463470459, critic_loss: 0
recommendation_loss: 1.349147081375122, critic_loss: 0
recommendation_loss: 1.4388455152511597, critic_loss: 0
recommendation_loss: 1.353912115097046, critic_loss: 0
recommendation_loss: 1.398362398147583, critic_loss: 0
recommendation_loss: 1.3718898296356201, critic_loss: 0
recommendation_loss: 1.4569131135940552, critic_loss: 0
recommendation_loss: 1.3871839046478271, critic_loss: 0
recommendation_loss: 1.4284871816635132, critic_loss: 0
recommendation_loss: 1.3168518543243408, critic_loss: 0
recommendation_loss: 1.4491651058197021, critic_loss: 0
recommendation_loss: 1.4791443347930908, critic_loss: 0
recommendation_loss: 1.4023182392120361, critic_loss: 0
recommendation_loss: 1.4249341487884521, critic_loss: 0
recommendation_loss: 1.446589708328247, critic_loss: 0
recommendation_loss: 1.3958688974380493, critic_loss: 0
recommendation_loss: 1.4788322448730469, critic_loss: 0
recommendation_loss: 1.4978768825531006, critic_loss: 0
recommendation_loss: 1.4560086727142334, critic_loss: 0
recommendation_loss: 1.396226406097412, critic_loss: 0
recommendation_loss: 1.441779375076294, critic_loss: 0
recommendation_loss: 1.3636071681976318, critic_loss: 0
recommendation_loss: 1.4069597721099854, critic_loss: 0
recommendation_loss: 1.4279807806015015, critic_loss: 0
recommendation_loss: 1.3456013202667236, critic_loss: 0
recommendation_loss: 1.3962273597717285, critic_loss: 0
recommendation_loss: 1.3670364618301392, critic_loss: 0
recommendation_loss: 1.4681923389434814, critic_loss: 0
recommendation_loss: 1.3706624507904053, critic_loss: 0
recommendation_loss: 1.4637877941131592, critic_loss: 0
recommendation_loss: 1.3797705173492432, critic_loss: 0
recommendation_loss: 1.364569902420044, critic_loss: 0
recommendation_loss: 1.427480697631836, critic_loss: 0
recommendation_loss: 1.3632769584655762, critic_loss: 0
recommendation_loss: 1.4891469478607178, critic_loss: 0
recommendation_loss: 1.4899985790252686, critic_loss: 0
recommendation_loss: 1.3685497045516968, critic_loss: 0
recommendation_loss: 1.3085055351257324, critic_loss: 0
recommendation_loss: 1.449777603149414, critic_loss: 0
recommendation_loss: 1.4123425483703613, critic_loss: 0
recommendation_loss: 1.359054684638977, critic_loss: 0
recommendation_loss: 1.4301812648773193, critic_loss: 0
recommendation_loss: 1.3986408710479736, critic_loss: 0
recommendation_loss: 1.4474023580551147, critic_loss: 0
recommendation_loss: 1.3101688623428345, critic_loss: 0
recommendation_loss: 1.4550509452819824, critic_loss: 0
recommendation_loss: 1.351568579673767, critic_loss: 0
recommendation_loss: 1.4372764825820923, critic_loss: 0
recommendation_loss: 1.405297040939331, critic_loss: 0
recommendation_loss: 1.3053768873214722, critic_loss: 0
recommendation_loss: 1.3472530841827393, critic_loss: 0
recommendation_loss: 1.4061360359191895, critic_loss: 0
recommendation_loss: 1.3048416376113892, critic_loss: 0
recommendation_loss: 1.3235491514205933, critic_loss: 0
recommendation_loss: 1.4353654384613037, critic_loss: 0
recommendation_loss: 1.3368961811065674, critic_loss: 0
recommendation_loss: 1.4030084609985352, critic_loss: 0
recommendation_loss: 1.4707276821136475, critic_loss: 0
recommendation_loss: 1.3063595294952393, critic_loss: 0
recommendation_loss: 1.3552912473678589, critic_loss: 0
recommendation_loss: 1.3347485065460205, critic_loss: 0
recommendation_loss: 1.4052457809448242, critic_loss: 0
recommendation_loss: 1.3943524360656738, critic_loss: 0
recommendation_loss: 1.4097802639007568, critic_loss: 0
recommendation_loss: 1.390970230102539, critic_loss: 0
recommendation_loss: 1.3469125032424927, critic_loss: 0
recommendation_loss: 1.3767082691192627, critic_loss: 0
recommendation_loss: 1.4863204956054688, critic_loss: 0
recommendation_loss: 1.436267614364624, critic_loss: 0
recommendation_loss: 1.4655508995056152, critic_loss: 0
recommendation_loss: 1.3418350219726562, critic_loss: 0
recommendation_loss: 1.46267831325531, critic_loss: 0
recommendation_loss: 1.4467179775238037, critic_loss: 0
recommendation_loss: 1.3825386762619019, critic_loss: 0
recommendation_loss: 1.4734036922454834, critic_loss: 0
recommendation_loss: 1.31925630569458, critic_loss: 0
recommendation_loss: 1.4432761669158936, critic_loss: 0
recommendation_loss: 1.383980631828308, critic_loss: 0
recommendation_loss: 1.461357831954956, critic_loss: 0
recommendation_loss: 1.4470847845077515, critic_loss: 0
recommendation_loss: 1.358102798461914, critic_loss: 0
recommendation_loss: 1.390944004058838, critic_loss: 0
recommendation_loss: 1.3530025482177734, critic_loss: 0
recommendation_loss: 1.4234411716461182, critic_loss: 0
recommendation_loss: 1.408864140510559, critic_loss: 0
recommendation_loss: 1.384004831314087, critic_loss: 0
recommendation_loss: 1.3876270055770874, critic_loss: 0
recommendation_loss: 1.3505762815475464, critic_loss: 0
recommendation_loss: 1.3962936401367188, critic_loss: 0
recommendation_loss: 1.516762137413025, critic_loss: 0
recommendation_loss: 1.4398895502090454, critic_loss: 0
recommendation_loss: 1.3614908456802368, critic_loss: 0
recommendation_loss: 1.3548502922058105, critic_loss: 0
recommendation_loss: 1.2867295742034912, critic_loss: 0
recommendation_loss: 1.3428113460540771, critic_loss: 0
recommendation_loss: 1.3147642612457275, critic_loss: 0
recommendation_loss: 1.3006513118743896, critic_loss: 0
recommendation_loss: 1.383315086364746, critic_loss: 0
recommendation_loss: 1.3882641792297363, critic_loss: 0
recommendation_loss: 1.402276635169983, critic_loss: 0
recommendation_loss: 1.3750016689300537, critic_loss: 0
recommendation_loss: 1.4367005825042725, critic_loss: 0
recommendation_loss: 1.3965680599212646, critic_loss: 0
recommendation_loss: 1.4007718563079834, critic_loss: 0
recommendation_loss: 1.3524997234344482, critic_loss: 0
recommendation_loss: 1.4354888200759888, critic_loss: 0
recommendation_loss: 1.3979002237319946, critic_loss: 0
recommendation_loss: 1.4770017862319946, critic_loss: 0
recommendation_loss: 1.4408546686172485, critic_loss: 0
recommendation_loss: 1.41239595413208, critic_loss: 0
recommendation_loss: 1.396978735923767, critic_loss: 0
recommendation_loss: 1.3969136476516724, critic_loss: 0
recommendation_loss: 1.3960151672363281, critic_loss: 0
recommendation_loss: 1.388725757598877, critic_loss: 0
recommendation_loss: 1.5124309062957764, critic_loss: 0
recommendation_loss: 1.388272762298584, critic_loss: 0
recommendation_loss: 1.451718807220459, critic_loss: 0
recommendation_loss: 1.4156540632247925, critic_loss: 0
recommendation_loss: 1.4218394756317139, critic_loss: 0
recommendation_loss: 1.3847905397415161, critic_loss: 0
recommendation_loss: 1.412341594696045, critic_loss: 0
recommendation_loss: 1.3219819068908691, critic_loss: 0
recommendation_loss: 1.3345153331756592, critic_loss: 0
recommendation_loss: 1.3860194683074951, critic_loss: 0
recommendation_loss: 1.3435914516448975, critic_loss: 0
recommendation_loss: 1.3754938840866089, critic_loss: 0
recommendation_loss: 1.3630180358886719, critic_loss: 0
recommendation_loss: 1.4002867937088013, critic_loss: 0
recommendation_loss: 1.4543964862823486, critic_loss: 0
recommendation_loss: 1.4610097408294678, critic_loss: 0
recommendation_loss: 1.400909662246704, critic_loss: 0
recommendation_loss: 1.3634625673294067, critic_loss: 0
recommendation_loss: 1.5048145055770874, critic_loss: 0
recommendation_loss: 1.4536898136138916, critic_loss: 0
recommendation_loss: 1.337939739227295, critic_loss: 0
recommendation_loss: 1.4350916147232056, critic_loss: 0
recommendation_loss: 1.4046776294708252, critic_loss: 0
recommendation_loss: 1.4379783868789673, critic_loss: 0
recommendation_loss: 1.3162953853607178, critic_loss: 0
recommendation_loss: 1.4086556434631348, critic_loss: 0
recommendation_loss: 1.4258060455322266, critic_loss: 0
recommendation_loss: 1.344015121459961, critic_loss: 0
recommendation_loss: 1.3984789848327637, critic_loss: 0
recommendation_loss: 1.367142677307129, critic_loss: 0
recommendation_loss: 1.3557369709014893, critic_loss: 0
recommendation_loss: 1.401224136352539, critic_loss: 0
recommendation_loss: 1.3420777320861816, critic_loss: 0
recommendation_loss: 1.3733432292938232, critic_loss: 0
recommendation_loss: 1.443926453590393, critic_loss: 0
recommendation_loss: 1.3498554229736328, critic_loss: 0
recommendation_loss: 1.354386329650879, critic_loss: 0
recommendation_loss: 1.4084076881408691, critic_loss: 0
recommendation_loss: 1.4075074195861816, critic_loss: 0
recommendation_loss: 1.3060365915298462, critic_loss: 0
recommendation_loss: 1.4454833269119263, critic_loss: 0
recommendation_loss: 1.3223516941070557, critic_loss: 0
recommendation_loss: 1.424647569656372, critic_loss: 0
recommendation_loss: 1.313167929649353, critic_loss: 0
recommendation_loss: 1.374576210975647, critic_loss: 0
recommendation_loss: 1.3947081565856934, critic_loss: 0
recommendation_loss: 1.3545482158660889, critic_loss: 0
recommendation_loss: 1.3242257833480835, critic_loss: 0
recommendation_loss: 1.4058542251586914, critic_loss: 0
recommendation_loss: 1.309410572052002, critic_loss: 0
recommendation_loss: 1.4488579034805298, critic_loss: 0
recommendation_loss: 1.4672927856445312, critic_loss: 0
recommendation_loss: 1.3853302001953125, critic_loss: 0
recommendation_loss: 1.4295889139175415, critic_loss: 0
recommendation_loss: 1.3529636859893799, critic_loss: 0
recommendation_loss: 1.4647998809814453, critic_loss: 0
recommendation_loss: 1.431061029434204, critic_loss: 0
recommendation_loss: 1.4575148820877075, critic_loss: 0
recommendation_loss: 1.3979086875915527, critic_loss: 0
recommendation_loss: 1.3697443008422852, critic_loss: 0
recommendation_loss: 1.3961520195007324, critic_loss: 0
recommendation_loss: 1.4540525674819946, critic_loss: 0
recommendation_loss: 1.4048831462860107, critic_loss: 0
recommendation_loss: 1.388583779335022, critic_loss: 0
recommendation_loss: 1.4010833501815796, critic_loss: 0
recommendation_loss: 1.4136123657226562, critic_loss: 0
recommendation_loss: 1.389256238937378, critic_loss: 0
recommendation_loss: 1.4045381546020508, critic_loss: 0
recommendation_loss: 1.3506982326507568, critic_loss: 0
recommendation_loss: 1.4150722026824951, critic_loss: 0
recommendation_loss: 1.4270908832550049, critic_loss: 0
recommendation_loss: 1.3697073459625244, critic_loss: 0
recommendation_loss: 1.4072790145874023, critic_loss: 0
2024-08-09 17:54:11.552640: step 3040/24320 (epoch 10/80), loss = 0.980681 (30.592 sec/epoch), lr: 0.003000
Evaluating on dev set...
...........................
source: 	 mrr: 0.039427	 ndcg_5: 0.0279	 ndcg_10: 0.0387	 hit@1:0.013034	 hit@5:0.0434	 hit@10: 0.0768
target: 	 mrr: 0.041087	 ndcg_5: 0.0324	 ndcg_10: 0.0432	 hit@1:0.012544	 hit@5:0.0530	 hit@10: 0.0864
source best!
.............
source: 	 mrr: 0.041077	 ndcg_5: 0.0322	 ndcg_10: 0.0408	 hit@1:0.011503	 hit@5:0.0514	 hit@10: 0.0782
epoch 10: train_loss = 0.980681, source_hit@10 = 0.0782, source_ndcg@10 = 0.0408, target_hit@10 = 0.0864, target_ndcg@10 = 0.0432
new best model saved.

recommendation_loss: 1.3455737829208374, critic_loss: 0
recommendation_loss: 1.3907129764556885, critic_loss: 0
recommendation_loss: 1.3526191711425781, critic_loss: 0
recommendation_loss: 1.336599588394165, critic_loss: 0
recommendation_loss: 1.4128421545028687, critic_loss: 0
recommendation_loss: 1.4172922372817993, critic_loss: 0
recommendation_loss: 1.4516668319702148, critic_loss: 0
recommendation_loss: 1.4289214611053467, critic_loss: 0
recommendation_loss: 1.3250939846038818, critic_loss: 0
recommendation_loss: 1.320283055305481, critic_loss: 0
recommendation_loss: 1.4099258184432983, critic_loss: 0
recommendation_loss: 1.3719147443771362, critic_loss: 0
recommendation_loss: 1.38248872756958, critic_loss: 0
recommendation_loss: 1.4040169715881348, critic_loss: 0
recommendation_loss: 1.4590575695037842, critic_loss: 0
recommendation_loss: 1.3688777685165405, critic_loss: 0
recommendation_loss: 1.3941274881362915, critic_loss: 0
recommendation_loss: 1.3705089092254639, critic_loss: 0
recommendation_loss: 1.3337185382843018, critic_loss: 0
recommendation_loss: 1.3288483619689941, critic_loss: 0
recommendation_loss: 1.3663475513458252, critic_loss: 0
recommendation_loss: 1.35368013381958, critic_loss: 0
recommendation_loss: 1.4004725217819214, critic_loss: 0
recommendation_loss: 1.3512654304504395, critic_loss: 0
recommendation_loss: 1.4775941371917725, critic_loss: 0
recommendation_loss: 1.3233137130737305, critic_loss: 0
recommendation_loss: 1.2668222188949585, critic_loss: 0
recommendation_loss: 1.4196127653121948, critic_loss: 0
recommendation_loss: 1.401559829711914, critic_loss: 0
recommendation_loss: 1.3697376251220703, critic_loss: 0
recommendation_loss: 1.4761887788772583, critic_loss: 0
recommendation_loss: 1.3735562562942505, critic_loss: 0
recommendation_loss: 1.4188182353973389, critic_loss: 0
recommendation_loss: 1.419196367263794, critic_loss: 0
recommendation_loss: 1.3818786144256592, critic_loss: 0
recommendation_loss: 1.4049805402755737, critic_loss: 0
recommendation_loss: 1.447417974472046, critic_loss: 0
recommendation_loss: 1.4234347343444824, critic_loss: 0
recommendation_loss: 1.3980517387390137, critic_loss: 0
recommendation_loss: 1.3413448333740234, critic_loss: 0
recommendation_loss: 1.3718172311782837, critic_loss: 0
recommendation_loss: 1.4324884414672852, critic_loss: 0
recommendation_loss: 1.383743166923523, critic_loss: 0
recommendation_loss: 1.3391107320785522, critic_loss: 0
recommendation_loss: 1.3981249332427979, critic_loss: 0
recommendation_loss: 1.415810227394104, critic_loss: 0
recommendation_loss: 1.4152461290359497, critic_loss: 0
recommendation_loss: 1.3799734115600586, critic_loss: 0
recommendation_loss: 1.3955698013305664, critic_loss: 0
recommendation_loss: 1.3558050394058228, critic_loss: 0
recommendation_loss: 1.3287304639816284, critic_loss: 0
recommendation_loss: 1.3880929946899414, critic_loss: 0
recommendation_loss: 1.3583197593688965, critic_loss: 0
recommendation_loss: 1.400970697402954, critic_loss: 0
recommendation_loss: 1.4060677289962769, critic_loss: 0
recommendation_loss: 1.4299430847167969, critic_loss: 0
recommendation_loss: 1.3801417350769043, critic_loss: 0
recommendation_loss: 1.3807522058486938, critic_loss: 0
recommendation_loss: 1.3089008331298828, critic_loss: 0
recommendation_loss: 1.3774147033691406, critic_loss: 0
recommendation_loss: 1.4579663276672363, critic_loss: 0
recommendation_loss: 1.3991020917892456, critic_loss: 0
recommendation_loss: 1.4389749765396118, critic_loss: 0
recommendation_loss: 1.3667961359024048, critic_loss: 0
recommendation_loss: 1.3939294815063477, critic_loss: 0
recommendation_loss: 1.4266986846923828, critic_loss: 0
recommendation_loss: 1.4223297834396362, critic_loss: 0
recommendation_loss: 1.369983196258545, critic_loss: 0
recommendation_loss: 1.4226882457733154, critic_loss: 0
recommendation_loss: 1.342297077178955, critic_loss: 0
recommendation_loss: 1.3163337707519531, critic_loss: 0
recommendation_loss: 1.4171414375305176, critic_loss: 0
recommendation_loss: 1.4074504375457764, critic_loss: 0
recommendation_loss: 1.3363934755325317, critic_loss: 0
recommendation_loss: 1.38820219039917, critic_loss: 0
recommendation_loss: 1.413002610206604, critic_loss: 0
recommendation_loss: 1.365272879600525, critic_loss: 0
recommendation_loss: 1.3701269626617432, critic_loss: 0
recommendation_loss: 1.2827129364013672, critic_loss: 0
recommendation_loss: 1.323571801185608, critic_loss: 0
recommendation_loss: 1.354546308517456, critic_loss: 0
recommendation_loss: 1.4283955097198486, critic_loss: 0
recommendation_loss: 1.3380181789398193, critic_loss: 0
recommendation_loss: 1.342648983001709, critic_loss: 0
recommendation_loss: 1.390632152557373, critic_loss: 0
recommendation_loss: 1.4005943536758423, critic_loss: 0
recommendation_loss: 1.4116185903549194, critic_loss: 0
recommendation_loss: 1.3460890054702759, critic_loss: 0
recommendation_loss: 1.372046947479248, critic_loss: 0
recommendation_loss: 1.3744347095489502, critic_loss: 0
recommendation_loss: 1.3547699451446533, critic_loss: 0
recommendation_loss: 1.308711290359497, critic_loss: 0
recommendation_loss: 1.3960298299789429, critic_loss: 0
recommendation_loss: 1.3168573379516602, critic_loss: 0
recommendation_loss: 1.4029872417449951, critic_loss: 0
recommendation_loss: 1.2747955322265625, critic_loss: 0
recommendation_loss: 1.39191472530365, critic_loss: 0
recommendation_loss: 1.3716580867767334, critic_loss: 0
recommendation_loss: 1.359904408454895, critic_loss: 0
recommendation_loss: 1.3978605270385742, critic_loss: 0
recommendation_loss: 1.292358160018921, critic_loss: 0
recommendation_loss: 1.3061985969543457, critic_loss: 0
recommendation_loss: 1.3173670768737793, critic_loss: 0
recommendation_loss: 1.3802566528320312, critic_loss: 0
recommendation_loss: 1.382487416267395, critic_loss: 0
recommendation_loss: 1.4015238285064697, critic_loss: 0
recommendation_loss: 1.4272820949554443, critic_loss: 0
recommendation_loss: 1.416643738746643, critic_loss: 0
recommendation_loss: 1.3731809854507446, critic_loss: 0
recommendation_loss: 1.4270308017730713, critic_loss: 0
recommendation_loss: 1.405463695526123, critic_loss: 0
recommendation_loss: 1.4293395280838013, critic_loss: 0
recommendation_loss: 1.3570300340652466, critic_loss: 0
recommendation_loss: 1.3521745204925537, critic_loss: 0
recommendation_loss: 1.3957617282867432, critic_loss: 0
recommendation_loss: 1.3656665086746216, critic_loss: 0
recommendation_loss: 1.3763846158981323, critic_loss: 0
recommendation_loss: 1.4122852087020874, critic_loss: 0
recommendation_loss: 1.3789085149765015, critic_loss: 0
recommendation_loss: 1.2836394309997559, critic_loss: 0
recommendation_loss: 1.3883999586105347, critic_loss: 0
recommendation_loss: 1.3275997638702393, critic_loss: 0
recommendation_loss: 1.4189081192016602, critic_loss: 0
recommendation_loss: 1.4178354740142822, critic_loss: 0
recommendation_loss: 1.3440566062927246, critic_loss: 0
recommendation_loss: 1.4907569885253906, critic_loss: 0
recommendation_loss: 1.3209891319274902, critic_loss: 0
recommendation_loss: 1.416724443435669, critic_loss: 0
recommendation_loss: 1.4380550384521484, critic_loss: 0
recommendation_loss: 1.4335904121398926, critic_loss: 0
recommendation_loss: 1.3695473670959473, critic_loss: 0
recommendation_loss: 1.4796605110168457, critic_loss: 0
recommendation_loss: 1.3971621990203857, critic_loss: 0
recommendation_loss: 1.4188839197158813, critic_loss: 0
recommendation_loss: 1.49612295627594, critic_loss: 0
recommendation_loss: 1.5305593013763428, critic_loss: 0
recommendation_loss: 1.4386576414108276, critic_loss: 0
recommendation_loss: 1.4591174125671387, critic_loss: 0
recommendation_loss: 1.4420596361160278, critic_loss: 0
recommendation_loss: 1.4622526168823242, critic_loss: 0
recommendation_loss: 1.2791826725006104, critic_loss: 0
recommendation_loss: 1.341674566268921, critic_loss: 0
recommendation_loss: 1.3006277084350586, critic_loss: 0
recommendation_loss: 1.3688888549804688, critic_loss: 0
recommendation_loss: 1.4342470169067383, critic_loss: 0
recommendation_loss: 1.2871402502059937, critic_loss: 0
recommendation_loss: 1.3860507011413574, critic_loss: 0
recommendation_loss: 1.457421064376831, critic_loss: 0
recommendation_loss: 1.309360384941101, critic_loss: 0
recommendation_loss: 1.395520806312561, critic_loss: 0
recommendation_loss: 1.3153518438339233, critic_loss: 0
recommendation_loss: 1.3803303241729736, critic_loss: 0
recommendation_loss: 1.4231352806091309, critic_loss: 0
recommendation_loss: 1.245754361152649, critic_loss: 0
recommendation_loss: 1.3359501361846924, critic_loss: 0
recommendation_loss: 1.3389697074890137, critic_loss: 0
recommendation_loss: 1.3644788265228271, critic_loss: 0
recommendation_loss: 1.3307178020477295, critic_loss: 0
recommendation_loss: 1.3168123960494995, critic_loss: 0
recommendation_loss: 1.4325203895568848, critic_loss: 0
recommendation_loss: 1.3994721174240112, critic_loss: 0
recommendation_loss: 1.2293682098388672, critic_loss: 0
recommendation_loss: 1.4114183187484741, critic_loss: 0
recommendation_loss: 1.2984851598739624, critic_loss: 0
recommendation_loss: 1.353684902191162, critic_loss: 0
recommendation_loss: 1.4419595003128052, critic_loss: 0
recommendation_loss: 1.2329978942871094, critic_loss: 0
recommendation_loss: 1.4113843441009521, critic_loss: 0
recommendation_loss: 1.4747798442840576, critic_loss: 0
recommendation_loss: 1.2891267538070679, critic_loss: 0
recommendation_loss: 1.3509643077850342, critic_loss: 0
recommendation_loss: 1.4047589302062988, critic_loss: 0
recommendation_loss: 1.4235522747039795, critic_loss: 0
recommendation_loss: 1.3970857858657837, critic_loss: 0
recommendation_loss: 1.4067054986953735, critic_loss: 0
recommendation_loss: 1.348499059677124, critic_loss: 0
recommendation_loss: 1.4180455207824707, critic_loss: 0
recommendation_loss: 1.340720534324646, critic_loss: 0
recommendation_loss: 1.3731898069381714, critic_loss: 0
recommendation_loss: 1.360880732536316, critic_loss: 0
recommendation_loss: 1.3436075448989868, critic_loss: 0
recommendation_loss: 1.4580202102661133, critic_loss: 0
recommendation_loss: 1.3748924732208252, critic_loss: 0
recommendation_loss: 1.3977230787277222, critic_loss: 0
recommendation_loss: 1.436516523361206, critic_loss: 0
recommendation_loss: 1.2752538919448853, critic_loss: 0
recommendation_loss: 1.453273892402649, critic_loss: 0
recommendation_loss: 1.341691255569458, critic_loss: 0
recommendation_loss: 1.350998878479004, critic_loss: 0
recommendation_loss: 1.4145644903182983, critic_loss: 0
recommendation_loss: 1.3235142230987549, critic_loss: 0
recommendation_loss: 1.4406030178070068, critic_loss: 0
recommendation_loss: 1.411495566368103, critic_loss: 0
recommendation_loss: 1.4338257312774658, critic_loss: 0
recommendation_loss: 1.3856395483016968, critic_loss: 0
recommendation_loss: 1.5015242099761963, critic_loss: 0
recommendation_loss: 1.3571033477783203, critic_loss: 0
recommendation_loss: 1.3692271709442139, critic_loss: 0
recommendation_loss: 1.3147155046463013, critic_loss: 0
recommendation_loss: 1.2961666584014893, critic_loss: 0
recommendation_loss: 1.360618233680725, critic_loss: 0
recommendation_loss: 1.3986841440200806, critic_loss: 0
recommendation_loss: 1.3139722347259521, critic_loss: 0
recommendation_loss: 1.3142083883285522, critic_loss: 0
recommendation_loss: 1.397240161895752, critic_loss: 0
recommendation_loss: 1.4251348972320557, critic_loss: 0
recommendation_loss: 1.355938196182251, critic_loss: 0
recommendation_loss: 1.384562611579895, critic_loss: 0
recommendation_loss: 1.33607816696167, critic_loss: 0
recommendation_loss: 1.3641581535339355, critic_loss: 0
recommendation_loss: 1.4120789766311646, critic_loss: 0
recommendation_loss: 1.3971359729766846, critic_loss: 0
recommendation_loss: 1.4162415266036987, critic_loss: 0
recommendation_loss: 1.3343632221221924, critic_loss: 0
recommendation_loss: 1.316036343574524, critic_loss: 0
recommendation_loss: 1.3997019529342651, critic_loss: 0
recommendation_loss: 1.4943679571151733, critic_loss: 0
recommendation_loss: 1.3301928043365479, critic_loss: 0
recommendation_loss: 1.3999831676483154, critic_loss: 0
recommendation_loss: 1.3769975900650024, critic_loss: 0
recommendation_loss: 1.3515634536743164, critic_loss: 0
recommendation_loss: 1.3037768602371216, critic_loss: 0
recommendation_loss: 1.413514256477356, critic_loss: 0
recommendation_loss: 1.2973263263702393, critic_loss: 0
recommendation_loss: 1.3804433345794678, critic_loss: 0
recommendation_loss: 1.3440017700195312, critic_loss: 0
recommendation_loss: 1.4812983274459839, critic_loss: 0
recommendation_loss: 1.4605523347854614, critic_loss: 0
recommendation_loss: 1.3960574865341187, critic_loss: 0
recommendation_loss: 1.3709022998809814, critic_loss: 0
recommendation_loss: 1.3573927879333496, critic_loss: 0
recommendation_loss: 1.3970587253570557, critic_loss: 0
recommendation_loss: 1.3420078754425049, critic_loss: 0
recommendation_loss: 1.3740326166152954, critic_loss: 0
recommendation_loss: 1.4212939739227295, critic_loss: 0
recommendation_loss: 1.3332680463790894, critic_loss: 0
recommendation_loss: 1.4109907150268555, critic_loss: 0
recommendation_loss: 1.308481216430664, critic_loss: 0
recommendation_loss: 1.324876308441162, critic_loss: 0
recommendation_loss: 1.3287707567214966, critic_loss: 0
recommendation_loss: 1.3593133687973022, critic_loss: 0
recommendation_loss: 1.3105134963989258, critic_loss: 0
recommendation_loss: 1.2777514457702637, critic_loss: 0
recommendation_loss: 1.2792599201202393, critic_loss: 0
recommendation_loss: 1.366861343383789, critic_loss: 0
recommendation_loss: 1.4446698427200317, critic_loss: 0
recommendation_loss: 1.469628930091858, critic_loss: 0
recommendation_loss: 1.3337368965148926, critic_loss: 0
recommendation_loss: 1.3104634284973145, critic_loss: 0
recommendation_loss: 1.3783835172653198, critic_loss: 0
recommendation_loss: 1.3363298177719116, critic_loss: 0
recommendation_loss: 1.3366856575012207, critic_loss: 0
recommendation_loss: 1.341455101966858, critic_loss: 0
recommendation_loss: 1.4035980701446533, critic_loss: 0
recommendation_loss: 1.4060126543045044, critic_loss: 0
recommendation_loss: 1.3226262331008911, critic_loss: 0
recommendation_loss: 1.3581256866455078, critic_loss: 0
recommendation_loss: 1.3938313722610474, critic_loss: 0
recommendation_loss: 1.4364205598831177, critic_loss: 0
recommendation_loss: 1.4150195121765137, critic_loss: 0
recommendation_loss: 1.3461765050888062, critic_loss: 0
recommendation_loss: 1.3691751956939697, critic_loss: 0
recommendation_loss: 1.4143123626708984, critic_loss: 0
recommendation_loss: 1.3098433017730713, critic_loss: 0
recommendation_loss: 1.3691151142120361, critic_loss: 0
recommendation_loss: 1.3553540706634521, critic_loss: 0
recommendation_loss: 1.3317511081695557, critic_loss: 0
recommendation_loss: 1.3563261032104492, critic_loss: 0
recommendation_loss: 1.4033243656158447, critic_loss: 0
recommendation_loss: 1.446385383605957, critic_loss: 0
recommendation_loss: 1.4045263528823853, critic_loss: 0
recommendation_loss: 1.4269300699234009, critic_loss: 0
recommendation_loss: 1.3728400468826294, critic_loss: 0
recommendation_loss: 1.4190316200256348, critic_loss: 0
recommendation_loss: 1.355459451675415, critic_loss: 0
recommendation_loss: 1.425521731376648, critic_loss: 0
recommendation_loss: 1.3952479362487793, critic_loss: 0
recommendation_loss: 1.3892557621002197, critic_loss: 0
recommendation_loss: 1.2747929096221924, critic_loss: 0
recommendation_loss: 1.2820254564285278, critic_loss: 0
recommendation_loss: 1.318727970123291, critic_loss: 0
recommendation_loss: 1.3572947978973389, critic_loss: 0
recommendation_loss: 1.4027496576309204, critic_loss: 0
recommendation_loss: 1.3560733795166016, critic_loss: 0
recommendation_loss: 1.3427085876464844, critic_loss: 0
recommendation_loss: 1.3222405910491943, critic_loss: 0
recommendation_loss: 1.341215968132019, critic_loss: 0
recommendation_loss: 1.2768288850784302, critic_loss: 0
recommendation_loss: 1.3645374774932861, critic_loss: 0
recommendation_loss: 1.4024628400802612, critic_loss: 0
recommendation_loss: 1.3575055599212646, critic_loss: 0
recommendation_loss: 1.402334451675415, critic_loss: 0
recommendation_loss: 1.397043228149414, critic_loss: 0
recommendation_loss: 1.3469252586364746, critic_loss: 0
recommendation_loss: 1.3557313680648804, critic_loss: 0
recommendation_loss: 1.3287627696990967, critic_loss: 0
recommendation_loss: 1.3541574478149414, critic_loss: 0
recommendation_loss: 1.3652125597000122, critic_loss: 0
recommendation_loss: 1.3816938400268555, critic_loss: 0
recommendation_loss: 1.4069095849990845, critic_loss: 0
recommendation_loss: 1.4197978973388672, critic_loss: 0
recommendation_loss: 1.3756589889526367, critic_loss: 0
recommendation_loss: 1.4953055381774902, critic_loss: 0
recommendation_loss: 1.3758394718170166, critic_loss: 0
2024-08-09 17:54:42.004523: step 3344/24320 (epoch 11/80), loss = 0.963945 (29.828 sec/epoch), lr: 0.003000
Evaluating on dev set...
...........................
source: 	 mrr: 0.024270	 ndcg_5: 0.0152	 ndcg_10: 0.0204	 hit@1:0.006517	 hit@5:0.0239	 hit@10: 0.0406
target: 	 mrr: 0.051959	 ndcg_5: 0.0438	 ndcg_10: 0.0558	 hit@1:0.021603	 hit@5:0.0676	 hit@10: 0.1052
target best!
..............target: 	 mrr: 0.052271	 ndcg_5: 0.0421	 ndcg_10: 0.0554	 hit@1:0.019204	 hit@5:0.0631	 hit@10: 0.1043
epoch 11: train_loss = 0.963945, source_hit@10 = 0.0406, source_ndcg@10 = 0.0204, target_hit@10 = 0.1043, target_ndcg@10 = 0.0554
new best model saved.

recommendation_loss: 1.3837507963180542, critic_loss: 0
recommendation_loss: 1.3701297044754028, critic_loss: 0
recommendation_loss: 1.3635274171829224, critic_loss: 0
recommendation_loss: 1.3821362257003784, critic_loss: 0
recommendation_loss: 1.367691159248352, critic_loss: 0
recommendation_loss: 1.3974337577819824, critic_loss: 0
recommendation_loss: 1.3558838367462158, critic_loss: 0
recommendation_loss: 1.4204010963439941, critic_loss: 0
recommendation_loss: 1.3593753576278687, critic_loss: 0
recommendation_loss: 1.3902620077133179, critic_loss: 0
recommendation_loss: 1.430596113204956, critic_loss: 0
recommendation_loss: 1.2871520519256592, critic_loss: 0
recommendation_loss: 1.4638062715530396, critic_loss: 0
recommendation_loss: 1.366533875465393, critic_loss: 0
recommendation_loss: 1.3543801307678223, critic_loss: 0
recommendation_loss: 1.4064898490905762, critic_loss: 0
recommendation_loss: 1.3376816511154175, critic_loss: 0
recommendation_loss: 1.4052722454071045, critic_loss: 0
recommendation_loss: 1.336460828781128, critic_loss: 0
recommendation_loss: 1.329309344291687, critic_loss: 0
recommendation_loss: 1.3150534629821777, critic_loss: 0
recommendation_loss: 1.3355201482772827, critic_loss: 0
recommendation_loss: 1.3542678356170654, critic_loss: 0
recommendation_loss: 1.4048683643341064, critic_loss: 0
recommendation_loss: 1.3824491500854492, critic_loss: 0
recommendation_loss: 1.2982972860336304, critic_loss: 0
recommendation_loss: 1.3149311542510986, critic_loss: 0
recommendation_loss: 1.3260446786880493, critic_loss: 0
recommendation_loss: 1.339070200920105, critic_loss: 0
recommendation_loss: 1.4002679586410522, critic_loss: 0
recommendation_loss: 1.3073382377624512, critic_loss: 0
recommendation_loss: 1.2880902290344238, critic_loss: 0
recommendation_loss: 1.3897616863250732, critic_loss: 0
recommendation_loss: 1.3941028118133545, critic_loss: 0
recommendation_loss: 1.3627221584320068, critic_loss: 0
recommendation_loss: 1.4040380716323853, critic_loss: 0
recommendation_loss: 1.3498708009719849, critic_loss: 0
recommendation_loss: 1.363131046295166, critic_loss: 0
recommendation_loss: 1.3687067031860352, critic_loss: 0
recommendation_loss: 1.3532164096832275, critic_loss: 0
recommendation_loss: 1.3157283067703247, critic_loss: 0
recommendation_loss: 1.3287773132324219, critic_loss: 0
recommendation_loss: 1.3161718845367432, critic_loss: 0
recommendation_loss: 1.343867540359497, critic_loss: 0
recommendation_loss: 1.3678886890411377, critic_loss: 0
recommendation_loss: 1.3273087739944458, critic_loss: 0
recommendation_loss: 1.3601887226104736, critic_loss: 0
recommendation_loss: 1.2733352184295654, critic_loss: 0
recommendation_loss: 1.2922786474227905, critic_loss: 0
recommendation_loss: 1.3593542575836182, critic_loss: 0
recommendation_loss: 1.4119449853897095, critic_loss: 0
recommendation_loss: 1.2835907936096191, critic_loss: 0
recommendation_loss: 1.3449902534484863, critic_loss: 0
recommendation_loss: 1.3641051054000854, critic_loss: 0
recommendation_loss: 1.2938733100891113, critic_loss: 0
recommendation_loss: 1.3028440475463867, critic_loss: 0
recommendation_loss: 1.2827123403549194, critic_loss: 0
recommendation_loss: 1.380601406097412, critic_loss: 0
recommendation_loss: 1.3415169715881348, critic_loss: 0
recommendation_loss: 1.3056814670562744, critic_loss: 0
recommendation_loss: 1.4268231391906738, critic_loss: 0
recommendation_loss: 1.5125970840454102, critic_loss: 0
recommendation_loss: 1.3669116497039795, critic_loss: 0
recommendation_loss: 1.370194911956787, critic_loss: 0
recommendation_loss: 1.403545618057251, critic_loss: 0
recommendation_loss: 1.3325469493865967, critic_loss: 0
recommendation_loss: 1.3014670610427856, critic_loss: 0
recommendation_loss: 1.4241385459899902, critic_loss: 0
recommendation_loss: 1.352981686592102, critic_loss: 0
recommendation_loss: 1.2827398777008057, critic_loss: 0
recommendation_loss: 1.3452311754226685, critic_loss: 0
recommendation_loss: 1.3978290557861328, critic_loss: 0
recommendation_loss: 1.3439207077026367, critic_loss: 0
recommendation_loss: 1.3190542459487915, critic_loss: 0
recommendation_loss: 1.3634053468704224, critic_loss: 0
recommendation_loss: 1.3828147649765015, critic_loss: 0
recommendation_loss: 1.2883445024490356, critic_loss: 0
recommendation_loss: 1.3088752031326294, critic_loss: 0
recommendation_loss: 1.3619301319122314, critic_loss: 0
recommendation_loss: 1.3059879541397095, critic_loss: 0
recommendation_loss: 1.3348610401153564, critic_loss: 0
recommendation_loss: 1.331153392791748, critic_loss: 0
recommendation_loss: 1.3103225231170654, critic_loss: 0
recommendation_loss: 1.2938743829727173, critic_loss: 0
recommendation_loss: 1.3420445919036865, critic_loss: 0
recommendation_loss: 1.3655991554260254, critic_loss: 0
recommendation_loss: 1.3167014122009277, critic_loss: 0
recommendation_loss: 1.278323769569397, critic_loss: 0
recommendation_loss: 1.324018120765686, critic_loss: 0
recommendation_loss: 1.302294373512268, critic_loss: 0
recommendation_loss: 1.3073652982711792, critic_loss: 0
recommendation_loss: 1.3047311305999756, critic_loss: 0
recommendation_loss: 1.3447868824005127, critic_loss: 0
recommendation_loss: 1.2853513956069946, critic_loss: 0
recommendation_loss: 1.3171381950378418, critic_loss: 0
recommendation_loss: 1.316280484199524, critic_loss: 0
recommendation_loss: 1.388249397277832, critic_loss: 0
recommendation_loss: 1.350515365600586, critic_loss: 0
recommendation_loss: 1.256081461906433, critic_loss: 0
recommendation_loss: 1.321386694908142, critic_loss: 0
recommendation_loss: 1.2794818878173828, critic_loss: 0
recommendation_loss: 1.276664137840271, critic_loss: 0
recommendation_loss: 1.3510808944702148, critic_loss: 0
recommendation_loss: 1.2866897583007812, critic_loss: 0
recommendation_loss: 1.3264751434326172, critic_loss: 0
recommendation_loss: 1.4267604351043701, critic_loss: 0
recommendation_loss: 1.360389232635498, critic_loss: 0
recommendation_loss: 1.369668960571289, critic_loss: 0
recommendation_loss: 1.3598469495773315, critic_loss: 0
recommendation_loss: 1.3047857284545898, critic_loss: 0
recommendation_loss: 1.370511770248413, critic_loss: 0
recommendation_loss: 1.4271059036254883, critic_loss: 0
recommendation_loss: 1.371453881263733, critic_loss: 0
recommendation_loss: 1.3204342126846313, critic_loss: 0
recommendation_loss: 1.411327600479126, critic_loss: 0
recommendation_loss: 1.2664697170257568, critic_loss: 0
recommendation_loss: 1.3746987581253052, critic_loss: 0
recommendation_loss: 1.3380001783370972, critic_loss: 0
recommendation_loss: 1.2946101427078247, critic_loss: 0
recommendation_loss: 1.3743692636489868, critic_loss: 0
recommendation_loss: 1.363560676574707, critic_loss: 0
recommendation_loss: 1.280220866203308, critic_loss: 0
recommendation_loss: 1.3896201848983765, critic_loss: 0
recommendation_loss: 1.5098683834075928, critic_loss: 0
recommendation_loss: 1.336723804473877, critic_loss: 0
recommendation_loss: 1.3259954452514648, critic_loss: 0
recommendation_loss: 1.332381010055542, critic_loss: 0
recommendation_loss: 1.3197143077850342, critic_loss: 0
recommendation_loss: 1.393453598022461, critic_loss: 0
recommendation_loss: 1.43694007396698, critic_loss: 0
recommendation_loss: 1.3829593658447266, critic_loss: 0
recommendation_loss: 1.4305245876312256, critic_loss: 0
recommendation_loss: 1.3231840133666992, critic_loss: 0
recommendation_loss: 1.2969671487808228, critic_loss: 0
recommendation_loss: 1.4258856773376465, critic_loss: 0
recommendation_loss: 1.381211757659912, critic_loss: 0
recommendation_loss: 1.2996805906295776, critic_loss: 0
recommendation_loss: 1.3866921663284302, critic_loss: 0
recommendation_loss: 1.334826111793518, critic_loss: 0
recommendation_loss: 1.354489803314209, critic_loss: 0
recommendation_loss: 1.2865864038467407, critic_loss: 0
recommendation_loss: 1.3947677612304688, critic_loss: 0
recommendation_loss: 1.3243658542633057, critic_loss: 0
recommendation_loss: 1.3158506155014038, critic_loss: 0
recommendation_loss: 1.4186408519744873, critic_loss: 0
recommendation_loss: 1.3548030853271484, critic_loss: 0
recommendation_loss: 1.4166773557662964, critic_loss: 0
recommendation_loss: 1.4034746885299683, critic_loss: 0
recommendation_loss: 1.2776857614517212, critic_loss: 0
recommendation_loss: 1.3817567825317383, critic_loss: 0
recommendation_loss: 1.4214836359024048, critic_loss: 0
recommendation_loss: 1.279079556465149, critic_loss: 0
recommendation_loss: 1.380233883857727, critic_loss: 0
recommendation_loss: 1.2814135551452637, critic_loss: 0
recommendation_loss: 1.309197187423706, critic_loss: 0
recommendation_loss: 1.3245513439178467, critic_loss: 0
recommendation_loss: 1.3417911529541016, critic_loss: 0
recommendation_loss: 1.2644966840744019, critic_loss: 0
recommendation_loss: 1.3314170837402344, critic_loss: 0
recommendation_loss: 1.3698806762695312, critic_loss: 0
recommendation_loss: 1.3722703456878662, critic_loss: 0
recommendation_loss: 1.3863204717636108, critic_loss: 0
recommendation_loss: 1.3881783485412598, critic_loss: 0
recommendation_loss: 1.3032798767089844, critic_loss: 0
recommendation_loss: 1.3913230895996094, critic_loss: 0
recommendation_loss: 1.38160240650177, critic_loss: 0
recommendation_loss: 1.2946829795837402, critic_loss: 0
recommendation_loss: 1.42893385887146, critic_loss: 0
recommendation_loss: 1.3676353693008423, critic_loss: 0
recommendation_loss: 1.3074877262115479, critic_loss: 0
recommendation_loss: 1.2789740562438965, critic_loss: 0
recommendation_loss: 1.2784879207611084, critic_loss: 0
recommendation_loss: 1.3870888948440552, critic_loss: 0
recommendation_loss: 1.3190702199935913, critic_loss: 0
recommendation_loss: 1.3551596403121948, critic_loss: 0
recommendation_loss: 1.3396551609039307, critic_loss: 0
recommendation_loss: 1.329655408859253, critic_loss: 0
recommendation_loss: 1.3014415502548218, critic_loss: 0
recommendation_loss: 1.3020299673080444, critic_loss: 0
recommendation_loss: 1.3079062700271606, critic_loss: 0
recommendation_loss: 1.3288133144378662, critic_loss: 0
recommendation_loss: 1.3488255739212036, critic_loss: 0
recommendation_loss: 1.3089380264282227, critic_loss: 0
recommendation_loss: 1.358917474746704, critic_loss: 0
recommendation_loss: 1.3792684078216553, critic_loss: 0
recommendation_loss: 1.358007550239563, critic_loss: 0
recommendation_loss: 1.343138575553894, critic_loss: 0
recommendation_loss: 1.4259819984436035, critic_loss: 0
recommendation_loss: 1.3054684400558472, critic_loss: 0
recommendation_loss: 1.3740453720092773, critic_loss: 0
recommendation_loss: 1.3476674556732178, critic_loss: 0
recommendation_loss: 1.2921333312988281, critic_loss: 0
recommendation_loss: 1.2861194610595703, critic_loss: 0
recommendation_loss: 1.3806686401367188, critic_loss: 0
recommendation_loss: 1.3915550708770752, critic_loss: 0
recommendation_loss: 1.304781198501587, critic_loss: 0
recommendation_loss: 1.3771746158599854, critic_loss: 0
recommendation_loss: 1.3442041873931885, critic_loss: 0
recommendation_loss: 1.3158618211746216, critic_loss: 0
recommendation_loss: 1.2768198251724243, critic_loss: 0
recommendation_loss: 1.3569681644439697, critic_loss: 0
recommendation_loss: 1.3039958477020264, critic_loss: 0
recommendation_loss: 1.3573715686798096, critic_loss: 0
recommendation_loss: 1.3337587118148804, critic_loss: 0
recommendation_loss: 1.3318463563919067, critic_loss: 0
recommendation_loss: 1.4276655912399292, critic_loss: 0
recommendation_loss: 1.302950382232666, critic_loss: 0
recommendation_loss: 1.3374701738357544, critic_loss: 0
recommendation_loss: 1.2818973064422607, critic_loss: 0
recommendation_loss: 1.3230410814285278, critic_loss: 0
recommendation_loss: 1.3903930187225342, critic_loss: 0
recommendation_loss: 1.375429630279541, critic_loss: 0
recommendation_loss: 1.2898520231246948, critic_loss: 0
recommendation_loss: 1.2580573558807373, critic_loss: 0
recommendation_loss: 1.3521668910980225, critic_loss: 0
recommendation_loss: 1.3948673009872437, critic_loss: 0
recommendation_loss: 1.3901166915893555, critic_loss: 0
recommendation_loss: 1.3057363033294678, critic_loss: 0
recommendation_loss: 1.3391695022583008, critic_loss: 0
recommendation_loss: 1.2674492597579956, critic_loss: 0
recommendation_loss: 1.3174335956573486, critic_loss: 0
recommendation_loss: 1.277899980545044, critic_loss: 0
recommendation_loss: 1.3895984888076782, critic_loss: 0
recommendation_loss: 1.3509762287139893, critic_loss: 0
recommendation_loss: 1.3908708095550537, critic_loss: 0
recommendation_loss: 1.3146533966064453, critic_loss: 0
recommendation_loss: 1.3754881620407104, critic_loss: 0
recommendation_loss: 1.3640236854553223, critic_loss: 0
recommendation_loss: 1.3625104427337646, critic_loss: 0
recommendation_loss: 1.3289599418640137, critic_loss: 0
recommendation_loss: 1.4035530090332031, critic_loss: 0
recommendation_loss: 1.394514799118042, critic_loss: 0
recommendation_loss: 1.3546655178070068, critic_loss: 0
recommendation_loss: 1.4480295181274414, critic_loss: 0
recommendation_loss: 1.3823342323303223, critic_loss: 0
recommendation_loss: 1.3815900087356567, critic_loss: 0
recommendation_loss: 1.3361397981643677, critic_loss: 0
recommendation_loss: 1.4008092880249023, critic_loss: 0
recommendation_loss: 1.2127928733825684, critic_loss: 0
recommendation_loss: 1.3033244609832764, critic_loss: 0
recommendation_loss: 1.2582366466522217, critic_loss: 0
recommendation_loss: 1.367654800415039, critic_loss: 0
recommendation_loss: 1.2776169776916504, critic_loss: 0
recommendation_loss: 1.37921941280365, critic_loss: 0
recommendation_loss: 1.4398012161254883, critic_loss: 0
recommendation_loss: 1.3093336820602417, critic_loss: 0
recommendation_loss: 1.3547334671020508, critic_loss: 0
recommendation_loss: 1.320357084274292, critic_loss: 0
recommendation_loss: 1.2866146564483643, critic_loss: 0
recommendation_loss: 1.2970160245895386, critic_loss: 0
recommendation_loss: 1.366821527481079, critic_loss: 0
recommendation_loss: 1.3435420989990234, critic_loss: 0
recommendation_loss: 1.3655774593353271, critic_loss: 0
recommendation_loss: 1.3783044815063477, critic_loss: 0
recommendation_loss: 1.3367096185684204, critic_loss: 0
recommendation_loss: 1.3395792245864868, critic_loss: 0
recommendation_loss: 1.4069690704345703, critic_loss: 0
recommendation_loss: 1.3153748512268066, critic_loss: 0
recommendation_loss: 1.4257129430770874, critic_loss: 0
recommendation_loss: 1.3474254608154297, critic_loss: 0
recommendation_loss: 1.3270424604415894, critic_loss: 0
recommendation_loss: 1.310360074043274, critic_loss: 0
recommendation_loss: 1.3921681642532349, critic_loss: 0
recommendation_loss: 1.3901591300964355, critic_loss: 0
recommendation_loss: 1.2932841777801514, critic_loss: 0
recommendation_loss: 1.280021071434021, critic_loss: 0
recommendation_loss: 1.3822009563446045, critic_loss: 0
recommendation_loss: 1.3158844709396362, critic_loss: 0
recommendation_loss: 1.4335969686508179, critic_loss: 0
recommendation_loss: 1.3792698383331299, critic_loss: 0
recommendation_loss: 1.3948026895523071, critic_loss: 0
recommendation_loss: 1.323654055595398, critic_loss: 0
recommendation_loss: 1.2767443656921387, critic_loss: 0
recommendation_loss: 1.3170827627182007, critic_loss: 0
recommendation_loss: 1.3407641649246216, critic_loss: 0
recommendation_loss: 1.2730677127838135, critic_loss: 0
recommendation_loss: 1.4057087898254395, critic_loss: 0
recommendation_loss: 1.3618354797363281, critic_loss: 0
recommendation_loss: 1.2485142946243286, critic_loss: 0
recommendation_loss: 1.3979612588882446, critic_loss: 0
recommendation_loss: 1.4411190748214722, critic_loss: 0
recommendation_loss: 1.3416805267333984, critic_loss: 0
recommendation_loss: 1.338449239730835, critic_loss: 0
recommendation_loss: 1.395219326019287, critic_loss: 0
recommendation_loss: 1.4001785516738892, critic_loss: 0
recommendation_loss: 1.3488441705703735, critic_loss: 0
recommendation_loss: 1.4432231187820435, critic_loss: 0
recommendation_loss: 1.3284703493118286, critic_loss: 0
recommendation_loss: 1.3591153621673584, critic_loss: 0
recommendation_loss: 1.356141209602356, critic_loss: 0
recommendation_loss: 1.333191990852356, critic_loss: 0
recommendation_loss: 1.402930736541748, critic_loss: 0
recommendation_loss: 1.3611581325531006, critic_loss: 0
recommendation_loss: 1.3264590501785278, critic_loss: 0
recommendation_loss: 1.2964617013931274, critic_loss: 0
recommendation_loss: 1.296772837638855, critic_loss: 0
recommendation_loss: 1.300939917564392, critic_loss: 0
recommendation_loss: 1.3936573266983032, critic_loss: 0
recommendation_loss: 1.3526923656463623, critic_loss: 0
recommendation_loss: 1.3783726692199707, critic_loss: 0
recommendation_loss: 1.3361200094223022, critic_loss: 0
recommendation_loss: 1.360683560371399, critic_loss: 0
recommendation_loss: 1.3253222703933716, critic_loss: 0
recommendation_loss: 1.3161319494247437, critic_loss: 0
2024-08-09 17:55:12.788059: step 3648/24320 (epoch 12/80), loss = 0.943128 (30.083 sec/epoch), lr: 0.002850
Evaluating on dev set...
...........................
source: 	 mrr: 0.045887	 ndcg_5: 0.0347	 ndcg_10: 0.0453	 hit@1:0.018103	 hit@5:0.0507	 hit@10: 0.0833
target: 	 mrr: 0.051263	 ndcg_5: 0.0434	 ndcg_10: 0.0554	 hit@1:0.019512	 hit@5:0.0676	 hit@10: 0.1052
source best!
.............
source: 	 mrr: 0.043898	 ndcg_5: 0.0336	 ndcg_10: 0.0457	 hit@1:0.014571	 hit@5:0.0521	 hit@10: 0.0897
epoch 12: train_loss = 0.943128, source_hit@10 = 0.0897, source_ndcg@10 = 0.0457, target_hit@10 = 0.1052, target_ndcg@10 = 0.0554
new best model saved.

recommendation_loss: 1.3600794076919556, critic_loss: 0
recommendation_loss: 1.3216288089752197, critic_loss: 0
recommendation_loss: 1.2920644283294678, critic_loss: 0
recommendation_loss: 1.3565102815628052, critic_loss: 0
recommendation_loss: 1.3406484127044678, critic_loss: 0
recommendation_loss: 1.366793155670166, critic_loss: 0
recommendation_loss: 1.338504672050476, critic_loss: 0
recommendation_loss: 1.3337985277175903, critic_loss: 0
recommendation_loss: 1.3261184692382812, critic_loss: 0
recommendation_loss: 1.3723467588424683, critic_loss: 0
recommendation_loss: 1.317263126373291, critic_loss: 0
recommendation_loss: 1.2817217111587524, critic_loss: 0
recommendation_loss: 1.3654447793960571, critic_loss: 0
recommendation_loss: 1.3127799034118652, critic_loss: 0
recommendation_loss: 1.3736475706100464, critic_loss: 0
recommendation_loss: 1.293701410293579, critic_loss: 0
recommendation_loss: 1.3147825002670288, critic_loss: 0
recommendation_loss: 1.3449571132659912, critic_loss: 0
recommendation_loss: 1.348096489906311, critic_loss: 0
recommendation_loss: 1.329339623451233, critic_loss: 0
recommendation_loss: 1.3278533220291138, critic_loss: 0
recommendation_loss: 1.3542609214782715, critic_loss: 0
recommendation_loss: 1.3642561435699463, critic_loss: 0
recommendation_loss: 1.4427871704101562, critic_loss: 0
recommendation_loss: 1.420528531074524, critic_loss: 0
recommendation_loss: 1.3606715202331543, critic_loss: 0
recommendation_loss: 1.364033818244934, critic_loss: 0
recommendation_loss: 1.383355736732483, critic_loss: 0
recommendation_loss: 1.3056607246398926, critic_loss: 0
recommendation_loss: 1.385067105293274, critic_loss: 0
recommendation_loss: 1.4392645359039307, critic_loss: 0
recommendation_loss: 1.3471903800964355, critic_loss: 0
recommendation_loss: 1.3826481103897095, critic_loss: 0
recommendation_loss: 1.409073829650879, critic_loss: 0
recommendation_loss: 1.2545613050460815, critic_loss: 0
recommendation_loss: 1.2920444011688232, critic_loss: 0
recommendation_loss: 1.3177995681762695, critic_loss: 0
recommendation_loss: 1.3028889894485474, critic_loss: 0
recommendation_loss: 1.3226966857910156, critic_loss: 0
recommendation_loss: 1.41012704372406, critic_loss: 0
recommendation_loss: 1.3554819822311401, critic_loss: 0
recommendation_loss: 1.3493932485580444, critic_loss: 0
recommendation_loss: 1.3450356721878052, critic_loss: 0
recommendation_loss: 1.2386400699615479, critic_loss: 0
recommendation_loss: 1.395267128944397, critic_loss: 0
recommendation_loss: 1.3974288702011108, critic_loss: 0
recommendation_loss: 1.3023550510406494, critic_loss: 0
recommendation_loss: 1.3748509883880615, critic_loss: 0
recommendation_loss: 1.2506539821624756, critic_loss: 0
recommendation_loss: 1.298116683959961, critic_loss: 0
recommendation_loss: 1.3332164287567139, critic_loss: 0
recommendation_loss: 1.2356048822402954, critic_loss: 0
recommendation_loss: 1.319736361503601, critic_loss: 0
recommendation_loss: 1.3172417879104614, critic_loss: 0
recommendation_loss: 1.3062324523925781, critic_loss: 0
recommendation_loss: 1.3369591236114502, critic_loss: 0
recommendation_loss: 1.2975993156433105, critic_loss: 0
recommendation_loss: 1.3313297033309937, critic_loss: 0
recommendation_loss: 1.3212554454803467, critic_loss: 0
recommendation_loss: 1.3367061614990234, critic_loss: 0
recommendation_loss: 1.3095308542251587, critic_loss: 0
recommendation_loss: 1.4157888889312744, critic_loss: 0
recommendation_loss: 1.2918448448181152, critic_loss: 0
recommendation_loss: 1.311168909072876, critic_loss: 0
recommendation_loss: 1.3866608142852783, critic_loss: 0
recommendation_loss: 1.2743467092514038, critic_loss: 0
recommendation_loss: 1.3240551948547363, critic_loss: 0
recommendation_loss: 1.3266345262527466, critic_loss: 0
recommendation_loss: 1.3170983791351318, critic_loss: 0
recommendation_loss: 1.2917892932891846, critic_loss: 0
recommendation_loss: 1.3010715246200562, critic_loss: 0
recommendation_loss: 1.352891445159912, critic_loss: 0
recommendation_loss: 1.2448594570159912, critic_loss: 0
recommendation_loss: 1.2284127473831177, critic_loss: 0
recommendation_loss: 1.3635565042495728, critic_loss: 0
recommendation_loss: 1.2848410606384277, critic_loss: 0
recommendation_loss: 1.3479516506195068, critic_loss: 0
recommendation_loss: 1.3848543167114258, critic_loss: 0
recommendation_loss: 1.254651665687561, critic_loss: 0
recommendation_loss: 1.313827633857727, critic_loss: 0
recommendation_loss: 1.2469373941421509, critic_loss: 0
recommendation_loss: 1.2820591926574707, critic_loss: 0
recommendation_loss: 1.2614868879318237, critic_loss: 0
recommendation_loss: 1.326195478439331, critic_loss: 0
recommendation_loss: 1.2720470428466797, critic_loss: 0
recommendation_loss: 1.34019136428833, critic_loss: 0
recommendation_loss: 1.3348489999771118, critic_loss: 0
recommendation_loss: 1.3176378011703491, critic_loss: 0
recommendation_loss: 1.3385610580444336, critic_loss: 0
recommendation_loss: 1.3771053552627563, critic_loss: 0
recommendation_loss: 1.2952468395233154, critic_loss: 0
recommendation_loss: 1.3300538063049316, critic_loss: 0
recommendation_loss: 1.2837988138198853, critic_loss: 0
recommendation_loss: 1.261641263961792, critic_loss: 0
recommendation_loss: 1.2909200191497803, critic_loss: 0
recommendation_loss: 1.26419198513031, critic_loss: 0
recommendation_loss: 1.4671156406402588, critic_loss: 0
recommendation_loss: 1.31170654296875, critic_loss: 0
recommendation_loss: 1.2857798337936401, critic_loss: 0
recommendation_loss: 1.2858376502990723, critic_loss: 0
recommendation_loss: 1.2696608304977417, critic_loss: 0
recommendation_loss: 1.2741901874542236, critic_loss: 0
recommendation_loss: 1.317500114440918, critic_loss: 0
recommendation_loss: 1.322203516960144, critic_loss: 0
recommendation_loss: 1.3826966285705566, critic_loss: 0
recommendation_loss: 1.3293567895889282, critic_loss: 0
recommendation_loss: 1.3850935697555542, critic_loss: 0
recommendation_loss: 1.3109221458435059, critic_loss: 0
recommendation_loss: 1.2515984773635864, critic_loss: 0
recommendation_loss: 1.282277226448059, critic_loss: 0
recommendation_loss: 1.3207924365997314, critic_loss: 0
recommendation_loss: 1.33705735206604, critic_loss: 0
recommendation_loss: 1.2877540588378906, critic_loss: 0
recommendation_loss: 1.364641547203064, critic_loss: 0
recommendation_loss: 1.3192965984344482, critic_loss: 0
recommendation_loss: 1.3022663593292236, critic_loss: 0
recommendation_loss: 1.397492527961731, critic_loss: 0
recommendation_loss: 1.4095538854599, critic_loss: 0
recommendation_loss: 1.3544851541519165, critic_loss: 0
recommendation_loss: 1.2589335441589355, critic_loss: 0
recommendation_loss: 1.3213368654251099, critic_loss: 0
recommendation_loss: 1.3174911737442017, critic_loss: 0
recommendation_loss: 1.3614650964736938, critic_loss: 0
recommendation_loss: 1.3635156154632568, critic_loss: 0
recommendation_loss: 1.2648285627365112, critic_loss: 0
recommendation_loss: 1.3704578876495361, critic_loss: 0
recommendation_loss: 1.3411636352539062, critic_loss: 0
recommendation_loss: 1.3338279724121094, critic_loss: 0
recommendation_loss: 1.3097201585769653, critic_loss: 0
recommendation_loss: 1.3421032428741455, critic_loss: 0
recommendation_loss: 1.3327128887176514, critic_loss: 0
recommendation_loss: 1.3726686239242554, critic_loss: 0
recommendation_loss: 1.2906215190887451, critic_loss: 0
recommendation_loss: 1.3213348388671875, critic_loss: 0
recommendation_loss: 1.3506168127059937, critic_loss: 0
recommendation_loss: 1.3354167938232422, critic_loss: 0
recommendation_loss: 1.3535724878311157, critic_loss: 0
recommendation_loss: 1.3381506204605103, critic_loss: 0
recommendation_loss: 1.2276835441589355, critic_loss: 0
recommendation_loss: 1.275478720664978, critic_loss: 0
recommendation_loss: 1.289770245552063, critic_loss: 0
recommendation_loss: 1.3032231330871582, critic_loss: 0
recommendation_loss: 1.3218762874603271, critic_loss: 0
recommendation_loss: 1.280583143234253, critic_loss: 0
recommendation_loss: 1.304135799407959, critic_loss: 0
recommendation_loss: 1.255786657333374, critic_loss: 0
recommendation_loss: 1.3959752321243286, critic_loss: 0
recommendation_loss: 1.3579128980636597, critic_loss: 0
recommendation_loss: 1.2436970472335815, critic_loss: 0
recommendation_loss: 1.321097731590271, critic_loss: 0
recommendation_loss: 1.38201105594635, critic_loss: 0
recommendation_loss: 1.2861220836639404, critic_loss: 0
recommendation_loss: 1.3917821645736694, critic_loss: 0
recommendation_loss: 1.2655633687973022, critic_loss: 0
recommendation_loss: 1.3341706991195679, critic_loss: 0
recommendation_loss: 1.338901400566101, critic_loss: 0
recommendation_loss: 1.2389391660690308, critic_loss: 0
recommendation_loss: 1.3086826801300049, critic_loss: 0
recommendation_loss: 1.2932765483856201, critic_loss: 0
recommendation_loss: 1.3474845886230469, critic_loss: 0
recommendation_loss: 1.3190792798995972, critic_loss: 0
recommendation_loss: 1.2346680164337158, critic_loss: 0
recommendation_loss: 1.3203153610229492, critic_loss: 0
recommendation_loss: 1.2996418476104736, critic_loss: 0
recommendation_loss: 1.4626251459121704, critic_loss: 0
recommendation_loss: 1.3358670473098755, critic_loss: 0
recommendation_loss: 1.2863117456436157, critic_loss: 0
recommendation_loss: 1.3539994955062866, critic_loss: 0
recommendation_loss: 1.3269860744476318, critic_loss: 0
recommendation_loss: 1.3134825229644775, critic_loss: 0
recommendation_loss: 1.3083760738372803, critic_loss: 0
recommendation_loss: 1.2854011058807373, critic_loss: 0
recommendation_loss: 1.3209874629974365, critic_loss: 0
recommendation_loss: 1.304332971572876, critic_loss: 0
recommendation_loss: 1.321508765220642, critic_loss: 0
recommendation_loss: 1.338969349861145, critic_loss: 0
recommendation_loss: 1.3486299514770508, critic_loss: 0
recommendation_loss: 1.371003270149231, critic_loss: 0
recommendation_loss: 1.2565847635269165, critic_loss: 0
recommendation_loss: 1.378410816192627, critic_loss: 0
recommendation_loss: 1.328348994255066, critic_loss: 0
recommendation_loss: 1.4343724250793457, critic_loss: 0
recommendation_loss: 1.3145010471343994, critic_loss: 0
recommendation_loss: 1.2942636013031006, critic_loss: 0
recommendation_loss: 1.3599388599395752, critic_loss: 0
recommendation_loss: 1.3591935634613037, critic_loss: 0
recommendation_loss: 1.3888123035430908, critic_loss: 0
recommendation_loss: 1.4285321235656738, critic_loss: 0
recommendation_loss: 1.4130563735961914, critic_loss: 0
recommendation_loss: 1.3935577869415283, critic_loss: 0
recommendation_loss: 1.3325923681259155, critic_loss: 0
recommendation_loss: 1.2815879583358765, critic_loss: 0
recommendation_loss: 1.3235857486724854, critic_loss: 0
recommendation_loss: 1.3677716255187988, critic_loss: 0
recommendation_loss: 1.3423396348953247, critic_loss: 0
recommendation_loss: 1.3102805614471436, critic_loss: 0
recommendation_loss: 1.336097240447998, critic_loss: 0
recommendation_loss: 1.314110517501831, critic_loss: 0
recommendation_loss: 1.2332708835601807, critic_loss: 0
recommendation_loss: 1.294194221496582, critic_loss: 0
recommendation_loss: 1.3107247352600098, critic_loss: 0
recommendation_loss: 1.3768324851989746, critic_loss: 0
recommendation_loss: 1.3228486776351929, critic_loss: 0
recommendation_loss: 1.3387571573257446, critic_loss: 0
recommendation_loss: 1.2604912519454956, critic_loss: 0
recommendation_loss: 1.3548239469528198, critic_loss: 0
recommendation_loss: 1.3058178424835205, critic_loss: 0
recommendation_loss: 1.2954983711242676, critic_loss: 0
recommendation_loss: 1.2663371562957764, critic_loss: 0
recommendation_loss: 1.3834419250488281, critic_loss: 0
recommendation_loss: 1.3342509269714355, critic_loss: 0
recommendation_loss: 1.3056058883666992, critic_loss: 0
recommendation_loss: 1.2963379621505737, critic_loss: 0
recommendation_loss: 1.2726078033447266, critic_loss: 0
recommendation_loss: 1.2752642631530762, critic_loss: 0
recommendation_loss: 1.277092456817627, critic_loss: 0
recommendation_loss: 1.3539577722549438, critic_loss: 0
recommendation_loss: 1.3117493391036987, critic_loss: 0
recommendation_loss: 1.2899246215820312, critic_loss: 0
recommendation_loss: 1.2288388013839722, critic_loss: 0
recommendation_loss: 1.28690767288208, critic_loss: 0
recommendation_loss: 1.2848494052886963, critic_loss: 0
recommendation_loss: 1.3097186088562012, critic_loss: 0
recommendation_loss: 1.3099918365478516, critic_loss: 0
recommendation_loss: 1.3129587173461914, critic_loss: 0
recommendation_loss: 1.3248279094696045, critic_loss: 0
recommendation_loss: 1.3330491781234741, critic_loss: 0
recommendation_loss: 1.4250684976577759, critic_loss: 0
recommendation_loss: 1.2661173343658447, critic_loss: 0
recommendation_loss: 1.303952693939209, critic_loss: 0
recommendation_loss: 1.2902911901474, critic_loss: 0
recommendation_loss: 1.3453035354614258, critic_loss: 0
recommendation_loss: 1.2591824531555176, critic_loss: 0
recommendation_loss: 1.3480384349822998, critic_loss: 0
recommendation_loss: 1.3255913257598877, critic_loss: 0
recommendation_loss: 1.3422822952270508, critic_loss: 0
recommendation_loss: 1.3541676998138428, critic_loss: 0
recommendation_loss: 1.333333969116211, critic_loss: 0
recommendation_loss: 1.1993238925933838, critic_loss: 0
recommendation_loss: 1.2984825372695923, critic_loss: 0
recommendation_loss: 1.3363512754440308, critic_loss: 0
recommendation_loss: 1.2875070571899414, critic_loss: 0
recommendation_loss: 1.2957773208618164, critic_loss: 0
recommendation_loss: 1.3435337543487549, critic_loss: 0
recommendation_loss: 1.39128839969635, critic_loss: 0
recommendation_loss: 1.4025835990905762, critic_loss: 0
recommendation_loss: 1.3372958898544312, critic_loss: 0
recommendation_loss: 1.278853416442871, critic_loss: 0
recommendation_loss: 1.310326337814331, critic_loss: 0
recommendation_loss: 1.3625518083572388, critic_loss: 0
recommendation_loss: 1.3071045875549316, critic_loss: 0
recommendation_loss: 1.273866891860962, critic_loss: 0
recommendation_loss: 1.3970273733139038, critic_loss: 0
recommendation_loss: 1.3978350162506104, critic_loss: 0
recommendation_loss: 1.3773071765899658, critic_loss: 0
recommendation_loss: 1.3552472591400146, critic_loss: 0
recommendation_loss: 1.3164756298065186, critic_loss: 0
recommendation_loss: 1.2887308597564697, critic_loss: 0
recommendation_loss: 1.3808941841125488, critic_loss: 0
recommendation_loss: 1.3478392362594604, critic_loss: 0
recommendation_loss: 1.372147798538208, critic_loss: 0
recommendation_loss: 1.353053092956543, critic_loss: 0
recommendation_loss: 1.453720211982727, critic_loss: 0
recommendation_loss: 1.2779920101165771, critic_loss: 0
recommendation_loss: 1.3516451120376587, critic_loss: 0
recommendation_loss: 1.3471654653549194, critic_loss: 0
recommendation_loss: 1.3036104440689087, critic_loss: 0
recommendation_loss: 1.2792929410934448, critic_loss: 0
recommendation_loss: 1.3924930095672607, critic_loss: 0
recommendation_loss: 1.3836092948913574, critic_loss: 0
recommendation_loss: 1.3705977201461792, critic_loss: 0
recommendation_loss: 1.3150999546051025, critic_loss: 0
recommendation_loss: 1.193708062171936, critic_loss: 0
recommendation_loss: 1.4138542413711548, critic_loss: 0
recommendation_loss: 1.2974662780761719, critic_loss: 0
recommendation_loss: 1.417443037033081, critic_loss: 0
recommendation_loss: 1.3623888492584229, critic_loss: 0
recommendation_loss: 1.367459774017334, critic_loss: 0
recommendation_loss: 1.3110910654067993, critic_loss: 0
recommendation_loss: 1.3392181396484375, critic_loss: 0
recommendation_loss: 1.2826586961746216, critic_loss: 0
recommendation_loss: 1.3646399974822998, critic_loss: 0
recommendation_loss: 1.3496650457382202, critic_loss: 0
recommendation_loss: 1.2723863124847412, critic_loss: 0
recommendation_loss: 1.339910626411438, critic_loss: 0
recommendation_loss: 1.3133105039596558, critic_loss: 0
recommendation_loss: 1.2624008655548096, critic_loss: 0
recommendation_loss: 1.306653380393982, critic_loss: 0
recommendation_loss: 1.3402392864227295, critic_loss: 0
recommendation_loss: 1.353275179862976, critic_loss: 0
recommendation_loss: 1.316733717918396, critic_loss: 0
recommendation_loss: 1.3921111822128296, critic_loss: 0
recommendation_loss: 1.3566597700119019, critic_loss: 0
recommendation_loss: 1.2913358211517334, critic_loss: 0
recommendation_loss: 1.327667236328125, critic_loss: 0
recommendation_loss: 1.2480703592300415, critic_loss: 0
recommendation_loss: 1.3241288661956787, critic_loss: 0
recommendation_loss: 1.3138447999954224, critic_loss: 0
recommendation_loss: 1.2798750400543213, critic_loss: 0
recommendation_loss: 1.3048497438430786, critic_loss: 0
recommendation_loss: 1.326380729675293, critic_loss: 0
recommendation_loss: 1.357323169708252, critic_loss: 0
recommendation_loss: 1.3355059623718262, critic_loss: 0
recommendation_loss: 1.3184854984283447, critic_loss: 0
2024-08-09 17:55:43.380819: step 3952/24320 (epoch 13/80), loss = 0.928430 (29.962 sec/epoch), lr: 0.002850
Evaluating on dev set...
...........................
source: 	 mrr: 0.041541	 ndcg_5: 0.0310	 ndcg_10: 0.0397	 hit@1:0.015206	 hit@5:0.0471	 hit@10: 0.0746
target: 	 mrr: 0.050891	 ndcg_5: 0.0400	 ndcg_10: 0.0555	 hit@1:0.020209	 hit@5:0.0599	 hit@10: 0.1087
epoch 13: train_loss = 0.928430, source_hit@10 = 0.0746, source_ndcg@10 = 0.0397, target_hit@10 = 0.1087, target_ndcg@10 = 0.0555

recommendation_loss: 1.36753511428833, critic_loss: 0
recommendation_loss: 1.3100597858428955, critic_loss: 0
recommendation_loss: 1.1899346113204956, critic_loss: 0
recommendation_loss: 1.3136087656021118, critic_loss: 0
recommendation_loss: 1.2720801830291748, critic_loss: 0
recommendation_loss: 1.3135313987731934, critic_loss: 0
recommendation_loss: 1.3749223947525024, critic_loss: 0
recommendation_loss: 1.2747247219085693, critic_loss: 0
recommendation_loss: 1.3587241172790527, critic_loss: 0
recommendation_loss: 1.2914186716079712, critic_loss: 0
recommendation_loss: 1.3162157535552979, critic_loss: 0
recommendation_loss: 1.2640987634658813, critic_loss: 0
recommendation_loss: 1.428755760192871, critic_loss: 0
recommendation_loss: 1.3345445394515991, critic_loss: 0
recommendation_loss: 1.3822338581085205, critic_loss: 0
recommendation_loss: 1.2647019624710083, critic_loss: 0
recommendation_loss: 1.3111329078674316, critic_loss: 0
recommendation_loss: 1.2872480154037476, critic_loss: 0
recommendation_loss: 1.2794994115829468, critic_loss: 0
recommendation_loss: 1.3312931060791016, critic_loss: 0
recommendation_loss: 1.2547353506088257, critic_loss: 0
recommendation_loss: 1.3414983749389648, critic_loss: 0
recommendation_loss: 1.3387069702148438, critic_loss: 0
recommendation_loss: 1.3325377702713013, critic_loss: 0
recommendation_loss: 1.3698047399520874, critic_loss: 0
recommendation_loss: 1.3077276945114136, critic_loss: 0
recommendation_loss: 1.363325834274292, critic_loss: 0
recommendation_loss: 1.2982360124588013, critic_loss: 0
recommendation_loss: 1.331944465637207, critic_loss: 0
recommendation_loss: 1.3153445720672607, critic_loss: 0
recommendation_loss: 1.401314616203308, critic_loss: 0
recommendation_loss: 1.3433761596679688, critic_loss: 0
recommendation_loss: 1.4229488372802734, critic_loss: 0
recommendation_loss: 1.306136131286621, critic_loss: 0
recommendation_loss: 1.268252968788147, critic_loss: 0
recommendation_loss: 1.3280327320098877, critic_loss: 0
recommendation_loss: 1.398963451385498, critic_loss: 0
recommendation_loss: 1.33822762966156, critic_loss: 0
recommendation_loss: 1.3052241802215576, critic_loss: 0
recommendation_loss: 1.2751251459121704, critic_loss: 0
recommendation_loss: 1.283860206604004, critic_loss: 0
recommendation_loss: 1.3306688070297241, critic_loss: 0
recommendation_loss: 1.3978221416473389, critic_loss: 0
recommendation_loss: 1.3147830963134766, critic_loss: 0
recommendation_loss: 1.3016784191131592, critic_loss: 0
recommendation_loss: 1.3528556823730469, critic_loss: 0
recommendation_loss: 1.3487591743469238, critic_loss: 0
recommendation_loss: 1.3667559623718262, critic_loss: 0
recommendation_loss: 1.292931079864502, critic_loss: 0
recommendation_loss: 1.3044596910476685, critic_loss: 0
recommendation_loss: 1.294263482093811, critic_loss: 0
recommendation_loss: 1.3040590286254883, critic_loss: 0
recommendation_loss: 1.247105360031128, critic_loss: 0
recommendation_loss: 1.253137230873108, critic_loss: 0
recommendation_loss: 1.3139324188232422, critic_loss: 0
recommendation_loss: 1.2510099411010742, critic_loss: 0
recommendation_loss: 1.3274415731430054, critic_loss: 0
recommendation_loss: 1.31524658203125, critic_loss: 0
recommendation_loss: 1.3363399505615234, critic_loss: 0
recommendation_loss: 1.351699948310852, critic_loss: 0
recommendation_loss: 1.315565824508667, critic_loss: 0
recommendation_loss: 1.360342025756836, critic_loss: 0
recommendation_loss: 1.2809207439422607, critic_loss: 0
recommendation_loss: 1.3371429443359375, critic_loss: 0
recommendation_loss: 1.3005712032318115, critic_loss: 0
recommendation_loss: 1.250551700592041, critic_loss: 0
recommendation_loss: 1.2653818130493164, critic_loss: 0
recommendation_loss: 1.3092947006225586, critic_loss: 0
recommendation_loss: 1.343792200088501, critic_loss: 0
recommendation_loss: 1.3411314487457275, critic_loss: 0
recommendation_loss: 1.3933568000793457, critic_loss: 0
recommendation_loss: 1.3071231842041016, critic_loss: 0
recommendation_loss: 1.2594913244247437, critic_loss: 0
recommendation_loss: 1.2309931516647339, critic_loss: 0
recommendation_loss: 1.4301036596298218, critic_loss: 0
recommendation_loss: 1.2515196800231934, critic_loss: 0
recommendation_loss: 1.3130046129226685, critic_loss: 0
recommendation_loss: 1.3533923625946045, critic_loss: 0
recommendation_loss: 1.2682164907455444, critic_loss: 0
recommendation_loss: 1.2950146198272705, critic_loss: 0
recommendation_loss: 1.2405290603637695, critic_loss: 0
recommendation_loss: 1.2405847311019897, critic_loss: 0
recommendation_loss: 1.306620478630066, critic_loss: 0
recommendation_loss: 1.3163564205169678, critic_loss: 0
recommendation_loss: 1.3013510704040527, critic_loss: 0
recommendation_loss: 1.2569620609283447, critic_loss: 0
recommendation_loss: 1.4051192998886108, critic_loss: 0
recommendation_loss: 1.280283808708191, critic_loss: 0
recommendation_loss: 1.3148571252822876, critic_loss: 0
recommendation_loss: 1.259011149406433, critic_loss: 0
recommendation_loss: 1.3046327829360962, critic_loss: 0
recommendation_loss: 1.2480143308639526, critic_loss: 0
recommendation_loss: 1.2958508729934692, critic_loss: 0
recommendation_loss: 1.2370914220809937, critic_loss: 0
recommendation_loss: 1.2935512065887451, critic_loss: 0
recommendation_loss: 1.2885074615478516, critic_loss: 0
recommendation_loss: 1.3518171310424805, critic_loss: 0
recommendation_loss: 1.2335124015808105, critic_loss: 0
recommendation_loss: 1.3532977104187012, critic_loss: 0
recommendation_loss: 1.3789236545562744, critic_loss: 0
recommendation_loss: 1.2483007907867432, critic_loss: 0
recommendation_loss: 1.3176771402359009, critic_loss: 0
recommendation_loss: 1.323288917541504, critic_loss: 0
recommendation_loss: 1.401724100112915, critic_loss: 0
recommendation_loss: 1.2222347259521484, critic_loss: 0
recommendation_loss: 1.2981038093566895, critic_loss: 0
recommendation_loss: 1.341475248336792, critic_loss: 0
recommendation_loss: 1.3400306701660156, critic_loss: 0
recommendation_loss: 1.2614825963974, critic_loss: 0
recommendation_loss: 1.2042909860610962, critic_loss: 0
recommendation_loss: 1.3450912237167358, critic_loss: 0
recommendation_loss: 1.4006590843200684, critic_loss: 0
recommendation_loss: 1.2740681171417236, critic_loss: 0
recommendation_loss: 1.260343074798584, critic_loss: 0
recommendation_loss: 1.3606581687927246, critic_loss: 0
recommendation_loss: 1.3340201377868652, critic_loss: 0
recommendation_loss: 1.3388231992721558, critic_loss: 0
recommendation_loss: 1.2887859344482422, critic_loss: 0
recommendation_loss: 1.2849678993225098, critic_loss: 0
recommendation_loss: 1.3487884998321533, critic_loss: 0
recommendation_loss: 1.3054590225219727, critic_loss: 0
recommendation_loss: 1.2909300327301025, critic_loss: 0
recommendation_loss: 1.3535268306732178, critic_loss: 0
recommendation_loss: 1.4452508687973022, critic_loss: 0
recommendation_loss: 1.2764157056808472, critic_loss: 0
recommendation_loss: 1.3110973834991455, critic_loss: 0
recommendation_loss: 1.2471637725830078, critic_loss: 0
recommendation_loss: 1.295053243637085, critic_loss: 0
recommendation_loss: 1.28450345993042, critic_loss: 0
recommendation_loss: 1.3733385801315308, critic_loss: 0
recommendation_loss: 1.3742129802703857, critic_loss: 0
recommendation_loss: 1.3413792848587036, critic_loss: 0
recommendation_loss: 1.3736947774887085, critic_loss: 0
recommendation_loss: 1.3617584705352783, critic_loss: 0
recommendation_loss: 1.4060888290405273, critic_loss: 0
recommendation_loss: 1.4061897993087769, critic_loss: 0
recommendation_loss: 1.3335397243499756, critic_loss: 0
recommendation_loss: 1.3237802982330322, critic_loss: 0
recommendation_loss: 1.2836802005767822, critic_loss: 0
recommendation_loss: 1.298715591430664, critic_loss: 0
recommendation_loss: 1.1802775859832764, critic_loss: 0
recommendation_loss: 1.2810620069503784, critic_loss: 0
recommendation_loss: 1.3436108827590942, critic_loss: 0
recommendation_loss: 1.3290457725524902, critic_loss: 0
recommendation_loss: 1.3415086269378662, critic_loss: 0
recommendation_loss: 1.2464123964309692, critic_loss: 0
recommendation_loss: 1.3650521039962769, critic_loss: 0
recommendation_loss: 1.4181737899780273, critic_loss: 0
recommendation_loss: 1.200127124786377, critic_loss: 0
recommendation_loss: 1.2820513248443604, critic_loss: 0
recommendation_loss: 1.3183850049972534, critic_loss: 0
recommendation_loss: 1.2533764839172363, critic_loss: 0
recommendation_loss: 1.3319282531738281, critic_loss: 0
recommendation_loss: 1.3187086582183838, critic_loss: 0
recommendation_loss: 1.2286243438720703, critic_loss: 0
recommendation_loss: 1.3397225141525269, critic_loss: 0
recommendation_loss: 1.3055649995803833, critic_loss: 0
recommendation_loss: 1.2484629154205322, critic_loss: 0
recommendation_loss: 1.3139780759811401, critic_loss: 0
recommendation_loss: 1.3148609399795532, critic_loss: 0
recommendation_loss: 1.3107308149337769, critic_loss: 0
recommendation_loss: 1.2184611558914185, critic_loss: 0
recommendation_loss: 1.3142597675323486, critic_loss: 0
recommendation_loss: 1.3078598976135254, critic_loss: 0
recommendation_loss: 1.2959520816802979, critic_loss: 0
recommendation_loss: 1.3055018186569214, critic_loss: 0
recommendation_loss: 1.2939741611480713, critic_loss: 0
recommendation_loss: 1.244673490524292, critic_loss: 0
recommendation_loss: 1.2610321044921875, critic_loss: 0
recommendation_loss: 1.2000617980957031, critic_loss: 0
recommendation_loss: 1.270944356918335, critic_loss: 0
recommendation_loss: 1.2779154777526855, critic_loss: 0
recommendation_loss: 1.3276073932647705, critic_loss: 0
recommendation_loss: 1.3719481229782104, critic_loss: 0
recommendation_loss: 1.3282467126846313, critic_loss: 0
recommendation_loss: 1.2230384349822998, critic_loss: 0
recommendation_loss: 1.2678934335708618, critic_loss: 0
recommendation_loss: 1.161516547203064, critic_loss: 0
recommendation_loss: 1.2838282585144043, critic_loss: 0
recommendation_loss: 1.335023045539856, critic_loss: 0
recommendation_loss: 1.2589362859725952, critic_loss: 0
recommendation_loss: 1.3384621143341064, critic_loss: 0
recommendation_loss: 1.322967290878296, critic_loss: 0
recommendation_loss: 1.3110243082046509, critic_loss: 0
recommendation_loss: 1.2873947620391846, critic_loss: 0
recommendation_loss: 1.3104677200317383, critic_loss: 0
recommendation_loss: 1.3048176765441895, critic_loss: 0
recommendation_loss: 1.2834290266036987, critic_loss: 0
recommendation_loss: 1.324860692024231, critic_loss: 0
recommendation_loss: 1.337956428527832, critic_loss: 0
recommendation_loss: 1.3091367483139038, critic_loss: 0
recommendation_loss: 1.359265923500061, critic_loss: 0
recommendation_loss: 1.2563869953155518, critic_loss: 0
recommendation_loss: 1.3435814380645752, critic_loss: 0
recommendation_loss: 1.3307594060897827, critic_loss: 0
recommendation_loss: 1.2503385543823242, critic_loss: 0
recommendation_loss: 1.2617238759994507, critic_loss: 0
recommendation_loss: 1.2900588512420654, critic_loss: 0
recommendation_loss: 1.3195469379425049, critic_loss: 0
recommendation_loss: 1.2728755474090576, critic_loss: 0
recommendation_loss: 1.270655870437622, critic_loss: 0
recommendation_loss: 1.3440247774124146, critic_loss: 0
recommendation_loss: 1.2961121797561646, critic_loss: 0
recommendation_loss: 1.1971482038497925, critic_loss: 0
recommendation_loss: 1.2973836660385132, critic_loss: 0
recommendation_loss: 1.405074119567871, critic_loss: 0
recommendation_loss: 1.2518011331558228, critic_loss: 0
recommendation_loss: 1.3943943977355957, critic_loss: 0
recommendation_loss: 1.2756015062332153, critic_loss: 0
recommendation_loss: 1.256065845489502, critic_loss: 0
recommendation_loss: 1.3353794813156128, critic_loss: 0
recommendation_loss: 1.3521127700805664, critic_loss: 0
recommendation_loss: 1.3607851266860962, critic_loss: 0
recommendation_loss: 1.3255870342254639, critic_loss: 0
recommendation_loss: 1.2254626750946045, critic_loss: 0
recommendation_loss: 1.3720871210098267, critic_loss: 0
recommendation_loss: 1.3924989700317383, critic_loss: 0
recommendation_loss: 1.3377636671066284, critic_loss: 0
recommendation_loss: 1.2694748640060425, critic_loss: 0
recommendation_loss: 1.354864239692688, critic_loss: 0
recommendation_loss: 1.3674310445785522, critic_loss: 0
recommendation_loss: 1.2661328315734863, critic_loss: 0
recommendation_loss: 1.296335220336914, critic_loss: 0
recommendation_loss: 1.2498008012771606, critic_loss: 0
recommendation_loss: 1.3769289255142212, critic_loss: 0
recommendation_loss: 1.3690319061279297, critic_loss: 0
recommendation_loss: 1.28556489944458, critic_loss: 0
recommendation_loss: 1.3580032587051392, critic_loss: 0
recommendation_loss: 1.2514461278915405, critic_loss: 0
recommendation_loss: 1.3283021450042725, critic_loss: 0
recommendation_loss: 1.3122262954711914, critic_loss: 0
recommendation_loss: 1.3167719841003418, critic_loss: 0
recommendation_loss: 1.2388354539871216, critic_loss: 0
recommendation_loss: 1.3105449676513672, critic_loss: 0
recommendation_loss: 1.3298897743225098, critic_loss: 0
recommendation_loss: 1.2871593236923218, critic_loss: 0
recommendation_loss: 1.3985031843185425, critic_loss: 0
recommendation_loss: 1.317679762840271, critic_loss: 0
recommendation_loss: 1.2248129844665527, critic_loss: 0
recommendation_loss: 1.3215466737747192, critic_loss: 0
recommendation_loss: 1.2043876647949219, critic_loss: 0
recommendation_loss: 1.3215434551239014, critic_loss: 0
recommendation_loss: 1.1739768981933594, critic_loss: 0
recommendation_loss: 1.2968132495880127, critic_loss: 0
recommendation_loss: 1.3536421060562134, critic_loss: 0
recommendation_loss: 1.3843762874603271, critic_loss: 0
recommendation_loss: 1.3718390464782715, critic_loss: 0
recommendation_loss: 1.2434719800949097, critic_loss: 0
recommendation_loss: 1.273946762084961, critic_loss: 0
recommendation_loss: 1.3541327714920044, critic_loss: 0
recommendation_loss: 1.2975437641143799, critic_loss: 0
recommendation_loss: 1.2803107500076294, critic_loss: 0
recommendation_loss: 1.2993918657302856, critic_loss: 0
recommendation_loss: 1.3620473146438599, critic_loss: 0
recommendation_loss: 1.345274806022644, critic_loss: 0
recommendation_loss: 1.3721939325332642, critic_loss: 0
recommendation_loss: 1.2327430248260498, critic_loss: 0
recommendation_loss: 1.2846391201019287, critic_loss: 0
recommendation_loss: 1.3712154626846313, critic_loss: 0
recommendation_loss: 1.232861042022705, critic_loss: 0
recommendation_loss: 1.3471598625183105, critic_loss: 0
recommendation_loss: 1.3216907978057861, critic_loss: 0
recommendation_loss: 1.328865885734558, critic_loss: 0
recommendation_loss: 1.3013432025909424, critic_loss: 0
recommendation_loss: 1.2447892427444458, critic_loss: 0
recommendation_loss: 1.2572978734970093, critic_loss: 0
recommendation_loss: 1.2913758754730225, critic_loss: 0
recommendation_loss: 1.2433087825775146, critic_loss: 0
recommendation_loss: 1.373811960220337, critic_loss: 0
recommendation_loss: 1.3021326065063477, critic_loss: 0
recommendation_loss: 1.3105580806732178, critic_loss: 0
recommendation_loss: 1.2999359369277954, critic_loss: 0
recommendation_loss: 1.2344331741333008, critic_loss: 0
recommendation_loss: 1.2531757354736328, critic_loss: 0
recommendation_loss: 1.3192391395568848, critic_loss: 0
recommendation_loss: 1.3042479753494263, critic_loss: 0
recommendation_loss: 1.3466322422027588, critic_loss: 0
recommendation_loss: 1.3863694667816162, critic_loss: 0
recommendation_loss: 1.2782334089279175, critic_loss: 0
recommendation_loss: 1.272353172302246, critic_loss: 0
recommendation_loss: 1.2785725593566895, critic_loss: 0
recommendation_loss: 1.267858624458313, critic_loss: 0
recommendation_loss: 1.2650127410888672, critic_loss: 0
recommendation_loss: 1.3870923519134521, critic_loss: 0
recommendation_loss: 1.4181742668151855, critic_loss: 0
recommendation_loss: 1.251586675643921, critic_loss: 0
recommendation_loss: 1.341942310333252, critic_loss: 0
recommendation_loss: 1.338484287261963, critic_loss: 0
recommendation_loss: 1.273354411125183, critic_loss: 0
recommendation_loss: 1.2943849563598633, critic_loss: 0
recommendation_loss: 1.328241229057312, critic_loss: 0
recommendation_loss: 1.3113363981246948, critic_loss: 0
recommendation_loss: 1.3120970726013184, critic_loss: 0
recommendation_loss: 1.2169088125228882, critic_loss: 0
recommendation_loss: 1.2153351306915283, critic_loss: 0
recommendation_loss: 1.2754709720611572, critic_loss: 0
recommendation_loss: 1.2936172485351562, critic_loss: 0
recommendation_loss: 1.3023223876953125, critic_loss: 0
recommendation_loss: 1.3112906217575073, critic_loss: 0
recommendation_loss: 1.2896758317947388, critic_loss: 0
recommendation_loss: 1.389650583267212, critic_loss: 0
recommendation_loss: 1.3224586248397827, critic_loss: 0
recommendation_loss: 1.3119274377822876, critic_loss: 0
recommendation_loss: 1.306929588317871, critic_loss: 0
2024-08-09 17:56:13.862651: step 4256/24320 (epoch 14/80), loss = 0.915813 (30.150 sec/epoch), lr: 0.002707
Evaluating on dev set...
...........................
source: 	 mrr: 0.020880	 ndcg_5: 0.0132	 ndcg_10: 0.0166	 hit@1:0.007241	 hit@5:0.0188	 hit@10: 0.0297
target: 	 mrr: 0.047055	 ndcg_5: 0.0385	 ndcg_10: 0.0488	 hit@1:0.018118	 hit@5:0.0592	 hit@10: 0.0913
epoch 14: train_loss = 0.915813, source_hit@10 = 0.0297, source_ndcg@10 = 0.0166, target_hit@10 = 0.0913, target_ndcg@10 = 0.0488

recommendation_loss: 1.3877151012420654, critic_loss: 0
recommendation_loss: 1.2872048616409302, critic_loss: 0
recommendation_loss: 1.2760670185089111, critic_loss: 0
recommendation_loss: 1.2507383823394775, critic_loss: 0
recommendation_loss: 1.2761509418487549, critic_loss: 0
recommendation_loss: 1.3062552213668823, critic_loss: 0
recommendation_loss: 1.233410358428955, critic_loss: 0
recommendation_loss: 1.264406681060791, critic_loss: 0
recommendation_loss: 1.2703287601470947, critic_loss: 0
recommendation_loss: 1.2841310501098633, critic_loss: 0
recommendation_loss: 1.2733649015426636, critic_loss: 0
recommendation_loss: 1.2854764461517334, critic_loss: 0
recommendation_loss: 1.3611226081848145, critic_loss: 0
recommendation_loss: 1.349080204963684, critic_loss: 0
recommendation_loss: 1.3089513778686523, critic_loss: 0
recommendation_loss: 1.2740857601165771, critic_loss: 0
recommendation_loss: 1.236690640449524, critic_loss: 0
recommendation_loss: 1.3262557983398438, critic_loss: 0
recommendation_loss: 1.2794831991195679, critic_loss: 0
recommendation_loss: 1.252065658569336, critic_loss: 0
recommendation_loss: 1.2789158821105957, critic_loss: 0
recommendation_loss: 1.2467503547668457, critic_loss: 0
recommendation_loss: 1.2664443254470825, critic_loss: 0
recommendation_loss: 1.314987063407898, critic_loss: 0
recommendation_loss: 1.2809377908706665, critic_loss: 0
recommendation_loss: 1.3340466022491455, critic_loss: 0
recommendation_loss: 1.2171220779418945, critic_loss: 0
recommendation_loss: 1.31264066696167, critic_loss: 0
recommendation_loss: 1.2715378999710083, critic_loss: 0
recommendation_loss: 1.2983758449554443, critic_loss: 0
recommendation_loss: 1.2623655796051025, critic_loss: 0
recommendation_loss: 1.1906511783599854, critic_loss: 0
recommendation_loss: 1.2501630783081055, critic_loss: 0
recommendation_loss: 1.3102600574493408, critic_loss: 0
recommendation_loss: 1.3247089385986328, critic_loss: 0
recommendation_loss: 1.2259852886199951, critic_loss: 0
recommendation_loss: 1.316943645477295, critic_loss: 0
recommendation_loss: 1.2580844163894653, critic_loss: 0
recommendation_loss: 1.3122477531433105, critic_loss: 0
recommendation_loss: 1.2719124555587769, critic_loss: 0
recommendation_loss: 1.317155122756958, critic_loss: 0
recommendation_loss: 1.2900981903076172, critic_loss: 0
recommendation_loss: 1.334954023361206, critic_loss: 0
recommendation_loss: 1.3201415538787842, critic_loss: 0
recommendation_loss: 1.2809711694717407, critic_loss: 0
recommendation_loss: 1.2944484949111938, critic_loss: 0
recommendation_loss: 1.2913779020309448, critic_loss: 0
recommendation_loss: 1.213559627532959, critic_loss: 0
recommendation_loss: 1.2684351205825806, critic_loss: 0
recommendation_loss: 1.26108980178833, critic_loss: 0
recommendation_loss: 1.3259769678115845, critic_loss: 0
recommendation_loss: 1.3565349578857422, critic_loss: 0
recommendation_loss: 1.3344383239746094, critic_loss: 0
recommendation_loss: 1.2668638229370117, critic_loss: 0
recommendation_loss: 1.2707629203796387, critic_loss: 0
recommendation_loss: 1.3151233196258545, critic_loss: 0
recommendation_loss: 1.2979998588562012, critic_loss: 0
recommendation_loss: 1.2863540649414062, critic_loss: 0
recommendation_loss: 1.4015440940856934, critic_loss: 0
recommendation_loss: 1.3684585094451904, critic_loss: 0
recommendation_loss: 1.2826039791107178, critic_loss: 0
recommendation_loss: 1.2871479988098145, critic_loss: 0
recommendation_loss: 1.3573616743087769, critic_loss: 0
recommendation_loss: 1.3423094749450684, critic_loss: 0
recommendation_loss: 1.29752779006958, critic_loss: 0
recommendation_loss: 1.2305271625518799, critic_loss: 0
recommendation_loss: 1.2654979228973389, critic_loss: 0
recommendation_loss: 1.3197028636932373, critic_loss: 0
recommendation_loss: 1.2617099285125732, critic_loss: 0
recommendation_loss: 1.2877411842346191, critic_loss: 0
recommendation_loss: 1.250638723373413, critic_loss: 0
recommendation_loss: 1.2893731594085693, critic_loss: 0
recommendation_loss: 1.2872378826141357, critic_loss: 0
recommendation_loss: 1.2541694641113281, critic_loss: 0
recommendation_loss: 1.2617239952087402, critic_loss: 0
recommendation_loss: 1.3226239681243896, critic_loss: 0
recommendation_loss: 1.2522468566894531, critic_loss: 0
recommendation_loss: 1.2363331317901611, critic_loss: 0
recommendation_loss: 1.198005199432373, critic_loss: 0
recommendation_loss: 1.2519418001174927, critic_loss: 0
recommendation_loss: 1.277160406112671, critic_loss: 0
recommendation_loss: 1.3247069120407104, critic_loss: 0
recommendation_loss: 1.2112458944320679, critic_loss: 0
recommendation_loss: 1.2945730686187744, critic_loss: 0
recommendation_loss: 1.3315000534057617, critic_loss: 0
recommendation_loss: 1.2508015632629395, critic_loss: 0
recommendation_loss: 1.2933140993118286, critic_loss: 0
recommendation_loss: 1.2192853689193726, critic_loss: 0
recommendation_loss: 1.2804558277130127, critic_loss: 0
recommendation_loss: 1.2749096155166626, critic_loss: 0
recommendation_loss: 1.2528687715530396, critic_loss: 0
recommendation_loss: 1.2424253225326538, critic_loss: 0
recommendation_loss: 1.2339417934417725, critic_loss: 0
recommendation_loss: 1.2767277956008911, critic_loss: 0
recommendation_loss: 1.2301501035690308, critic_loss: 0
recommendation_loss: 1.2168025970458984, critic_loss: 0
recommendation_loss: 1.3409945964813232, critic_loss: 0
recommendation_loss: 1.2397228479385376, critic_loss: 0
recommendation_loss: 1.1318724155426025, critic_loss: 0
recommendation_loss: 1.3438115119934082, critic_loss: 0
recommendation_loss: 1.225785255432129, critic_loss: 0
recommendation_loss: 1.253093957901001, critic_loss: 0
recommendation_loss: 1.322634220123291, critic_loss: 0
recommendation_loss: 1.2661523818969727, critic_loss: 0
recommendation_loss: 1.3025636672973633, critic_loss: 0
recommendation_loss: 1.331250548362732, critic_loss: 0
recommendation_loss: 1.3029147386550903, critic_loss: 0
recommendation_loss: 1.3266159296035767, critic_loss: 0
recommendation_loss: 1.324401617050171, critic_loss: 0
recommendation_loss: 1.2340500354766846, critic_loss: 0
recommendation_loss: 1.3599731922149658, critic_loss: 0
recommendation_loss: 1.2863205671310425, critic_loss: 0
recommendation_loss: 1.3035004138946533, critic_loss: 0
recommendation_loss: 1.2861340045928955, critic_loss: 0
recommendation_loss: 1.2728066444396973, critic_loss: 0
recommendation_loss: 1.2744200229644775, critic_loss: 0
recommendation_loss: 1.2942036390304565, critic_loss: 0
recommendation_loss: 1.217602252960205, critic_loss: 0
recommendation_loss: 1.2038652896881104, critic_loss: 0
recommendation_loss: 1.26361882686615, critic_loss: 0
recommendation_loss: 1.2509301900863647, critic_loss: 0
recommendation_loss: 1.2348966598510742, critic_loss: 0
recommendation_loss: 1.3236502408981323, critic_loss: 0
recommendation_loss: 1.373037338256836, critic_loss: 0
recommendation_loss: 1.218225121498108, critic_loss: 0
recommendation_loss: 1.3188436031341553, critic_loss: 0
recommendation_loss: 1.273661494255066, critic_loss: 0
recommendation_loss: 1.3416714668273926, critic_loss: 0
recommendation_loss: 1.2966192960739136, critic_loss: 0
recommendation_loss: 1.3090726137161255, critic_loss: 0
recommendation_loss: 1.3435455560684204, critic_loss: 0
recommendation_loss: 1.3230438232421875, critic_loss: 0
recommendation_loss: 1.3161685466766357, critic_loss: 0
recommendation_loss: 1.3275554180145264, critic_loss: 0
recommendation_loss: 1.321629285812378, critic_loss: 0
recommendation_loss: 1.3624823093414307, critic_loss: 0
recommendation_loss: 1.2986332178115845, critic_loss: 0
recommendation_loss: 1.2518385648727417, critic_loss: 0
recommendation_loss: 1.3172693252563477, critic_loss: 0
recommendation_loss: 1.2463476657867432, critic_loss: 0
recommendation_loss: 1.2469507455825806, critic_loss: 0
recommendation_loss: 1.2420547008514404, critic_loss: 0
recommendation_loss: 1.3024914264678955, critic_loss: 0
recommendation_loss: 1.2376295328140259, critic_loss: 0
recommendation_loss: 1.3616520166397095, critic_loss: 0
recommendation_loss: 1.2565112113952637, critic_loss: 0
recommendation_loss: 1.3439728021621704, critic_loss: 0
recommendation_loss: 1.3368759155273438, critic_loss: 0
recommendation_loss: 1.2877585887908936, critic_loss: 0
recommendation_loss: 1.3312336206436157, critic_loss: 0
recommendation_loss: 1.2845873832702637, critic_loss: 0
recommendation_loss: 1.2815361022949219, critic_loss: 0
recommendation_loss: 1.3339598178863525, critic_loss: 0
recommendation_loss: 1.2433290481567383, critic_loss: 0
recommendation_loss: 1.264636516571045, critic_loss: 0
recommendation_loss: 1.2004436254501343, critic_loss: 0
recommendation_loss: 1.253706932067871, critic_loss: 0
recommendation_loss: 1.1807631254196167, critic_loss: 0
recommendation_loss: 1.3044581413269043, critic_loss: 0
recommendation_loss: 1.3478903770446777, critic_loss: 0
recommendation_loss: 1.3352991342544556, critic_loss: 0
recommendation_loss: 1.2498469352722168, critic_loss: 0
recommendation_loss: 1.3689627647399902, critic_loss: 0
recommendation_loss: 1.173927664756775, critic_loss: 0
recommendation_loss: 1.243156909942627, critic_loss: 0
recommendation_loss: 1.2861300706863403, critic_loss: 0
recommendation_loss: 1.2140172719955444, critic_loss: 0
recommendation_loss: 1.308038592338562, critic_loss: 0
recommendation_loss: 1.2489638328552246, critic_loss: 0
recommendation_loss: 1.1796845197677612, critic_loss: 0
recommendation_loss: 1.1996442079544067, critic_loss: 0
recommendation_loss: 1.2166736125946045, critic_loss: 0
recommendation_loss: 1.2518733739852905, critic_loss: 0
recommendation_loss: 1.3298003673553467, critic_loss: 0
recommendation_loss: 1.3450956344604492, critic_loss: 0
recommendation_loss: 1.2781074047088623, critic_loss: 0
recommendation_loss: 1.241328239440918, critic_loss: 0
recommendation_loss: 1.2747536897659302, critic_loss: 0
recommendation_loss: 1.2685593366622925, critic_loss: 0
recommendation_loss: 1.2888538837432861, critic_loss: 0
recommendation_loss: 1.2420971393585205, critic_loss: 0
recommendation_loss: 1.32247793674469, critic_loss: 0
recommendation_loss: 1.1493186950683594, critic_loss: 0
recommendation_loss: 1.259757399559021, critic_loss: 0
recommendation_loss: 1.2535762786865234, critic_loss: 0
recommendation_loss: 1.2595062255859375, critic_loss: 0
recommendation_loss: 1.3590480089187622, critic_loss: 0
recommendation_loss: 1.2803571224212646, critic_loss: 0
recommendation_loss: 1.2518651485443115, critic_loss: 0
recommendation_loss: 1.2756478786468506, critic_loss: 0
recommendation_loss: 1.163981318473816, critic_loss: 0
recommendation_loss: 1.3196536302566528, critic_loss: 0
recommendation_loss: 1.285158395767212, critic_loss: 0
recommendation_loss: 1.3139574527740479, critic_loss: 0
recommendation_loss: 1.2895301580429077, critic_loss: 0
recommendation_loss: 1.3374823331832886, critic_loss: 0
recommendation_loss: 1.311293125152588, critic_loss: 0
recommendation_loss: 1.1908153295516968, critic_loss: 0
recommendation_loss: 1.3074952363967896, critic_loss: 0
recommendation_loss: 1.2349350452423096, critic_loss: 0
recommendation_loss: 1.305997610092163, critic_loss: 0
recommendation_loss: 1.3065614700317383, critic_loss: 0
recommendation_loss: 1.3087351322174072, critic_loss: 0
recommendation_loss: 1.2990307807922363, critic_loss: 0
recommendation_loss: 1.320879578590393, critic_loss: 0
recommendation_loss: 1.3633986711502075, critic_loss: 0
recommendation_loss: 1.2636264562606812, critic_loss: 0
recommendation_loss: 1.3182930946350098, critic_loss: 0
recommendation_loss: 1.4166390895843506, critic_loss: 0
recommendation_loss: 1.247158169746399, critic_loss: 0
recommendation_loss: 1.236770510673523, critic_loss: 0
recommendation_loss: 1.223615288734436, critic_loss: 0
recommendation_loss: 1.3131879568099976, critic_loss: 0
recommendation_loss: 1.2101584672927856, critic_loss: 0
recommendation_loss: 1.2159175872802734, critic_loss: 0
recommendation_loss: 1.3506864309310913, critic_loss: 0
recommendation_loss: 1.2553811073303223, critic_loss: 0
recommendation_loss: 1.286741018295288, critic_loss: 0
recommendation_loss: 1.2133733034133911, critic_loss: 0
recommendation_loss: 1.2076432704925537, critic_loss: 0
recommendation_loss: 1.308964729309082, critic_loss: 0
recommendation_loss: 1.3441612720489502, critic_loss: 0
recommendation_loss: 1.2262938022613525, critic_loss: 0
recommendation_loss: 1.2937467098236084, critic_loss: 0
recommendation_loss: 1.390439748764038, critic_loss: 0
recommendation_loss: 1.2832220792770386, critic_loss: 0
recommendation_loss: 1.3032546043395996, critic_loss: 0
recommendation_loss: 1.4185538291931152, critic_loss: 0
recommendation_loss: 1.2958807945251465, critic_loss: 0
recommendation_loss: 1.3237704038619995, critic_loss: 0
recommendation_loss: 1.2523812055587769, critic_loss: 0
recommendation_loss: 1.3395307064056396, critic_loss: 0
recommendation_loss: 1.3040876388549805, critic_loss: 0
recommendation_loss: 1.3491032123565674, critic_loss: 0
recommendation_loss: 1.301753044128418, critic_loss: 0
recommendation_loss: 1.2531746625900269, critic_loss: 0
recommendation_loss: 1.3660460710525513, critic_loss: 0
recommendation_loss: 1.2076945304870605, critic_loss: 0
recommendation_loss: 1.201076865196228, critic_loss: 0
recommendation_loss: 1.2549538612365723, critic_loss: 0
recommendation_loss: 1.2171027660369873, critic_loss: 0
recommendation_loss: 1.2927311658859253, critic_loss: 0
recommendation_loss: 1.2177504301071167, critic_loss: 0
recommendation_loss: 1.206566333770752, critic_loss: 0
recommendation_loss: 1.3570054769515991, critic_loss: 0
recommendation_loss: 1.3128846883773804, critic_loss: 0
recommendation_loss: 1.411486029624939, critic_loss: 0
recommendation_loss: 1.2922917604446411, critic_loss: 0
recommendation_loss: 1.2189370393753052, critic_loss: 0
recommendation_loss: 1.3702280521392822, critic_loss: 0
recommendation_loss: 1.3155052661895752, critic_loss: 0
recommendation_loss: 1.2420768737792969, critic_loss: 0
recommendation_loss: 1.2889574766159058, critic_loss: 0
recommendation_loss: 1.349589467048645, critic_loss: 0
recommendation_loss: 1.3032702207565308, critic_loss: 0
recommendation_loss: 1.2632462978363037, critic_loss: 0
recommendation_loss: 1.2471129894256592, critic_loss: 0
recommendation_loss: 1.2868058681488037, critic_loss: 0
recommendation_loss: 1.3023196458816528, critic_loss: 0
recommendation_loss: 1.2878223657608032, critic_loss: 0
recommendation_loss: 1.3163096904754639, critic_loss: 0
recommendation_loss: 1.3043653964996338, critic_loss: 0
recommendation_loss: 1.269461989402771, critic_loss: 0
recommendation_loss: 1.312944769859314, critic_loss: 0
recommendation_loss: 1.333522081375122, critic_loss: 0
recommendation_loss: 1.2599005699157715, critic_loss: 0
recommendation_loss: 1.195561170578003, critic_loss: 0
recommendation_loss: 1.2507069110870361, critic_loss: 0
recommendation_loss: 1.3081567287445068, critic_loss: 0
recommendation_loss: 1.2817131280899048, critic_loss: 0
recommendation_loss: 1.2842462062835693, critic_loss: 0
recommendation_loss: 1.253029465675354, critic_loss: 0
recommendation_loss: 1.2618904113769531, critic_loss: 0
recommendation_loss: 1.317935585975647, critic_loss: 0
recommendation_loss: 1.2499057054519653, critic_loss: 0
recommendation_loss: 1.2510042190551758, critic_loss: 0
recommendation_loss: 1.2782639265060425, critic_loss: 0
recommendation_loss: 1.3637197017669678, critic_loss: 0
recommendation_loss: 1.2991065979003906, critic_loss: 0
recommendation_loss: 1.2359427213668823, critic_loss: 0
recommendation_loss: 1.2539974451065063, critic_loss: 0
recommendation_loss: 1.277384638786316, critic_loss: 0
recommendation_loss: 1.3707635402679443, critic_loss: 0
recommendation_loss: 1.291104793548584, critic_loss: 0
recommendation_loss: 1.3115214109420776, critic_loss: 0
recommendation_loss: 1.2115864753723145, critic_loss: 0
recommendation_loss: 1.298966884613037, critic_loss: 0
recommendation_loss: 1.2521898746490479, critic_loss: 0
recommendation_loss: 1.319581389427185, critic_loss: 0
recommendation_loss: 1.309795618057251, critic_loss: 0
recommendation_loss: 1.25629723072052, critic_loss: 0
recommendation_loss: 1.2761034965515137, critic_loss: 0
recommendation_loss: 1.2101889848709106, critic_loss: 0
recommendation_loss: 1.2890963554382324, critic_loss: 0
recommendation_loss: 1.2666161060333252, critic_loss: 0
recommendation_loss: 1.3249034881591797, critic_loss: 0
recommendation_loss: 1.2097200155258179, critic_loss: 0
recommendation_loss: 1.4013526439666748, critic_loss: 0
recommendation_loss: 1.270104169845581, critic_loss: 0
recommendation_loss: 1.2577919960021973, critic_loss: 0
recommendation_loss: 1.3426234722137451, critic_loss: 0
recommendation_loss: 1.337456464767456, critic_loss: 0
recommendation_loss: 1.3209329843521118, critic_loss: 0
recommendation_loss: 1.2424317598342896, critic_loss: 0
2024-08-09 17:56:44.158806: step 4560/24320 (epoch 15/80), loss = 0.898666 (29.962 sec/epoch), lr: 0.002572
Evaluating on dev set...
...........................
source: 	 mrr: 0.033884	 ndcg_5: 0.0224	 ndcg_10: 0.0315	 hit@1:0.010138	 hit@5:0.0340	 hit@10: 0.0623
target: 	 mrr: 0.052859	 ndcg_5: 0.0433	 ndcg_10: 0.0558	 hit@1:0.021603	 hit@5:0.0634	 hit@10: 0.1024
target best!
..............target: 	 mrr: 0.050911	 ndcg_5: 0.0435	 ndcg_10: 0.0543	 hit@1:0.017833	 hit@5:0.0700	 hit@10: 0.1036
epoch 15: train_loss = 0.898666, source_hit@10 = 0.0623, source_ndcg@10 = 0.0315, target_hit@10 = 0.1036, target_ndcg@10 = 0.0543
new best model saved.

recommendation_loss: 1.197894811630249, critic_loss: 0
recommendation_loss: 1.321929931640625, critic_loss: 0
recommendation_loss: 1.299595594406128, critic_loss: 0
recommendation_loss: 1.2366383075714111, critic_loss: 0
recommendation_loss: 1.2939947843551636, critic_loss: 0
recommendation_loss: 1.3616799116134644, critic_loss: 0
recommendation_loss: 1.29904305934906, critic_loss: 0
recommendation_loss: 1.3105669021606445, critic_loss: 0
recommendation_loss: 1.285956859588623, critic_loss: 0
recommendation_loss: 1.2667419910430908, critic_loss: 0
recommendation_loss: 1.3476839065551758, critic_loss: 0
recommendation_loss: 1.245988368988037, critic_loss: 0
recommendation_loss: 1.3633109331130981, critic_loss: 0
recommendation_loss: 1.3212453126907349, critic_loss: 0
recommendation_loss: 1.3090358972549438, critic_loss: 0
recommendation_loss: 1.3197752237319946, critic_loss: 0
recommendation_loss: 1.2830818891525269, critic_loss: 0
recommendation_loss: 1.2192246913909912, critic_loss: 0
recommendation_loss: 1.271148681640625, critic_loss: 0
recommendation_loss: 1.3342472314834595, critic_loss: 0
recommendation_loss: 1.1821035146713257, critic_loss: 0
recommendation_loss: 1.1933845281600952, critic_loss: 0
recommendation_loss: 1.2422138452529907, critic_loss: 0
recommendation_loss: 1.324331283569336, critic_loss: 0
recommendation_loss: 1.28389310836792, critic_loss: 0
recommendation_loss: 1.3237603902816772, critic_loss: 0
recommendation_loss: 1.2271171808242798, critic_loss: 0
recommendation_loss: 1.2807550430297852, critic_loss: 0
recommendation_loss: 1.2763683795928955, critic_loss: 0
recommendation_loss: 1.3360285758972168, critic_loss: 0
recommendation_loss: 1.3221040964126587, critic_loss: 0
recommendation_loss: 1.2471802234649658, critic_loss: 0
recommendation_loss: 1.3381694555282593, critic_loss: 0
recommendation_loss: 1.3425774574279785, critic_loss: 0
recommendation_loss: 1.2716978788375854, critic_loss: 0
recommendation_loss: 1.2228138446807861, critic_loss: 0
recommendation_loss: 1.3644925355911255, critic_loss: 0
recommendation_loss: 1.2443714141845703, critic_loss: 0
recommendation_loss: 1.3398292064666748, critic_loss: 0
recommendation_loss: 1.3100759983062744, critic_loss: 0
recommendation_loss: 1.2134042978286743, critic_loss: 0
recommendation_loss: 1.3354169130325317, critic_loss: 0
recommendation_loss: 1.1908832788467407, critic_loss: 0
recommendation_loss: 1.2698938846588135, critic_loss: 0
recommendation_loss: 1.2593715190887451, critic_loss: 0
recommendation_loss: 1.3056448698043823, critic_loss: 0
recommendation_loss: 1.3374896049499512, critic_loss: 0
recommendation_loss: 1.3875302076339722, critic_loss: 0
recommendation_loss: 1.2575702667236328, critic_loss: 0
recommendation_loss: 1.2331207990646362, critic_loss: 0
recommendation_loss: 1.3097299337387085, critic_loss: 0
recommendation_loss: 1.2810264825820923, critic_loss: 0
recommendation_loss: 1.2887866497039795, critic_loss: 0
recommendation_loss: 1.3043349981307983, critic_loss: 0
recommendation_loss: 1.3145989179611206, critic_loss: 0
recommendation_loss: 1.2563109397888184, critic_loss: 0
recommendation_loss: 1.2856172323226929, critic_loss: 0
recommendation_loss: 1.3151628971099854, critic_loss: 0
recommendation_loss: 1.2295225858688354, critic_loss: 0
recommendation_loss: 1.3386969566345215, critic_loss: 0
recommendation_loss: 1.3024903535842896, critic_loss: 0
recommendation_loss: 1.3683784008026123, critic_loss: 0
recommendation_loss: 1.3159139156341553, critic_loss: 0
recommendation_loss: 1.2906525135040283, critic_loss: 0
recommendation_loss: 1.3059031963348389, critic_loss: 0
recommendation_loss: 1.2482059001922607, critic_loss: 0
recommendation_loss: 1.2061009407043457, critic_loss: 0
recommendation_loss: 1.3082503080368042, critic_loss: 0
recommendation_loss: 1.3062845468521118, critic_loss: 0
recommendation_loss: 1.2170170545578003, critic_loss: 0
recommendation_loss: 1.2224929332733154, critic_loss: 0
recommendation_loss: 1.3078805208206177, critic_loss: 0
recommendation_loss: 1.2076002359390259, critic_loss: 0
recommendation_loss: 1.2130753993988037, critic_loss: 0
recommendation_loss: 1.2751113176345825, critic_loss: 0
recommendation_loss: 1.277882695198059, critic_loss: 0
recommendation_loss: 1.258580207824707, critic_loss: 0
recommendation_loss: 1.1785883903503418, critic_loss: 0
recommendation_loss: 1.33730947971344, critic_loss: 0
recommendation_loss: 1.2062973976135254, critic_loss: 0
recommendation_loss: 1.2918376922607422, critic_loss: 0
recommendation_loss: 1.2286423444747925, critic_loss: 0
recommendation_loss: 1.2274380922317505, critic_loss: 0
recommendation_loss: 1.2514755725860596, critic_loss: 0
recommendation_loss: 1.2723727226257324, critic_loss: 0
recommendation_loss: 1.3904032707214355, critic_loss: 0
recommendation_loss: 1.2975027561187744, critic_loss: 0
recommendation_loss: 1.2544488906860352, critic_loss: 0
recommendation_loss: 1.2204073667526245, critic_loss: 0
recommendation_loss: 1.2290074825286865, critic_loss: 0
recommendation_loss: 1.252915859222412, critic_loss: 0
recommendation_loss: 1.262228012084961, critic_loss: 0
recommendation_loss: 1.2471420764923096, critic_loss: 0
recommendation_loss: 1.2109774351119995, critic_loss: 0
recommendation_loss: 1.3251049518585205, critic_loss: 0
recommendation_loss: 1.2747085094451904, critic_loss: 0
recommendation_loss: 1.350830316543579, critic_loss: 0
recommendation_loss: 1.2809243202209473, critic_loss: 0
recommendation_loss: 1.3095072507858276, critic_loss: 0
recommendation_loss: 1.2783317565917969, critic_loss: 0
recommendation_loss: 1.239870548248291, critic_loss: 0
recommendation_loss: 1.241513729095459, critic_loss: 0
recommendation_loss: 1.3201522827148438, critic_loss: 0
recommendation_loss: 1.1723827123641968, critic_loss: 0
recommendation_loss: 1.2496795654296875, critic_loss: 0
recommendation_loss: 1.2608790397644043, critic_loss: 0
recommendation_loss: 1.34226655960083, critic_loss: 0
recommendation_loss: 1.270851731300354, critic_loss: 0
recommendation_loss: 1.2751933336257935, critic_loss: 0
recommendation_loss: 1.2233881950378418, critic_loss: 0
recommendation_loss: 1.3301609754562378, critic_loss: 0
recommendation_loss: 1.2739646434783936, critic_loss: 0
recommendation_loss: 1.328682541847229, critic_loss: 0
recommendation_loss: 1.2559492588043213, critic_loss: 0
recommendation_loss: 1.272700548171997, critic_loss: 0
recommendation_loss: 1.2564682960510254, critic_loss: 0
recommendation_loss: 1.2923688888549805, critic_loss: 0
recommendation_loss: 1.286536693572998, critic_loss: 0
recommendation_loss: 1.268369436264038, critic_loss: 0
recommendation_loss: 1.263353705406189, critic_loss: 0
recommendation_loss: 1.2505764961242676, critic_loss: 0
recommendation_loss: 1.2467014789581299, critic_loss: 0
recommendation_loss: 1.315741777420044, critic_loss: 0
recommendation_loss: 1.320046305656433, critic_loss: 0
recommendation_loss: 1.273269772529602, critic_loss: 0
recommendation_loss: 1.3403193950653076, critic_loss: 0
recommendation_loss: 1.3964362144470215, critic_loss: 0
recommendation_loss: 1.2916972637176514, critic_loss: 0
recommendation_loss: 1.3153131008148193, critic_loss: 0
recommendation_loss: 1.2938719987869263, critic_loss: 0
recommendation_loss: 1.2649298906326294, critic_loss: 0
recommendation_loss: 1.3237816095352173, critic_loss: 0
recommendation_loss: 1.2134555578231812, critic_loss: 0
recommendation_loss: 1.2455596923828125, critic_loss: 0
recommendation_loss: 1.22420072555542, critic_loss: 0
recommendation_loss: 1.3268768787384033, critic_loss: 0
recommendation_loss: 1.2314369678497314, critic_loss: 0
recommendation_loss: 1.3530561923980713, critic_loss: 0
recommendation_loss: 1.2099571228027344, critic_loss: 0
recommendation_loss: 1.2800432443618774, critic_loss: 0
recommendation_loss: 1.159379005432129, critic_loss: 0
recommendation_loss: 1.2262150049209595, critic_loss: 0
recommendation_loss: 1.2497220039367676, critic_loss: 0
recommendation_loss: 1.242010474205017, critic_loss: 0
recommendation_loss: 1.2982487678527832, critic_loss: 0
recommendation_loss: 1.2464741468429565, critic_loss: 0
recommendation_loss: 1.2822258472442627, critic_loss: 0
recommendation_loss: 1.1662039756774902, critic_loss: 0
recommendation_loss: 1.127941370010376, critic_loss: 0
recommendation_loss: 1.2299795150756836, critic_loss: 0
recommendation_loss: 1.2784643173217773, critic_loss: 0
recommendation_loss: 1.2721037864685059, critic_loss: 0
recommendation_loss: 1.2758556604385376, critic_loss: 0
recommendation_loss: 1.2093613147735596, critic_loss: 0
recommendation_loss: 1.2542368173599243, critic_loss: 0
recommendation_loss: 1.2771835327148438, critic_loss: 0
recommendation_loss: 1.3140324354171753, critic_loss: 0
recommendation_loss: 1.1533851623535156, critic_loss: 0
recommendation_loss: 1.2152369022369385, critic_loss: 0
recommendation_loss: 1.289363145828247, critic_loss: 0
recommendation_loss: 1.2835372686386108, critic_loss: 0
recommendation_loss: 1.1704351902008057, critic_loss: 0
recommendation_loss: 1.3634833097457886, critic_loss: 0
recommendation_loss: 1.2441264390945435, critic_loss: 0
recommendation_loss: 1.2865567207336426, critic_loss: 0
recommendation_loss: 1.2714910507202148, critic_loss: 0
recommendation_loss: 1.1779638528823853, critic_loss: 0
recommendation_loss: 1.2656729221343994, critic_loss: 0
recommendation_loss: 1.266897201538086, critic_loss: 0
recommendation_loss: 1.2503547668457031, critic_loss: 0
recommendation_loss: 1.170725703239441, critic_loss: 0
recommendation_loss: 1.264422059059143, critic_loss: 0
recommendation_loss: 1.2176305055618286, critic_loss: 0
recommendation_loss: 1.2270212173461914, critic_loss: 0
recommendation_loss: 1.3206737041473389, critic_loss: 0
recommendation_loss: 1.2113535404205322, critic_loss: 0
recommendation_loss: 1.238338828086853, critic_loss: 0
recommendation_loss: 1.2507681846618652, critic_loss: 0
recommendation_loss: 1.2641947269439697, critic_loss: 0
recommendation_loss: 1.295069694519043, critic_loss: 0
recommendation_loss: 1.2367531061172485, critic_loss: 0
recommendation_loss: 1.3189901113510132, critic_loss: 0
recommendation_loss: 1.2885961532592773, critic_loss: 0
recommendation_loss: 1.278473973274231, critic_loss: 0
recommendation_loss: 1.2873605489730835, critic_loss: 0
recommendation_loss: 1.2991783618927002, critic_loss: 0
recommendation_loss: 1.3027806282043457, critic_loss: 0
recommendation_loss: 1.3032786846160889, critic_loss: 0
recommendation_loss: 1.2839558124542236, critic_loss: 0
recommendation_loss: 1.2660924196243286, critic_loss: 0
recommendation_loss: 1.2725396156311035, critic_loss: 0
recommendation_loss: 1.2721222639083862, critic_loss: 0
recommendation_loss: 1.2958028316497803, critic_loss: 0
recommendation_loss: 1.3408277034759521, critic_loss: 0
recommendation_loss: 1.2477716207504272, critic_loss: 0
recommendation_loss: 1.220033049583435, critic_loss: 0
recommendation_loss: 1.2804688215255737, critic_loss: 0
recommendation_loss: 1.2527598142623901, critic_loss: 0
recommendation_loss: 1.2079920768737793, critic_loss: 0
recommendation_loss: 1.237671971321106, critic_loss: 0
recommendation_loss: 1.255801796913147, critic_loss: 0
recommendation_loss: 1.214698076248169, critic_loss: 0
recommendation_loss: 1.2321844100952148, critic_loss: 0
recommendation_loss: 1.2485361099243164, critic_loss: 0
recommendation_loss: 1.2402002811431885, critic_loss: 0
recommendation_loss: 1.3450510501861572, critic_loss: 0
recommendation_loss: 1.2770719528198242, critic_loss: 0
recommendation_loss: 1.3381202220916748, critic_loss: 0
recommendation_loss: 1.263136625289917, critic_loss: 0
recommendation_loss: 1.2860597372055054, critic_loss: 0
recommendation_loss: 1.26427161693573, critic_loss: 0
recommendation_loss: 1.2458372116088867, critic_loss: 0
recommendation_loss: 1.225468635559082, critic_loss: 0
recommendation_loss: 1.2554975748062134, critic_loss: 0
recommendation_loss: 1.2082602977752686, critic_loss: 0
recommendation_loss: 1.2595866918563843, critic_loss: 0
recommendation_loss: 1.2692664861679077, critic_loss: 0
recommendation_loss: 1.2554430961608887, critic_loss: 0
recommendation_loss: 1.3142056465148926, critic_loss: 0
recommendation_loss: 1.25636625289917, critic_loss: 0
recommendation_loss: 1.2160536050796509, critic_loss: 0
recommendation_loss: 1.1915162801742554, critic_loss: 0
recommendation_loss: 1.2209343910217285, critic_loss: 0
recommendation_loss: 1.3086271286010742, critic_loss: 0
recommendation_loss: 1.3376377820968628, critic_loss: 0
recommendation_loss: 1.3500194549560547, critic_loss: 0
recommendation_loss: 1.2694865465164185, critic_loss: 0
recommendation_loss: 1.3547255992889404, critic_loss: 0
recommendation_loss: 1.2615569829940796, critic_loss: 0
recommendation_loss: 1.2993264198303223, critic_loss: 0
recommendation_loss: 1.3168585300445557, critic_loss: 0
recommendation_loss: 1.3011837005615234, critic_loss: 0
recommendation_loss: 1.2582099437713623, critic_loss: 0
recommendation_loss: 1.2951147556304932, critic_loss: 0
recommendation_loss: 1.346556544303894, critic_loss: 0
recommendation_loss: 1.2721285820007324, critic_loss: 0
recommendation_loss: 1.252698302268982, critic_loss: 0
recommendation_loss: 1.1817176342010498, critic_loss: 0
recommendation_loss: 1.229927659034729, critic_loss: 0
recommendation_loss: 1.2498760223388672, critic_loss: 0
recommendation_loss: 1.2381843328475952, critic_loss: 0
recommendation_loss: 1.2076082229614258, critic_loss: 0
recommendation_loss: 1.2390341758728027, critic_loss: 0
recommendation_loss: 1.303678274154663, critic_loss: 0
recommendation_loss: 1.3022304773330688, critic_loss: 0
recommendation_loss: 1.269147276878357, critic_loss: 0
recommendation_loss: 1.2970303297042847, critic_loss: 0
recommendation_loss: 1.2218950986862183, critic_loss: 0
recommendation_loss: 1.2217352390289307, critic_loss: 0
recommendation_loss: 1.2623071670532227, critic_loss: 0
recommendation_loss: 1.2531217336654663, critic_loss: 0
recommendation_loss: 1.1679997444152832, critic_loss: 0
recommendation_loss: 1.2615890502929688, critic_loss: 0
recommendation_loss: 1.2966493368148804, critic_loss: 0
recommendation_loss: 1.3345015048980713, critic_loss: 0
recommendation_loss: 1.2778640985488892, critic_loss: 0
recommendation_loss: 1.2764265537261963, critic_loss: 0
recommendation_loss: 1.2220306396484375, critic_loss: 0
recommendation_loss: 1.2510627508163452, critic_loss: 0
recommendation_loss: 1.246983289718628, critic_loss: 0
recommendation_loss: 1.3436721563339233, critic_loss: 0
recommendation_loss: 1.20274019241333, critic_loss: 0
recommendation_loss: 1.288101315498352, critic_loss: 0
recommendation_loss: 1.2716312408447266, critic_loss: 0
recommendation_loss: 1.2855875492095947, critic_loss: 0
recommendation_loss: 1.299492597579956, critic_loss: 0
recommendation_loss: 1.2897770404815674, critic_loss: 0
recommendation_loss: 1.3165411949157715, critic_loss: 0
recommendation_loss: 1.3282924890518188, critic_loss: 0
recommendation_loss: 1.2642316818237305, critic_loss: 0
recommendation_loss: 1.3192278146743774, critic_loss: 0
recommendation_loss: 1.254960298538208, critic_loss: 0
recommendation_loss: 1.1942988634109497, critic_loss: 0
recommendation_loss: 1.3303300142288208, critic_loss: 0
recommendation_loss: 1.1543982028961182, critic_loss: 0
recommendation_loss: 1.3678721189498901, critic_loss: 0
recommendation_loss: 1.3182334899902344, critic_loss: 0
recommendation_loss: 1.240002989768982, critic_loss: 0
recommendation_loss: 1.2705440521240234, critic_loss: 0
recommendation_loss: 1.229299783706665, critic_loss: 0
recommendation_loss: 1.238680362701416, critic_loss: 0
recommendation_loss: 1.2901670932769775, critic_loss: 0
recommendation_loss: 1.3147789239883423, critic_loss: 0
recommendation_loss: 1.3055531978607178, critic_loss: 0
recommendation_loss: 1.284013032913208, critic_loss: 0
recommendation_loss: 1.1986857652664185, critic_loss: 0
recommendation_loss: 1.2925423383712769, critic_loss: 0
recommendation_loss: 1.1994338035583496, critic_loss: 0
recommendation_loss: 1.325134515762329, critic_loss: 0
recommendation_loss: 1.27911376953125, critic_loss: 0
recommendation_loss: 1.2125234603881836, critic_loss: 0
recommendation_loss: 1.1610474586486816, critic_loss: 0
recommendation_loss: 1.3015751838684082, critic_loss: 0
recommendation_loss: 1.2763159275054932, critic_loss: 0
recommendation_loss: 1.2016191482543945, critic_loss: 0
recommendation_loss: 1.2575492858886719, critic_loss: 0
recommendation_loss: 1.2485945224761963, critic_loss: 0
recommendation_loss: 1.26316237449646, critic_loss: 0
recommendation_loss: 1.2682127952575684, critic_loss: 0
recommendation_loss: 1.2341532707214355, critic_loss: 0
recommendation_loss: 1.3430004119873047, critic_loss: 0
recommendation_loss: 1.3078932762145996, critic_loss: 0
recommendation_loss: 1.3111047744750977, critic_loss: 0
recommendation_loss: 1.304246187210083, critic_loss: 0
2024-08-09 17:57:14.775421: step 4864/24320 (epoch 16/80), loss = 0.889826 (29.958 sec/epoch), lr: 0.002572
Evaluating on dev set...
...........................
source: 	 mrr: 0.028130	 ndcg_5: 0.0194	 ndcg_10: 0.0283	 hit@1:0.007241	 hit@5:0.0326	 hit@10: 0.0608
target: 	 mrr: 0.048079	 ndcg_5: 0.0403	 ndcg_10: 0.0506	 hit@1:0.018118	 hit@5:0.0613	 hit@10: 0.0934
epoch 16: train_loss = 0.889826, source_hit@10 = 0.0608, source_ndcg@10 = 0.0283, target_hit@10 = 0.0934, target_ndcg@10 = 0.0506

recommendation_loss: 1.3249592781066895, critic_loss: 0
recommendation_loss: 1.2590649127960205, critic_loss: 0
recommendation_loss: 1.1929194927215576, critic_loss: 0
recommendation_loss: 1.2432427406311035, critic_loss: 0
recommendation_loss: 1.2845165729522705, critic_loss: 0
recommendation_loss: 1.2920013666152954, critic_loss: 0
recommendation_loss: 1.3010451793670654, critic_loss: 0
recommendation_loss: 1.2342901229858398, critic_loss: 0
recommendation_loss: 1.2395026683807373, critic_loss: 0
recommendation_loss: 1.2624595165252686, critic_loss: 0
recommendation_loss: 1.2782859802246094, critic_loss: 0
recommendation_loss: 1.2406550645828247, critic_loss: 0
recommendation_loss: 1.2716187238693237, critic_loss: 0
recommendation_loss: 1.2143867015838623, critic_loss: 0
recommendation_loss: 1.3962576389312744, critic_loss: 0
recommendation_loss: 1.2301342487335205, critic_loss: 0
recommendation_loss: 1.2192761898040771, critic_loss: 0
recommendation_loss: 1.2903258800506592, critic_loss: 0
recommendation_loss: 1.2882838249206543, critic_loss: 0
recommendation_loss: 1.1626867055892944, critic_loss: 0
recommendation_loss: 1.1694318056106567, critic_loss: 0
recommendation_loss: 1.2308818101882935, critic_loss: 0
recommendation_loss: 1.2610599994659424, critic_loss: 0
recommendation_loss: 1.2702573537826538, critic_loss: 0
recommendation_loss: 1.269695520401001, critic_loss: 0
recommendation_loss: 1.2424201965332031, critic_loss: 0
recommendation_loss: 1.2656761407852173, critic_loss: 0
recommendation_loss: 1.2765787839889526, critic_loss: 0
recommendation_loss: 1.228129506111145, critic_loss: 0
recommendation_loss: 1.2717750072479248, critic_loss: 0
recommendation_loss: 1.3028616905212402, critic_loss: 0
recommendation_loss: 1.3080575466156006, critic_loss: 0
recommendation_loss: 1.300743818283081, critic_loss: 0
recommendation_loss: 1.2697961330413818, critic_loss: 0
recommendation_loss: 1.2995498180389404, critic_loss: 0
recommendation_loss: 1.2371501922607422, critic_loss: 0
recommendation_loss: 1.2325854301452637, critic_loss: 0
recommendation_loss: 1.2348123788833618, critic_loss: 0
recommendation_loss: 1.250109314918518, critic_loss: 0
recommendation_loss: 1.3252164125442505, critic_loss: 0
recommendation_loss: 1.227820634841919, critic_loss: 0
recommendation_loss: 1.2969602346420288, critic_loss: 0
recommendation_loss: 1.2205116748809814, critic_loss: 0
recommendation_loss: 1.208977222442627, critic_loss: 0
recommendation_loss: 1.2497010231018066, critic_loss: 0
recommendation_loss: 1.226157784461975, critic_loss: 0
recommendation_loss: 1.2647480964660645, critic_loss: 0
recommendation_loss: 1.2315160036087036, critic_loss: 0
recommendation_loss: 1.2602360248565674, critic_loss: 0
recommendation_loss: 1.2044059038162231, critic_loss: 0
recommendation_loss: 1.2683206796646118, critic_loss: 0
recommendation_loss: 1.251298427581787, critic_loss: 0
recommendation_loss: 1.2625207901000977, critic_loss: 0
recommendation_loss: 1.1984548568725586, critic_loss: 0
recommendation_loss: 1.284057855606079, critic_loss: 0
recommendation_loss: 1.1920922994613647, critic_loss: 0
recommendation_loss: 1.2902796268463135, critic_loss: 0
recommendation_loss: 1.262810230255127, critic_loss: 0
recommendation_loss: 1.2476335763931274, critic_loss: 0
recommendation_loss: 1.2355459928512573, critic_loss: 0
recommendation_loss: 1.2708410024642944, critic_loss: 0
recommendation_loss: 1.2809522151947021, critic_loss: 0
recommendation_loss: 1.2527250051498413, critic_loss: 0
recommendation_loss: 1.266749382019043, critic_loss: 0
recommendation_loss: 1.235137939453125, critic_loss: 0
recommendation_loss: 1.0930962562561035, critic_loss: 0
recommendation_loss: 1.2271966934204102, critic_loss: 0
recommendation_loss: 1.314148187637329, critic_loss: 0
recommendation_loss: 1.2831590175628662, critic_loss: 0
recommendation_loss: 1.245660424232483, critic_loss: 0
recommendation_loss: 1.2452319860458374, critic_loss: 0
recommendation_loss: 1.2178142070770264, critic_loss: 0
recommendation_loss: 1.1886649131774902, critic_loss: 0
recommendation_loss: 1.253126621246338, critic_loss: 0
recommendation_loss: 1.2842787504196167, critic_loss: 0
recommendation_loss: 1.2710745334625244, critic_loss: 0
recommendation_loss: 1.3063048124313354, critic_loss: 0
recommendation_loss: 1.223894476890564, critic_loss: 0
recommendation_loss: 1.157669186592102, critic_loss: 0
recommendation_loss: 1.2328393459320068, critic_loss: 0
recommendation_loss: 1.2150115966796875, critic_loss: 0
recommendation_loss: 1.287895679473877, critic_loss: 0
recommendation_loss: 1.2531261444091797, critic_loss: 0
recommendation_loss: 1.185986876487732, critic_loss: 0
recommendation_loss: 1.224256992340088, critic_loss: 0
recommendation_loss: 1.264283299446106, critic_loss: 0
recommendation_loss: 1.2005411386489868, critic_loss: 0
recommendation_loss: 1.1743016242980957, critic_loss: 0
recommendation_loss: 1.222847580909729, critic_loss: 0
recommendation_loss: 1.2420430183410645, critic_loss: 0
recommendation_loss: 1.2209117412567139, critic_loss: 0
recommendation_loss: 1.194290041923523, critic_loss: 0
recommendation_loss: 1.2531952857971191, critic_loss: 0
recommendation_loss: 1.2658107280731201, critic_loss: 0
recommendation_loss: 1.298182487487793, critic_loss: 0
recommendation_loss: 1.2467684745788574, critic_loss: 0
recommendation_loss: 1.3354603052139282, critic_loss: 0
recommendation_loss: 1.2447545528411865, critic_loss: 0
recommendation_loss: 1.2443031072616577, critic_loss: 0
recommendation_loss: 1.28004789352417, critic_loss: 0
recommendation_loss: 1.1868172883987427, critic_loss: 0
recommendation_loss: 1.239808201789856, critic_loss: 0
recommendation_loss: 1.2827872037887573, critic_loss: 0
recommendation_loss: 1.2202383279800415, critic_loss: 0
recommendation_loss: 1.2352125644683838, critic_loss: 0
recommendation_loss: 1.2543927431106567, critic_loss: 0
recommendation_loss: 1.3136723041534424, critic_loss: 0
recommendation_loss: 1.2104802131652832, critic_loss: 0
recommendation_loss: 1.2708274126052856, critic_loss: 0
recommendation_loss: 1.1632951498031616, critic_loss: 0
recommendation_loss: 1.237034797668457, critic_loss: 0
recommendation_loss: 1.2719125747680664, critic_loss: 0
recommendation_loss: 1.303727626800537, critic_loss: 0
recommendation_loss: 1.2073217630386353, critic_loss: 0
recommendation_loss: 1.260694980621338, critic_loss: 0
recommendation_loss: 1.2627971172332764, critic_loss: 0
recommendation_loss: 1.2765125036239624, critic_loss: 0
recommendation_loss: 1.2585947513580322, critic_loss: 0
recommendation_loss: 1.207257628440857, critic_loss: 0
recommendation_loss: 1.295111894607544, critic_loss: 0
recommendation_loss: 1.320021152496338, critic_loss: 0
recommendation_loss: 1.1766531467437744, critic_loss: 0
recommendation_loss: 1.280951976776123, critic_loss: 0
recommendation_loss: 1.323639154434204, critic_loss: 0
recommendation_loss: 1.2171674966812134, critic_loss: 0
recommendation_loss: 1.2310149669647217, critic_loss: 0
recommendation_loss: 1.1590242385864258, critic_loss: 0
recommendation_loss: 1.2547049522399902, critic_loss: 0
recommendation_loss: 1.3737279176712036, critic_loss: 0
recommendation_loss: 1.310975432395935, critic_loss: 0
recommendation_loss: 1.2069065570831299, critic_loss: 0
recommendation_loss: 1.3304598331451416, critic_loss: 0
recommendation_loss: 1.2976198196411133, critic_loss: 0
recommendation_loss: 1.2503176927566528, critic_loss: 0
recommendation_loss: 1.3713189363479614, critic_loss: 0
recommendation_loss: 1.2933306694030762, critic_loss: 0
recommendation_loss: 1.2503776550292969, critic_loss: 0
recommendation_loss: 1.2517350912094116, critic_loss: 0
recommendation_loss: 1.21428644657135, critic_loss: 0
recommendation_loss: 1.2288949489593506, critic_loss: 0
recommendation_loss: 1.1634966135025024, critic_loss: 0
recommendation_loss: 1.309658408164978, critic_loss: 0
recommendation_loss: 1.2021048069000244, critic_loss: 0
recommendation_loss: 1.3070353269577026, critic_loss: 0
recommendation_loss: 1.3075942993164062, critic_loss: 0
recommendation_loss: 1.1498148441314697, critic_loss: 0
recommendation_loss: 1.1922639608383179, critic_loss: 0
recommendation_loss: 1.36189603805542, critic_loss: 0
recommendation_loss: 1.20615816116333, critic_loss: 0
recommendation_loss: 1.2223713397979736, critic_loss: 0
recommendation_loss: 1.267094612121582, critic_loss: 0
recommendation_loss: 1.2968308925628662, critic_loss: 0
recommendation_loss: 1.3200738430023193, critic_loss: 0
recommendation_loss: 1.2200181484222412, critic_loss: 0
recommendation_loss: 1.1720937490463257, critic_loss: 0
recommendation_loss: 1.2652206420898438, critic_loss: 0
recommendation_loss: 1.1740798950195312, critic_loss: 0
recommendation_loss: 1.2062454223632812, critic_loss: 0
recommendation_loss: 1.2798346281051636, critic_loss: 0
recommendation_loss: 1.328615427017212, critic_loss: 0
recommendation_loss: 1.2701077461242676, critic_loss: 0
recommendation_loss: 1.2031824588775635, critic_loss: 0
recommendation_loss: 1.234147310256958, critic_loss: 0
recommendation_loss: 1.1947160959243774, critic_loss: 0
recommendation_loss: 1.2670570611953735, critic_loss: 0
recommendation_loss: 1.315248727798462, critic_loss: 0
recommendation_loss: 1.1418993473052979, critic_loss: 0
recommendation_loss: 1.288055181503296, critic_loss: 0
recommendation_loss: 1.1403350830078125, critic_loss: 0
recommendation_loss: 1.1459002494812012, critic_loss: 0
recommendation_loss: 1.1722956895828247, critic_loss: 0
recommendation_loss: 1.1670408248901367, critic_loss: 0
recommendation_loss: 1.2595233917236328, critic_loss: 0
recommendation_loss: 1.2031137943267822, critic_loss: 0
recommendation_loss: 1.281035304069519, critic_loss: 0
recommendation_loss: 1.195352554321289, critic_loss: 0
recommendation_loss: 1.2253742218017578, critic_loss: 0
recommendation_loss: 1.2193986177444458, critic_loss: 0
recommendation_loss: 1.2477366924285889, critic_loss: 0
recommendation_loss: 1.2730289697647095, critic_loss: 0
recommendation_loss: 1.2420636415481567, critic_loss: 0
recommendation_loss: 1.2519456148147583, critic_loss: 0
recommendation_loss: 1.1987113952636719, critic_loss: 0
recommendation_loss: 1.1948225498199463, critic_loss: 0
recommendation_loss: 1.2657941579818726, critic_loss: 0
recommendation_loss: 1.2587848901748657, critic_loss: 0
recommendation_loss: 1.2818987369537354, critic_loss: 0
recommendation_loss: 1.2174513339996338, critic_loss: 0
recommendation_loss: 1.2220841646194458, critic_loss: 0
recommendation_loss: 1.2725290060043335, critic_loss: 0
recommendation_loss: 1.2109687328338623, critic_loss: 0
recommendation_loss: 1.1802445650100708, critic_loss: 0
recommendation_loss: 1.2325468063354492, critic_loss: 0
recommendation_loss: 1.3520159721374512, critic_loss: 0
recommendation_loss: 1.2715486288070679, critic_loss: 0
recommendation_loss: 1.2862228155136108, critic_loss: 0
recommendation_loss: 1.277069091796875, critic_loss: 0
recommendation_loss: 1.2267850637435913, critic_loss: 0
recommendation_loss: 1.2593510150909424, critic_loss: 0
recommendation_loss: 1.2519872188568115, critic_loss: 0
recommendation_loss: 1.1300384998321533, critic_loss: 0
recommendation_loss: 1.2709370851516724, critic_loss: 0
recommendation_loss: 1.2995200157165527, critic_loss: 0
recommendation_loss: 1.2886781692504883, critic_loss: 0
recommendation_loss: 1.2315118312835693, critic_loss: 0
recommendation_loss: 1.3087537288665771, critic_loss: 0
recommendation_loss: 1.2290637493133545, critic_loss: 0
recommendation_loss: 1.3012956380844116, critic_loss: 0
recommendation_loss: 1.333083987236023, critic_loss: 0
recommendation_loss: 1.3019980192184448, critic_loss: 0
recommendation_loss: 1.2346223592758179, critic_loss: 0
recommendation_loss: 1.1966909170150757, critic_loss: 0
recommendation_loss: 1.2198965549468994, critic_loss: 0
recommendation_loss: 1.1715636253356934, critic_loss: 0
recommendation_loss: 1.225762128829956, critic_loss: 0
recommendation_loss: 1.2118487358093262, critic_loss: 0
recommendation_loss: 1.241005301475525, critic_loss: 0
recommendation_loss: 1.2340617179870605, critic_loss: 0
recommendation_loss: 1.2087981700897217, critic_loss: 0
recommendation_loss: 1.25263249874115, critic_loss: 0
recommendation_loss: 1.3141558170318604, critic_loss: 0
recommendation_loss: 1.222206711769104, critic_loss: 0
recommendation_loss: 1.250436544418335, critic_loss: 0
recommendation_loss: 1.3074655532836914, critic_loss: 0
recommendation_loss: 1.2576007843017578, critic_loss: 0
recommendation_loss: 1.2223798036575317, critic_loss: 0
recommendation_loss: 1.3206186294555664, critic_loss: 0
recommendation_loss: 1.3665318489074707, critic_loss: 0
recommendation_loss: 1.262145757675171, critic_loss: 0
recommendation_loss: 1.2857381105422974, critic_loss: 0
recommendation_loss: 1.2395682334899902, critic_loss: 0
recommendation_loss: 1.3806982040405273, critic_loss: 0
recommendation_loss: 1.2833843231201172, critic_loss: 0
recommendation_loss: 1.2502942085266113, critic_loss: 0
recommendation_loss: 1.2598745822906494, critic_loss: 0
recommendation_loss: 1.2427570819854736, critic_loss: 0
recommendation_loss: 1.312579870223999, critic_loss: 0
recommendation_loss: 1.1724998950958252, critic_loss: 0
recommendation_loss: 1.1512340307235718, critic_loss: 0
recommendation_loss: 1.2727205753326416, critic_loss: 0
recommendation_loss: 1.1831207275390625, critic_loss: 0
recommendation_loss: 1.2799208164215088, critic_loss: 0
recommendation_loss: 1.1519532203674316, critic_loss: 0
recommendation_loss: 1.2945356369018555, critic_loss: 0
recommendation_loss: 1.2588460445404053, critic_loss: 0
recommendation_loss: 1.2365775108337402, critic_loss: 0
recommendation_loss: 1.2445788383483887, critic_loss: 0
recommendation_loss: 1.2122043371200562, critic_loss: 0
recommendation_loss: 1.2250595092773438, critic_loss: 0
recommendation_loss: 1.2819503545761108, critic_loss: 0
recommendation_loss: 1.1296477317810059, critic_loss: 0
recommendation_loss: 1.1526508331298828, critic_loss: 0
recommendation_loss: 1.1716941595077515, critic_loss: 0
recommendation_loss: 1.299192190170288, critic_loss: 0
recommendation_loss: 1.2989678382873535, critic_loss: 0
recommendation_loss: 1.2520902156829834, critic_loss: 0
recommendation_loss: 1.323192834854126, critic_loss: 0
recommendation_loss: 1.2828752994537354, critic_loss: 0
recommendation_loss: 1.2759208679199219, critic_loss: 0
recommendation_loss: 1.2499021291732788, critic_loss: 0
recommendation_loss: 1.227052092552185, critic_loss: 0
recommendation_loss: 1.2015776634216309, critic_loss: 0
recommendation_loss: 1.2453707456588745, critic_loss: 0
recommendation_loss: 1.2694213390350342, critic_loss: 0
recommendation_loss: 1.178316354751587, critic_loss: 0
recommendation_loss: 1.298344612121582, critic_loss: 0
recommendation_loss: 1.2920403480529785, critic_loss: 0
recommendation_loss: 1.244400143623352, critic_loss: 0
recommendation_loss: 1.2613160610198975, critic_loss: 0
recommendation_loss: 1.2791502475738525, critic_loss: 0
recommendation_loss: 1.2248862981796265, critic_loss: 0
recommendation_loss: 1.2575308084487915, critic_loss: 0
recommendation_loss: 1.3186562061309814, critic_loss: 0
recommendation_loss: 1.269464373588562, critic_loss: 0
recommendation_loss: 1.2729567289352417, critic_loss: 0
recommendation_loss: 1.294257640838623, critic_loss: 0
recommendation_loss: 1.2594895362854004, critic_loss: 0
recommendation_loss: 1.227710485458374, critic_loss: 0
recommendation_loss: 1.2326442003250122, critic_loss: 0
recommendation_loss: 1.2848217487335205, critic_loss: 0
recommendation_loss: 1.2429932355880737, critic_loss: 0
recommendation_loss: 1.2966525554656982, critic_loss: 0
recommendation_loss: 1.3065627813339233, critic_loss: 0
recommendation_loss: 1.2702773809432983, critic_loss: 0
recommendation_loss: 1.1910544633865356, critic_loss: 0
recommendation_loss: 1.1775132417678833, critic_loss: 0
recommendation_loss: 1.3233953714370728, critic_loss: 0
recommendation_loss: 1.2856693267822266, critic_loss: 0
recommendation_loss: 1.236201286315918, critic_loss: 0
recommendation_loss: 1.1963685750961304, critic_loss: 0
recommendation_loss: 1.2826701402664185, critic_loss: 0
recommendation_loss: 1.2543643712997437, critic_loss: 0
recommendation_loss: 1.2445672750473022, critic_loss: 0
recommendation_loss: 1.2611064910888672, critic_loss: 0
recommendation_loss: 1.232893466949463, critic_loss: 0
recommendation_loss: 1.2072107791900635, critic_loss: 0
recommendation_loss: 1.209341049194336, critic_loss: 0
recommendation_loss: 1.243605613708496, critic_loss: 0
recommendation_loss: 1.1861995458602905, critic_loss: 0
recommendation_loss: 1.278012752532959, critic_loss: 0
recommendation_loss: 1.275734543800354, critic_loss: 0
recommendation_loss: 1.2242964506149292, critic_loss: 0
recommendation_loss: 1.1736421585083008, critic_loss: 0
recommendation_loss: 1.208010196685791, critic_loss: 0
2024-08-09 17:57:45.129862: step 5168/24320 (epoch 17/80), loss = 0.874388 (29.993 sec/epoch), lr: 0.002444
Evaluating on dev set...
...........................
source: 	 mrr: 0.031997	 ndcg_5: 0.0221	 ndcg_10: 0.0303	 hit@1:0.011586	 hit@5:0.0340	 hit@10: 0.0594
target: 	 mrr: 0.043590	 ndcg_5: 0.0344	 ndcg_10: 0.0455	 hit@1:0.015331	 hit@5:0.0544	 hit@10: 0.0892
epoch 17: train_loss = 0.874388, source_hit@10 = 0.0594, source_ndcg@10 = 0.0303, target_hit@10 = 0.0892, target_ndcg@10 = 0.0455

recommendation_loss: 1.2310895919799805, critic_loss: 0
recommendation_loss: 1.3686413764953613, critic_loss: 0
recommendation_loss: 1.261183738708496, critic_loss: 0
recommendation_loss: 1.2106503248214722, critic_loss: 0
recommendation_loss: 1.2172497510910034, critic_loss: 0
recommendation_loss: 1.2674201726913452, critic_loss: 0
recommendation_loss: 1.2032995223999023, critic_loss: 0
recommendation_loss: 1.1938109397888184, critic_loss: 0
recommendation_loss: 1.2337520122528076, critic_loss: 0
recommendation_loss: 1.1976203918457031, critic_loss: 0
recommendation_loss: 1.2203733921051025, critic_loss: 0
recommendation_loss: 1.162975788116455, critic_loss: 0
recommendation_loss: 1.2823972702026367, critic_loss: 0
recommendation_loss: 1.212488055229187, critic_loss: 0
recommendation_loss: 1.3056820631027222, critic_loss: 0
recommendation_loss: 1.3684889078140259, critic_loss: 0
recommendation_loss: 1.20627760887146, critic_loss: 0
recommendation_loss: 1.256178617477417, critic_loss: 0
recommendation_loss: 1.1955527067184448, critic_loss: 0
recommendation_loss: 1.2261393070220947, critic_loss: 0
recommendation_loss: 1.2099672555923462, critic_loss: 0
recommendation_loss: 1.2795970439910889, critic_loss: 0
recommendation_loss: 1.1873975992202759, critic_loss: 0
recommendation_loss: 1.2127305269241333, critic_loss: 0
recommendation_loss: 1.1817610263824463, critic_loss: 0
recommendation_loss: 1.1775685548782349, critic_loss: 0
recommendation_loss: 1.2501640319824219, critic_loss: 0
recommendation_loss: 1.2542121410369873, critic_loss: 0
recommendation_loss: 1.1232155561447144, critic_loss: 0
recommendation_loss: 1.2961184978485107, critic_loss: 0
recommendation_loss: 1.2540732622146606, critic_loss: 0
recommendation_loss: 1.1787288188934326, critic_loss: 0
recommendation_loss: 1.307435154914856, critic_loss: 0
recommendation_loss: 1.2292239665985107, critic_loss: 0
recommendation_loss: 1.2282918691635132, critic_loss: 0
recommendation_loss: 1.2465640306472778, critic_loss: 0
recommendation_loss: 1.244847297668457, critic_loss: 0
recommendation_loss: 1.2756975889205933, critic_loss: 0
recommendation_loss: 1.2201839685440063, critic_loss: 0
recommendation_loss: 1.2643687725067139, critic_loss: 0
recommendation_loss: 1.259909987449646, critic_loss: 0
recommendation_loss: 1.1969108581542969, critic_loss: 0
recommendation_loss: 1.2605290412902832, critic_loss: 0
recommendation_loss: 1.2193870544433594, critic_loss: 0
recommendation_loss: 1.1390796899795532, critic_loss: 0
recommendation_loss: 1.2150588035583496, critic_loss: 0
recommendation_loss: 1.305246114730835, critic_loss: 0
recommendation_loss: 1.2707769870758057, critic_loss: 0
recommendation_loss: 1.244143009185791, critic_loss: 0
recommendation_loss: 1.2213159799575806, critic_loss: 0
recommendation_loss: 1.3603516817092896, critic_loss: 0
recommendation_loss: 1.226442575454712, critic_loss: 0
recommendation_loss: 1.249830722808838, critic_loss: 0
recommendation_loss: 1.2203006744384766, critic_loss: 0
recommendation_loss: 1.3268811702728271, critic_loss: 0
recommendation_loss: 1.1840490102767944, critic_loss: 0
recommendation_loss: 1.1867194175720215, critic_loss: 0
recommendation_loss: 1.3162734508514404, critic_loss: 0
recommendation_loss: 1.2079949378967285, critic_loss: 0
recommendation_loss: 1.2345988750457764, critic_loss: 0
recommendation_loss: 1.2620303630828857, critic_loss: 0
recommendation_loss: 1.2638165950775146, critic_loss: 0
recommendation_loss: 1.2180811166763306, critic_loss: 0
recommendation_loss: 1.2304435968399048, critic_loss: 0
recommendation_loss: 1.255528211593628, critic_loss: 0
recommendation_loss: 1.1291825771331787, critic_loss: 0
recommendation_loss: 1.209939956665039, critic_loss: 0
recommendation_loss: 1.2532769441604614, critic_loss: 0
recommendation_loss: 1.3261525630950928, critic_loss: 0
recommendation_loss: 1.2741138935089111, critic_loss: 0
recommendation_loss: 1.1880667209625244, critic_loss: 0
recommendation_loss: 1.2976102828979492, critic_loss: 0
recommendation_loss: 1.2192766666412354, critic_loss: 0
recommendation_loss: 1.2287015914916992, critic_loss: 0
recommendation_loss: 1.2637425661087036, critic_loss: 0
recommendation_loss: 1.2448774576187134, critic_loss: 0
recommendation_loss: 1.2499854564666748, critic_loss: 0
recommendation_loss: 1.3168727159500122, critic_loss: 0
recommendation_loss: 1.2218667268753052, critic_loss: 0
recommendation_loss: 1.229000449180603, critic_loss: 0
recommendation_loss: 1.2304390668869019, critic_loss: 0
recommendation_loss: 1.1836488246917725, critic_loss: 0
recommendation_loss: 1.208632230758667, critic_loss: 0
recommendation_loss: 1.1763863563537598, critic_loss: 0
recommendation_loss: 1.187125563621521, critic_loss: 0
recommendation_loss: 1.2218475341796875, critic_loss: 0
recommendation_loss: 1.2628741264343262, critic_loss: 0
recommendation_loss: 1.2242181301116943, critic_loss: 0
recommendation_loss: 1.2666316032409668, critic_loss: 0
recommendation_loss: 1.2704169750213623, critic_loss: 0
recommendation_loss: 1.2045103311538696, critic_loss: 0
recommendation_loss: 1.2372288703918457, critic_loss: 0
recommendation_loss: 1.3080997467041016, critic_loss: 0
recommendation_loss: 1.144335150718689, critic_loss: 0
recommendation_loss: 1.2618861198425293, critic_loss: 0
recommendation_loss: 1.2659507989883423, critic_loss: 0
recommendation_loss: 1.2075010538101196, critic_loss: 0
recommendation_loss: 1.151491403579712, critic_loss: 0
recommendation_loss: 1.178418517112732, critic_loss: 0
recommendation_loss: 1.2084355354309082, critic_loss: 0
recommendation_loss: 1.204865574836731, critic_loss: 0
recommendation_loss: 1.2289007902145386, critic_loss: 0
recommendation_loss: 1.2801791429519653, critic_loss: 0
recommendation_loss: 1.2343201637268066, critic_loss: 0
recommendation_loss: 1.3103208541870117, critic_loss: 0
recommendation_loss: 1.2782078981399536, critic_loss: 0
recommendation_loss: 1.2463231086730957, critic_loss: 0
recommendation_loss: 1.2415907382965088, critic_loss: 0
recommendation_loss: 1.240287184715271, critic_loss: 0
recommendation_loss: 1.1353278160095215, critic_loss: 0
recommendation_loss: 1.2882038354873657, critic_loss: 0
recommendation_loss: 1.264403223991394, critic_loss: 0
recommendation_loss: 1.2478797435760498, critic_loss: 0
recommendation_loss: 1.2877912521362305, critic_loss: 0
recommendation_loss: 1.2057188749313354, critic_loss: 0
recommendation_loss: 1.1858797073364258, critic_loss: 0
recommendation_loss: 1.287764310836792, critic_loss: 0
recommendation_loss: 1.2300372123718262, critic_loss: 0
recommendation_loss: 1.1851099729537964, critic_loss: 0
recommendation_loss: 1.2533328533172607, critic_loss: 0
recommendation_loss: 1.176444411277771, critic_loss: 0
recommendation_loss: 1.1651407480239868, critic_loss: 0
recommendation_loss: 1.2882524728775024, critic_loss: 0
recommendation_loss: 1.4472339153289795, critic_loss: 0
recommendation_loss: 1.2353568077087402, critic_loss: 0
recommendation_loss: 1.2833726406097412, critic_loss: 0
recommendation_loss: 1.1723461151123047, critic_loss: 0
recommendation_loss: 1.2494608163833618, critic_loss: 0
recommendation_loss: 1.2694251537322998, critic_loss: 0
recommendation_loss: 1.2062077522277832, critic_loss: 0
recommendation_loss: 1.1986021995544434, critic_loss: 0
recommendation_loss: 1.2626395225524902, critic_loss: 0
recommendation_loss: 1.2575666904449463, critic_loss: 0
recommendation_loss: 1.2420388460159302, critic_loss: 0
recommendation_loss: 1.3156311511993408, critic_loss: 0
recommendation_loss: 1.1902761459350586, critic_loss: 0
recommendation_loss: 1.165169596672058, critic_loss: 0
recommendation_loss: 1.308014154434204, critic_loss: 0
recommendation_loss: 1.1849000453948975, critic_loss: 0
recommendation_loss: 1.2003613710403442, critic_loss: 0
recommendation_loss: 1.1332734823226929, critic_loss: 0
recommendation_loss: 1.2393553256988525, critic_loss: 0
recommendation_loss: 1.1612359285354614, critic_loss: 0
recommendation_loss: 1.2164671421051025, critic_loss: 0
recommendation_loss: 1.2452681064605713, critic_loss: 0
recommendation_loss: 1.207610845565796, critic_loss: 0
recommendation_loss: 1.2481122016906738, critic_loss: 0
recommendation_loss: 1.3168623447418213, critic_loss: 0
recommendation_loss: 1.2107939720153809, critic_loss: 0
recommendation_loss: 1.2079906463623047, critic_loss: 0
recommendation_loss: 1.2627698183059692, critic_loss: 0
recommendation_loss: 1.2772905826568604, critic_loss: 0
recommendation_loss: 1.320762276649475, critic_loss: 0
recommendation_loss: 1.2465404272079468, critic_loss: 0
recommendation_loss: 1.1645606756210327, critic_loss: 0
recommendation_loss: 1.1945888996124268, critic_loss: 0
recommendation_loss: 1.2470386028289795, critic_loss: 0
recommendation_loss: 1.2305110692977905, critic_loss: 0
recommendation_loss: 1.210012674331665, critic_loss: 0
recommendation_loss: 1.2182106971740723, critic_loss: 0
recommendation_loss: 1.2771140336990356, critic_loss: 0
recommendation_loss: 1.2178866863250732, critic_loss: 0
recommendation_loss: 1.3380028009414673, critic_loss: 0
recommendation_loss: 1.2310161590576172, critic_loss: 0
recommendation_loss: 1.2174919843673706, critic_loss: 0
recommendation_loss: 1.2576009035110474, critic_loss: 0
recommendation_loss: 1.1900595426559448, critic_loss: 0
recommendation_loss: 1.2093398571014404, critic_loss: 0
recommendation_loss: 1.1477333307266235, critic_loss: 0
recommendation_loss: 1.1470136642456055, critic_loss: 0
recommendation_loss: 1.1268573999404907, critic_loss: 0
recommendation_loss: 1.270936369895935, critic_loss: 0
recommendation_loss: 1.1990056037902832, critic_loss: 0
recommendation_loss: 1.2391974925994873, critic_loss: 0
recommendation_loss: 1.306187629699707, critic_loss: 0
recommendation_loss: 1.1801409721374512, critic_loss: 0
recommendation_loss: 1.1961894035339355, critic_loss: 0
recommendation_loss: 1.215721607208252, critic_loss: 0
recommendation_loss: 1.1783106327056885, critic_loss: 0
recommendation_loss: 1.2517929077148438, critic_loss: 0
recommendation_loss: 1.1767818927764893, critic_loss: 0
recommendation_loss: 1.1985061168670654, critic_loss: 0
recommendation_loss: 1.138920783996582, critic_loss: 0
recommendation_loss: 1.2733644247055054, critic_loss: 0
recommendation_loss: 1.2396965026855469, critic_loss: 0
recommendation_loss: 1.1965693235397339, critic_loss: 0
recommendation_loss: 1.2831165790557861, critic_loss: 0
recommendation_loss: 1.3070286512374878, critic_loss: 0
recommendation_loss: 1.1949361562728882, critic_loss: 0
recommendation_loss: 1.298520565032959, critic_loss: 0
recommendation_loss: 1.1622239351272583, critic_loss: 0
recommendation_loss: 1.2099783420562744, critic_loss: 0
recommendation_loss: 1.19642972946167, critic_loss: 0
recommendation_loss: 1.277256727218628, critic_loss: 0
recommendation_loss: 1.1926956176757812, critic_loss: 0
recommendation_loss: 1.204192042350769, critic_loss: 0
recommendation_loss: 1.1756713390350342, critic_loss: 0
recommendation_loss: 1.2398500442504883, critic_loss: 0
recommendation_loss: 1.2429354190826416, critic_loss: 0
recommendation_loss: 1.2727537155151367, critic_loss: 0
recommendation_loss: 1.1516354084014893, critic_loss: 0
recommendation_loss: 1.1631699800491333, critic_loss: 0
recommendation_loss: 1.2407422065734863, critic_loss: 0
recommendation_loss: 1.2729907035827637, critic_loss: 0
recommendation_loss: 1.219080924987793, critic_loss: 0
recommendation_loss: 1.3125230073928833, critic_loss: 0
recommendation_loss: 1.2355321645736694, critic_loss: 0
recommendation_loss: 1.2159348726272583, critic_loss: 0
recommendation_loss: 1.207969307899475, critic_loss: 0
recommendation_loss: 1.2087054252624512, critic_loss: 0
recommendation_loss: 1.168022871017456, critic_loss: 0
recommendation_loss: 1.2357761859893799, critic_loss: 0
recommendation_loss: 1.2695850133895874, critic_loss: 0
recommendation_loss: 1.157944917678833, critic_loss: 0
recommendation_loss: 1.169668197631836, critic_loss: 0
recommendation_loss: 1.268608808517456, critic_loss: 0
recommendation_loss: 1.2071232795715332, critic_loss: 0
recommendation_loss: 1.2092616558074951, critic_loss: 0
recommendation_loss: 1.2226866483688354, critic_loss: 0
recommendation_loss: 1.206282615661621, critic_loss: 0
recommendation_loss: 1.238276720046997, critic_loss: 0
recommendation_loss: 1.2606672048568726, critic_loss: 0
recommendation_loss: 1.2135965824127197, critic_loss: 0
recommendation_loss: 1.313482403755188, critic_loss: 0
recommendation_loss: 1.2095483541488647, critic_loss: 0
recommendation_loss: 1.194750189781189, critic_loss: 0
recommendation_loss: 1.257522463798523, critic_loss: 0
recommendation_loss: 1.331409215927124, critic_loss: 0
recommendation_loss: 1.2671246528625488, critic_loss: 0
recommendation_loss: 1.291459321975708, critic_loss: 0
recommendation_loss: 1.1718921661376953, critic_loss: 0
recommendation_loss: 1.2511537075042725, critic_loss: 0
recommendation_loss: 1.2917876243591309, critic_loss: 0
recommendation_loss: 1.30260169506073, critic_loss: 0
recommendation_loss: 1.2618495225906372, critic_loss: 0
recommendation_loss: 1.2028449773788452, critic_loss: 0
recommendation_loss: 1.338126540184021, critic_loss: 0
recommendation_loss: 1.1859108209609985, critic_loss: 0
recommendation_loss: 1.1110419034957886, critic_loss: 0
recommendation_loss: 1.2318682670593262, critic_loss: 0
recommendation_loss: 1.17857027053833, critic_loss: 0
recommendation_loss: 1.2399699687957764, critic_loss: 0
recommendation_loss: 1.1650352478027344, critic_loss: 0
recommendation_loss: 1.2379705905914307, critic_loss: 0
recommendation_loss: 1.2831292152404785, critic_loss: 0
recommendation_loss: 1.277726173400879, critic_loss: 0
recommendation_loss: 1.2853782176971436, critic_loss: 0
recommendation_loss: 1.209524154663086, critic_loss: 0
recommendation_loss: 1.2588930130004883, critic_loss: 0
recommendation_loss: 1.3024516105651855, critic_loss: 0
recommendation_loss: 1.2081544399261475, critic_loss: 0
recommendation_loss: 1.2277129888534546, critic_loss: 0
recommendation_loss: 1.2226576805114746, critic_loss: 0
recommendation_loss: 1.3191955089569092, critic_loss: 0
recommendation_loss: 1.2654460668563843, critic_loss: 0
recommendation_loss: 1.3011261224746704, critic_loss: 0
recommendation_loss: 1.243840217590332, critic_loss: 0
recommendation_loss: 1.344375491142273, critic_loss: 0
recommendation_loss: 1.3330774307250977, critic_loss: 0
recommendation_loss: 1.1867823600769043, critic_loss: 0
recommendation_loss: 1.1547373533248901, critic_loss: 0
recommendation_loss: 1.2699012756347656, critic_loss: 0
recommendation_loss: 1.3337444067001343, critic_loss: 0
recommendation_loss: 1.1935884952545166, critic_loss: 0
recommendation_loss: 1.2568480968475342, critic_loss: 0
recommendation_loss: 1.3054025173187256, critic_loss: 0
recommendation_loss: 1.2852225303649902, critic_loss: 0
recommendation_loss: 1.1996040344238281, critic_loss: 0
recommendation_loss: 1.2582299709320068, critic_loss: 0
recommendation_loss: 1.2804356813430786, critic_loss: 0
recommendation_loss: 1.262454628944397, critic_loss: 0
recommendation_loss: 1.258880376815796, critic_loss: 0
recommendation_loss: 1.2346049547195435, critic_loss: 0
recommendation_loss: 1.2698837518692017, critic_loss: 0
recommendation_loss: 1.2607940435409546, critic_loss: 0
recommendation_loss: 1.3260267972946167, critic_loss: 0
recommendation_loss: 1.2641127109527588, critic_loss: 0
recommendation_loss: 1.3078455924987793, critic_loss: 0
recommendation_loss: 1.2435028553009033, critic_loss: 0
recommendation_loss: 1.1559706926345825, critic_loss: 0
recommendation_loss: 1.2517039775848389, critic_loss: 0
recommendation_loss: 1.2466204166412354, critic_loss: 0
recommendation_loss: 1.3676936626434326, critic_loss: 0
recommendation_loss: 1.2588748931884766, critic_loss: 0
recommendation_loss: 1.2306041717529297, critic_loss: 0
recommendation_loss: 1.169689655303955, critic_loss: 0
recommendation_loss: 1.261692762374878, critic_loss: 0
recommendation_loss: 1.1893192529678345, critic_loss: 0
recommendation_loss: 1.3150097131729126, critic_loss: 0
recommendation_loss: 1.1508911848068237, critic_loss: 0
recommendation_loss: 1.1410928964614868, critic_loss: 0
recommendation_loss: 1.277267336845398, critic_loss: 0
recommendation_loss: 1.2103490829467773, critic_loss: 0
recommendation_loss: 1.2912676334381104, critic_loss: 0
recommendation_loss: 1.2295458316802979, critic_loss: 0
recommendation_loss: 1.1222383975982666, critic_loss: 0
recommendation_loss: 1.231726884841919, critic_loss: 0
recommendation_loss: 1.2563432455062866, critic_loss: 0
recommendation_loss: 1.2300705909729004, critic_loss: 0
recommendation_loss: 1.2238229513168335, critic_loss: 0
recommendation_loss: 1.1987154483795166, critic_loss: 0
recommendation_loss: 1.2610974311828613, critic_loss: 0
recommendation_loss: 1.1844360828399658, critic_loss: 0
recommendation_loss: 1.2634105682373047, critic_loss: 0
2024-08-09 17:58:15.638860: step 5472/24320 (epoch 18/80), loss = 0.865125 (30.173 sec/epoch), lr: 0.002321
Evaluating on dev set...
...........................
source: 	 mrr: 0.027649	 ndcg_5: 0.0192	 ndcg_10: 0.0254	 hit@1:0.007241	 hit@5:0.0319	 hit@10: 0.0514
target: 	 mrr: 0.051373	 ndcg_5: 0.0438	 ndcg_10: 0.0538	 hit@1:0.021603	 hit@5:0.0655	 hit@10: 0.0969
epoch 18: train_loss = 0.865125, source_hit@10 = 0.0514, source_ndcg@10 = 0.0254, target_hit@10 = 0.0969, target_ndcg@10 = 0.0538

recommendation_loss: 1.2893831729888916, critic_loss: 0
recommendation_loss: 1.3214699029922485, critic_loss: 0
recommendation_loss: 1.2217315435409546, critic_loss: 0
recommendation_loss: 1.2160636186599731, critic_loss: 0
recommendation_loss: 1.2083864212036133, critic_loss: 0
recommendation_loss: 1.2632250785827637, critic_loss: 0
recommendation_loss: 1.2146238088607788, critic_loss: 0
recommendation_loss: 1.2145802974700928, critic_loss: 0
recommendation_loss: 1.2771663665771484, critic_loss: 0
recommendation_loss: 1.230362892150879, critic_loss: 0
recommendation_loss: 1.1779688596725464, critic_loss: 0
recommendation_loss: 1.2051876783370972, critic_loss: 0
recommendation_loss: 1.2996095418930054, critic_loss: 0
recommendation_loss: 1.2461059093475342, critic_loss: 0
recommendation_loss: 1.3265498876571655, critic_loss: 0
recommendation_loss: 1.2420694828033447, critic_loss: 0
recommendation_loss: 1.1770743131637573, critic_loss: 0
recommendation_loss: 1.1855911016464233, critic_loss: 0
recommendation_loss: 1.2164106369018555, critic_loss: 0
recommendation_loss: 1.2495858669281006, critic_loss: 0
recommendation_loss: 1.2512269020080566, critic_loss: 0
recommendation_loss: 1.2094855308532715, critic_loss: 0
recommendation_loss: 1.1236258745193481, critic_loss: 0
recommendation_loss: 1.2400104999542236, critic_loss: 0
recommendation_loss: 1.2487934827804565, critic_loss: 0
recommendation_loss: 1.2244969606399536, critic_loss: 0
recommendation_loss: 1.208433747291565, critic_loss: 0
recommendation_loss: 1.2070103883743286, critic_loss: 0
recommendation_loss: 1.1966661214828491, critic_loss: 0
recommendation_loss: 1.262521743774414, critic_loss: 0
recommendation_loss: 1.2604503631591797, critic_loss: 0
recommendation_loss: 1.2014801502227783, critic_loss: 0
recommendation_loss: 1.3361120223999023, critic_loss: 0
recommendation_loss: 1.2474368810653687, critic_loss: 0
recommendation_loss: 1.1317827701568604, critic_loss: 0
recommendation_loss: 1.217200517654419, critic_loss: 0
recommendation_loss: 1.269378900527954, critic_loss: 0
recommendation_loss: 1.2770373821258545, critic_loss: 0
recommendation_loss: 1.170230507850647, critic_loss: 0
recommendation_loss: 1.215895652770996, critic_loss: 0
recommendation_loss: 1.1951849460601807, critic_loss: 0
recommendation_loss: 1.2034196853637695, critic_loss: 0
recommendation_loss: 1.1642744541168213, critic_loss: 0
recommendation_loss: 1.2071030139923096, critic_loss: 0
recommendation_loss: 1.184759259223938, critic_loss: 0
recommendation_loss: 1.259574055671692, critic_loss: 0
recommendation_loss: 1.2396764755249023, critic_loss: 0
recommendation_loss: 1.3342950344085693, critic_loss: 0
recommendation_loss: 1.240593671798706, critic_loss: 0
recommendation_loss: 1.186117172241211, critic_loss: 0
recommendation_loss: 1.2290163040161133, critic_loss: 0
recommendation_loss: 1.2460461854934692, critic_loss: 0
recommendation_loss: 1.1993539333343506, critic_loss: 0
recommendation_loss: 1.2353670597076416, critic_loss: 0
recommendation_loss: 1.1635175943374634, critic_loss: 0
recommendation_loss: 1.2860794067382812, critic_loss: 0
recommendation_loss: 1.338491439819336, critic_loss: 0
recommendation_loss: 1.190356969833374, critic_loss: 0
recommendation_loss: 1.2768187522888184, critic_loss: 0
recommendation_loss: 1.2617391347885132, critic_loss: 0
recommendation_loss: 1.242277979850769, critic_loss: 0
recommendation_loss: 1.2967445850372314, critic_loss: 0
recommendation_loss: 1.1907594203948975, critic_loss: 0
recommendation_loss: 1.200251817703247, critic_loss: 0
recommendation_loss: 1.1894344091415405, critic_loss: 0
recommendation_loss: 1.2026495933532715, critic_loss: 0
recommendation_loss: 1.2712922096252441, critic_loss: 0
recommendation_loss: 1.2376171350479126, critic_loss: 0
recommendation_loss: 1.176774024963379, critic_loss: 0
recommendation_loss: 1.2318321466445923, critic_loss: 0
recommendation_loss: 1.176224946975708, critic_loss: 0
recommendation_loss: 1.2532659769058228, critic_loss: 0
recommendation_loss: 1.2426897287368774, critic_loss: 0
recommendation_loss: 1.1840276718139648, critic_loss: 0
recommendation_loss: 1.3014379739761353, critic_loss: 0
recommendation_loss: 1.2597484588623047, critic_loss: 0
recommendation_loss: 1.1536424160003662, critic_loss: 0
recommendation_loss: 1.1197553873062134, critic_loss: 0
recommendation_loss: 1.2462668418884277, critic_loss: 0
recommendation_loss: 1.2290548086166382, critic_loss: 0
recommendation_loss: 1.2305564880371094, critic_loss: 0
recommendation_loss: 1.1239161491394043, critic_loss: 0
recommendation_loss: 1.237576961517334, critic_loss: 0
recommendation_loss: 1.2215256690979004, critic_loss: 0
recommendation_loss: 1.2437899112701416, critic_loss: 0
recommendation_loss: 1.2441368103027344, critic_loss: 0
recommendation_loss: 1.2180185317993164, critic_loss: 0
recommendation_loss: 1.1718106269836426, critic_loss: 0
recommendation_loss: 1.248144268989563, critic_loss: 0
recommendation_loss: 1.2471551895141602, critic_loss: 0
recommendation_loss: 1.210336446762085, critic_loss: 0
recommendation_loss: 1.1537630558013916, critic_loss: 0
recommendation_loss: 1.2751392126083374, critic_loss: 0
recommendation_loss: 1.2008167505264282, critic_loss: 0
recommendation_loss: 1.1901023387908936, critic_loss: 0
recommendation_loss: 1.142635703086853, critic_loss: 0
recommendation_loss: 1.2740182876586914, critic_loss: 0
recommendation_loss: 1.1579145193099976, critic_loss: 0
recommendation_loss: 1.1830636262893677, critic_loss: 0
recommendation_loss: 1.2140607833862305, critic_loss: 0
recommendation_loss: 1.2337729930877686, critic_loss: 0
recommendation_loss: 1.2335948944091797, critic_loss: 0
recommendation_loss: 1.2307751178741455, critic_loss: 0
recommendation_loss: 1.1564886569976807, critic_loss: 0
recommendation_loss: 1.2537651062011719, critic_loss: 0
recommendation_loss: 1.1919840574264526, critic_loss: 0
recommendation_loss: 1.2090802192687988, critic_loss: 0
recommendation_loss: 1.2405341863632202, critic_loss: 0
recommendation_loss: 1.2584407329559326, critic_loss: 0
recommendation_loss: 1.132256031036377, critic_loss: 0
recommendation_loss: 1.2395188808441162, critic_loss: 0
recommendation_loss: 1.2822182178497314, critic_loss: 0
recommendation_loss: 1.1749541759490967, critic_loss: 0
recommendation_loss: 1.2646002769470215, critic_loss: 0
recommendation_loss: 1.1560287475585938, critic_loss: 0
recommendation_loss: 1.1775261163711548, critic_loss: 0
recommendation_loss: 1.2281725406646729, critic_loss: 0
recommendation_loss: 1.2791507244110107, critic_loss: 0
recommendation_loss: 1.1690846681594849, critic_loss: 0
recommendation_loss: 1.2600791454315186, critic_loss: 0
recommendation_loss: 1.2850420475006104, critic_loss: 0
recommendation_loss: 1.2301806211471558, critic_loss: 0
recommendation_loss: 1.229443073272705, critic_loss: 0
recommendation_loss: 1.2526546716690063, critic_loss: 0
recommendation_loss: 1.2495290040969849, critic_loss: 0
recommendation_loss: 1.2638295888900757, critic_loss: 0
recommendation_loss: 1.2296419143676758, critic_loss: 0
recommendation_loss: 1.2026468515396118, critic_loss: 0
recommendation_loss: 1.3001909255981445, critic_loss: 0
recommendation_loss: 1.199180006980896, critic_loss: 0
recommendation_loss: 1.2659868001937866, critic_loss: 0
recommendation_loss: 1.2609285116195679, critic_loss: 0
recommendation_loss: 1.1377843618392944, critic_loss: 0
recommendation_loss: 1.2578282356262207, critic_loss: 0
recommendation_loss: 1.2800307273864746, critic_loss: 0
recommendation_loss: 1.1836965084075928, critic_loss: 0
recommendation_loss: 1.1314369440078735, critic_loss: 0
recommendation_loss: 1.2782692909240723, critic_loss: 0
recommendation_loss: 1.1591212749481201, critic_loss: 0
recommendation_loss: 1.1658935546875, critic_loss: 0
recommendation_loss: 1.1089978218078613, critic_loss: 0
recommendation_loss: 1.1958327293395996, critic_loss: 0
recommendation_loss: 1.1407313346862793, critic_loss: 0
recommendation_loss: 1.1998270750045776, critic_loss: 0
recommendation_loss: 1.3432769775390625, critic_loss: 0
recommendation_loss: 1.200693964958191, critic_loss: 0
recommendation_loss: 1.2966392040252686, critic_loss: 0
recommendation_loss: 1.1733365058898926, critic_loss: 0
recommendation_loss: 1.237337589263916, critic_loss: 0
recommendation_loss: 1.1582762002944946, critic_loss: 0
recommendation_loss: 1.1477510929107666, critic_loss: 0
recommendation_loss: 1.232754111289978, critic_loss: 0
recommendation_loss: 1.3043524026870728, critic_loss: 0
recommendation_loss: 1.1585769653320312, critic_loss: 0
recommendation_loss: 1.2302143573760986, critic_loss: 0
recommendation_loss: 1.2802748680114746, critic_loss: 0
recommendation_loss: 1.2478301525115967, critic_loss: 0
recommendation_loss: 1.1507956981658936, critic_loss: 0
recommendation_loss: 1.1971521377563477, critic_loss: 0
recommendation_loss: 1.2488477230072021, critic_loss: 0
recommendation_loss: 1.1697739362716675, critic_loss: 0
recommendation_loss: 1.2008662223815918, critic_loss: 0
recommendation_loss: 1.2624977827072144, critic_loss: 0
recommendation_loss: 1.1518919467926025, critic_loss: 0
recommendation_loss: 1.2421574592590332, critic_loss: 0
recommendation_loss: 1.132213830947876, critic_loss: 0
recommendation_loss: 1.2067054510116577, critic_loss: 0
recommendation_loss: 1.221257209777832, critic_loss: 0
recommendation_loss: 1.1344958543777466, critic_loss: 0
recommendation_loss: 1.163394570350647, critic_loss: 0
recommendation_loss: 1.1888290643692017, critic_loss: 0
recommendation_loss: 1.3195053339004517, critic_loss: 0
recommendation_loss: 1.1825042963027954, critic_loss: 0
recommendation_loss: 1.1654865741729736, critic_loss: 0
recommendation_loss: 1.278363823890686, critic_loss: 0
recommendation_loss: 1.1272132396697998, critic_loss: 0
recommendation_loss: 1.2162154912948608, critic_loss: 0
recommendation_loss: 1.264243721961975, critic_loss: 0
recommendation_loss: 1.237991213798523, critic_loss: 0
recommendation_loss: 1.2591519355773926, critic_loss: 0
recommendation_loss: 1.3101533651351929, critic_loss: 0
recommendation_loss: 1.201098084449768, critic_loss: 0
recommendation_loss: 1.199188470840454, critic_loss: 0
recommendation_loss: 1.2122656106948853, critic_loss: 0
recommendation_loss: 1.3122189044952393, critic_loss: 0
recommendation_loss: 1.2154475450515747, critic_loss: 0
recommendation_loss: 1.2740881443023682, critic_loss: 0
recommendation_loss: 1.237066388130188, critic_loss: 0
recommendation_loss: 1.239222526550293, critic_loss: 0
recommendation_loss: 1.258558750152588, critic_loss: 0
recommendation_loss: 1.2027802467346191, critic_loss: 0
recommendation_loss: 1.2644932270050049, critic_loss: 0
recommendation_loss: 1.1942332983016968, critic_loss: 0
recommendation_loss: 1.2328736782073975, critic_loss: 0
recommendation_loss: 1.13810133934021, critic_loss: 0
recommendation_loss: 1.2210890054702759, critic_loss: 0
recommendation_loss: 1.1823437213897705, critic_loss: 0
recommendation_loss: 1.1848574876785278, critic_loss: 0
recommendation_loss: 1.1815636157989502, critic_loss: 0
recommendation_loss: 1.1956634521484375, critic_loss: 0
recommendation_loss: 1.1958853006362915, critic_loss: 0
recommendation_loss: 1.2262136936187744, critic_loss: 0
recommendation_loss: 1.2856467962265015, critic_loss: 0
recommendation_loss: 1.183396339416504, critic_loss: 0
recommendation_loss: 1.2383739948272705, critic_loss: 0
recommendation_loss: 1.2034777402877808, critic_loss: 0
recommendation_loss: 1.1976230144500732, critic_loss: 0
recommendation_loss: 1.2444591522216797, critic_loss: 0
recommendation_loss: 1.2907092571258545, critic_loss: 0
recommendation_loss: 1.2515491247177124, critic_loss: 0
recommendation_loss: 1.2090098857879639, critic_loss: 0
recommendation_loss: 1.216152548789978, critic_loss: 0
recommendation_loss: 1.1513410806655884, critic_loss: 0
recommendation_loss: 1.1943609714508057, critic_loss: 0
recommendation_loss: 1.2171094417572021, critic_loss: 0
recommendation_loss: 1.1910290718078613, critic_loss: 0
recommendation_loss: 1.2586768865585327, critic_loss: 0
recommendation_loss: 1.3134491443634033, critic_loss: 0
recommendation_loss: 1.2727100849151611, critic_loss: 0
recommendation_loss: 1.2303462028503418, critic_loss: 0
recommendation_loss: 1.204180359840393, critic_loss: 0
recommendation_loss: 1.1816436052322388, critic_loss: 0
recommendation_loss: 1.2923815250396729, critic_loss: 0
recommendation_loss: 1.2396541833877563, critic_loss: 0
recommendation_loss: 1.26487398147583, critic_loss: 0
recommendation_loss: 1.2007418870925903, critic_loss: 0
recommendation_loss: 1.325312852859497, critic_loss: 0
recommendation_loss: 1.2808969020843506, critic_loss: 0
recommendation_loss: 1.2661277055740356, critic_loss: 0
recommendation_loss: 1.273082971572876, critic_loss: 0
recommendation_loss: 1.2619093656539917, critic_loss: 0
recommendation_loss: 1.305091142654419, critic_loss: 0
recommendation_loss: 1.1965595483779907, critic_loss: 0
recommendation_loss: 1.2055844068527222, critic_loss: 0
recommendation_loss: 1.2837306261062622, critic_loss: 0
recommendation_loss: 1.1746174097061157, critic_loss: 0
recommendation_loss: 1.2988054752349854, critic_loss: 0
recommendation_loss: 1.1889739036560059, critic_loss: 0
recommendation_loss: 1.1314728260040283, critic_loss: 0
recommendation_loss: 1.2144807577133179, critic_loss: 0
recommendation_loss: 1.2025967836380005, critic_loss: 0
recommendation_loss: 1.2360602617263794, critic_loss: 0
recommendation_loss: 1.2552425861358643, critic_loss: 0
recommendation_loss: 1.1768754720687866, critic_loss: 0
recommendation_loss: 1.2491395473480225, critic_loss: 0
recommendation_loss: 1.2491185665130615, critic_loss: 0
recommendation_loss: 1.1950994729995728, critic_loss: 0
recommendation_loss: 1.2285255193710327, critic_loss: 0
recommendation_loss: 1.142050862312317, critic_loss: 0
recommendation_loss: 1.2910106182098389, critic_loss: 0
recommendation_loss: 1.112264633178711, critic_loss: 0
recommendation_loss: 1.2113404273986816, critic_loss: 0
recommendation_loss: 1.2532577514648438, critic_loss: 0
recommendation_loss: 1.1975271701812744, critic_loss: 0
recommendation_loss: 1.2633907794952393, critic_loss: 0
recommendation_loss: 1.1529815196990967, critic_loss: 0
recommendation_loss: 1.2440184354782104, critic_loss: 0
recommendation_loss: 1.202015995979309, critic_loss: 0
recommendation_loss: 1.2157267332077026, critic_loss: 0
recommendation_loss: 1.2090153694152832, critic_loss: 0
recommendation_loss: 1.2500501871109009, critic_loss: 0
recommendation_loss: 1.2003909349441528, critic_loss: 0
recommendation_loss: 1.32920503616333, critic_loss: 0
recommendation_loss: 1.148061990737915, critic_loss: 0
recommendation_loss: 1.238938570022583, critic_loss: 0
recommendation_loss: 1.26822829246521, critic_loss: 0
recommendation_loss: 1.2520170211791992, critic_loss: 0
recommendation_loss: 1.2295689582824707, critic_loss: 0
recommendation_loss: 1.3326133489608765, critic_loss: 0
recommendation_loss: 1.1973278522491455, critic_loss: 0
recommendation_loss: 1.2606722116470337, critic_loss: 0
recommendation_loss: 1.2594473361968994, critic_loss: 0
recommendation_loss: 1.2926335334777832, critic_loss: 0
recommendation_loss: 1.268331527709961, critic_loss: 0
recommendation_loss: 1.247879147529602, critic_loss: 0
recommendation_loss: 1.2687135934829712, critic_loss: 0
recommendation_loss: 1.255569338798523, critic_loss: 0
recommendation_loss: 1.1857798099517822, critic_loss: 0
recommendation_loss: 1.1953561305999756, critic_loss: 0
recommendation_loss: 1.1319010257720947, critic_loss: 0
recommendation_loss: 1.2182589769363403, critic_loss: 0
recommendation_loss: 1.216091513633728, critic_loss: 0
recommendation_loss: 1.2104052305221558, critic_loss: 0
recommendation_loss: 1.1612064838409424, critic_loss: 0
recommendation_loss: 1.2824428081512451, critic_loss: 0
recommendation_loss: 1.1444140672683716, critic_loss: 0
recommendation_loss: 1.265233039855957, critic_loss: 0
recommendation_loss: 1.1409460306167603, critic_loss: 0
recommendation_loss: 1.271220326423645, critic_loss: 0
recommendation_loss: 1.2984955310821533, critic_loss: 0
recommendation_loss: 1.1831707954406738, critic_loss: 0
recommendation_loss: 1.1942507028579712, critic_loss: 0
recommendation_loss: 1.2026232481002808, critic_loss: 0
recommendation_loss: 1.2192387580871582, critic_loss: 0
recommendation_loss: 1.1766984462738037, critic_loss: 0
recommendation_loss: 1.1417973041534424, critic_loss: 0
recommendation_loss: 1.1914572715759277, critic_loss: 0
recommendation_loss: 1.324505090713501, critic_loss: 0
recommendation_loss: 1.2013940811157227, critic_loss: 0
recommendation_loss: 1.1322165727615356, critic_loss: 0
recommendation_loss: 1.280012845993042, critic_loss: 0
recommendation_loss: 1.2150518894195557, critic_loss: 0
recommendation_loss: 1.2071160078048706, critic_loss: 0
recommendation_loss: 1.2358237504959106, critic_loss: 0
2024-08-09 17:58:46.089788: step 5776/24320 (epoch 19/80), loss = 0.856268 (30.117 sec/epoch), lr: 0.002321
Evaluating on dev set...
...........................
source: 	 mrr: 0.041392	 ndcg_5: 0.0324	 ndcg_10: 0.0403	 hit@1:0.013034	 hit@5:0.0500	 hit@10: 0.0746
target: 	 mrr: 0.055239	 ndcg_5: 0.0489	 ndcg_10: 0.0595	 hit@1:0.021603	 hit@5:0.0753	 hit@10: 0.1087
target best!
..............target: 	 mrr: 0.047142	 ndcg_5: 0.0379	 ndcg_10: 0.0503	 hit@1:0.016461	 hit@5:0.0604	 hit@10: 0.0995
epoch 19: train_loss = 0.856268, source_hit@10 = 0.0746, source_ndcg@10 = 0.0403, target_hit@10 = 0.0995, target_ndcg@10 = 0.0503
new best model saved.

recommendation_loss: 1.228264331817627, critic_loss: 0
recommendation_loss: 1.2370903491973877, critic_loss: 0
recommendation_loss: 1.2219347953796387, critic_loss: 0
recommendation_loss: 1.2204493284225464, critic_loss: 0
recommendation_loss: 1.2055507898330688, critic_loss: 0
recommendation_loss: 1.2632383108139038, critic_loss: 0
recommendation_loss: 1.2534935474395752, critic_loss: 0
recommendation_loss: 1.240045428276062, critic_loss: 0
recommendation_loss: 1.268188714981079, critic_loss: 0
recommendation_loss: 1.158728837966919, critic_loss: 0
recommendation_loss: 1.224530816078186, critic_loss: 0
recommendation_loss: 1.1144192218780518, critic_loss: 0
recommendation_loss: 1.286861777305603, critic_loss: 0
recommendation_loss: 1.1988734006881714, critic_loss: 0
recommendation_loss: 1.2563834190368652, critic_loss: 0
recommendation_loss: 1.3013408184051514, critic_loss: 0
recommendation_loss: 1.2689650058746338, critic_loss: 0
recommendation_loss: 1.2589669227600098, critic_loss: 0
recommendation_loss: 1.2556710243225098, critic_loss: 0
recommendation_loss: 1.0806548595428467, critic_loss: 0
recommendation_loss: 1.1380668878555298, critic_loss: 0
recommendation_loss: 1.1750527620315552, critic_loss: 0
recommendation_loss: 1.2143239974975586, critic_loss: 0
recommendation_loss: 1.2740756273269653, critic_loss: 0
recommendation_loss: 1.1783015727996826, critic_loss: 0
recommendation_loss: 1.1966888904571533, critic_loss: 0
recommendation_loss: 1.1928976774215698, critic_loss: 0
recommendation_loss: 1.1821883916854858, critic_loss: 0
recommendation_loss: 1.2672442197799683, critic_loss: 0
recommendation_loss: 1.2374600172042847, critic_loss: 0
recommendation_loss: 1.2961750030517578, critic_loss: 0
recommendation_loss: 1.20641028881073, critic_loss: 0
recommendation_loss: 1.2779862880706787, critic_loss: 0
recommendation_loss: 1.2591896057128906, critic_loss: 0
recommendation_loss: 1.1142879724502563, critic_loss: 0
recommendation_loss: 1.201722264289856, critic_loss: 0
recommendation_loss: 1.254529356956482, critic_loss: 0
recommendation_loss: 1.2330490350723267, critic_loss: 0
recommendation_loss: 1.2421989440917969, critic_loss: 0
recommendation_loss: 1.1438599824905396, critic_loss: 0
recommendation_loss: 1.1543868780136108, critic_loss: 0
recommendation_loss: 1.237961769104004, critic_loss: 0
recommendation_loss: 1.2005352973937988, critic_loss: 0
recommendation_loss: 1.2149161100387573, critic_loss: 0
recommendation_loss: 1.252960205078125, critic_loss: 0
recommendation_loss: 1.2770172357559204, critic_loss: 0
recommendation_loss: 1.253379225730896, critic_loss: 0
recommendation_loss: 1.3245351314544678, critic_loss: 0
recommendation_loss: 1.2170777320861816, critic_loss: 0
recommendation_loss: 1.2309643030166626, critic_loss: 0
recommendation_loss: 1.217064380645752, critic_loss: 0
recommendation_loss: 1.2104992866516113, critic_loss: 0
recommendation_loss: 1.2012585401535034, critic_loss: 0
recommendation_loss: 1.2069892883300781, critic_loss: 0
recommendation_loss: 1.2107571363449097, critic_loss: 0
recommendation_loss: 1.293713927268982, critic_loss: 0
recommendation_loss: 1.3174707889556885, critic_loss: 0
recommendation_loss: 1.2774930000305176, critic_loss: 0
recommendation_loss: 1.1960762739181519, critic_loss: 0
recommendation_loss: 1.240614414215088, critic_loss: 0
recommendation_loss: 1.2680983543395996, critic_loss: 0
recommendation_loss: 1.30491304397583, critic_loss: 0
recommendation_loss: 1.1926976442337036, critic_loss: 0
recommendation_loss: 1.192534327507019, critic_loss: 0
recommendation_loss: 1.2762947082519531, critic_loss: 0
recommendation_loss: 1.1391270160675049, critic_loss: 0
recommendation_loss: 1.2363308668136597, critic_loss: 0
recommendation_loss: 1.2168562412261963, critic_loss: 0
recommendation_loss: 1.2374424934387207, critic_loss: 0
recommendation_loss: 1.2371509075164795, critic_loss: 0
recommendation_loss: 1.201893925666809, critic_loss: 0
recommendation_loss: 1.1765336990356445, critic_loss: 0
recommendation_loss: 1.1690325736999512, critic_loss: 0
recommendation_loss: 1.1984264850616455, critic_loss: 0
recommendation_loss: 1.2417099475860596, critic_loss: 0
recommendation_loss: 1.2513154745101929, critic_loss: 0
recommendation_loss: 1.2398103475570679, critic_loss: 0
recommendation_loss: 1.2018404006958008, critic_loss: 0
recommendation_loss: 1.1880249977111816, critic_loss: 0
recommendation_loss: 1.1908607482910156, critic_loss: 0
recommendation_loss: 1.1212304830551147, critic_loss: 0
recommendation_loss: 1.3156697750091553, critic_loss: 0
recommendation_loss: 1.2014809846878052, critic_loss: 0
recommendation_loss: 1.1467962265014648, critic_loss: 0
recommendation_loss: 1.1851835250854492, critic_loss: 0
recommendation_loss: 1.3023712635040283, critic_loss: 0
recommendation_loss: 1.2430628538131714, critic_loss: 0
recommendation_loss: 1.1437273025512695, critic_loss: 0
recommendation_loss: 1.2140309810638428, critic_loss: 0
recommendation_loss: 1.1582725048065186, critic_loss: 0
recommendation_loss: 1.2397032976150513, critic_loss: 0
recommendation_loss: 1.1955868005752563, critic_loss: 0
recommendation_loss: 1.2440404891967773, critic_loss: 0
recommendation_loss: 1.1908128261566162, critic_loss: 0
recommendation_loss: 1.2471829652786255, critic_loss: 0
recommendation_loss: 1.1978328227996826, critic_loss: 0
recommendation_loss: 1.309295892715454, critic_loss: 0
recommendation_loss: 1.240526556968689, critic_loss: 0
recommendation_loss: 1.171152949333191, critic_loss: 0
recommendation_loss: 1.1952407360076904, critic_loss: 0
recommendation_loss: 1.1675221920013428, critic_loss: 0
recommendation_loss: 1.2151026725769043, critic_loss: 0
recommendation_loss: 1.2449257373809814, critic_loss: 0
recommendation_loss: 1.1199085712432861, critic_loss: 0
recommendation_loss: 1.2011889219284058, critic_loss: 0
recommendation_loss: 1.2284544706344604, critic_loss: 0
recommendation_loss: 1.2501920461654663, critic_loss: 0
recommendation_loss: 1.184112548828125, critic_loss: 0
recommendation_loss: 1.2102317810058594, critic_loss: 0
recommendation_loss: 1.1390740871429443, critic_loss: 0
recommendation_loss: 1.2884796857833862, critic_loss: 0
recommendation_loss: 1.2360819578170776, critic_loss: 0
recommendation_loss: 1.22574782371521, critic_loss: 0
recommendation_loss: 1.2825860977172852, critic_loss: 0
recommendation_loss: 1.1929891109466553, critic_loss: 0
recommendation_loss: 1.1624970436096191, critic_loss: 0
recommendation_loss: 1.2550984621047974, critic_loss: 0
recommendation_loss: 1.2697434425354004, critic_loss: 0
recommendation_loss: 1.1493092775344849, critic_loss: 0
recommendation_loss: 1.1714165210723877, critic_loss: 0
recommendation_loss: 1.167270302772522, critic_loss: 0
recommendation_loss: 1.2452683448791504, critic_loss: 0
recommendation_loss: 1.1870442628860474, critic_loss: 0
recommendation_loss: 1.295196294784546, critic_loss: 0
recommendation_loss: 1.2252604961395264, critic_loss: 0
recommendation_loss: 1.2439606189727783, critic_loss: 0
recommendation_loss: 1.1306793689727783, critic_loss: 0
recommendation_loss: 1.2571043968200684, critic_loss: 0
recommendation_loss: 1.2311666011810303, critic_loss: 0
recommendation_loss: 1.2307384014129639, critic_loss: 0
recommendation_loss: 1.2641280889511108, critic_loss: 0
recommendation_loss: 1.2721643447875977, critic_loss: 0
recommendation_loss: 1.2069652080535889, critic_loss: 0
recommendation_loss: 1.2461748123168945, critic_loss: 0
recommendation_loss: 1.2533034086227417, critic_loss: 0
recommendation_loss: 1.219357967376709, critic_loss: 0
recommendation_loss: 1.3182950019836426, critic_loss: 0
recommendation_loss: 1.2133456468582153, critic_loss: 0
recommendation_loss: 1.1815345287322998, critic_loss: 0
recommendation_loss: 1.1505200862884521, critic_loss: 0
recommendation_loss: 1.2113728523254395, critic_loss: 0
recommendation_loss: 1.1463085412979126, critic_loss: 0
recommendation_loss: 1.2773462533950806, critic_loss: 0
recommendation_loss: 1.250940203666687, critic_loss: 0
recommendation_loss: 1.2278852462768555, critic_loss: 0
recommendation_loss: 1.2181100845336914, critic_loss: 0
recommendation_loss: 1.282463788986206, critic_loss: 0
recommendation_loss: 1.1730213165283203, critic_loss: 0
recommendation_loss: 1.0917270183563232, critic_loss: 0
recommendation_loss: 1.1582962274551392, critic_loss: 0
recommendation_loss: 1.317559003829956, critic_loss: 0
recommendation_loss: 1.181671142578125, critic_loss: 0
recommendation_loss: 1.249135971069336, critic_loss: 0
recommendation_loss: 1.159955620765686, critic_loss: 0
recommendation_loss: 1.0844697952270508, critic_loss: 0
recommendation_loss: 1.3189057111740112, critic_loss: 0
recommendation_loss: 1.2244433164596558, critic_loss: 0
recommendation_loss: 1.1221369504928589, critic_loss: 0
recommendation_loss: 1.247908353805542, critic_loss: 0
recommendation_loss: 1.1928818225860596, critic_loss: 0
recommendation_loss: 1.3846592903137207, critic_loss: 0
recommendation_loss: 1.2051019668579102, critic_loss: 0
recommendation_loss: 1.247433066368103, critic_loss: 0
recommendation_loss: 1.2805988788604736, critic_loss: 0
recommendation_loss: 1.2455604076385498, critic_loss: 0
recommendation_loss: 1.2825255393981934, critic_loss: 0
recommendation_loss: 1.182407021522522, critic_loss: 0
recommendation_loss: 1.2103914022445679, critic_loss: 0
recommendation_loss: 1.2349989414215088, critic_loss: 0
recommendation_loss: 1.1912665367126465, critic_loss: 0
recommendation_loss: 1.167626142501831, critic_loss: 0
recommendation_loss: 1.2732642889022827, critic_loss: 0
recommendation_loss: 1.2132987976074219, critic_loss: 0
recommendation_loss: 1.1979832649230957, critic_loss: 0
recommendation_loss: 1.208723545074463, critic_loss: 0
recommendation_loss: 1.1683940887451172, critic_loss: 0
recommendation_loss: 1.246280312538147, critic_loss: 0
recommendation_loss: 1.2143232822418213, critic_loss: 0
recommendation_loss: 1.2382099628448486, critic_loss: 0
recommendation_loss: 1.1300380229949951, critic_loss: 0
recommendation_loss: 1.3146729469299316, critic_loss: 0
recommendation_loss: 1.2160283327102661, critic_loss: 0
recommendation_loss: 1.1845093965530396, critic_loss: 0
recommendation_loss: 1.2364437580108643, critic_loss: 0
recommendation_loss: 1.2272248268127441, critic_loss: 0
recommendation_loss: 1.267996072769165, critic_loss: 0
recommendation_loss: 1.2659990787506104, critic_loss: 0
recommendation_loss: 1.2114211320877075, critic_loss: 0
recommendation_loss: 1.2770344018936157, critic_loss: 0
recommendation_loss: 1.305994987487793, critic_loss: 0
recommendation_loss: 1.149920105934143, critic_loss: 0
recommendation_loss: 1.2612806558609009, critic_loss: 0
recommendation_loss: 1.2181813716888428, critic_loss: 0
recommendation_loss: 1.1373157501220703, critic_loss: 0
recommendation_loss: 1.2404637336730957, critic_loss: 0
recommendation_loss: 1.2259271144866943, critic_loss: 0
recommendation_loss: 1.2462024688720703, critic_loss: 0
recommendation_loss: 1.222078800201416, critic_loss: 0
recommendation_loss: 1.2708401679992676, critic_loss: 0
recommendation_loss: 1.168075442314148, critic_loss: 0
recommendation_loss: 1.0880634784698486, critic_loss: 0
recommendation_loss: 1.2517333030700684, critic_loss: 0
recommendation_loss: 1.2932629585266113, critic_loss: 0
recommendation_loss: 1.1436305046081543, critic_loss: 0
recommendation_loss: 1.269352674484253, critic_loss: 0
recommendation_loss: 1.218351125717163, critic_loss: 0
recommendation_loss: 1.2404009103775024, critic_loss: 0
recommendation_loss: 1.2301182746887207, critic_loss: 0
recommendation_loss: 1.2456588745117188, critic_loss: 0
recommendation_loss: 1.2086915969848633, critic_loss: 0
recommendation_loss: 1.1936336755752563, critic_loss: 0
recommendation_loss: 1.2137843370437622, critic_loss: 0
recommendation_loss: 1.1472333669662476, critic_loss: 0
recommendation_loss: 1.2388828992843628, critic_loss: 0
recommendation_loss: 1.2072248458862305, critic_loss: 0
recommendation_loss: 1.267136573791504, critic_loss: 0
recommendation_loss: 1.2000705003738403, critic_loss: 0
recommendation_loss: 1.2281033992767334, critic_loss: 0
recommendation_loss: 1.1363250017166138, critic_loss: 0
recommendation_loss: 1.191452145576477, critic_loss: 0
recommendation_loss: 1.1943988800048828, critic_loss: 0
recommendation_loss: 1.183961272239685, critic_loss: 0
recommendation_loss: 1.185427188873291, critic_loss: 0
recommendation_loss: 1.283130168914795, critic_loss: 0
recommendation_loss: 1.1792627573013306, critic_loss: 0
recommendation_loss: 1.1925691366195679, critic_loss: 0
recommendation_loss: 1.2537245750427246, critic_loss: 0
recommendation_loss: 1.3175429105758667, critic_loss: 0
recommendation_loss: 1.2908967733383179, critic_loss: 0
recommendation_loss: 1.2950971126556396, critic_loss: 0
recommendation_loss: 1.1988496780395508, critic_loss: 0
recommendation_loss: 1.2667722702026367, critic_loss: 0
recommendation_loss: 1.1596792936325073, critic_loss: 0
recommendation_loss: 1.236755132675171, critic_loss: 0
recommendation_loss: 1.170499563217163, critic_loss: 0
recommendation_loss: 1.2165844440460205, critic_loss: 0
recommendation_loss: 1.2361112833023071, critic_loss: 0
recommendation_loss: 1.1914262771606445, critic_loss: 0
recommendation_loss: 1.0929358005523682, critic_loss: 0
recommendation_loss: 1.1977609395980835, critic_loss: 0
recommendation_loss: 1.235790491104126, critic_loss: 0
recommendation_loss: 1.1981793642044067, critic_loss: 0
recommendation_loss: 1.1943490505218506, critic_loss: 0
recommendation_loss: 1.2343039512634277, critic_loss: 0
recommendation_loss: 1.1920249462127686, critic_loss: 0
recommendation_loss: 1.304059386253357, critic_loss: 0
recommendation_loss: 1.2938885688781738, critic_loss: 0
recommendation_loss: 1.177815318107605, critic_loss: 0
recommendation_loss: 1.148714303970337, critic_loss: 0
recommendation_loss: 1.2938152551651, critic_loss: 0
recommendation_loss: 1.1578383445739746, critic_loss: 0
recommendation_loss: 1.215111255645752, critic_loss: 0
recommendation_loss: 1.2556278705596924, critic_loss: 0
recommendation_loss: 1.2193632125854492, critic_loss: 0
recommendation_loss: 1.2525818347930908, critic_loss: 0
recommendation_loss: 1.2142040729522705, critic_loss: 0
recommendation_loss: 1.1849472522735596, critic_loss: 0
recommendation_loss: 1.1877801418304443, critic_loss: 0
recommendation_loss: 1.2335323095321655, critic_loss: 0
recommendation_loss: 1.1656996011734009, critic_loss: 0
recommendation_loss: 1.1784427165985107, critic_loss: 0
recommendation_loss: 1.2236900329589844, critic_loss: 0
recommendation_loss: 1.2376322746276855, critic_loss: 0
recommendation_loss: 1.1101536750793457, critic_loss: 0
recommendation_loss: 1.2557730674743652, critic_loss: 0
recommendation_loss: 1.261326551437378, critic_loss: 0
recommendation_loss: 1.2424055337905884, critic_loss: 0
recommendation_loss: 1.21636164188385, critic_loss: 0
recommendation_loss: 1.242854118347168, critic_loss: 0
recommendation_loss: 1.2415094375610352, critic_loss: 0
recommendation_loss: 1.213545799255371, critic_loss: 0
recommendation_loss: 1.308720350265503, critic_loss: 0
recommendation_loss: 1.186927080154419, critic_loss: 0
recommendation_loss: 1.188643217086792, critic_loss: 0
recommendation_loss: 1.2185970544815063, critic_loss: 0
recommendation_loss: 1.1804869174957275, critic_loss: 0
recommendation_loss: 1.1900025606155396, critic_loss: 0
recommendation_loss: 1.1860958337783813, critic_loss: 0
recommendation_loss: 1.2489821910858154, critic_loss: 0
recommendation_loss: 1.1920182704925537, critic_loss: 0
recommendation_loss: 1.189670443534851, critic_loss: 0
recommendation_loss: 1.1480770111083984, critic_loss: 0
recommendation_loss: 1.229290246963501, critic_loss: 0
recommendation_loss: 1.2412229776382446, critic_loss: 0
recommendation_loss: 1.3389592170715332, critic_loss: 0
recommendation_loss: 1.1962045431137085, critic_loss: 0
recommendation_loss: 1.1820063591003418, critic_loss: 0
recommendation_loss: 1.1905579566955566, critic_loss: 0
recommendation_loss: 1.2099215984344482, critic_loss: 0
recommendation_loss: 1.2746440172195435, critic_loss: 0
recommendation_loss: 1.2013511657714844, critic_loss: 0
recommendation_loss: 1.1543773412704468, critic_loss: 0
recommendation_loss: 1.105033278465271, critic_loss: 0
recommendation_loss: 1.1289639472961426, critic_loss: 0
recommendation_loss: 1.2065362930297852, critic_loss: 0
recommendation_loss: 1.1672449111938477, critic_loss: 0
recommendation_loss: 1.214585304260254, critic_loss: 0
recommendation_loss: 1.2485411167144775, critic_loss: 0
recommendation_loss: 1.161388874053955, critic_loss: 0
recommendation_loss: 1.20963716506958, critic_loss: 0
recommendation_loss: 1.1797780990600586, critic_loss: 0
recommendation_loss: 1.2075315713882446, critic_loss: 0
recommendation_loss: 1.2096288204193115, critic_loss: 0
recommendation_loss: 1.2178038358688354, critic_loss: 0
2024-08-09 17:59:16.535865: step 6080/24320 (epoch 20/80), loss = 0.852627 (29.785 sec/epoch), lr: 0.002321
Evaluating on dev set...
...........................
source: 	 mrr: 0.037849	 ndcg_5: 0.0272	 ndcg_10: 0.0378	 hit@1:0.011586	 hit@5:0.0427	 hit@10: 0.0768
target: 	 mrr: 0.048946	 ndcg_5: 0.0429	 ndcg_10: 0.0547	 hit@1:0.015331	 hit@5:0.0690	 hit@10: 0.1059
epoch 20: train_loss = 0.852627, source_hit@10 = 0.0768, source_ndcg@10 = 0.0378, target_hit@10 = 0.1059, target_ndcg@10 = 0.0547

recommendation_loss: 1.2003532648086548, critic_loss: 0
recommendation_loss: 1.2823654413223267, critic_loss: 0
recommendation_loss: 1.1495307683944702, critic_loss: 0
recommendation_loss: 1.2084558010101318, critic_loss: 0
recommendation_loss: 1.0986077785491943, critic_loss: 0
recommendation_loss: 1.1461172103881836, critic_loss: 0
recommendation_loss: 1.1591607332229614, critic_loss: 0
recommendation_loss: 1.2313607931137085, critic_loss: 0
recommendation_loss: 1.206866979598999, critic_loss: 0
recommendation_loss: 1.183830738067627, critic_loss: 0
recommendation_loss: 1.1820671558380127, critic_loss: 0
recommendation_loss: 1.201174259185791, critic_loss: 0
recommendation_loss: 1.2374283075332642, critic_loss: 0
recommendation_loss: 1.0925556421279907, critic_loss: 0
recommendation_loss: 1.371954083442688, critic_loss: 0
recommendation_loss: 1.139688491821289, critic_loss: 0
recommendation_loss: 1.1903289556503296, critic_loss: 0
recommendation_loss: 1.1990931034088135, critic_loss: 0
recommendation_loss: 1.2195276021957397, critic_loss: 0
recommendation_loss: 1.2289847135543823, critic_loss: 0
recommendation_loss: 1.175479769706726, critic_loss: 0
recommendation_loss: 1.178823471069336, critic_loss: 0
recommendation_loss: 1.1712408065795898, critic_loss: 0
recommendation_loss: 1.1941614151000977, critic_loss: 0
recommendation_loss: 1.1770926713943481, critic_loss: 0
recommendation_loss: 1.2564224004745483, critic_loss: 0
recommendation_loss: 1.2452566623687744, critic_loss: 0
recommendation_loss: 1.1550261974334717, critic_loss: 0
recommendation_loss: 1.1917457580566406, critic_loss: 0
recommendation_loss: 1.2255343198776245, critic_loss: 0
recommendation_loss: 1.2380013465881348, critic_loss: 0
recommendation_loss: 1.1923415660858154, critic_loss: 0
recommendation_loss: 1.2365038394927979, critic_loss: 0
recommendation_loss: 1.2011892795562744, critic_loss: 0
recommendation_loss: 1.1512256860733032, critic_loss: 0
recommendation_loss: 1.175049066543579, critic_loss: 0
recommendation_loss: 1.2553067207336426, critic_loss: 0
recommendation_loss: 1.1065149307250977, critic_loss: 0
recommendation_loss: 1.238679051399231, critic_loss: 0
recommendation_loss: 1.205118179321289, critic_loss: 0
recommendation_loss: 1.15104079246521, critic_loss: 0
recommendation_loss: 1.1977076530456543, critic_loss: 0
recommendation_loss: 1.1931746006011963, critic_loss: 0
recommendation_loss: 1.1912908554077148, critic_loss: 0
recommendation_loss: 1.201562762260437, critic_loss: 0
recommendation_loss: 1.1158819198608398, critic_loss: 0
recommendation_loss: 1.1857500076293945, critic_loss: 0
recommendation_loss: 1.2832728624343872, critic_loss: 0
recommendation_loss: 1.194349765777588, critic_loss: 0
recommendation_loss: 1.139380931854248, critic_loss: 0
recommendation_loss: 1.2496007680892944, critic_loss: 0
recommendation_loss: 1.1075596809387207, critic_loss: 0
recommendation_loss: 1.1905298233032227, critic_loss: 0
recommendation_loss: 1.1519137620925903, critic_loss: 0
recommendation_loss: 1.1661452054977417, critic_loss: 0
recommendation_loss: 1.1563575267791748, critic_loss: 0
recommendation_loss: 1.1206618547439575, critic_loss: 0
recommendation_loss: 1.1702561378479004, critic_loss: 0
recommendation_loss: 1.20219087600708, critic_loss: 0
recommendation_loss: 1.244490385055542, critic_loss: 0
recommendation_loss: 1.2063984870910645, critic_loss: 0
recommendation_loss: 1.2797497510910034, critic_loss: 0
recommendation_loss: 1.12400484085083, critic_loss: 0
recommendation_loss: 1.2562682628631592, critic_loss: 0
recommendation_loss: 1.141880989074707, critic_loss: 0
recommendation_loss: 1.065667748451233, critic_loss: 0
recommendation_loss: 1.194480538368225, critic_loss: 0
recommendation_loss: 1.211206316947937, critic_loss: 0
recommendation_loss: 1.2294012308120728, critic_loss: 0
recommendation_loss: 1.1691359281539917, critic_loss: 0
recommendation_loss: 1.1895405054092407, critic_loss: 0
recommendation_loss: 1.2639284133911133, critic_loss: 0
recommendation_loss: 1.144561529159546, critic_loss: 0
recommendation_loss: 1.1027030944824219, critic_loss: 0
recommendation_loss: 1.221566081047058, critic_loss: 0
recommendation_loss: 1.1134352684020996, critic_loss: 0
recommendation_loss: 1.1160078048706055, critic_loss: 0
recommendation_loss: 1.2278882265090942, critic_loss: 0
recommendation_loss: 1.2160284519195557, critic_loss: 0
recommendation_loss: 1.197700023651123, critic_loss: 0
recommendation_loss: 1.2099820375442505, critic_loss: 0
recommendation_loss: 1.1921266317367554, critic_loss: 0
recommendation_loss: 1.1059907674789429, critic_loss: 0
recommendation_loss: 1.1274901628494263, critic_loss: 0
recommendation_loss: 1.1849689483642578, critic_loss: 0
recommendation_loss: 1.191364049911499, critic_loss: 0
recommendation_loss: 1.2136222124099731, critic_loss: 0
recommendation_loss: 1.2021009922027588, critic_loss: 0
recommendation_loss: 1.262328863143921, critic_loss: 0
recommendation_loss: 1.1962065696716309, critic_loss: 0
recommendation_loss: 1.113731026649475, critic_loss: 0
recommendation_loss: 1.1722642183303833, critic_loss: 0
recommendation_loss: 1.2399386167526245, critic_loss: 0
recommendation_loss: 1.2091467380523682, critic_loss: 0
recommendation_loss: 1.2185540199279785, critic_loss: 0
recommendation_loss: 1.142829418182373, critic_loss: 0
recommendation_loss: 1.2078434228897095, critic_loss: 0
recommendation_loss: 1.1922526359558105, critic_loss: 0
recommendation_loss: 1.175038456916809, critic_loss: 0
recommendation_loss: 1.2717351913452148, critic_loss: 0
recommendation_loss: 1.208005428314209, critic_loss: 0
recommendation_loss: 1.1366052627563477, critic_loss: 0
recommendation_loss: 1.198325276374817, critic_loss: 0
recommendation_loss: 1.227463722229004, critic_loss: 0
recommendation_loss: 1.143101453781128, critic_loss: 0
recommendation_loss: 1.1941533088684082, critic_loss: 0
recommendation_loss: 1.2854955196380615, critic_loss: 0
recommendation_loss: 1.1798251867294312, critic_loss: 0
recommendation_loss: 1.2320334911346436, critic_loss: 0
recommendation_loss: 1.0756564140319824, critic_loss: 0
recommendation_loss: 1.2936985492706299, critic_loss: 0
recommendation_loss: 1.2460988759994507, critic_loss: 0
recommendation_loss: 1.231075406074524, critic_loss: 0
recommendation_loss: 1.3045893907546997, critic_loss: 0
recommendation_loss: 1.2048919200897217, critic_loss: 0
recommendation_loss: 1.1408710479736328, critic_loss: 0
recommendation_loss: 1.143668293952942, critic_loss: 0
recommendation_loss: 1.2068829536437988, critic_loss: 0
recommendation_loss: 1.1660313606262207, critic_loss: 0
recommendation_loss: 1.2855980396270752, critic_loss: 0
recommendation_loss: 1.2990249395370483, critic_loss: 0
recommendation_loss: 1.2429275512695312, critic_loss: 0
recommendation_loss: 1.1775835752487183, critic_loss: 0
recommendation_loss: 1.2251454591751099, critic_loss: 0
recommendation_loss: 1.164697527885437, critic_loss: 0
recommendation_loss: 1.2026984691619873, critic_loss: 0
recommendation_loss: 1.2117055654525757, critic_loss: 0
recommendation_loss: 1.2704336643218994, critic_loss: 0
recommendation_loss: 1.2247815132141113, critic_loss: 0
recommendation_loss: 1.2062456607818604, critic_loss: 0
recommendation_loss: 1.1321171522140503, critic_loss: 0
recommendation_loss: 1.1648578643798828, critic_loss: 0
recommendation_loss: 1.1612844467163086, critic_loss: 0
recommendation_loss: 1.2763211727142334, critic_loss: 0
recommendation_loss: 1.2357842922210693, critic_loss: 0
recommendation_loss: 1.3065721988677979, critic_loss: 0
recommendation_loss: 1.1826646327972412, critic_loss: 0
recommendation_loss: 1.1928448677062988, critic_loss: 0
recommendation_loss: 1.1683800220489502, critic_loss: 0
recommendation_loss: 1.1492695808410645, critic_loss: 0
recommendation_loss: 1.1831300258636475, critic_loss: 0
recommendation_loss: 1.1283897161483765, critic_loss: 0
recommendation_loss: 1.144505262374878, critic_loss: 0
recommendation_loss: 1.1772606372833252, critic_loss: 0
recommendation_loss: 1.2768821716308594, critic_loss: 0
recommendation_loss: 1.24476158618927, critic_loss: 0
recommendation_loss: 1.196441650390625, critic_loss: 0
recommendation_loss: 1.2024112939834595, critic_loss: 0
recommendation_loss: 1.1752238273620605, critic_loss: 0
recommendation_loss: 1.157997965812683, critic_loss: 0
recommendation_loss: 1.1875879764556885, critic_loss: 0
recommendation_loss: 1.2107460498809814, critic_loss: 0
recommendation_loss: 1.1794809103012085, critic_loss: 0
recommendation_loss: 1.1525019407272339, critic_loss: 0
recommendation_loss: 1.2184245586395264, critic_loss: 0
recommendation_loss: 1.1510034799575806, critic_loss: 0
recommendation_loss: 1.1714168787002563, critic_loss: 0
recommendation_loss: 1.1347784996032715, critic_loss: 0
recommendation_loss: 1.1950660943984985, critic_loss: 0
recommendation_loss: 1.175452470779419, critic_loss: 0
recommendation_loss: 1.2149080038070679, critic_loss: 0
recommendation_loss: 1.1010969877243042, critic_loss: 0
recommendation_loss: 1.1553215980529785, critic_loss: 0
recommendation_loss: 1.1566944122314453, critic_loss: 0
recommendation_loss: 1.2081658840179443, critic_loss: 0
recommendation_loss: 1.2356593608856201, critic_loss: 0
recommendation_loss: 1.1812982559204102, critic_loss: 0
recommendation_loss: 1.2379059791564941, critic_loss: 0
recommendation_loss: 1.2438446283340454, critic_loss: 0
recommendation_loss: 1.1221781969070435, critic_loss: 0
recommendation_loss: 1.0955753326416016, critic_loss: 0
recommendation_loss: 1.1720908880233765, critic_loss: 0
recommendation_loss: 1.1419827938079834, critic_loss: 0
recommendation_loss: 1.161803960800171, critic_loss: 0
recommendation_loss: 1.2239924669265747, critic_loss: 0
recommendation_loss: 1.2044432163238525, critic_loss: 0
recommendation_loss: 1.2134851217269897, critic_loss: 0
recommendation_loss: 1.2619216442108154, critic_loss: 0
recommendation_loss: 1.18742835521698, critic_loss: 0
recommendation_loss: 1.2227593660354614, critic_loss: 0
recommendation_loss: 1.2196974754333496, critic_loss: 0
recommendation_loss: 1.2292190790176392, critic_loss: 0
recommendation_loss: 1.1412549018859863, critic_loss: 0
recommendation_loss: 1.1473033428192139, critic_loss: 0
recommendation_loss: 1.1518332958221436, critic_loss: 0
recommendation_loss: 1.1561223268508911, critic_loss: 0
recommendation_loss: 1.2368096113204956, critic_loss: 0
recommendation_loss: 1.2015541791915894, critic_loss: 0
recommendation_loss: 1.2695978879928589, critic_loss: 0
recommendation_loss: 1.1135060787200928, critic_loss: 0
recommendation_loss: 1.190569281578064, critic_loss: 0
recommendation_loss: 1.1007412672042847, critic_loss: 0
recommendation_loss: 1.1404064893722534, critic_loss: 0
recommendation_loss: 1.1543611288070679, critic_loss: 0
recommendation_loss: 1.2122498750686646, critic_loss: 0
recommendation_loss: 1.1580557823181152, critic_loss: 0
recommendation_loss: 1.2533713579177856, critic_loss: 0
recommendation_loss: 1.1637012958526611, critic_loss: 0
recommendation_loss: 1.2307562828063965, critic_loss: 0
recommendation_loss: 1.161016821861267, critic_loss: 0
recommendation_loss: 1.1378986835479736, critic_loss: 0
recommendation_loss: 1.1714879274368286, critic_loss: 0
recommendation_loss: 1.2175742387771606, critic_loss: 0
recommendation_loss: 1.211074948310852, critic_loss: 0
recommendation_loss: 1.1894510984420776, critic_loss: 0
recommendation_loss: 1.2830740213394165, critic_loss: 0
recommendation_loss: 1.1711575984954834, critic_loss: 0
recommendation_loss: 1.2021344900131226, critic_loss: 0
recommendation_loss: 1.2291170358657837, critic_loss: 0
recommendation_loss: 1.171891212463379, critic_loss: 0
recommendation_loss: 1.187361478805542, critic_loss: 0
recommendation_loss: 1.1995313167572021, critic_loss: 0
recommendation_loss: 1.1816260814666748, critic_loss: 0
recommendation_loss: 1.1479816436767578, critic_loss: 0
recommendation_loss: 1.1708402633666992, critic_loss: 0
recommendation_loss: 1.183816909790039, critic_loss: 0
recommendation_loss: 1.209799885749817, critic_loss: 0
recommendation_loss: 1.131045937538147, critic_loss: 0
recommendation_loss: 1.0900123119354248, critic_loss: 0
recommendation_loss: 1.1555349826812744, critic_loss: 0
recommendation_loss: 1.2293587923049927, critic_loss: 0
recommendation_loss: 1.2363373041152954, critic_loss: 0
recommendation_loss: 1.220902681350708, critic_loss: 0
recommendation_loss: 1.2155630588531494, critic_loss: 0
recommendation_loss: 1.2140387296676636, critic_loss: 0
recommendation_loss: 1.0734814405441284, critic_loss: 0
recommendation_loss: 1.1759147644042969, critic_loss: 0
recommendation_loss: 1.2373156547546387, critic_loss: 0
recommendation_loss: 1.2593477964401245, critic_loss: 0
recommendation_loss: 1.1512317657470703, critic_loss: 0
recommendation_loss: 1.2293123006820679, critic_loss: 0
recommendation_loss: 1.250478982925415, critic_loss: 0
recommendation_loss: 1.1723092794418335, critic_loss: 0
recommendation_loss: 1.2130911350250244, critic_loss: 0
recommendation_loss: 1.1226615905761719, critic_loss: 0
recommendation_loss: 1.14010751247406, critic_loss: 0
recommendation_loss: 1.2358757257461548, critic_loss: 0
recommendation_loss: 1.1057828664779663, critic_loss: 0
recommendation_loss: 1.0767793655395508, critic_loss: 0
recommendation_loss: 1.1960152387619019, critic_loss: 0
recommendation_loss: 1.1570394039154053, critic_loss: 0
recommendation_loss: 1.185955286026001, critic_loss: 0
recommendation_loss: 1.1197373867034912, critic_loss: 0
recommendation_loss: 1.1825536489486694, critic_loss: 0
recommendation_loss: 1.2308399677276611, critic_loss: 0
recommendation_loss: 1.2811510562896729, critic_loss: 0
recommendation_loss: 1.2096573114395142, critic_loss: 0
recommendation_loss: 1.1516926288604736, critic_loss: 0
recommendation_loss: 1.1449148654937744, critic_loss: 0
recommendation_loss: 1.2438604831695557, critic_loss: 0
recommendation_loss: 1.1872116327285767, critic_loss: 0
recommendation_loss: 1.132660150527954, critic_loss: 0
recommendation_loss: 1.1878646612167358, critic_loss: 0
recommendation_loss: 1.2716891765594482, critic_loss: 0
recommendation_loss: 1.2127652168273926, critic_loss: 0
recommendation_loss: 1.2140501737594604, critic_loss: 0
recommendation_loss: 1.1594245433807373, critic_loss: 0
recommendation_loss: 1.2075523138046265, critic_loss: 0
recommendation_loss: 1.2334469556808472, critic_loss: 0
recommendation_loss: 1.1473743915557861, critic_loss: 0
recommendation_loss: 1.1527202129364014, critic_loss: 0
recommendation_loss: 1.2115247249603271, critic_loss: 0
recommendation_loss: 1.223786473274231, critic_loss: 0
recommendation_loss: 1.220163345336914, critic_loss: 0
recommendation_loss: 1.0944658517837524, critic_loss: 0
recommendation_loss: 1.1511939764022827, critic_loss: 0
recommendation_loss: 1.1602994203567505, critic_loss: 0
recommendation_loss: 1.22222900390625, critic_loss: 0
recommendation_loss: 1.1652870178222656, critic_loss: 0
recommendation_loss: 1.2407448291778564, critic_loss: 0
recommendation_loss: 1.0985089540481567, critic_loss: 0
recommendation_loss: 1.1719635725021362, critic_loss: 0
recommendation_loss: 1.0896167755126953, critic_loss: 0
recommendation_loss: 1.182172179222107, critic_loss: 0
recommendation_loss: 1.2401199340820312, critic_loss: 0
recommendation_loss: 1.2261955738067627, critic_loss: 0
recommendation_loss: 1.2081302404403687, critic_loss: 0
recommendation_loss: 1.2217344045639038, critic_loss: 0
recommendation_loss: 1.1220557689666748, critic_loss: 0
recommendation_loss: 1.1704710721969604, critic_loss: 0
recommendation_loss: 1.1657160520553589, critic_loss: 0
recommendation_loss: 1.0970972776412964, critic_loss: 0
recommendation_loss: 1.2093205451965332, critic_loss: 0
recommendation_loss: 1.169972538948059, critic_loss: 0
recommendation_loss: 1.2207175493240356, critic_loss: 0
recommendation_loss: 1.236923098564148, critic_loss: 0
recommendation_loss: 1.2067468166351318, critic_loss: 0
recommendation_loss: 1.117369532585144, critic_loss: 0
recommendation_loss: 1.203679084777832, critic_loss: 0
recommendation_loss: 1.2521817684173584, critic_loss: 0
recommendation_loss: 1.1806504726409912, critic_loss: 0
recommendation_loss: 1.1325218677520752, critic_loss: 0
recommendation_loss: 1.1725517511367798, critic_loss: 0
recommendation_loss: 1.2134010791778564, critic_loss: 0
recommendation_loss: 1.069278597831726, critic_loss: 0
recommendation_loss: 1.154844045639038, critic_loss: 0
recommendation_loss: 1.2038140296936035, critic_loss: 0
recommendation_loss: 1.2664761543273926, critic_loss: 0
recommendation_loss: 1.2829986810684204, critic_loss: 0
recommendation_loss: 1.1764477491378784, critic_loss: 0
recommendation_loss: 1.2281495332717896, critic_loss: 0
recommendation_loss: 1.1364173889160156, critic_loss: 0
recommendation_loss: 1.1746761798858643, critic_loss: 0
recommendation_loss: 1.2520579099655151, critic_loss: 0
2024-08-09 17:59:46.778605: step 6384/24320 (epoch 21/80), loss = 0.832883 (29.909 sec/epoch), lr: 0.002205
Evaluating on dev set...
...........................
source: 	 mrr: 0.043764	 ndcg_5: 0.0334	 ndcg_10: 0.0427	 hit@1:0.015206	 hit@5:0.0514	 hit@10: 0.0804
target: 	 mrr: 0.053485	 ndcg_5: 0.0448	 ndcg_10: 0.0568	 hit@1:0.022997	 hit@5:0.0655	 hit@10: 0.1031
epoch 21: train_loss = 0.832883, source_hit@10 = 0.0804, source_ndcg@10 = 0.0427, target_hit@10 = 0.1031, target_ndcg@10 = 0.0568

recommendation_loss: 1.1571484804153442, critic_loss: 0
recommendation_loss: 1.148397445678711, critic_loss: 0
recommendation_loss: 1.104947805404663, critic_loss: 0
recommendation_loss: 1.1917033195495605, critic_loss: 0
recommendation_loss: 1.108390212059021, critic_loss: 0
recommendation_loss: 1.1409480571746826, critic_loss: 0
recommendation_loss: 1.2031179666519165, critic_loss: 0
recommendation_loss: 1.203151822090149, critic_loss: 0
recommendation_loss: 1.176296353340149, critic_loss: 0
recommendation_loss: 1.1258535385131836, critic_loss: 0
recommendation_loss: 1.1782971620559692, critic_loss: 0
recommendation_loss: 1.1079163551330566, critic_loss: 0
recommendation_loss: 1.2019662857055664, critic_loss: 0
recommendation_loss: 1.1314167976379395, critic_loss: 0
recommendation_loss: 1.248940110206604, critic_loss: 0
recommendation_loss: 1.2582359313964844, critic_loss: 0
recommendation_loss: 1.16727614402771, critic_loss: 0
recommendation_loss: 1.1805038452148438, critic_loss: 0
recommendation_loss: 1.2036542892456055, critic_loss: 0
recommendation_loss: 1.195393443107605, critic_loss: 0
recommendation_loss: 1.1958969831466675, critic_loss: 0
recommendation_loss: 1.1653929948806763, critic_loss: 0
recommendation_loss: 1.2220571041107178, critic_loss: 0
recommendation_loss: 1.2009294033050537, critic_loss: 0
recommendation_loss: 1.2079249620437622, critic_loss: 0
recommendation_loss: 1.1629879474639893, critic_loss: 0
recommendation_loss: 1.180207371711731, critic_loss: 0
recommendation_loss: 1.1937044858932495, critic_loss: 0
recommendation_loss: 1.105351448059082, critic_loss: 0
recommendation_loss: 1.2229896783828735, critic_loss: 0
recommendation_loss: 1.1186212301254272, critic_loss: 0
recommendation_loss: 1.2456399202346802, critic_loss: 0
recommendation_loss: 1.2721819877624512, critic_loss: 0
recommendation_loss: 1.2598304748535156, critic_loss: 0
recommendation_loss: 1.261931300163269, critic_loss: 0
recommendation_loss: 1.188713550567627, critic_loss: 0
recommendation_loss: 1.2618544101715088, critic_loss: 0
recommendation_loss: 1.2168370485305786, critic_loss: 0
recommendation_loss: 1.2099473476409912, critic_loss: 0
recommendation_loss: 1.1750493049621582, critic_loss: 0
recommendation_loss: 1.1343097686767578, critic_loss: 0
recommendation_loss: 1.167558193206787, critic_loss: 0
recommendation_loss: 1.183348536491394, critic_loss: 0
recommendation_loss: 1.1581590175628662, critic_loss: 0
recommendation_loss: 1.1414270401000977, critic_loss: 0
recommendation_loss: 1.1653207540512085, critic_loss: 0
recommendation_loss: 1.1812658309936523, critic_loss: 0
recommendation_loss: 1.173423171043396, critic_loss: 0
recommendation_loss: 1.1424599885940552, critic_loss: 0
recommendation_loss: 1.154008388519287, critic_loss: 0
recommendation_loss: 1.2305856943130493, critic_loss: 0
recommendation_loss: 1.2980202436447144, critic_loss: 0
recommendation_loss: 1.1868923902511597, critic_loss: 0
recommendation_loss: 1.1958181858062744, critic_loss: 0
recommendation_loss: 1.190516710281372, critic_loss: 0
recommendation_loss: 1.2185490131378174, critic_loss: 0
recommendation_loss: 1.2954518795013428, critic_loss: 0
recommendation_loss: 1.2474093437194824, critic_loss: 0
recommendation_loss: 1.1592247486114502, critic_loss: 0
recommendation_loss: 1.2661464214324951, critic_loss: 0
recommendation_loss: 1.197122573852539, critic_loss: 0
recommendation_loss: 1.2618352174758911, critic_loss: 0
recommendation_loss: 1.258427381515503, critic_loss: 0
recommendation_loss: 1.1557210683822632, critic_loss: 0
recommendation_loss: 1.1699955463409424, critic_loss: 0
recommendation_loss: 1.1593749523162842, critic_loss: 0
recommendation_loss: 1.0900263786315918, critic_loss: 0
recommendation_loss: 1.1920385360717773, critic_loss: 0
recommendation_loss: 1.2182345390319824, critic_loss: 0
recommendation_loss: 1.2121058702468872, critic_loss: 0
recommendation_loss: 1.2177807092666626, critic_loss: 0
recommendation_loss: 1.2463656663894653, critic_loss: 0
recommendation_loss: 1.231917381286621, critic_loss: 0
recommendation_loss: 1.133608102798462, critic_loss: 0
recommendation_loss: 1.250878930091858, critic_loss: 0
recommendation_loss: 1.1613186597824097, critic_loss: 0
recommendation_loss: 1.149578332901001, critic_loss: 0
recommendation_loss: 1.1269487142562866, critic_loss: 0
recommendation_loss: 1.1218271255493164, critic_loss: 0
recommendation_loss: 1.1526743173599243, critic_loss: 0
recommendation_loss: 1.1987793445587158, critic_loss: 0
recommendation_loss: 1.1460306644439697, critic_loss: 0
recommendation_loss: 1.1371703147888184, critic_loss: 0
recommendation_loss: 1.182854413986206, critic_loss: 0
recommendation_loss: 1.1664259433746338, critic_loss: 0
recommendation_loss: 1.2500808238983154, critic_loss: 0
recommendation_loss: 1.2243609428405762, critic_loss: 0
recommendation_loss: 1.1060889959335327, critic_loss: 0
recommendation_loss: 1.15411376953125, critic_loss: 0
recommendation_loss: 1.0928947925567627, critic_loss: 0
recommendation_loss: 1.1149791479110718, critic_loss: 0
recommendation_loss: 1.1869847774505615, critic_loss: 0
recommendation_loss: 1.172039270401001, critic_loss: 0
recommendation_loss: 1.176325798034668, critic_loss: 0
recommendation_loss: 1.1976889371871948, critic_loss: 0
recommendation_loss: 1.2538118362426758, critic_loss: 0
recommendation_loss: 1.2548084259033203, critic_loss: 0
recommendation_loss: 1.1248133182525635, critic_loss: 0
recommendation_loss: 1.0940991640090942, critic_loss: 0
recommendation_loss: 1.1498138904571533, critic_loss: 0
recommendation_loss: 1.2248730659484863, critic_loss: 0
recommendation_loss: 1.1712570190429688, critic_loss: 0
recommendation_loss: 1.2160859107971191, critic_loss: 0
recommendation_loss: 1.1830629110336304, critic_loss: 0
recommendation_loss: 1.2116765975952148, critic_loss: 0
recommendation_loss: 1.28391432762146, critic_loss: 0
recommendation_loss: 1.2605900764465332, critic_loss: 0
recommendation_loss: 1.168863296508789, critic_loss: 0
recommendation_loss: 1.244258999824524, critic_loss: 0
recommendation_loss: 1.1239968538284302, critic_loss: 0
recommendation_loss: 1.1926981210708618, critic_loss: 0
recommendation_loss: 1.2295674085617065, critic_loss: 0
recommendation_loss: 1.1432870626449585, critic_loss: 0
recommendation_loss: 1.206881046295166, critic_loss: 0
recommendation_loss: 1.1972805261611938, critic_loss: 0
recommendation_loss: 1.2062602043151855, critic_loss: 0
recommendation_loss: 1.1573877334594727, critic_loss: 0
recommendation_loss: 1.2747418880462646, critic_loss: 0
recommendation_loss: 1.1565251350402832, critic_loss: 0
recommendation_loss: 1.1544678211212158, critic_loss: 0
recommendation_loss: 1.1174943447113037, critic_loss: 0
recommendation_loss: 1.1162915229797363, critic_loss: 0
recommendation_loss: 1.2476216554641724, critic_loss: 0
recommendation_loss: 1.236979365348816, critic_loss: 0
recommendation_loss: 1.1189831495285034, critic_loss: 0
recommendation_loss: 1.137580394744873, critic_loss: 0
recommendation_loss: 1.2254400253295898, critic_loss: 0
recommendation_loss: 1.0775561332702637, critic_loss: 0
recommendation_loss: 1.1543631553649902, critic_loss: 0
recommendation_loss: 1.204972505569458, critic_loss: 0
recommendation_loss: 1.1827400922775269, critic_loss: 0
recommendation_loss: 1.1539900302886963, critic_loss: 0
recommendation_loss: 1.1882312297821045, critic_loss: 0
recommendation_loss: 1.2427676916122437, critic_loss: 0
recommendation_loss: 1.2345776557922363, critic_loss: 0
recommendation_loss: 1.1745638847351074, critic_loss: 0
recommendation_loss: 1.2476089000701904, critic_loss: 0
recommendation_loss: 1.2320895195007324, critic_loss: 0
recommendation_loss: 1.204007625579834, critic_loss: 0
recommendation_loss: 1.159633994102478, critic_loss: 0
recommendation_loss: 1.1695582866668701, critic_loss: 0
recommendation_loss: 1.1699905395507812, critic_loss: 0
recommendation_loss: 1.1980721950531006, critic_loss: 0
recommendation_loss: 1.1527835130691528, critic_loss: 0
recommendation_loss: 1.1611281633377075, critic_loss: 0
recommendation_loss: 1.1614444255828857, critic_loss: 0
recommendation_loss: 1.2252205610275269, critic_loss: 0
recommendation_loss: 1.2011945247650146, critic_loss: 0
recommendation_loss: 1.1602933406829834, critic_loss: 0
recommendation_loss: 1.1950680017471313, critic_loss: 0
recommendation_loss: 1.195984125137329, critic_loss: 0
recommendation_loss: 1.1530927419662476, critic_loss: 0
recommendation_loss: 1.2430393695831299, critic_loss: 0
recommendation_loss: 1.119605302810669, critic_loss: 0
recommendation_loss: 1.1463141441345215, critic_loss: 0
recommendation_loss: 1.1797935962677002, critic_loss: 0
recommendation_loss: 1.1734583377838135, critic_loss: 0
recommendation_loss: 1.0618311166763306, critic_loss: 0
recommendation_loss: 1.1904598474502563, critic_loss: 0
recommendation_loss: 1.1951655149459839, critic_loss: 0
recommendation_loss: 1.223202109336853, critic_loss: 0
recommendation_loss: 1.150307059288025, critic_loss: 0
recommendation_loss: 1.1763396263122559, critic_loss: 0
recommendation_loss: 1.2361359596252441, critic_loss: 0
recommendation_loss: 1.1831319332122803, critic_loss: 0
recommendation_loss: 1.2025691270828247, critic_loss: 0
recommendation_loss: 1.0667412281036377, critic_loss: 0
recommendation_loss: 1.214702844619751, critic_loss: 0
recommendation_loss: 1.1412147283554077, critic_loss: 0
recommendation_loss: 1.180823802947998, critic_loss: 0
recommendation_loss: 1.1635355949401855, critic_loss: 0
recommendation_loss: 1.1723823547363281, critic_loss: 0
recommendation_loss: 1.1702442169189453, critic_loss: 0
recommendation_loss: 1.1805373430252075, critic_loss: 0
recommendation_loss: 1.233872413635254, critic_loss: 0
recommendation_loss: 1.1920976638793945, critic_loss: 0
recommendation_loss: 1.177211046218872, critic_loss: 0
recommendation_loss: 1.1178711652755737, critic_loss: 0
recommendation_loss: 1.1794092655181885, critic_loss: 0
recommendation_loss: 1.2360351085662842, critic_loss: 0
recommendation_loss: 1.155900001525879, critic_loss: 0
recommendation_loss: 1.2038085460662842, critic_loss: 0
recommendation_loss: 1.1327825784683228, critic_loss: 0
recommendation_loss: 1.1531568765640259, critic_loss: 0
recommendation_loss: 1.2568128108978271, critic_loss: 0
recommendation_loss: 1.2482446432113647, critic_loss: 0
recommendation_loss: 1.229762077331543, critic_loss: 0
recommendation_loss: 1.1792538166046143, critic_loss: 0
recommendation_loss: 1.226752519607544, critic_loss: 0
recommendation_loss: 1.1743559837341309, critic_loss: 0
recommendation_loss: 1.1388882398605347, critic_loss: 0
recommendation_loss: 1.1630672216415405, critic_loss: 0
recommendation_loss: 1.116280436515808, critic_loss: 0
recommendation_loss: 1.1599178314208984, critic_loss: 0
recommendation_loss: 1.2033802270889282, critic_loss: 0
recommendation_loss: 1.2185686826705933, critic_loss: 0
recommendation_loss: 1.1453475952148438, critic_loss: 0
recommendation_loss: 1.1293137073516846, critic_loss: 0
recommendation_loss: 1.1735866069793701, critic_loss: 0
recommendation_loss: 1.1646417379379272, critic_loss: 0
recommendation_loss: 1.123730182647705, critic_loss: 0
recommendation_loss: 1.1553152799606323, critic_loss: 0
recommendation_loss: 1.1721372604370117, critic_loss: 0
recommendation_loss: 1.152838110923767, critic_loss: 0
recommendation_loss: 1.1873345375061035, critic_loss: 0
recommendation_loss: 1.2941620349884033, critic_loss: 0
recommendation_loss: 1.0843405723571777, critic_loss: 0
recommendation_loss: 1.2147220373153687, critic_loss: 0
recommendation_loss: 1.1416261196136475, critic_loss: 0
recommendation_loss: 1.1368114948272705, critic_loss: 0
recommendation_loss: 1.1361932754516602, critic_loss: 0
recommendation_loss: 1.1659868955612183, critic_loss: 0
recommendation_loss: 1.1120437383651733, critic_loss: 0
recommendation_loss: 1.1870365142822266, critic_loss: 0
recommendation_loss: 1.1760743856430054, critic_loss: 0
recommendation_loss: 1.1792504787445068, critic_loss: 0
recommendation_loss: 1.2764352560043335, critic_loss: 0
recommendation_loss: 1.1964795589447021, critic_loss: 0
recommendation_loss: 1.152964472770691, critic_loss: 0
recommendation_loss: 1.1328206062316895, critic_loss: 0
recommendation_loss: 1.2202485799789429, critic_loss: 0
recommendation_loss: 1.1038134098052979, critic_loss: 0
recommendation_loss: 1.2022428512573242, critic_loss: 0
recommendation_loss: 1.2395086288452148, critic_loss: 0
recommendation_loss: 1.1583154201507568, critic_loss: 0
recommendation_loss: 1.1568875312805176, critic_loss: 0
recommendation_loss: 1.186699628829956, critic_loss: 0
recommendation_loss: 1.193498134613037, critic_loss: 0
recommendation_loss: 1.2461090087890625, critic_loss: 0
recommendation_loss: 1.2028933763504028, critic_loss: 0
recommendation_loss: 1.1896575689315796, critic_loss: 0
recommendation_loss: 1.248666524887085, critic_loss: 0
recommendation_loss: 1.1637316942214966, critic_loss: 0
recommendation_loss: 1.1626055240631104, critic_loss: 0
recommendation_loss: 1.2177660465240479, critic_loss: 0
recommendation_loss: 1.1326934099197388, critic_loss: 0
recommendation_loss: 1.2526322603225708, critic_loss: 0
recommendation_loss: 1.1829779148101807, critic_loss: 0
recommendation_loss: 1.0994138717651367, critic_loss: 0
recommendation_loss: 1.1285723447799683, critic_loss: 0
recommendation_loss: 1.147308111190796, critic_loss: 0
recommendation_loss: 1.1723488569259644, critic_loss: 0
recommendation_loss: 1.079378604888916, critic_loss: 0
recommendation_loss: 1.183916687965393, critic_loss: 0
recommendation_loss: 1.273555040359497, critic_loss: 0
recommendation_loss: 1.2462198734283447, critic_loss: 0
recommendation_loss: 1.2399604320526123, critic_loss: 0
recommendation_loss: 1.1504497528076172, critic_loss: 0
recommendation_loss: 1.14854097366333, critic_loss: 0
recommendation_loss: 1.2040190696716309, critic_loss: 0
recommendation_loss: 1.1606009006500244, critic_loss: 0
recommendation_loss: 1.124825119972229, critic_loss: 0
recommendation_loss: 1.140846848487854, critic_loss: 0
recommendation_loss: 1.2304610013961792, critic_loss: 0
recommendation_loss: 1.191836953163147, critic_loss: 0
recommendation_loss: 1.201187252998352, critic_loss: 0
recommendation_loss: 1.2197422981262207, critic_loss: 0
recommendation_loss: 1.2061249017715454, critic_loss: 0
recommendation_loss: 1.2305586338043213, critic_loss: 0
recommendation_loss: 1.1783782243728638, critic_loss: 0
recommendation_loss: 1.2033480405807495, critic_loss: 0
recommendation_loss: 1.262197732925415, critic_loss: 0
recommendation_loss: 1.2059714794158936, critic_loss: 0
recommendation_loss: 1.1815476417541504, critic_loss: 0
recommendation_loss: 1.2095942497253418, critic_loss: 0
recommendation_loss: 1.3040072917938232, critic_loss: 0
recommendation_loss: 1.1824263334274292, critic_loss: 0
recommendation_loss: 1.1762661933898926, critic_loss: 0
recommendation_loss: 1.2454333305358887, critic_loss: 0
recommendation_loss: 1.160915732383728, critic_loss: 0
recommendation_loss: 1.1947097778320312, critic_loss: 0
recommendation_loss: 1.181870698928833, critic_loss: 0
recommendation_loss: 1.1581692695617676, critic_loss: 0
recommendation_loss: 1.1903808116912842, critic_loss: 0
recommendation_loss: 1.0599812269210815, critic_loss: 0
recommendation_loss: 1.2183606624603271, critic_loss: 0
recommendation_loss: 1.2184489965438843, critic_loss: 0
recommendation_loss: 1.2201101779937744, critic_loss: 0
recommendation_loss: 1.2090978622436523, critic_loss: 0
recommendation_loss: 1.1632134914398193, critic_loss: 0
recommendation_loss: 1.1989364624023438, critic_loss: 0
recommendation_loss: 1.1090779304504395, critic_loss: 0
recommendation_loss: 1.1903431415557861, critic_loss: 0
recommendation_loss: 1.1542001962661743, critic_loss: 0
recommendation_loss: 1.199791669845581, critic_loss: 0
recommendation_loss: 1.1335301399230957, critic_loss: 0
recommendation_loss: 1.1719374656677246, critic_loss: 0
recommendation_loss: 1.1597414016723633, critic_loss: 0
recommendation_loss: 1.1728618144989014, critic_loss: 0
recommendation_loss: 1.213235855102539, critic_loss: 0
recommendation_loss: 1.1355018615722656, critic_loss: 0
recommendation_loss: 1.0947425365447998, critic_loss: 0
recommendation_loss: 1.1673271656036377, critic_loss: 0
recommendation_loss: 1.1355912685394287, critic_loss: 0
recommendation_loss: 1.1764488220214844, critic_loss: 0
recommendation_loss: 1.0697853565216064, critic_loss: 0
recommendation_loss: 1.2201699018478394, critic_loss: 0
recommendation_loss: 1.1398429870605469, critic_loss: 0
recommendation_loss: 1.212549090385437, critic_loss: 0
recommendation_loss: 1.1819390058517456, critic_loss: 0
recommendation_loss: 1.254740834236145, critic_loss: 0
recommendation_loss: 1.1530404090881348, critic_loss: 0
recommendation_loss: 1.1329792737960815, critic_loss: 0
recommendation_loss: 1.157553791999817, critic_loss: 0
2024-08-09 18:00:16.987985: step 6688/24320 (epoch 22/80), loss = 0.827689 (29.875 sec/epoch), lr: 0.002205
Evaluating on dev set...
...........................
source: 	 mrr: 0.029580	 ndcg_5: 0.0176	 ndcg_10: 0.0270	 hit@1:0.007241	 hit@5:0.0290	 hit@10: 0.0587
target: 	 mrr: 0.050202	 ndcg_5: 0.0420	 ndcg_10: 0.0562	 hit@1:0.020209	 hit@5:0.0648	 hit@10: 0.1094
epoch 22: train_loss = 0.827689, source_hit@10 = 0.0587, source_ndcg@10 = 0.0270, target_hit@10 = 0.1094, target_ndcg@10 = 0.0562

recommendation_loss: 1.1570881605148315, critic_loss: 0
recommendation_loss: 1.131866216659546, critic_loss: 0
recommendation_loss: 1.1172455549240112, critic_loss: 0
recommendation_loss: 1.1947271823883057, critic_loss: 0
recommendation_loss: 1.1473069190979004, critic_loss: 0
recommendation_loss: 1.2069971561431885, critic_loss: 0
recommendation_loss: 1.121425747871399, critic_loss: 0
recommendation_loss: 1.124340295791626, critic_loss: 0
recommendation_loss: 1.101544976234436, critic_loss: 0
recommendation_loss: 1.1300512552261353, critic_loss: 0
recommendation_loss: 1.1123453378677368, critic_loss: 0
recommendation_loss: 1.1559031009674072, critic_loss: 0
recommendation_loss: 1.2069967985153198, critic_loss: 0
recommendation_loss: 1.159374713897705, critic_loss: 0
recommendation_loss: 1.2013086080551147, critic_loss: 0
recommendation_loss: 1.1692103147506714, critic_loss: 0
recommendation_loss: 1.123021125793457, critic_loss: 0
recommendation_loss: 1.1837131977081299, critic_loss: 0
recommendation_loss: 1.2117639780044556, critic_loss: 0
recommendation_loss: 1.1331727504730225, critic_loss: 0
recommendation_loss: 1.089371681213379, critic_loss: 0
recommendation_loss: 1.0853787660598755, critic_loss: 0
recommendation_loss: 1.1845570802688599, critic_loss: 0
recommendation_loss: 1.2876896858215332, critic_loss: 0
recommendation_loss: 1.0649269819259644, critic_loss: 0
recommendation_loss: 1.1605663299560547, critic_loss: 0
recommendation_loss: 1.180328369140625, critic_loss: 0
recommendation_loss: 1.1963728666305542, critic_loss: 0
recommendation_loss: 1.177499771118164, critic_loss: 0
recommendation_loss: 1.1963319778442383, critic_loss: 0
recommendation_loss: 1.1743488311767578, critic_loss: 0
recommendation_loss: 1.149652123451233, critic_loss: 0
recommendation_loss: 1.212607741355896, critic_loss: 0
recommendation_loss: 1.1316838264465332, critic_loss: 0
recommendation_loss: 1.1817327737808228, critic_loss: 0
recommendation_loss: 1.140202283859253, critic_loss: 0
recommendation_loss: 1.2059566974639893, critic_loss: 0
recommendation_loss: 1.1440532207489014, critic_loss: 0
recommendation_loss: 1.1267050504684448, critic_loss: 0
recommendation_loss: 1.249671220779419, critic_loss: 0
recommendation_loss: 1.204537034034729, critic_loss: 0
recommendation_loss: 1.2005819082260132, critic_loss: 0
recommendation_loss: 1.1555604934692383, critic_loss: 0
recommendation_loss: 1.1500051021575928, critic_loss: 0
recommendation_loss: 1.132680892944336, critic_loss: 0
recommendation_loss: 1.0946239233016968, critic_loss: 0
recommendation_loss: 1.1932693719863892, critic_loss: 0
recommendation_loss: 1.1723650693893433, critic_loss: 0
recommendation_loss: 1.1028001308441162, critic_loss: 0
recommendation_loss: 1.183968424797058, critic_loss: 0
recommendation_loss: 1.203444004058838, critic_loss: 0
recommendation_loss: 1.1944665908813477, critic_loss: 0
recommendation_loss: 1.1114704608917236, critic_loss: 0
recommendation_loss: 1.1240159273147583, critic_loss: 0
recommendation_loss: 1.2159699201583862, critic_loss: 0
recommendation_loss: 1.2245968580245972, critic_loss: 0
recommendation_loss: 1.2822104692459106, critic_loss: 0
recommendation_loss: 1.1658563613891602, critic_loss: 0
recommendation_loss: 1.1974040269851685, critic_loss: 0
recommendation_loss: 1.245451807975769, critic_loss: 0
recommendation_loss: 1.1308385133743286, critic_loss: 0
recommendation_loss: 1.2165756225585938, critic_loss: 0
recommendation_loss: 1.1589634418487549, critic_loss: 0
recommendation_loss: 1.1289925575256348, critic_loss: 0
recommendation_loss: 1.2420607805252075, critic_loss: 0
recommendation_loss: 1.1579564809799194, critic_loss: 0
recommendation_loss: 1.1388345956802368, critic_loss: 0
recommendation_loss: 1.2616442441940308, critic_loss: 0
recommendation_loss: 1.2284038066864014, critic_loss: 0
recommendation_loss: 1.2047748565673828, critic_loss: 0
recommendation_loss: 1.0536909103393555, critic_loss: 0
recommendation_loss: 1.143970012664795, critic_loss: 0
recommendation_loss: 1.1215847730636597, critic_loss: 0
recommendation_loss: 1.1271562576293945, critic_loss: 0
recommendation_loss: 1.150486946105957, critic_loss: 0
recommendation_loss: 1.2611749172210693, critic_loss: 0
recommendation_loss: 1.160597324371338, critic_loss: 0
recommendation_loss: 1.1314367055892944, critic_loss: 0
recommendation_loss: 1.1974318027496338, critic_loss: 0
recommendation_loss: 1.1381924152374268, critic_loss: 0
recommendation_loss: 1.1734600067138672, critic_loss: 0
recommendation_loss: 1.1069698333740234, critic_loss: 0
recommendation_loss: 1.170134425163269, critic_loss: 0
recommendation_loss: 1.1509284973144531, critic_loss: 0
recommendation_loss: 1.1610294580459595, critic_loss: 0
recommendation_loss: 1.1994328498840332, critic_loss: 0
recommendation_loss: 1.1688854694366455, critic_loss: 0
recommendation_loss: 1.2139557600021362, critic_loss: 0
recommendation_loss: 1.1545852422714233, critic_loss: 0
recommendation_loss: 1.2101004123687744, critic_loss: 0
recommendation_loss: 1.0995115041732788, critic_loss: 0
recommendation_loss: 1.2397844791412354, critic_loss: 0
recommendation_loss: 1.257714867591858, critic_loss: 0
recommendation_loss: 1.1872769594192505, critic_loss: 0
recommendation_loss: 1.2671527862548828, critic_loss: 0
recommendation_loss: 1.1008180379867554, critic_loss: 0
recommendation_loss: 1.2117992639541626, critic_loss: 0
recommendation_loss: 1.1661462783813477, critic_loss: 0
recommendation_loss: 1.1498725414276123, critic_loss: 0
recommendation_loss: 1.1686289310455322, critic_loss: 0
recommendation_loss: 1.148064136505127, critic_loss: 0
recommendation_loss: 1.0803483724594116, critic_loss: 0
recommendation_loss: 1.2165412902832031, critic_loss: 0
recommendation_loss: 1.2434782981872559, critic_loss: 0
recommendation_loss: 1.1016998291015625, critic_loss: 0
recommendation_loss: 1.1252973079681396, critic_loss: 0
recommendation_loss: 1.2211216688156128, critic_loss: 0
recommendation_loss: 1.1952660083770752, critic_loss: 0
recommendation_loss: 1.1105798482894897, critic_loss: 0
recommendation_loss: 1.1332532167434692, critic_loss: 0
recommendation_loss: 1.2352344989776611, critic_loss: 0
recommendation_loss: 1.1962493658065796, critic_loss: 0
recommendation_loss: 1.149670958518982, critic_loss: 0
recommendation_loss: 1.2330677509307861, critic_loss: 0
recommendation_loss: 1.190514087677002, critic_loss: 0
recommendation_loss: 1.1799581050872803, critic_loss: 0
recommendation_loss: 1.1988366842269897, critic_loss: 0
recommendation_loss: 1.1512103080749512, critic_loss: 0
recommendation_loss: 1.150269627571106, critic_loss: 0
recommendation_loss: 1.2119860649108887, critic_loss: 0
recommendation_loss: 1.1461753845214844, critic_loss: 0
recommendation_loss: 1.132892370223999, critic_loss: 0
recommendation_loss: 1.2080473899841309, critic_loss: 0
recommendation_loss: 1.2742342948913574, critic_loss: 0
recommendation_loss: 1.1986017227172852, critic_loss: 0
recommendation_loss: 1.1130974292755127, critic_loss: 0
recommendation_loss: 1.1831390857696533, critic_loss: 0
recommendation_loss: 1.1337025165557861, critic_loss: 0
recommendation_loss: 1.2425729036331177, critic_loss: 0
recommendation_loss: 1.1440571546554565, critic_loss: 0
recommendation_loss: 1.1647369861602783, critic_loss: 0
recommendation_loss: 1.2300703525543213, critic_loss: 0
recommendation_loss: 1.1448317766189575, critic_loss: 0
recommendation_loss: 1.2814960479736328, critic_loss: 0
recommendation_loss: 1.1586586236953735, critic_loss: 0
recommendation_loss: 1.138191819190979, critic_loss: 0
recommendation_loss: 1.2093827724456787, critic_loss: 0
recommendation_loss: 1.138861060142517, critic_loss: 0
recommendation_loss: 1.1676069498062134, critic_loss: 0
recommendation_loss: 1.1837458610534668, critic_loss: 0
recommendation_loss: 1.1238542795181274, critic_loss: 0
recommendation_loss: 1.198796272277832, critic_loss: 0
recommendation_loss: 1.1845595836639404, critic_loss: 0
recommendation_loss: 1.1860162019729614, critic_loss: 0
recommendation_loss: 1.2222139835357666, critic_loss: 0
recommendation_loss: 1.0847034454345703, critic_loss: 0
recommendation_loss: 1.2550522089004517, critic_loss: 0
recommendation_loss: 1.215262532234192, critic_loss: 0
recommendation_loss: 1.1096460819244385, critic_loss: 0
recommendation_loss: 1.1695055961608887, critic_loss: 0
recommendation_loss: 1.194597601890564, critic_loss: 0
recommendation_loss: 1.127105951309204, critic_loss: 0
recommendation_loss: 1.170806884765625, critic_loss: 0
recommendation_loss: 1.0996520519256592, critic_loss: 0
recommendation_loss: 1.1812430620193481, critic_loss: 0
recommendation_loss: 1.1866027116775513, critic_loss: 0
recommendation_loss: 1.1869235038757324, critic_loss: 0
recommendation_loss: 1.0445058345794678, critic_loss: 0
recommendation_loss: 1.2401593923568726, critic_loss: 0
recommendation_loss: 1.2086968421936035, critic_loss: 0
recommendation_loss: 1.1466318368911743, critic_loss: 0
recommendation_loss: 1.0925562381744385, critic_loss: 0
recommendation_loss: 1.178009271621704, critic_loss: 0
recommendation_loss: 1.1453893184661865, critic_loss: 0
recommendation_loss: 1.1687326431274414, critic_loss: 0
recommendation_loss: 1.2366316318511963, critic_loss: 0
recommendation_loss: 1.1779201030731201, critic_loss: 0
recommendation_loss: 1.1558997631072998, critic_loss: 0
recommendation_loss: 1.150186538696289, critic_loss: 0
recommendation_loss: 1.0916507244110107, critic_loss: 0
recommendation_loss: 1.1325773000717163, critic_loss: 0
recommendation_loss: 1.1662261486053467, critic_loss: 0
recommendation_loss: 1.1153860092163086, critic_loss: 0
recommendation_loss: 1.2050713300704956, critic_loss: 0
recommendation_loss: 1.1722617149353027, critic_loss: 0
recommendation_loss: 1.14837646484375, critic_loss: 0
recommendation_loss: 1.175751805305481, critic_loss: 0
recommendation_loss: 1.203697681427002, critic_loss: 0
recommendation_loss: 1.1326606273651123, critic_loss: 0
recommendation_loss: 1.2307227849960327, critic_loss: 0
recommendation_loss: 1.2015291452407837, critic_loss: 0
recommendation_loss: 1.2413054704666138, critic_loss: 0
recommendation_loss: 1.1671589612960815, critic_loss: 0
recommendation_loss: 1.1280136108398438, critic_loss: 0
recommendation_loss: 1.2166476249694824, critic_loss: 0
recommendation_loss: 1.1356405019760132, critic_loss: 0
recommendation_loss: 1.1609623432159424, critic_loss: 0
recommendation_loss: 1.1308338642120361, critic_loss: 0
recommendation_loss: 1.178073525428772, critic_loss: 0
recommendation_loss: 1.2634985446929932, critic_loss: 0
recommendation_loss: 1.117417812347412, critic_loss: 0
recommendation_loss: 1.1584346294403076, critic_loss: 0
recommendation_loss: 1.1718196868896484, critic_loss: 0
recommendation_loss: 1.1615070104599, critic_loss: 0
recommendation_loss: 1.1502894163131714, critic_loss: 0
recommendation_loss: 1.2259933948516846, critic_loss: 0
recommendation_loss: 1.1706875562667847, critic_loss: 0
recommendation_loss: 1.1400437355041504, critic_loss: 0
recommendation_loss: 1.1301617622375488, critic_loss: 0
recommendation_loss: 1.1935124397277832, critic_loss: 0
recommendation_loss: 1.1589308977127075, critic_loss: 0
recommendation_loss: 1.199091911315918, critic_loss: 0
recommendation_loss: 1.1679705381393433, critic_loss: 0
recommendation_loss: 1.1195974349975586, critic_loss: 0
recommendation_loss: 1.178094744682312, critic_loss: 0
recommendation_loss: 1.216424584388733, critic_loss: 0
recommendation_loss: 1.1546361446380615, critic_loss: 0
recommendation_loss: 1.1918408870697021, critic_loss: 0
recommendation_loss: 1.1620029211044312, critic_loss: 0
recommendation_loss: 1.1212815046310425, critic_loss: 0
recommendation_loss: 1.1734483242034912, critic_loss: 0
recommendation_loss: 1.1341279745101929, critic_loss: 0
recommendation_loss: 1.163010835647583, critic_loss: 0
recommendation_loss: 1.1420698165893555, critic_loss: 0
recommendation_loss: 1.2237120866775513, critic_loss: 0
recommendation_loss: 1.1951607465744019, critic_loss: 0
recommendation_loss: 1.1492770910263062, critic_loss: 0
recommendation_loss: 1.0793178081512451, critic_loss: 0
recommendation_loss: 1.0844838619232178, critic_loss: 0
recommendation_loss: 1.229557752609253, critic_loss: 0
recommendation_loss: 1.1467432975769043, critic_loss: 0
recommendation_loss: 1.1148055791854858, critic_loss: 0
recommendation_loss: 1.1542601585388184, critic_loss: 0
recommendation_loss: 1.256403923034668, critic_loss: 0
recommendation_loss: 1.3084540367126465, critic_loss: 0
recommendation_loss: 1.179124116897583, critic_loss: 0
recommendation_loss: 1.1621994972229004, critic_loss: 0
recommendation_loss: 1.2395445108413696, critic_loss: 0
recommendation_loss: 1.197486162185669, critic_loss: 0
recommendation_loss: 1.202712059020996, critic_loss: 0
recommendation_loss: 1.2110477685928345, critic_loss: 0
recommendation_loss: 1.1483819484710693, critic_loss: 0
recommendation_loss: 1.1561717987060547, critic_loss: 0
recommendation_loss: 1.2134135961532593, critic_loss: 0
recommendation_loss: 1.2909791469573975, critic_loss: 0
recommendation_loss: 1.139817476272583, critic_loss: 0
recommendation_loss: 1.1898150444030762, critic_loss: 0
recommendation_loss: 1.0998624563217163, critic_loss: 0
recommendation_loss: 1.0978065729141235, critic_loss: 0
recommendation_loss: 1.1671628952026367, critic_loss: 0
recommendation_loss: 1.0868406295776367, critic_loss: 0
recommendation_loss: 1.1237719058990479, critic_loss: 0
recommendation_loss: 1.0960134267807007, critic_loss: 0
recommendation_loss: 1.200892686843872, critic_loss: 0
recommendation_loss: 1.1293988227844238, critic_loss: 0
recommendation_loss: 1.1374284029006958, critic_loss: 0
recommendation_loss: 1.2436063289642334, critic_loss: 0
recommendation_loss: 1.1397738456726074, critic_loss: 0
recommendation_loss: 1.090073823928833, critic_loss: 0
recommendation_loss: 1.2168853282928467, critic_loss: 0
recommendation_loss: 1.206978440284729, critic_loss: 0
recommendation_loss: 1.1163983345031738, critic_loss: 0
recommendation_loss: 1.197788953781128, critic_loss: 0
recommendation_loss: 1.2128808498382568, critic_loss: 0
recommendation_loss: 1.1550006866455078, critic_loss: 0
recommendation_loss: 1.2221132516860962, critic_loss: 0
recommendation_loss: 1.122600793838501, critic_loss: 0
recommendation_loss: 1.1411477327346802, critic_loss: 0
recommendation_loss: 1.174942970275879, critic_loss: 0
recommendation_loss: 1.156193494796753, critic_loss: 0
recommendation_loss: 1.137816071510315, critic_loss: 0
recommendation_loss: 1.0846096277236938, critic_loss: 0
recommendation_loss: 1.122207522392273, critic_loss: 0
recommendation_loss: 1.1550235748291016, critic_loss: 0
recommendation_loss: 1.069807767868042, critic_loss: 0
recommendation_loss: 1.196326494216919, critic_loss: 0
recommendation_loss: 1.1904363632202148, critic_loss: 0
recommendation_loss: 1.080683708190918, critic_loss: 0
recommendation_loss: 1.2206603288650513, critic_loss: 0
recommendation_loss: 1.1290652751922607, critic_loss: 0
recommendation_loss: 1.1441607475280762, critic_loss: 0
recommendation_loss: 1.124280571937561, critic_loss: 0
recommendation_loss: 1.2290886640548706, critic_loss: 0
recommendation_loss: 1.1647827625274658, critic_loss: 0
recommendation_loss: 1.147712230682373, critic_loss: 0
recommendation_loss: 1.1693615913391113, critic_loss: 0
recommendation_loss: 1.2266027927398682, critic_loss: 0
recommendation_loss: 1.179713249206543, critic_loss: 0
recommendation_loss: 1.14037024974823, critic_loss: 0
recommendation_loss: 1.2139511108398438, critic_loss: 0
recommendation_loss: 1.157707929611206, critic_loss: 0
recommendation_loss: 1.1384961605072021, critic_loss: 0
recommendation_loss: 1.2156580686569214, critic_loss: 0
recommendation_loss: 1.1858278512954712, critic_loss: 0
recommendation_loss: 1.1894612312316895, critic_loss: 0
recommendation_loss: 1.1232092380523682, critic_loss: 0
recommendation_loss: 1.236351728439331, critic_loss: 0
recommendation_loss: 1.1403636932373047, critic_loss: 0
recommendation_loss: 1.1544276475906372, critic_loss: 0
recommendation_loss: 1.1831876039505005, critic_loss: 0
recommendation_loss: 1.2360976934432983, critic_loss: 0
recommendation_loss: 1.1732091903686523, critic_loss: 0
recommendation_loss: 1.2055740356445312, critic_loss: 0
recommendation_loss: 1.0907548666000366, critic_loss: 0
recommendation_loss: 1.105554223060608, critic_loss: 0
recommendation_loss: 1.0563946962356567, critic_loss: 0
recommendation_loss: 1.195603609085083, critic_loss: 0
recommendation_loss: 1.2112674713134766, critic_loss: 0
recommendation_loss: 1.1571449041366577, critic_loss: 0
recommendation_loss: 1.2502881288528442, critic_loss: 0
recommendation_loss: 1.2088990211486816, critic_loss: 0
recommendation_loss: 1.0797611474990845, critic_loss: 0
recommendation_loss: 1.121932029724121, critic_loss: 0
recommendation_loss: 1.2497748136520386, critic_loss: 0
2024-08-09 18:00:47.247099: step 6992/24320 (epoch 23/80), loss = 0.818144 (29.920 sec/epoch), lr: 0.002095
Evaluating on dev set...
...........................
source: 	 mrr: 0.030007	 ndcg_5: 0.0175	 ndcg_10: 0.0277	 hit@1:0.007241	 hit@5:0.0290	 hit@10: 0.0608
target: 	 mrr: 0.052577	 ndcg_5: 0.0442	 ndcg_10: 0.0533	 hit@1:0.022997	 hit@5:0.0655	 hit@10: 0.0941
epoch 23: train_loss = 0.818144, source_hit@10 = 0.0608, source_ndcg@10 = 0.0277, target_hit@10 = 0.0941, target_ndcg@10 = 0.0533

recommendation_loss: 1.0468502044677734, critic_loss: 0
recommendation_loss: 1.1245968341827393, critic_loss: 0
recommendation_loss: 1.0504388809204102, critic_loss: 0
recommendation_loss: 1.1554512977600098, critic_loss: 0
recommendation_loss: 1.19146728515625, critic_loss: 0
recommendation_loss: 1.1380856037139893, critic_loss: 0
recommendation_loss: 1.1825898885726929, critic_loss: 0
recommendation_loss: 1.1615405082702637, critic_loss: 0
recommendation_loss: 1.1594994068145752, critic_loss: 0
recommendation_loss: 1.130029320716858, critic_loss: 0
recommendation_loss: 1.1024351119995117, critic_loss: 0
recommendation_loss: 1.1258336305618286, critic_loss: 0
recommendation_loss: 1.2186353206634521, critic_loss: 0
recommendation_loss: 1.1782419681549072, critic_loss: 0
recommendation_loss: 1.2202301025390625, critic_loss: 0
recommendation_loss: 1.1174190044403076, critic_loss: 0
recommendation_loss: 1.1171846389770508, critic_loss: 0
recommendation_loss: 1.144028663635254, critic_loss: 0
recommendation_loss: 1.1613894701004028, critic_loss: 0
recommendation_loss: 1.142409324645996, critic_loss: 0
recommendation_loss: 1.0619834661483765, critic_loss: 0
recommendation_loss: 1.0763628482818604, critic_loss: 0
recommendation_loss: 1.1870263814926147, critic_loss: 0
recommendation_loss: 1.1731598377227783, critic_loss: 0
recommendation_loss: 1.1376270055770874, critic_loss: 0
recommendation_loss: 1.176032543182373, critic_loss: 0
recommendation_loss: 1.1187348365783691, critic_loss: 0
recommendation_loss: 1.1318832635879517, critic_loss: 0
recommendation_loss: 1.1538236141204834, critic_loss: 0
recommendation_loss: 1.2124987840652466, critic_loss: 0
recommendation_loss: 1.1957446336746216, critic_loss: 0
recommendation_loss: 1.193564534187317, critic_loss: 0
recommendation_loss: 1.1624376773834229, critic_loss: 0
recommendation_loss: 1.2022448778152466, critic_loss: 0
recommendation_loss: 1.1451966762542725, critic_loss: 0
recommendation_loss: 1.1591930389404297, critic_loss: 0
recommendation_loss: 1.2433395385742188, critic_loss: 0
recommendation_loss: 1.0873444080352783, critic_loss: 0
recommendation_loss: 1.195198655128479, critic_loss: 0
recommendation_loss: 1.1515629291534424, critic_loss: 0
recommendation_loss: 1.1403027772903442, critic_loss: 0
recommendation_loss: 1.2049429416656494, critic_loss: 0
recommendation_loss: 1.1502488851547241, critic_loss: 0
recommendation_loss: 1.1053624153137207, critic_loss: 0
recommendation_loss: 1.1200783252716064, critic_loss: 0
recommendation_loss: 1.1231263875961304, critic_loss: 0
recommendation_loss: 1.1836023330688477, critic_loss: 0
recommendation_loss: 1.1952979564666748, critic_loss: 0
recommendation_loss: 1.1076810359954834, critic_loss: 0
recommendation_loss: 1.1699599027633667, critic_loss: 0
recommendation_loss: 1.1729528903961182, critic_loss: 0
recommendation_loss: 1.1156715154647827, critic_loss: 0
recommendation_loss: 1.1971415281295776, critic_loss: 0
recommendation_loss: 1.0753170251846313, critic_loss: 0
recommendation_loss: 1.0953795909881592, critic_loss: 0
recommendation_loss: 1.1430608034133911, critic_loss: 0
recommendation_loss: 1.216398000717163, critic_loss: 0
recommendation_loss: 1.2191779613494873, critic_loss: 0
recommendation_loss: 1.1629493236541748, critic_loss: 0
recommendation_loss: 1.1716746091842651, critic_loss: 0
recommendation_loss: 1.2090411186218262, critic_loss: 0
recommendation_loss: 1.2078495025634766, critic_loss: 0
recommendation_loss: 1.1860377788543701, critic_loss: 0
recommendation_loss: 1.1616257429122925, critic_loss: 0
recommendation_loss: 1.2020480632781982, critic_loss: 0
recommendation_loss: 1.1211729049682617, critic_loss: 0
recommendation_loss: 1.1883965730667114, critic_loss: 0
recommendation_loss: 1.1765234470367432, critic_loss: 0
recommendation_loss: 1.1742361783981323, critic_loss: 0
recommendation_loss: 1.170357584953308, critic_loss: 0
recommendation_loss: 1.0844883918762207, critic_loss: 0
recommendation_loss: 1.1891860961914062, critic_loss: 0
recommendation_loss: 1.0976600646972656, critic_loss: 0
recommendation_loss: 1.1281033754348755, critic_loss: 0
recommendation_loss: 1.249921202659607, critic_loss: 0
recommendation_loss: 1.2223416566848755, critic_loss: 0
recommendation_loss: 1.1549253463745117, critic_loss: 0
recommendation_loss: 1.1184219121932983, critic_loss: 0
recommendation_loss: 1.1624939441680908, critic_loss: 0
recommendation_loss: 1.1534466743469238, critic_loss: 0
recommendation_loss: 1.057291865348816, critic_loss: 0
recommendation_loss: 1.1665420532226562, critic_loss: 0
recommendation_loss: 1.25614595413208, critic_loss: 0
recommendation_loss: 1.2258481979370117, critic_loss: 0
recommendation_loss: 1.1730718612670898, critic_loss: 0
recommendation_loss: 1.2644273042678833, critic_loss: 0
recommendation_loss: 1.201612949371338, critic_loss: 0
recommendation_loss: 1.1665019989013672, critic_loss: 0
recommendation_loss: 1.197365641593933, critic_loss: 0
recommendation_loss: 1.2013635635375977, critic_loss: 0
recommendation_loss: 1.1025667190551758, critic_loss: 0
recommendation_loss: 1.1685688495635986, critic_loss: 0
recommendation_loss: 1.1262414455413818, critic_loss: 0
recommendation_loss: 1.1207842826843262, critic_loss: 0
recommendation_loss: 1.124260663986206, critic_loss: 0
recommendation_loss: 1.1000241041183472, critic_loss: 0
recommendation_loss: 1.1937448978424072, critic_loss: 0
recommendation_loss: 1.19631028175354, critic_loss: 0
recommendation_loss: 1.1585506200790405, critic_loss: 0
recommendation_loss: 1.1915820837020874, critic_loss: 0
recommendation_loss: 1.1774389743804932, critic_loss: 0
recommendation_loss: 1.1822259426116943, critic_loss: 0
recommendation_loss: 1.2067488431930542, critic_loss: 0
recommendation_loss: 1.1391535997390747, critic_loss: 0
recommendation_loss: 1.0962340831756592, critic_loss: 0
recommendation_loss: 1.1555917263031006, critic_loss: 0
recommendation_loss: 1.2140833139419556, critic_loss: 0
recommendation_loss: 1.2216373682022095, critic_loss: 0
recommendation_loss: 1.1274619102478027, critic_loss: 0
recommendation_loss: 1.1342906951904297, critic_loss: 0
recommendation_loss: 1.2597424983978271, critic_loss: 0
recommendation_loss: 1.1634763479232788, critic_loss: 0
recommendation_loss: 1.1975789070129395, critic_loss: 0
recommendation_loss: 1.137568712234497, critic_loss: 0
recommendation_loss: 1.2004868984222412, critic_loss: 0
recommendation_loss: 1.1411983966827393, critic_loss: 0
recommendation_loss: 1.194916844367981, critic_loss: 0
recommendation_loss: 1.195670247077942, critic_loss: 0
recommendation_loss: 1.2071592807769775, critic_loss: 0
recommendation_loss: 1.186785101890564, critic_loss: 0
recommendation_loss: 1.173462152481079, critic_loss: 0
recommendation_loss: 1.1674458980560303, critic_loss: 0
recommendation_loss: 1.1056818962097168, critic_loss: 0
recommendation_loss: 1.2504702806472778, critic_loss: 0
recommendation_loss: 1.0988743305206299, critic_loss: 0
recommendation_loss: 1.1060340404510498, critic_loss: 0
recommendation_loss: 1.0887073278427124, critic_loss: 0
recommendation_loss: 1.1904457807540894, critic_loss: 0
recommendation_loss: 1.1587145328521729, critic_loss: 0
recommendation_loss: 1.2016491889953613, critic_loss: 0
recommendation_loss: 1.267474889755249, critic_loss: 0
recommendation_loss: 1.1944494247436523, critic_loss: 0
recommendation_loss: 1.133196473121643, critic_loss: 0
recommendation_loss: 1.2031142711639404, critic_loss: 0
recommendation_loss: 1.1972519159317017, critic_loss: 0
recommendation_loss: 1.1171568632125854, critic_loss: 0
recommendation_loss: 1.1000832319259644, critic_loss: 0
recommendation_loss: 1.161590814590454, critic_loss: 0
recommendation_loss: 1.1803653240203857, critic_loss: 0
recommendation_loss: 1.1421903371810913, critic_loss: 0
recommendation_loss: 1.07672119140625, critic_loss: 0
recommendation_loss: 1.2128843069076538, critic_loss: 0
recommendation_loss: 1.0911699533462524, critic_loss: 0
recommendation_loss: 1.1484006643295288, critic_loss: 0
recommendation_loss: 1.2160788774490356, critic_loss: 0
recommendation_loss: 1.1143836975097656, critic_loss: 0
recommendation_loss: 1.1644502878189087, critic_loss: 0
recommendation_loss: 1.1998322010040283, critic_loss: 0
recommendation_loss: 1.090147852897644, critic_loss: 0
recommendation_loss: 1.1017787456512451, critic_loss: 0
recommendation_loss: 1.1983400583267212, critic_loss: 0
recommendation_loss: 1.1541187763214111, critic_loss: 0
recommendation_loss: 1.2437794208526611, critic_loss: 0
recommendation_loss: 1.1434898376464844, critic_loss: 0
recommendation_loss: 1.1647131443023682, critic_loss: 0
recommendation_loss: 1.2359687089920044, critic_loss: 0
recommendation_loss: 1.1493337154388428, critic_loss: 0
recommendation_loss: 1.1374709606170654, critic_loss: 0
recommendation_loss: 1.1895889043807983, critic_loss: 0
recommendation_loss: 1.1712943315505981, critic_loss: 0
recommendation_loss: 1.188437819480896, critic_loss: 0
recommendation_loss: 1.1208778619766235, critic_loss: 0
recommendation_loss: 1.1654551029205322, critic_loss: 0
recommendation_loss: 1.144370675086975, critic_loss: 0
recommendation_loss: 1.1263974905014038, critic_loss: 0
recommendation_loss: 1.1680545806884766, critic_loss: 0
recommendation_loss: 1.084763765335083, critic_loss: 0
recommendation_loss: 1.11009681224823, critic_loss: 0
recommendation_loss: 1.1582022905349731, critic_loss: 0
recommendation_loss: 1.0733798742294312, critic_loss: 0
recommendation_loss: 1.1180509328842163, critic_loss: 0
recommendation_loss: 1.1181037425994873, critic_loss: 0
recommendation_loss: 1.1108559370040894, critic_loss: 0
recommendation_loss: 1.1469029188156128, critic_loss: 0
recommendation_loss: 1.1571792364120483, critic_loss: 0
recommendation_loss: 1.1356585025787354, critic_loss: 0
recommendation_loss: 1.143601417541504, critic_loss: 0
recommendation_loss: 1.098612666130066, critic_loss: 0
recommendation_loss: 1.1442193984985352, critic_loss: 0
recommendation_loss: 1.1240148544311523, critic_loss: 0
recommendation_loss: 1.1569900512695312, critic_loss: 0
recommendation_loss: 1.1978719234466553, critic_loss: 0
recommendation_loss: 1.1231650114059448, critic_loss: 0
recommendation_loss: 1.060735821723938, critic_loss: 0
recommendation_loss: 1.140183925628662, critic_loss: 0
recommendation_loss: 1.128469705581665, critic_loss: 0
recommendation_loss: 1.1396169662475586, critic_loss: 0
recommendation_loss: 1.1360561847686768, critic_loss: 0
recommendation_loss: 1.1878575086593628, critic_loss: 0
recommendation_loss: 1.1158908605575562, critic_loss: 0
recommendation_loss: 1.1490983963012695, critic_loss: 0
recommendation_loss: 1.286309003829956, critic_loss: 0
recommendation_loss: 1.1624438762664795, critic_loss: 0
recommendation_loss: 1.2019977569580078, critic_loss: 0
recommendation_loss: 1.1036107540130615, critic_loss: 0
recommendation_loss: 1.1399257183074951, critic_loss: 0
recommendation_loss: 1.1918755769729614, critic_loss: 0
recommendation_loss: 1.1392061710357666, critic_loss: 0
recommendation_loss: 1.1858160495758057, critic_loss: 0
recommendation_loss: 1.1407636404037476, critic_loss: 0
recommendation_loss: 1.1632685661315918, critic_loss: 0
recommendation_loss: 1.129570484161377, critic_loss: 0
recommendation_loss: 1.1832756996154785, critic_loss: 0
recommendation_loss: 1.221268653869629, critic_loss: 0
recommendation_loss: 1.1304080486297607, critic_loss: 0
recommendation_loss: 1.174802303314209, critic_loss: 0
recommendation_loss: 1.1693936586380005, critic_loss: 0
recommendation_loss: 1.1894350051879883, critic_loss: 0
recommendation_loss: 1.1028633117675781, critic_loss: 0
recommendation_loss: 1.2025935649871826, critic_loss: 0
recommendation_loss: 1.1138825416564941, critic_loss: 0
recommendation_loss: 1.1551103591918945, critic_loss: 0
recommendation_loss: 1.1180248260498047, critic_loss: 0
recommendation_loss: 1.1373740434646606, critic_loss: 0
recommendation_loss: 1.1671875715255737, critic_loss: 0
recommendation_loss: 1.1547393798828125, critic_loss: 0
recommendation_loss: 1.1632343530654907, critic_loss: 0
recommendation_loss: 1.1151320934295654, critic_loss: 0
recommendation_loss: 1.0620046854019165, critic_loss: 0
recommendation_loss: 1.0525779724121094, critic_loss: 0
recommendation_loss: 1.1729388236999512, critic_loss: 0
recommendation_loss: 1.1091238260269165, critic_loss: 0
recommendation_loss: 1.1696569919586182, critic_loss: 0
recommendation_loss: 1.1375075578689575, critic_loss: 0
recommendation_loss: 1.103724479675293, critic_loss: 0
recommendation_loss: 1.155204176902771, critic_loss: 0
recommendation_loss: 1.099592685699463, critic_loss: 0
recommendation_loss: 1.147989273071289, critic_loss: 0
recommendation_loss: 1.21087646484375, critic_loss: 0
recommendation_loss: 1.187483787536621, critic_loss: 0
recommendation_loss: 1.174137830734253, critic_loss: 0
recommendation_loss: 1.2271629571914673, critic_loss: 0
recommendation_loss: 1.195414662361145, critic_loss: 0
recommendation_loss: 1.208891749382019, critic_loss: 0
recommendation_loss: 1.2449610233306885, critic_loss: 0
recommendation_loss: 1.1107209920883179, critic_loss: 0
recommendation_loss: 1.2041021585464478, critic_loss: 0
recommendation_loss: 1.113492488861084, critic_loss: 0
recommendation_loss: 1.0860931873321533, critic_loss: 0
recommendation_loss: 1.1213064193725586, critic_loss: 0
recommendation_loss: 1.1019694805145264, critic_loss: 0
recommendation_loss: 1.0990310907363892, critic_loss: 0
recommendation_loss: 1.0421075820922852, critic_loss: 0
recommendation_loss: 1.1853456497192383, critic_loss: 0
recommendation_loss: 1.2413599491119385, critic_loss: 0
recommendation_loss: 1.2602500915527344, critic_loss: 0
recommendation_loss: 1.2416257858276367, critic_loss: 0
recommendation_loss: 1.149163842201233, critic_loss: 0
recommendation_loss: 1.0862059593200684, critic_loss: 0
recommendation_loss: 1.2783129215240479, critic_loss: 0
recommendation_loss: 1.085591435432434, critic_loss: 0
recommendation_loss: 1.2081778049468994, critic_loss: 0
recommendation_loss: 1.183120608329773, critic_loss: 0
recommendation_loss: 1.1940596103668213, critic_loss: 0
recommendation_loss: 1.2340505123138428, critic_loss: 0
recommendation_loss: 1.1906142234802246, critic_loss: 0
recommendation_loss: 1.1734775304794312, critic_loss: 0
recommendation_loss: 1.132225751876831, critic_loss: 0
recommendation_loss: 1.1457762718200684, critic_loss: 0
recommendation_loss: 1.1489319801330566, critic_loss: 0
recommendation_loss: 1.1421575546264648, critic_loss: 0
recommendation_loss: 1.1404855251312256, critic_loss: 0
recommendation_loss: 1.1011478900909424, critic_loss: 0
recommendation_loss: 1.1451948881149292, critic_loss: 0
recommendation_loss: 1.116908311843872, critic_loss: 0
recommendation_loss: 1.1263940334320068, critic_loss: 0
recommendation_loss: 1.080972671508789, critic_loss: 0
recommendation_loss: 1.1670656204223633, critic_loss: 0
recommendation_loss: 1.1631207466125488, critic_loss: 0
recommendation_loss: 1.1949918270111084, critic_loss: 0
recommendation_loss: 1.0865724086761475, critic_loss: 0
recommendation_loss: 1.0970659255981445, critic_loss: 0
recommendation_loss: 1.1130657196044922, critic_loss: 0
recommendation_loss: 1.1731120347976685, critic_loss: 0
recommendation_loss: 1.1239423751831055, critic_loss: 0
recommendation_loss: 1.1288249492645264, critic_loss: 0
recommendation_loss: 1.1260908842086792, critic_loss: 0
recommendation_loss: 1.1174232959747314, critic_loss: 0
recommendation_loss: 1.101968765258789, critic_loss: 0
recommendation_loss: 1.1725069284439087, critic_loss: 0
recommendation_loss: 1.062873125076294, critic_loss: 0
recommendation_loss: 1.11591374874115, critic_loss: 0
recommendation_loss: 1.1110949516296387, critic_loss: 0
recommendation_loss: 1.139892816543579, critic_loss: 0
recommendation_loss: 1.1852736473083496, critic_loss: 0
recommendation_loss: 1.10757577419281, critic_loss: 0
recommendation_loss: 1.1574153900146484, critic_loss: 0
recommendation_loss: 1.1380345821380615, critic_loss: 0
recommendation_loss: 1.1623625755310059, critic_loss: 0
recommendation_loss: 1.200400948524475, critic_loss: 0
recommendation_loss: 1.1745073795318604, critic_loss: 0
recommendation_loss: 1.1782423257827759, critic_loss: 0
recommendation_loss: 1.161715030670166, critic_loss: 0
recommendation_loss: 1.1646391153335571, critic_loss: 0
recommendation_loss: 1.1204802989959717, critic_loss: 0
recommendation_loss: 1.194814682006836, critic_loss: 0
recommendation_loss: 1.2208315134048462, critic_loss: 0
recommendation_loss: 1.2045084238052368, critic_loss: 0
recommendation_loss: 1.1173204183578491, critic_loss: 0
recommendation_loss: 1.1000317335128784, critic_loss: 0
recommendation_loss: 1.2191855907440186, critic_loss: 0
recommendation_loss: 1.1400667428970337, critic_loss: 0
recommendation_loss: 1.0837185382843018, critic_loss: 0
recommendation_loss: 1.1919268369674683, critic_loss: 0
2024-08-09 18:01:17.635605: step 7296/24320 (epoch 24/80), loss = 0.808918 (30.032 sec/epoch), lr: 0.002095
Evaluating on dev set...
...........................
source: 	 mrr: 0.039843	 ndcg_5: 0.0271	 ndcg_10: 0.0395	 hit@1:0.014482	 hit@5:0.0406	 hit@10: 0.0797
target: 	 mrr: 0.055420	 ndcg_5: 0.0495	 ndcg_10: 0.0579	 hit@1:0.024390	 hit@5:0.0739	 hit@10: 0.1003
target best!
..............target: 	 mrr: 0.055708	 ndcg_5: 0.0488	 ndcg_10: 0.0612	 hit@1:0.022634	 hit@5:0.0754	 hit@10: 0.1139
epoch 24: train_loss = 0.808918, source_hit@10 = 0.0797, source_ndcg@10 = 0.0395, target_hit@10 = 0.1139, target_ndcg@10 = 0.0612
new best model saved.

recommendation_loss: 1.1615993976593018, critic_loss: 0
recommendation_loss: 1.0824363231658936, critic_loss: 0
recommendation_loss: 1.0894687175750732, critic_loss: 0
recommendation_loss: 1.1459263563156128, critic_loss: 0
recommendation_loss: 1.1516536474227905, critic_loss: 0
recommendation_loss: 1.1853539943695068, critic_loss: 0
recommendation_loss: 1.0687414407730103, critic_loss: 0
recommendation_loss: 1.1922340393066406, critic_loss: 0
recommendation_loss: 1.1246455907821655, critic_loss: 0
recommendation_loss: 1.074112057685852, critic_loss: 0
recommendation_loss: 1.1572847366333008, critic_loss: 0
recommendation_loss: 1.0719584226608276, critic_loss: 0
recommendation_loss: 1.170484185218811, critic_loss: 0
recommendation_loss: 1.1413860321044922, critic_loss: 0
recommendation_loss: 1.21820068359375, critic_loss: 0
recommendation_loss: 1.119276523590088, critic_loss: 0
recommendation_loss: 1.1276702880859375, critic_loss: 0
recommendation_loss: 1.1540744304656982, critic_loss: 0
recommendation_loss: 1.0948827266693115, critic_loss: 0
recommendation_loss: 1.0722711086273193, critic_loss: 0
recommendation_loss: 1.087601661682129, critic_loss: 0
recommendation_loss: 1.0883519649505615, critic_loss: 0
recommendation_loss: 1.2089446783065796, critic_loss: 0
recommendation_loss: 1.2973783016204834, critic_loss: 0
recommendation_loss: 1.210066795349121, critic_loss: 0
recommendation_loss: 1.1160054206848145, critic_loss: 0
recommendation_loss: 1.1638239622116089, critic_loss: 0
recommendation_loss: 1.172292947769165, critic_loss: 0
recommendation_loss: 1.0960532426834106, critic_loss: 0
recommendation_loss: 1.1727983951568604, critic_loss: 0
recommendation_loss: 1.1242237091064453, critic_loss: 0
recommendation_loss: 1.137141466140747, critic_loss: 0
recommendation_loss: 1.1866751909255981, critic_loss: 0
recommendation_loss: 1.206251859664917, critic_loss: 0
recommendation_loss: 1.0903699398040771, critic_loss: 0
recommendation_loss: 1.1354211568832397, critic_loss: 0
recommendation_loss: 1.1645581722259521, critic_loss: 0
recommendation_loss: 1.1580381393432617, critic_loss: 0
recommendation_loss: 1.1246527433395386, critic_loss: 0
recommendation_loss: 1.1518586874008179, critic_loss: 0
recommendation_loss: 1.1070770025253296, critic_loss: 0
recommendation_loss: 1.1182804107666016, critic_loss: 0
recommendation_loss: 1.0996432304382324, critic_loss: 0
recommendation_loss: 1.14994215965271, critic_loss: 0
recommendation_loss: 1.1110085248947144, critic_loss: 0
recommendation_loss: 1.0709257125854492, critic_loss: 0
recommendation_loss: 1.1265596151351929, critic_loss: 0
recommendation_loss: 1.1471796035766602, critic_loss: 0
recommendation_loss: 1.1011196374893188, critic_loss: 0
recommendation_loss: 1.1396982669830322, critic_loss: 0
recommendation_loss: 1.13094162940979, critic_loss: 0
recommendation_loss: 1.1728843450546265, critic_loss: 0
recommendation_loss: 1.1172207593917847, critic_loss: 0
recommendation_loss: 1.1835328340530396, critic_loss: 0
recommendation_loss: 1.1538715362548828, critic_loss: 0
recommendation_loss: 1.1311830282211304, critic_loss: 0
recommendation_loss: 1.057554841041565, critic_loss: 0
recommendation_loss: 1.1376584768295288, critic_loss: 0
recommendation_loss: 1.1304702758789062, critic_loss: 0
recommendation_loss: 1.1727796792984009, critic_loss: 0
recommendation_loss: 1.2008241415023804, critic_loss: 0
recommendation_loss: 1.1416757106781006, critic_loss: 0
recommendation_loss: 1.0912598371505737, critic_loss: 0
recommendation_loss: 1.2061001062393188, critic_loss: 0
recommendation_loss: 1.1380693912506104, critic_loss: 0
recommendation_loss: 1.1175230741500854, critic_loss: 0
recommendation_loss: 1.1408615112304688, critic_loss: 0
recommendation_loss: 1.2632596492767334, critic_loss: 0
recommendation_loss: 1.1854593753814697, critic_loss: 0
recommendation_loss: 1.1897047758102417, critic_loss: 0
recommendation_loss: 1.1308531761169434, critic_loss: 0
recommendation_loss: 1.2232316732406616, critic_loss: 0
recommendation_loss: 1.1240805387496948, critic_loss: 0
recommendation_loss: 1.1280392408370972, critic_loss: 0
recommendation_loss: 1.132335901260376, critic_loss: 0
recommendation_loss: 1.1994417905807495, critic_loss: 0
recommendation_loss: 1.1665256023406982, critic_loss: 0
recommendation_loss: 1.20755136013031, critic_loss: 0
recommendation_loss: 1.1018736362457275, critic_loss: 0
recommendation_loss: 1.1014821529388428, critic_loss: 0
recommendation_loss: 1.1364048719406128, critic_loss: 0
recommendation_loss: 1.1955864429473877, critic_loss: 0
recommendation_loss: 1.1077855825424194, critic_loss: 0
recommendation_loss: 1.1848418712615967, critic_loss: 0
recommendation_loss: 1.1420857906341553, critic_loss: 0
recommendation_loss: 1.1240870952606201, critic_loss: 0
recommendation_loss: 1.1604936122894287, critic_loss: 0
recommendation_loss: 1.0733730792999268, critic_loss: 0
recommendation_loss: 1.1446048021316528, critic_loss: 0
recommendation_loss: 1.119632363319397, critic_loss: 0
recommendation_loss: 1.1394234895706177, critic_loss: 0
recommendation_loss: 1.0779330730438232, critic_loss: 0
recommendation_loss: 1.1276582479476929, critic_loss: 0
recommendation_loss: 1.0997291803359985, critic_loss: 0
recommendation_loss: 1.2244428396224976, critic_loss: 0
recommendation_loss: 1.1729425191879272, critic_loss: 0
recommendation_loss: 1.1660834550857544, critic_loss: 0
recommendation_loss: 1.1368595361709595, critic_loss: 0
recommendation_loss: 1.1258490085601807, critic_loss: 0
recommendation_loss: 1.129173755645752, critic_loss: 0
recommendation_loss: 1.1516575813293457, critic_loss: 0
recommendation_loss: 1.072732925415039, critic_loss: 0
recommendation_loss: 1.2082022428512573, critic_loss: 0
recommendation_loss: 1.1755712032318115, critic_loss: 0
recommendation_loss: 1.1429646015167236, critic_loss: 0
recommendation_loss: 1.1922664642333984, critic_loss: 0
recommendation_loss: 1.148458480834961, critic_loss: 0
recommendation_loss: 1.1845169067382812, critic_loss: 0
recommendation_loss: 1.1731617450714111, critic_loss: 0
recommendation_loss: 1.0738577842712402, critic_loss: 0
recommendation_loss: 1.235607624053955, critic_loss: 0
recommendation_loss: 1.1731846332550049, critic_loss: 0
recommendation_loss: 1.1194489002227783, critic_loss: 0
recommendation_loss: 1.1914191246032715, critic_loss: 0
recommendation_loss: 1.1030008792877197, critic_loss: 0
recommendation_loss: 1.0991299152374268, critic_loss: 0
recommendation_loss: 1.1566091775894165, critic_loss: 0
recommendation_loss: 1.1259623765945435, critic_loss: 0
recommendation_loss: 1.0558128356933594, critic_loss: 0
recommendation_loss: 1.1310443878173828, critic_loss: 0
recommendation_loss: 1.138505458831787, critic_loss: 0
recommendation_loss: 1.1012942790985107, critic_loss: 0
recommendation_loss: 1.214231252670288, critic_loss: 0
recommendation_loss: 1.2226836681365967, critic_loss: 0
recommendation_loss: 1.0650287866592407, critic_loss: 0
recommendation_loss: 1.1512517929077148, critic_loss: 0
recommendation_loss: 1.2067679166793823, critic_loss: 0
recommendation_loss: 1.2057660818099976, critic_loss: 0
recommendation_loss: 1.0697709321975708, critic_loss: 0
recommendation_loss: 1.2344962358474731, critic_loss: 0
recommendation_loss: 1.1414587497711182, critic_loss: 0
recommendation_loss: 1.170475721359253, critic_loss: 0
recommendation_loss: 1.1400961875915527, critic_loss: 0
recommendation_loss: 1.2264347076416016, critic_loss: 0
recommendation_loss: 1.283159852027893, critic_loss: 0
recommendation_loss: 1.1716747283935547, critic_loss: 0
recommendation_loss: 1.115004539489746, critic_loss: 0
recommendation_loss: 1.1451359987258911, critic_loss: 0
recommendation_loss: 1.1294832229614258, critic_loss: 0
recommendation_loss: 1.1020363569259644, critic_loss: 0
recommendation_loss: 1.0283534526824951, critic_loss: 0
recommendation_loss: 1.0421735048294067, critic_loss: 0
recommendation_loss: 1.2276067733764648, critic_loss: 0
recommendation_loss: 1.1324315071105957, critic_loss: 0
recommendation_loss: 1.1522352695465088, critic_loss: 0
recommendation_loss: 1.1957111358642578, critic_loss: 0
recommendation_loss: 1.1997798681259155, critic_loss: 0
recommendation_loss: 1.1515599489212036, critic_loss: 0
recommendation_loss: 1.0802676677703857, critic_loss: 0
recommendation_loss: 1.1887083053588867, critic_loss: 0
recommendation_loss: 1.1294152736663818, critic_loss: 0
recommendation_loss: 1.142734408378601, critic_loss: 0
recommendation_loss: 1.0825796127319336, critic_loss: 0
recommendation_loss: 1.1484769582748413, critic_loss: 0
recommendation_loss: 1.1097562313079834, critic_loss: 0
recommendation_loss: 1.1565059423446655, critic_loss: 0
recommendation_loss: 1.153991460800171, critic_loss: 0
recommendation_loss: 1.1213502883911133, critic_loss: 0
recommendation_loss: 1.163196086883545, critic_loss: 0
recommendation_loss: 1.1371358633041382, critic_loss: 0
recommendation_loss: 1.1777236461639404, critic_loss: 0
recommendation_loss: 1.0827555656433105, critic_loss: 0
recommendation_loss: 1.145621418952942, critic_loss: 0
recommendation_loss: 1.045530080795288, critic_loss: 0
recommendation_loss: 1.192457675933838, critic_loss: 0
recommendation_loss: 1.1936805248260498, critic_loss: 0
recommendation_loss: 1.1314990520477295, critic_loss: 0
recommendation_loss: 1.0978198051452637, critic_loss: 0
recommendation_loss: 1.1573474407196045, critic_loss: 0
recommendation_loss: 1.0291666984558105, critic_loss: 0
recommendation_loss: 1.1345946788787842, critic_loss: 0
recommendation_loss: 1.1602736711502075, critic_loss: 0
recommendation_loss: 1.1427204608917236, critic_loss: 0
recommendation_loss: 1.1580568552017212, critic_loss: 0
recommendation_loss: 1.2580721378326416, critic_loss: 0
recommendation_loss: 1.1213849782943726, critic_loss: 0
recommendation_loss: 1.0704996585845947, critic_loss: 0
recommendation_loss: 1.1387581825256348, critic_loss: 0
recommendation_loss: 1.0997095108032227, critic_loss: 0
recommendation_loss: 1.1367520093917847, critic_loss: 0
recommendation_loss: 1.097210168838501, critic_loss: 0
recommendation_loss: 1.1759421825408936, critic_loss: 0
recommendation_loss: 1.066909670829773, critic_loss: 0
recommendation_loss: 1.1729247570037842, critic_loss: 0
recommendation_loss: 1.0943243503570557, critic_loss: 0
recommendation_loss: 1.0776387453079224, critic_loss: 0
recommendation_loss: 1.208123803138733, critic_loss: 0
recommendation_loss: 1.2244852781295776, critic_loss: 0
recommendation_loss: 1.2226791381835938, critic_loss: 0
recommendation_loss: 1.1349737644195557, critic_loss: 0
recommendation_loss: 1.0864746570587158, critic_loss: 0
recommendation_loss: 1.1249839067459106, critic_loss: 0
recommendation_loss: 1.1787309646606445, critic_loss: 0
recommendation_loss: 1.1724612712860107, critic_loss: 0
recommendation_loss: 1.0703445672988892, critic_loss: 0
recommendation_loss: 1.193735122680664, critic_loss: 0
recommendation_loss: 1.1452304124832153, critic_loss: 0
recommendation_loss: 1.1696349382400513, critic_loss: 0
recommendation_loss: 1.129467248916626, critic_loss: 0
recommendation_loss: 1.1044636964797974, critic_loss: 0
recommendation_loss: 1.1468920707702637, critic_loss: 0
recommendation_loss: 1.136438012123108, critic_loss: 0
recommendation_loss: 1.1663711071014404, critic_loss: 0
recommendation_loss: 1.0992568731307983, critic_loss: 0
recommendation_loss: 1.1716713905334473, critic_loss: 0
recommendation_loss: 1.155774712562561, critic_loss: 0
recommendation_loss: 1.1010788679122925, critic_loss: 0
recommendation_loss: 1.209489107131958, critic_loss: 0
recommendation_loss: 1.1024914979934692, critic_loss: 0
recommendation_loss: 1.1081024408340454, critic_loss: 0
recommendation_loss: 1.166640281677246, critic_loss: 0
recommendation_loss: 1.146127700805664, critic_loss: 0
recommendation_loss: 1.0558189153671265, critic_loss: 0
recommendation_loss: 1.1369431018829346, critic_loss: 0
recommendation_loss: 1.1072183847427368, critic_loss: 0
recommendation_loss: 1.2008438110351562, critic_loss: 0
recommendation_loss: 1.1868870258331299, critic_loss: 0
recommendation_loss: 1.1663278341293335, critic_loss: 0
recommendation_loss: 1.1336227655410767, critic_loss: 0
recommendation_loss: 1.117906093597412, critic_loss: 0
recommendation_loss: 1.1631190776824951, critic_loss: 0
recommendation_loss: 1.096407413482666, critic_loss: 0
recommendation_loss: 1.1317297220230103, critic_loss: 0
recommendation_loss: 1.1645911931991577, critic_loss: 0
recommendation_loss: 1.2484641075134277, critic_loss: 0
recommendation_loss: 1.1876789331436157, critic_loss: 0
recommendation_loss: 1.2072422504425049, critic_loss: 0
recommendation_loss: 1.1897389888763428, critic_loss: 0
recommendation_loss: 1.24551522731781, critic_loss: 0
recommendation_loss: 1.2053357362747192, critic_loss: 0
recommendation_loss: 1.1635022163391113, critic_loss: 0
recommendation_loss: 1.1981172561645508, critic_loss: 0
recommendation_loss: 1.1453840732574463, critic_loss: 0
recommendation_loss: 1.160231590270996, critic_loss: 0
recommendation_loss: 1.1792782545089722, critic_loss: 0
recommendation_loss: 1.145141363143921, critic_loss: 0
recommendation_loss: 1.1742515563964844, critic_loss: 0
recommendation_loss: 1.143606424331665, critic_loss: 0
recommendation_loss: 1.0960619449615479, critic_loss: 0
recommendation_loss: 1.1508122682571411, critic_loss: 0
recommendation_loss: 1.1093535423278809, critic_loss: 0
recommendation_loss: 1.093663215637207, critic_loss: 0
recommendation_loss: 1.160565972328186, critic_loss: 0
recommendation_loss: 1.171372652053833, critic_loss: 0
recommendation_loss: 1.10666024684906, critic_loss: 0
recommendation_loss: 1.2596375942230225, critic_loss: 0
recommendation_loss: 1.228666067123413, critic_loss: 0
recommendation_loss: 1.084078311920166, critic_loss: 0
recommendation_loss: 1.1427513360977173, critic_loss: 0
recommendation_loss: 1.2196897268295288, critic_loss: 0
recommendation_loss: 1.1202638149261475, critic_loss: 0
recommendation_loss: 1.0739405155181885, critic_loss: 0
recommendation_loss: 1.181994915008545, critic_loss: 0
recommendation_loss: 1.2038304805755615, critic_loss: 0
recommendation_loss: 1.222096562385559, critic_loss: 0
recommendation_loss: 1.1724143028259277, critic_loss: 0
recommendation_loss: 1.1752574443817139, critic_loss: 0
recommendation_loss: 1.0677698850631714, critic_loss: 0
recommendation_loss: 1.17941415309906, critic_loss: 0
recommendation_loss: 1.1003047227859497, critic_loss: 0
recommendation_loss: 1.1638460159301758, critic_loss: 0
recommendation_loss: 1.1287935972213745, critic_loss: 0
recommendation_loss: 1.2619233131408691, critic_loss: 0
recommendation_loss: 1.1606416702270508, critic_loss: 0
recommendation_loss: 1.1805431842803955, critic_loss: 0
recommendation_loss: 1.1741082668304443, critic_loss: 0
recommendation_loss: 1.1613577604293823, critic_loss: 0
recommendation_loss: 1.1642264127731323, critic_loss: 0
recommendation_loss: 1.1719228029251099, critic_loss: 0
recommendation_loss: 1.1957650184631348, critic_loss: 0
recommendation_loss: 1.0944145917892456, critic_loss: 0
recommendation_loss: 1.1773748397827148, critic_loss: 0
recommendation_loss: 1.156009316444397, critic_loss: 0
recommendation_loss: 1.1409833431243896, critic_loss: 0
recommendation_loss: 1.1740154027938843, critic_loss: 0
recommendation_loss: 1.1629987955093384, critic_loss: 0
recommendation_loss: 1.1335437297821045, critic_loss: 0
recommendation_loss: 1.177836298942566, critic_loss: 0
recommendation_loss: 1.0852124691009521, critic_loss: 0
recommendation_loss: 1.0960659980773926, critic_loss: 0
recommendation_loss: 1.153258204460144, critic_loss: 0
recommendation_loss: 1.1305432319641113, critic_loss: 0
recommendation_loss: 1.097246766090393, critic_loss: 0
recommendation_loss: 1.1148216724395752, critic_loss: 0
recommendation_loss: 1.078986406326294, critic_loss: 0
recommendation_loss: 1.144052505493164, critic_loss: 0
recommendation_loss: 1.1645952463150024, critic_loss: 0
recommendation_loss: 1.1014459133148193, critic_loss: 0
recommendation_loss: 1.1705033779144287, critic_loss: 0
recommendation_loss: 1.1233808994293213, critic_loss: 0
recommendation_loss: 1.0840966701507568, critic_loss: 0
recommendation_loss: 1.1458401679992676, critic_loss: 0
recommendation_loss: 1.1867272853851318, critic_loss: 0
recommendation_loss: 1.148699164390564, critic_loss: 0
recommendation_loss: 1.0587553977966309, critic_loss: 0
recommendation_loss: 1.1229751110076904, critic_loss: 0
recommendation_loss: 1.1249483823776245, critic_loss: 0
recommendation_loss: 1.2064318656921387, critic_loss: 0
recommendation_loss: 1.1785223484039307, critic_loss: 0
recommendation_loss: 1.1397817134857178, critic_loss: 0
recommendation_loss: 1.1590590476989746, critic_loss: 0
recommendation_loss: 1.1471408605575562, critic_loss: 0
recommendation_loss: 1.1246894598007202, critic_loss: 0
recommendation_loss: 1.143678903579712, critic_loss: 0
2024-08-09 18:01:47.948745: step 7600/24320 (epoch 25/80), loss = 0.802124 (29.665 sec/epoch), lr: 0.002095
Evaluating on dev set...
...........................
source: 	 mrr: 0.029181	 ndcg_5: 0.0189	 ndcg_10: 0.0254	 hit@1:0.007965	 hit@5:0.0297	 hit@10: 0.0500
target: 	 mrr: 0.047736	 ndcg_5: 0.0372	 ndcg_10: 0.0492	 hit@1:0.020209	 hit@5:0.0537	 hit@10: 0.0913
epoch 25: train_loss = 0.802124, source_hit@10 = 0.0500, source_ndcg@10 = 0.0254, target_hit@10 = 0.0913, target_ndcg@10 = 0.0492

recommendation_loss: 1.1556023359298706, critic_loss: 0
recommendation_loss: 1.1410983800888062, critic_loss: 0
recommendation_loss: 1.159834861755371, critic_loss: 0
recommendation_loss: 1.065543293952942, critic_loss: 0
recommendation_loss: 1.1500194072723389, critic_loss: 0
recommendation_loss: 1.2009209394454956, critic_loss: 0
recommendation_loss: 1.0940947532653809, critic_loss: 0
recommendation_loss: 1.1064825057983398, critic_loss: 0
recommendation_loss: 1.153111457824707, critic_loss: 0
recommendation_loss: 1.074682354927063, critic_loss: 0
recommendation_loss: 1.092226505279541, critic_loss: 0
recommendation_loss: 1.056208848953247, critic_loss: 0
recommendation_loss: 1.1326199769973755, critic_loss: 0
recommendation_loss: 1.1243607997894287, critic_loss: 0
recommendation_loss: 1.1736671924591064, critic_loss: 0
recommendation_loss: 1.1115620136260986, critic_loss: 0
recommendation_loss: 1.118403673171997, critic_loss: 0
recommendation_loss: 1.2250328063964844, critic_loss: 0
recommendation_loss: 1.0510079860687256, critic_loss: 0
recommendation_loss: 1.0787681341171265, critic_loss: 0
recommendation_loss: 1.1082737445831299, critic_loss: 0
recommendation_loss: 1.1045732498168945, critic_loss: 0
recommendation_loss: 1.1018085479736328, critic_loss: 0
recommendation_loss: 1.1062020063400269, critic_loss: 0
recommendation_loss: 1.1422197818756104, critic_loss: 0
recommendation_loss: 1.0579510927200317, critic_loss: 0
recommendation_loss: 1.148993968963623, critic_loss: 0
recommendation_loss: 1.0775513648986816, critic_loss: 0
recommendation_loss: 1.0901105403900146, critic_loss: 0
recommendation_loss: 1.198028802871704, critic_loss: 0
recommendation_loss: 1.1504895687103271, critic_loss: 0
recommendation_loss: 1.0857503414154053, critic_loss: 0
recommendation_loss: 1.2448598146438599, critic_loss: 0
recommendation_loss: 1.1382622718811035, critic_loss: 0
recommendation_loss: 1.1274943351745605, critic_loss: 0
recommendation_loss: 1.0866446495056152, critic_loss: 0
recommendation_loss: 1.1369067430496216, critic_loss: 0
recommendation_loss: 1.171512484550476, critic_loss: 0
recommendation_loss: 1.2147423028945923, critic_loss: 0
recommendation_loss: 1.1619924306869507, critic_loss: 0
recommendation_loss: 1.0806615352630615, critic_loss: 0
recommendation_loss: 1.1028016805648804, critic_loss: 0
recommendation_loss: 1.0839529037475586, critic_loss: 0
recommendation_loss: 1.151437759399414, critic_loss: 0
recommendation_loss: 1.1007853746414185, critic_loss: 0
recommendation_loss: 1.1593058109283447, critic_loss: 0
recommendation_loss: 1.1426539421081543, critic_loss: 0
recommendation_loss: 1.1514742374420166, critic_loss: 0
recommendation_loss: 1.1016415357589722, critic_loss: 0
recommendation_loss: 1.1551289558410645, critic_loss: 0
recommendation_loss: 1.1801103353500366, critic_loss: 0
recommendation_loss: 1.1080653667449951, critic_loss: 0
recommendation_loss: 1.1440438032150269, critic_loss: 0
recommendation_loss: 1.0981576442718506, critic_loss: 0
recommendation_loss: 1.1629972457885742, critic_loss: 0
recommendation_loss: 1.1184940338134766, critic_loss: 0
recommendation_loss: 1.132453441619873, critic_loss: 0
recommendation_loss: 1.1307897567749023, critic_loss: 0
recommendation_loss: 1.1737780570983887, critic_loss: 0
recommendation_loss: 1.1417996883392334, critic_loss: 0
recommendation_loss: 1.2064567804336548, critic_loss: 0
recommendation_loss: 1.2392165660858154, critic_loss: 0
recommendation_loss: 1.1443456411361694, critic_loss: 0
recommendation_loss: 1.1308307647705078, critic_loss: 0
recommendation_loss: 1.1949349641799927, critic_loss: 0
recommendation_loss: 1.0858656167984009, critic_loss: 0
recommendation_loss: 1.1309696435928345, critic_loss: 0
recommendation_loss: 1.1586824655532837, critic_loss: 0
recommendation_loss: 1.1535454988479614, critic_loss: 0
recommendation_loss: 1.0633890628814697, critic_loss: 0
recommendation_loss: 1.1192705631256104, critic_loss: 0
recommendation_loss: 1.1030030250549316, critic_loss: 0
recommendation_loss: 1.1666646003723145, critic_loss: 0
recommendation_loss: 1.160176157951355, critic_loss: 0
recommendation_loss: 1.176703691482544, critic_loss: 0
recommendation_loss: 1.2282904386520386, critic_loss: 0
recommendation_loss: 1.0600335597991943, critic_loss: 0
recommendation_loss: 1.135237216949463, critic_loss: 0
recommendation_loss: 1.141732096672058, critic_loss: 0
recommendation_loss: 1.112287998199463, critic_loss: 0
recommendation_loss: 1.1092852354049683, critic_loss: 0
recommendation_loss: 1.1410679817199707, critic_loss: 0
recommendation_loss: 1.150587558746338, critic_loss: 0
recommendation_loss: 1.1134830713272095, critic_loss: 0
recommendation_loss: 1.161664366722107, critic_loss: 0
recommendation_loss: 1.1847753524780273, critic_loss: 0
recommendation_loss: 1.2160356044769287, critic_loss: 0
recommendation_loss: 1.0333459377288818, critic_loss: 0
recommendation_loss: 1.0907467603683472, critic_loss: 0
recommendation_loss: 1.099167823791504, critic_loss: 0
recommendation_loss: 1.153452754020691, critic_loss: 0
recommendation_loss: 1.0812861919403076, critic_loss: 0
recommendation_loss: 1.0769659280776978, critic_loss: 0
recommendation_loss: 1.1061707735061646, critic_loss: 0
recommendation_loss: 1.143020749092102, critic_loss: 0
recommendation_loss: 1.102400541305542, critic_loss: 0
recommendation_loss: 1.1574429273605347, critic_loss: 0
recommendation_loss: 1.1726975440979004, critic_loss: 0
recommendation_loss: 1.0788418054580688, critic_loss: 0
recommendation_loss: 1.167853832244873, critic_loss: 0
recommendation_loss: 1.123313069343567, critic_loss: 0
recommendation_loss: 1.1108278036117554, critic_loss: 0
recommendation_loss: 1.1375596523284912, critic_loss: 0
recommendation_loss: 1.038529872894287, critic_loss: 0
recommendation_loss: 1.1034772396087646, critic_loss: 0
recommendation_loss: 1.210240364074707, critic_loss: 0
recommendation_loss: 1.139116644859314, critic_loss: 0
recommendation_loss: 1.1544013023376465, critic_loss: 0
recommendation_loss: 1.1504377126693726, critic_loss: 0
recommendation_loss: 1.066532850265503, critic_loss: 0
recommendation_loss: 1.2225193977355957, critic_loss: 0
recommendation_loss: 1.0895813703536987, critic_loss: 0
recommendation_loss: 1.0719248056411743, critic_loss: 0
recommendation_loss: 1.1837817430496216, critic_loss: 0
recommendation_loss: 1.1502255201339722, critic_loss: 0
recommendation_loss: 1.191711187362671, critic_loss: 0
recommendation_loss: 1.0955222845077515, critic_loss: 0
recommendation_loss: 1.1835662126541138, critic_loss: 0
recommendation_loss: 1.1162950992584229, critic_loss: 0
recommendation_loss: 1.1728551387786865, critic_loss: 0
recommendation_loss: 1.1624449491500854, critic_loss: 0
recommendation_loss: 1.0773835182189941, critic_loss: 0
recommendation_loss: 1.1318916082382202, critic_loss: 0
recommendation_loss: 1.2498993873596191, critic_loss: 0
recommendation_loss: 1.1276558637619019, critic_loss: 0
recommendation_loss: 1.1992319822311401, critic_loss: 0
recommendation_loss: 1.1302915811538696, critic_loss: 0
recommendation_loss: 1.1628336906433105, critic_loss: 0
recommendation_loss: 1.1225054264068604, critic_loss: 0
recommendation_loss: 1.17514169216156, critic_loss: 0
recommendation_loss: 1.112074613571167, critic_loss: 0
recommendation_loss: 1.1954312324523926, critic_loss: 0
recommendation_loss: 1.0322003364562988, critic_loss: 0
recommendation_loss: 1.2061258554458618, critic_loss: 0
recommendation_loss: 1.2012975215911865, critic_loss: 0
recommendation_loss: 1.1508758068084717, critic_loss: 0
recommendation_loss: 1.1246434450149536, critic_loss: 0
recommendation_loss: 1.135451078414917, critic_loss: 0
recommendation_loss: 1.1273504495620728, critic_loss: 0
recommendation_loss: 1.0048003196716309, critic_loss: 0
recommendation_loss: 1.0491156578063965, critic_loss: 0
recommendation_loss: 1.090636134147644, critic_loss: 0
recommendation_loss: 1.2128205299377441, critic_loss: 0
recommendation_loss: 1.1500787734985352, critic_loss: 0
recommendation_loss: 1.2155107259750366, critic_loss: 0
recommendation_loss: 1.1000992059707642, critic_loss: 0
recommendation_loss: 1.2367236614227295, critic_loss: 0
recommendation_loss: 1.2558448314666748, critic_loss: 0
recommendation_loss: 1.091697096824646, critic_loss: 0
recommendation_loss: 1.1122251749038696, critic_loss: 0
recommendation_loss: 1.1453913450241089, critic_loss: 0
recommendation_loss: 1.1586885452270508, critic_loss: 0
recommendation_loss: 1.140993595123291, critic_loss: 0
recommendation_loss: 1.0804163217544556, critic_loss: 0
recommendation_loss: 1.0701254606246948, critic_loss: 0
recommendation_loss: 1.1136293411254883, critic_loss: 0
recommendation_loss: 1.1136256456375122, critic_loss: 0
recommendation_loss: 1.07968270778656, critic_loss: 0
recommendation_loss: 1.1467878818511963, critic_loss: 0
recommendation_loss: 1.1423896551132202, critic_loss: 0
recommendation_loss: 1.2279795408248901, critic_loss: 0
recommendation_loss: 1.1197940111160278, critic_loss: 0
recommendation_loss: 1.1743888854980469, critic_loss: 0
recommendation_loss: 1.1156058311462402, critic_loss: 0
recommendation_loss: 1.1172857284545898, critic_loss: 0
recommendation_loss: 1.1145800352096558, critic_loss: 0
recommendation_loss: 1.1009957790374756, critic_loss: 0
recommendation_loss: 1.0766371488571167, critic_loss: 0
recommendation_loss: 1.0786153078079224, critic_loss: 0
recommendation_loss: 1.0769517421722412, critic_loss: 0
recommendation_loss: 1.151414394378662, critic_loss: 0
recommendation_loss: 1.1844308376312256, critic_loss: 0
recommendation_loss: 1.0911204814910889, critic_loss: 0
recommendation_loss: 1.1594823598861694, critic_loss: 0
recommendation_loss: 1.167456030845642, critic_loss: 0
recommendation_loss: 1.1887823343276978, critic_loss: 0
recommendation_loss: 1.1321136951446533, critic_loss: 0
recommendation_loss: 1.0767396688461304, critic_loss: 0
recommendation_loss: 1.1645557880401611, critic_loss: 0
recommendation_loss: 1.1502165794372559, critic_loss: 0
recommendation_loss: 1.0656858682632446, critic_loss: 0
recommendation_loss: 1.0929980278015137, critic_loss: 0
recommendation_loss: 1.073032021522522, critic_loss: 0
recommendation_loss: 1.0930780172348022, critic_loss: 0
recommendation_loss: 1.1481553316116333, critic_loss: 0
recommendation_loss: 1.1937462091445923, critic_loss: 0
recommendation_loss: 1.1651685237884521, critic_loss: 0
recommendation_loss: 1.1229183673858643, critic_loss: 0
recommendation_loss: 1.092287540435791, critic_loss: 0
recommendation_loss: 1.1272611618041992, critic_loss: 0
recommendation_loss: 1.0988668203353882, critic_loss: 0
recommendation_loss: 1.121522068977356, critic_loss: 0
recommendation_loss: 1.2340292930603027, critic_loss: 0
recommendation_loss: 1.1286497116088867, critic_loss: 0
recommendation_loss: 1.1114258766174316, critic_loss: 0
recommendation_loss: 1.0881576538085938, critic_loss: 0
recommendation_loss: 1.1812326908111572, critic_loss: 0
recommendation_loss: 1.1209548711776733, critic_loss: 0
recommendation_loss: 1.0986487865447998, critic_loss: 0
recommendation_loss: 1.1725013256072998, critic_loss: 0
recommendation_loss: 1.104214072227478, critic_loss: 0
recommendation_loss: 1.1030898094177246, critic_loss: 0
recommendation_loss: 1.21126127243042, critic_loss: 0
recommendation_loss: 1.0643659830093384, critic_loss: 0
recommendation_loss: 1.2367284297943115, critic_loss: 0
recommendation_loss: 1.1701209545135498, critic_loss: 0
recommendation_loss: 1.1139092445373535, critic_loss: 0
recommendation_loss: 1.0579819679260254, critic_loss: 0
recommendation_loss: 1.160127878189087, critic_loss: 0
recommendation_loss: 1.0910847187042236, critic_loss: 0
recommendation_loss: 1.111943244934082, critic_loss: 0
recommendation_loss: 1.188751459121704, critic_loss: 0
recommendation_loss: 1.1226158142089844, critic_loss: 0
recommendation_loss: 1.057757019996643, critic_loss: 0
recommendation_loss: 1.142303705215454, critic_loss: 0
recommendation_loss: 1.1481609344482422, critic_loss: 0
recommendation_loss: 1.167685866355896, critic_loss: 0
recommendation_loss: 1.0638513565063477, critic_loss: 0
recommendation_loss: 1.1836122274398804, critic_loss: 0
recommendation_loss: 1.078169822692871, critic_loss: 0
recommendation_loss: 1.1686464548110962, critic_loss: 0
recommendation_loss: 1.0422694683074951, critic_loss: 0
recommendation_loss: 1.1948926448822021, critic_loss: 0
recommendation_loss: 1.2108920812606812, critic_loss: 0
recommendation_loss: 1.2098504304885864, critic_loss: 0
recommendation_loss: 1.1442357301712036, critic_loss: 0
recommendation_loss: 1.0702862739562988, critic_loss: 0
recommendation_loss: 1.0680360794067383, critic_loss: 0
recommendation_loss: 1.1135716438293457, critic_loss: 0
recommendation_loss: 1.2103419303894043, critic_loss: 0
recommendation_loss: 1.1637654304504395, critic_loss: 0
recommendation_loss: 1.1804869174957275, critic_loss: 0
recommendation_loss: 1.1439129114151, critic_loss: 0
recommendation_loss: 1.1399154663085938, critic_loss: 0
recommendation_loss: 1.1734485626220703, critic_loss: 0
recommendation_loss: 1.1283851861953735, critic_loss: 0
recommendation_loss: 1.203972578048706, critic_loss: 0
recommendation_loss: 1.1974780559539795, critic_loss: 0
recommendation_loss: 1.0908312797546387, critic_loss: 0
recommendation_loss: 1.044808030128479, critic_loss: 0
recommendation_loss: 1.1055574417114258, critic_loss: 0
recommendation_loss: 1.0809377431869507, critic_loss: 0
recommendation_loss: 1.1386470794677734, critic_loss: 0
recommendation_loss: 1.0722591876983643, critic_loss: 0
recommendation_loss: 1.1503599882125854, critic_loss: 0
recommendation_loss: 1.118910789489746, critic_loss: 0
recommendation_loss: 1.2221739292144775, critic_loss: 0
recommendation_loss: 1.0645382404327393, critic_loss: 0
recommendation_loss: 1.1339850425720215, critic_loss: 0
recommendation_loss: 1.1372263431549072, critic_loss: 0
recommendation_loss: 1.0404729843139648, critic_loss: 0
recommendation_loss: 1.1221822500228882, critic_loss: 0
recommendation_loss: 1.1233723163604736, critic_loss: 0
recommendation_loss: 1.1491665840148926, critic_loss: 0
recommendation_loss: 1.1041532754898071, critic_loss: 0
recommendation_loss: 1.1035456657409668, critic_loss: 0
recommendation_loss: 1.2120466232299805, critic_loss: 0
recommendation_loss: 1.1288014650344849, critic_loss: 0
recommendation_loss: 1.1875545978546143, critic_loss: 0
recommendation_loss: 1.0954043865203857, critic_loss: 0
recommendation_loss: 1.1433196067810059, critic_loss: 0
recommendation_loss: 1.1272422075271606, critic_loss: 0
recommendation_loss: 1.1815783977508545, critic_loss: 0
recommendation_loss: 1.0838977098464966, critic_loss: 0
recommendation_loss: 1.0560628175735474, critic_loss: 0
recommendation_loss: 1.1771560907363892, critic_loss: 0
recommendation_loss: 1.0931906700134277, critic_loss: 0
recommendation_loss: 1.15310800075531, critic_loss: 0
recommendation_loss: 1.1329652070999146, critic_loss: 0
recommendation_loss: 1.1521614789962769, critic_loss: 0
recommendation_loss: 1.1214362382888794, critic_loss: 0
recommendation_loss: 1.114464282989502, critic_loss: 0
recommendation_loss: 1.0988316535949707, critic_loss: 0
recommendation_loss: 1.2253596782684326, critic_loss: 0
recommendation_loss: 1.1587029695510864, critic_loss: 0
recommendation_loss: 1.105270266532898, critic_loss: 0
recommendation_loss: 1.083148717880249, critic_loss: 0
recommendation_loss: 1.0712153911590576, critic_loss: 0
recommendation_loss: 1.045729637145996, critic_loss: 0
recommendation_loss: 1.1069926023483276, critic_loss: 0
recommendation_loss: 1.0738306045532227, critic_loss: 0
recommendation_loss: 1.0890928506851196, critic_loss: 0
recommendation_loss: 1.1398024559020996, critic_loss: 0
recommendation_loss: 1.1236004829406738, critic_loss: 0
recommendation_loss: 1.151923656463623, critic_loss: 0
recommendation_loss: 1.0731127262115479, critic_loss: 0
recommendation_loss: 1.1558811664581299, critic_loss: 0
recommendation_loss: 1.0345063209533691, critic_loss: 0
recommendation_loss: 1.160426139831543, critic_loss: 0
recommendation_loss: 1.1607816219329834, critic_loss: 0
recommendation_loss: 1.1579588651657104, critic_loss: 0
recommendation_loss: 1.0876165628433228, critic_loss: 0
recommendation_loss: 1.1127634048461914, critic_loss: 0
recommendation_loss: 1.1019269227981567, critic_loss: 0
recommendation_loss: 1.0894290208816528, critic_loss: 0
recommendation_loss: 1.0684099197387695, critic_loss: 0
recommendation_loss: 1.1044273376464844, critic_loss: 0
recommendation_loss: 1.1442980766296387, critic_loss: 0
recommendation_loss: 1.1365008354187012, critic_loss: 0
recommendation_loss: 1.0904197692871094, critic_loss: 0
recommendation_loss: 1.1644245386123657, critic_loss: 0
recommendation_loss: 1.1203958988189697, critic_loss: 0
recommendation_loss: 1.224233627319336, critic_loss: 0
recommendation_loss: 1.0828752517700195, critic_loss: 0
2024-08-09 18:02:18.101043: step 7904/24320 (epoch 26/80), loss = 0.791851 (29.797 sec/epoch), lr: 0.001990
Evaluating on dev set...
...........................
source: 	 mrr: 0.035409	 ndcg_5: 0.0245	 ndcg_10: 0.0332	 hit@1:0.009413	 hit@5:0.0398	 hit@10: 0.0666
target: 	 mrr: 0.055449	 ndcg_5: 0.0483	 ndcg_10: 0.0586	 hit@1:0.023693	 hit@5:0.0739	 hit@10: 0.1059
target best!
..............target: 	 mrr: 0.052445	 ndcg_5: 0.0441	 ndcg_10: 0.0595	 hit@1:0.013717	 hit@5:0.0713	 hit@10: 0.1187
epoch 26: train_loss = 0.791851, source_hit@10 = 0.0666, source_ndcg@10 = 0.0332, target_hit@10 = 0.1187, target_ndcg@10 = 0.0595
new best model saved.

recommendation_loss: 1.1498615741729736, critic_loss: 0
recommendation_loss: 1.1507469415664673, critic_loss: 0
recommendation_loss: 1.0075865983963013, critic_loss: 0
recommendation_loss: 1.1416995525360107, critic_loss: 0
recommendation_loss: 1.1130733489990234, critic_loss: 0
recommendation_loss: 1.1693254709243774, critic_loss: 0
recommendation_loss: 1.1491690874099731, critic_loss: 0
recommendation_loss: 1.101426124572754, critic_loss: 0
recommendation_loss: 1.0851802825927734, critic_loss: 0
recommendation_loss: 1.107656478881836, critic_loss: 0
recommendation_loss: 1.1055588722229004, critic_loss: 0
recommendation_loss: 1.2951326370239258, critic_loss: 0
recommendation_loss: 1.138768196105957, critic_loss: 0
recommendation_loss: 1.0668758153915405, critic_loss: 0
recommendation_loss: 1.1431564092636108, critic_loss: 0
recommendation_loss: 1.0848007202148438, critic_loss: 0
recommendation_loss: 1.1463816165924072, critic_loss: 0
recommendation_loss: 1.1359856128692627, critic_loss: 0
recommendation_loss: 1.0694447755813599, critic_loss: 0
recommendation_loss: 1.0691168308258057, critic_loss: 0
recommendation_loss: 1.2029796838760376, critic_loss: 0
recommendation_loss: 1.0733215808868408, critic_loss: 0
recommendation_loss: 1.094329833984375, critic_loss: 0
recommendation_loss: 1.1495453119277954, critic_loss: 0
recommendation_loss: 1.149058222770691, critic_loss: 0
recommendation_loss: 1.1386971473693848, critic_loss: 0
recommendation_loss: 1.1003056764602661, critic_loss: 0
recommendation_loss: 1.0607208013534546, critic_loss: 0
recommendation_loss: 1.0815984010696411, critic_loss: 0
recommendation_loss: 1.0692895650863647, critic_loss: 0
recommendation_loss: 1.1006301641464233, critic_loss: 0
recommendation_loss: 1.0811152458190918, critic_loss: 0
recommendation_loss: 1.080460548400879, critic_loss: 0
recommendation_loss: 1.1226074695587158, critic_loss: 0
recommendation_loss: 1.1431270837783813, critic_loss: 0
recommendation_loss: 1.106825590133667, critic_loss: 0
recommendation_loss: 1.2609189748764038, critic_loss: 0
recommendation_loss: 1.12245512008667, critic_loss: 0
recommendation_loss: 1.0551815032958984, critic_loss: 0
recommendation_loss: 1.090590238571167, critic_loss: 0
recommendation_loss: 1.0953598022460938, critic_loss: 0
recommendation_loss: 1.1581518650054932, critic_loss: 0
recommendation_loss: 1.1499950885772705, critic_loss: 0
recommendation_loss: 1.081824779510498, critic_loss: 0
recommendation_loss: 1.1707695722579956, critic_loss: 0
recommendation_loss: 1.1749643087387085, critic_loss: 0
recommendation_loss: 1.1379244327545166, critic_loss: 0
recommendation_loss: 1.170657753944397, critic_loss: 0
recommendation_loss: 1.1153874397277832, critic_loss: 0
recommendation_loss: 1.1016663312911987, critic_loss: 0
recommendation_loss: 1.168668508529663, critic_loss: 0
recommendation_loss: 1.0705296993255615, critic_loss: 0
recommendation_loss: 1.1282668113708496, critic_loss: 0
recommendation_loss: 1.069645881652832, critic_loss: 0
recommendation_loss: 1.0866212844848633, critic_loss: 0
recommendation_loss: 1.195889949798584, critic_loss: 0
recommendation_loss: 1.0982528924942017, critic_loss: 0
recommendation_loss: 1.21538507938385, critic_loss: 0
recommendation_loss: 1.111015796661377, critic_loss: 0
recommendation_loss: 1.1120678186416626, critic_loss: 0
recommendation_loss: 1.2043428421020508, critic_loss: 0
recommendation_loss: 1.1513760089874268, critic_loss: 0
recommendation_loss: 1.1242196559906006, critic_loss: 0
recommendation_loss: 1.1223862171173096, critic_loss: 0
recommendation_loss: 1.1756891012191772, critic_loss: 0
recommendation_loss: 1.1091325283050537, critic_loss: 0
recommendation_loss: 1.1585973501205444, critic_loss: 0
recommendation_loss: 1.1552983522415161, critic_loss: 0
recommendation_loss: 1.0812089443206787, critic_loss: 0
recommendation_loss: 1.0715861320495605, critic_loss: 0
recommendation_loss: 1.123732089996338, critic_loss: 0
recommendation_loss: 1.13591730594635, critic_loss: 0
recommendation_loss: 1.11952805519104, critic_loss: 0
recommendation_loss: 1.0812268257141113, critic_loss: 0
recommendation_loss: 1.2305865287780762, critic_loss: 0
recommendation_loss: 1.178088665008545, critic_loss: 0
recommendation_loss: 1.1625816822052002, critic_loss: 0
recommendation_loss: 1.0913113355636597, critic_loss: 0
recommendation_loss: 1.152369737625122, critic_loss: 0
recommendation_loss: 1.1414544582366943, critic_loss: 0
recommendation_loss: 1.1539896726608276, critic_loss: 0
recommendation_loss: 1.1673216819763184, critic_loss: 0
recommendation_loss: 1.1567294597625732, critic_loss: 0
recommendation_loss: 1.1986840963363647, critic_loss: 0
recommendation_loss: 1.1667689085006714, critic_loss: 0
recommendation_loss: 1.170784592628479, critic_loss: 0
recommendation_loss: 1.1220738887786865, critic_loss: 0
recommendation_loss: 1.1311873197555542, critic_loss: 0
recommendation_loss: 1.0888967514038086, critic_loss: 0
recommendation_loss: 1.118544101715088, critic_loss: 0
recommendation_loss: 1.0742484331130981, critic_loss: 0
recommendation_loss: 1.1100234985351562, critic_loss: 0
recommendation_loss: 1.1151148080825806, critic_loss: 0
recommendation_loss: 1.1311756372451782, critic_loss: 0
recommendation_loss: 1.181164264678955, critic_loss: 0
recommendation_loss: 1.0728119611740112, critic_loss: 0
recommendation_loss: 1.1964693069458008, critic_loss: 0
recommendation_loss: 1.1920644044876099, critic_loss: 0
recommendation_loss: 1.0511668920516968, critic_loss: 0
recommendation_loss: 1.1208537817001343, critic_loss: 0
recommendation_loss: 1.0922393798828125, critic_loss: 0
recommendation_loss: 1.1176364421844482, critic_loss: 0
recommendation_loss: 1.1485040187835693, critic_loss: 0
recommendation_loss: 1.0730419158935547, critic_loss: 0
recommendation_loss: 1.133750557899475, critic_loss: 0
recommendation_loss: 1.199979543685913, critic_loss: 0
recommendation_loss: 1.1189416646957397, critic_loss: 0
recommendation_loss: 1.1147689819335938, critic_loss: 0
recommendation_loss: 1.0644198656082153, critic_loss: 0
recommendation_loss: 1.037393569946289, critic_loss: 0
recommendation_loss: 1.1807347536087036, critic_loss: 0
recommendation_loss: 1.1740756034851074, critic_loss: 0
recommendation_loss: 1.0988671779632568, critic_loss: 0
recommendation_loss: 1.154953956604004, critic_loss: 0
recommendation_loss: 1.047066569328308, critic_loss: 0
recommendation_loss: 1.1552857160568237, critic_loss: 0
recommendation_loss: 1.154544711112976, critic_loss: 0
recommendation_loss: 1.100200891494751, critic_loss: 0
recommendation_loss: 1.1291921138763428, critic_loss: 0
recommendation_loss: 1.1621657609939575, critic_loss: 0
recommendation_loss: 1.1781648397445679, critic_loss: 0
recommendation_loss: 1.0670464038848877, critic_loss: 0
recommendation_loss: 1.1548234224319458, critic_loss: 0
recommendation_loss: 1.141409993171692, critic_loss: 0
recommendation_loss: 1.0636365413665771, critic_loss: 0
recommendation_loss: 1.1249951124191284, critic_loss: 0
recommendation_loss: 1.1563340425491333, critic_loss: 0
recommendation_loss: 1.1608294248580933, critic_loss: 0
recommendation_loss: 1.1229304075241089, critic_loss: 0
recommendation_loss: 1.1901893615722656, critic_loss: 0
recommendation_loss: 1.0913515090942383, critic_loss: 0
recommendation_loss: 1.1281406879425049, critic_loss: 0
recommendation_loss: 1.0700117349624634, critic_loss: 0
recommendation_loss: 1.1705306768417358, critic_loss: 0
recommendation_loss: 1.0940083265304565, critic_loss: 0
recommendation_loss: 1.1480661630630493, critic_loss: 0
recommendation_loss: 1.1960169076919556, critic_loss: 0
recommendation_loss: 1.1231924295425415, critic_loss: 0
recommendation_loss: 1.110342264175415, critic_loss: 0
recommendation_loss: 1.028211236000061, critic_loss: 0
recommendation_loss: 1.0983926057815552, critic_loss: 0
recommendation_loss: 1.0700287818908691, critic_loss: 0
recommendation_loss: 1.199578046798706, critic_loss: 0
recommendation_loss: 1.1868295669555664, critic_loss: 0
recommendation_loss: 1.1313858032226562, critic_loss: 0
recommendation_loss: 1.075049638748169, critic_loss: 0
recommendation_loss: 1.2341439723968506, critic_loss: 0
recommendation_loss: 1.2049264907836914, critic_loss: 0
recommendation_loss: 1.0938947200775146, critic_loss: 0
recommendation_loss: 1.0896307229995728, critic_loss: 0
recommendation_loss: 1.068397879600525, critic_loss: 0
recommendation_loss: 1.0714912414550781, critic_loss: 0
recommendation_loss: 1.1102030277252197, critic_loss: 0
recommendation_loss: 1.0569833517074585, critic_loss: 0
recommendation_loss: 1.0863964557647705, critic_loss: 0
recommendation_loss: 1.2244277000427246, critic_loss: 0
recommendation_loss: 1.0679428577423096, critic_loss: 0
recommendation_loss: 1.1189439296722412, critic_loss: 0
recommendation_loss: 1.190811276435852, critic_loss: 0
recommendation_loss: 1.159926176071167, critic_loss: 0
recommendation_loss: 1.1500370502471924, critic_loss: 0
recommendation_loss: 1.0914381742477417, critic_loss: 0
recommendation_loss: 1.1460907459259033, critic_loss: 0
recommendation_loss: 1.0447955131530762, critic_loss: 0
recommendation_loss: 1.0560659170150757, critic_loss: 0
recommendation_loss: 1.1073055267333984, critic_loss: 0
recommendation_loss: 1.1360933780670166, critic_loss: 0
recommendation_loss: 1.1607592105865479, critic_loss: 0
recommendation_loss: 1.1438370943069458, critic_loss: 0
recommendation_loss: 1.1158256530761719, critic_loss: 0
recommendation_loss: 1.1597871780395508, critic_loss: 0
recommendation_loss: 0.9858590960502625, critic_loss: 0
recommendation_loss: 1.0647106170654297, critic_loss: 0
recommendation_loss: 1.0725089311599731, critic_loss: 0
recommendation_loss: 1.1016240119934082, critic_loss: 0
recommendation_loss: 0.9941341280937195, critic_loss: 0
recommendation_loss: 1.134442687034607, critic_loss: 0
recommendation_loss: 1.0833086967468262, critic_loss: 0
recommendation_loss: 1.221432089805603, critic_loss: 0
recommendation_loss: 1.2414970397949219, critic_loss: 0
recommendation_loss: 1.1129767894744873, critic_loss: 0
recommendation_loss: 1.1866216659545898, critic_loss: 0
recommendation_loss: 1.0572428703308105, critic_loss: 0
recommendation_loss: 1.1047909259796143, critic_loss: 0
recommendation_loss: 1.122617483139038, critic_loss: 0
recommendation_loss: 1.1905651092529297, critic_loss: 0
recommendation_loss: 1.1789003610610962, critic_loss: 0
recommendation_loss: 1.1517236232757568, critic_loss: 0
recommendation_loss: 1.1552013158798218, critic_loss: 0
recommendation_loss: 1.133704423904419, critic_loss: 0
recommendation_loss: 1.0447676181793213, critic_loss: 0
recommendation_loss: 1.0559481382369995, critic_loss: 0
recommendation_loss: 1.0975648164749146, critic_loss: 0
recommendation_loss: 1.153578519821167, critic_loss: 0
recommendation_loss: 1.1329336166381836, critic_loss: 0
recommendation_loss: 1.1272556781768799, critic_loss: 0
recommendation_loss: 1.0628674030303955, critic_loss: 0
recommendation_loss: 1.1705554723739624, critic_loss: 0
recommendation_loss: 1.0834734439849854, critic_loss: 0
recommendation_loss: 1.0637890100479126, critic_loss: 0
recommendation_loss: 1.1178332567214966, critic_loss: 0
recommendation_loss: 0.9924491047859192, critic_loss: 0
recommendation_loss: 1.1057490110397339, critic_loss: 0
recommendation_loss: 1.1184604167938232, critic_loss: 0
recommendation_loss: 1.109318733215332, critic_loss: 0
recommendation_loss: 1.2097043991088867, critic_loss: 0
recommendation_loss: 1.1486048698425293, critic_loss: 0
recommendation_loss: 1.116858959197998, critic_loss: 0
recommendation_loss: 1.1073925495147705, critic_loss: 0
recommendation_loss: 1.1375653743743896, critic_loss: 0
recommendation_loss: 1.1304594278335571, critic_loss: 0
recommendation_loss: 1.1424707174301147, critic_loss: 0
recommendation_loss: 1.1108181476593018, critic_loss: 0
recommendation_loss: 1.1132065057754517, critic_loss: 0
recommendation_loss: 1.1998211145401, critic_loss: 0
recommendation_loss: 1.185968041419983, critic_loss: 0
recommendation_loss: 1.201798677444458, critic_loss: 0
recommendation_loss: 1.1318726539611816, critic_loss: 0
recommendation_loss: 1.12272047996521, critic_loss: 0
recommendation_loss: 1.1011650562286377, critic_loss: 0
recommendation_loss: 1.202056646347046, critic_loss: 0
recommendation_loss: 1.1121817827224731, critic_loss: 0
recommendation_loss: 1.096509575843811, critic_loss: 0
recommendation_loss: 1.1924664974212646, critic_loss: 0
recommendation_loss: 1.1680611371994019, critic_loss: 0
recommendation_loss: 1.1180086135864258, critic_loss: 0
recommendation_loss: 1.1838219165802002, critic_loss: 0
recommendation_loss: 1.1881481409072876, critic_loss: 0
recommendation_loss: 1.2030143737792969, critic_loss: 0
recommendation_loss: 1.0386242866516113, critic_loss: 0
recommendation_loss: 1.126985788345337, critic_loss: 0
recommendation_loss: 1.1181256771087646, critic_loss: 0
recommendation_loss: 1.1497467756271362, critic_loss: 0
recommendation_loss: 1.1493709087371826, critic_loss: 0
recommendation_loss: 1.1126784086227417, critic_loss: 0
recommendation_loss: 1.2009276151657104, critic_loss: 0
recommendation_loss: 1.1543759107589722, critic_loss: 0
recommendation_loss: 1.0880661010742188, critic_loss: 0
recommendation_loss: 1.193328619003296, critic_loss: 0
recommendation_loss: 1.1413527727127075, critic_loss: 0
recommendation_loss: 1.1169973611831665, critic_loss: 0
recommendation_loss: 1.1827337741851807, critic_loss: 0
recommendation_loss: 1.1548964977264404, critic_loss: 0
recommendation_loss: 1.1002442836761475, critic_loss: 0
recommendation_loss: 1.173208475112915, critic_loss: 0
recommendation_loss: 1.2592947483062744, critic_loss: 0
recommendation_loss: 1.135545253753662, critic_loss: 0
recommendation_loss: 1.1802866458892822, critic_loss: 0
recommendation_loss: 1.0985746383666992, critic_loss: 0
recommendation_loss: 1.1851660013198853, critic_loss: 0
recommendation_loss: 1.1043028831481934, critic_loss: 0
recommendation_loss: 1.0654306411743164, critic_loss: 0
recommendation_loss: 1.0529413223266602, critic_loss: 0
recommendation_loss: 1.1440709829330444, critic_loss: 0
recommendation_loss: 1.1042578220367432, critic_loss: 0
recommendation_loss: 1.1357394456863403, critic_loss: 0
recommendation_loss: 1.11109459400177, critic_loss: 0
recommendation_loss: 1.1722465753555298, critic_loss: 0
recommendation_loss: 1.1473709344863892, critic_loss: 0
recommendation_loss: 1.1114453077316284, critic_loss: 0
recommendation_loss: 1.0915182828903198, critic_loss: 0
recommendation_loss: 1.1550617218017578, critic_loss: 0
recommendation_loss: 1.190124750137329, critic_loss: 0
recommendation_loss: 1.130697250366211, critic_loss: 0
recommendation_loss: 1.1516090631484985, critic_loss: 0
recommendation_loss: 1.1345573663711548, critic_loss: 0
recommendation_loss: 1.1094748973846436, critic_loss: 0
recommendation_loss: 1.2018104791641235, critic_loss: 0
recommendation_loss: 1.1252446174621582, critic_loss: 0
recommendation_loss: 1.185943841934204, critic_loss: 0
recommendation_loss: 1.183305263519287, critic_loss: 0
recommendation_loss: 1.1404478549957275, critic_loss: 0
recommendation_loss: 1.1548562049865723, critic_loss: 0
recommendation_loss: 1.1360026597976685, critic_loss: 0
recommendation_loss: 1.1172912120819092, critic_loss: 0
recommendation_loss: 1.1851983070373535, critic_loss: 0
recommendation_loss: 1.1055212020874023, critic_loss: 0
recommendation_loss: 1.1944745779037476, critic_loss: 0
recommendation_loss: 1.0995302200317383, critic_loss: 0
recommendation_loss: 1.0512635707855225, critic_loss: 0
recommendation_loss: 1.1737322807312012, critic_loss: 0
recommendation_loss: 1.1260651350021362, critic_loss: 0
recommendation_loss: 1.1627814769744873, critic_loss: 0
recommendation_loss: 1.0940133333206177, critic_loss: 0
recommendation_loss: 1.1941719055175781, critic_loss: 0
recommendation_loss: 1.1481295824050903, critic_loss: 0
recommendation_loss: 1.1285892724990845, critic_loss: 0
recommendation_loss: 1.0785105228424072, critic_loss: 0
recommendation_loss: 1.1241986751556396, critic_loss: 0
recommendation_loss: 1.1072252988815308, critic_loss: 0
recommendation_loss: 1.1238412857055664, critic_loss: 0
recommendation_loss: 1.0704504251480103, critic_loss: 0
recommendation_loss: 1.1080570220947266, critic_loss: 0
recommendation_loss: 1.2320491075515747, critic_loss: 0
recommendation_loss: 1.1052674055099487, critic_loss: 0
recommendation_loss: 1.0628504753112793, critic_loss: 0
recommendation_loss: 1.0676565170288086, critic_loss: 0
recommendation_loss: 1.0920666456222534, critic_loss: 0
recommendation_loss: 1.104273796081543, critic_loss: 0
recommendation_loss: 1.1069703102111816, critic_loss: 0
recommendation_loss: 1.1701231002807617, critic_loss: 0
recommendation_loss: 1.1325515508651733, critic_loss: 0
recommendation_loss: 1.161997675895691, critic_loss: 0
recommendation_loss: 1.1181139945983887, critic_loss: 0
2024-08-09 18:02:48.891874: step 8208/24320 (epoch 27/80), loss = 0.789918 (30.152 sec/epoch), lr: 0.001990
Evaluating on dev set...
...........................
source: 	 mrr: 0.040646	 ndcg_5: 0.0310	 ndcg_10: 0.0409	 hit@1:0.012310	 hit@5:0.0507	 hit@10: 0.0818
target: 	 mrr: 0.049863	 ndcg_5: 0.0432	 ndcg_10: 0.0525	 hit@1:0.019512	 hit@5:0.0676	 hit@10: 0.0969
epoch 27: train_loss = 0.789918, source_hit@10 = 0.0818, source_ndcg@10 = 0.0409, target_hit@10 = 0.0969, target_ndcg@10 = 0.0525

recommendation_loss: 1.1002426147460938, critic_loss: 0
recommendation_loss: 1.06914222240448, critic_loss: 0
recommendation_loss: 1.0904732942581177, critic_loss: 0
recommendation_loss: 1.18546462059021, critic_loss: 0
recommendation_loss: 1.0494122505187988, critic_loss: 0
recommendation_loss: 1.043509602546692, critic_loss: 0
recommendation_loss: 1.1694101095199585, critic_loss: 0
recommendation_loss: 1.111579179763794, critic_loss: 0
recommendation_loss: 1.1186721324920654, critic_loss: 0
recommendation_loss: 1.0402882099151611, critic_loss: 0
recommendation_loss: 1.0610911846160889, critic_loss: 0
recommendation_loss: 1.1461219787597656, critic_loss: 0
recommendation_loss: 1.0833230018615723, critic_loss: 0
recommendation_loss: 1.1074082851409912, critic_loss: 0
recommendation_loss: 1.168094515800476, critic_loss: 0
recommendation_loss: 1.2108867168426514, critic_loss: 0
recommendation_loss: 1.1236586570739746, critic_loss: 0
recommendation_loss: 1.170498251914978, critic_loss: 0
recommendation_loss: 1.1360595226287842, critic_loss: 0
recommendation_loss: 1.0570870637893677, critic_loss: 0
recommendation_loss: 1.0556514263153076, critic_loss: 0
recommendation_loss: 1.0770244598388672, critic_loss: 0
recommendation_loss: 1.1323281526565552, critic_loss: 0
recommendation_loss: 1.097414493560791, critic_loss: 0
recommendation_loss: 1.0745384693145752, critic_loss: 0
recommendation_loss: 1.116332769393921, critic_loss: 0
recommendation_loss: 1.0508170127868652, critic_loss: 0
recommendation_loss: 1.0570051670074463, critic_loss: 0
recommendation_loss: 1.1033228635787964, critic_loss: 0
recommendation_loss: 1.2480424642562866, critic_loss: 0
recommendation_loss: 1.1974515914916992, critic_loss: 0
recommendation_loss: 1.0809545516967773, critic_loss: 0
recommendation_loss: 1.2022922039031982, critic_loss: 0
recommendation_loss: 1.1262502670288086, critic_loss: 0
recommendation_loss: 1.1012542247772217, critic_loss: 0
recommendation_loss: 1.0999571084976196, critic_loss: 0
recommendation_loss: 1.1391849517822266, critic_loss: 0
recommendation_loss: 1.0841113328933716, critic_loss: 0
recommendation_loss: 1.1627402305603027, critic_loss: 0
recommendation_loss: 1.0892210006713867, critic_loss: 0
recommendation_loss: 1.083674669265747, critic_loss: 0
recommendation_loss: 1.0543678998947144, critic_loss: 0
recommendation_loss: 1.1284111738204956, critic_loss: 0
recommendation_loss: 1.0665526390075684, critic_loss: 0
recommendation_loss: 1.072914958000183, critic_loss: 0
recommendation_loss: 1.0252857208251953, critic_loss: 0
recommendation_loss: 1.0582149028778076, critic_loss: 0
recommendation_loss: 1.1764650344848633, critic_loss: 0
recommendation_loss: 1.0925285816192627, critic_loss: 0
recommendation_loss: 1.0745657682418823, critic_loss: 0
recommendation_loss: 1.171955943107605, critic_loss: 0
recommendation_loss: 1.1002862453460693, critic_loss: 0
recommendation_loss: 1.0974373817443848, critic_loss: 0
recommendation_loss: 1.0291123390197754, critic_loss: 0
recommendation_loss: 1.1348438262939453, critic_loss: 0
recommendation_loss: 1.2110788822174072, critic_loss: 0
recommendation_loss: 1.0412980318069458, critic_loss: 0
recommendation_loss: 1.082567572593689, critic_loss: 0
recommendation_loss: 1.0630799531936646, critic_loss: 0
recommendation_loss: 1.1365094184875488, critic_loss: 0
recommendation_loss: 1.1250923871994019, critic_loss: 0
recommendation_loss: 1.096651315689087, critic_loss: 0
recommendation_loss: 1.1070787906646729, critic_loss: 0
recommendation_loss: 1.088716745376587, critic_loss: 0
recommendation_loss: 1.0242027044296265, critic_loss: 0
recommendation_loss: 1.07749342918396, critic_loss: 0
recommendation_loss: 1.0505163669586182, critic_loss: 0
recommendation_loss: 1.1186143159866333, critic_loss: 0
recommendation_loss: 1.0871033668518066, critic_loss: 0
recommendation_loss: 1.1587417125701904, critic_loss: 0
recommendation_loss: 1.1305139064788818, critic_loss: 0
recommendation_loss: 1.0900743007659912, critic_loss: 0
recommendation_loss: 1.0149548053741455, critic_loss: 0
recommendation_loss: 1.0569146871566772, critic_loss: 0
recommendation_loss: 1.120496153831482, critic_loss: 0
recommendation_loss: 1.1339043378829956, critic_loss: 0
recommendation_loss: 1.088806390762329, critic_loss: 0
recommendation_loss: 1.0891624689102173, critic_loss: 0
recommendation_loss: 1.0778874158859253, critic_loss: 0
recommendation_loss: 1.0819015502929688, critic_loss: 0
recommendation_loss: 1.0499534606933594, critic_loss: 0
recommendation_loss: 1.149299144744873, critic_loss: 0
recommendation_loss: 1.08870267868042, critic_loss: 0
recommendation_loss: 1.226375937461853, critic_loss: 0
recommendation_loss: 1.181821584701538, critic_loss: 0
recommendation_loss: 1.2500336170196533, critic_loss: 0
recommendation_loss: 1.1622413396835327, critic_loss: 0
recommendation_loss: 1.095808982849121, critic_loss: 0
recommendation_loss: 1.1045633554458618, critic_loss: 0
recommendation_loss: 1.0330185890197754, critic_loss: 0
recommendation_loss: 1.0527509450912476, critic_loss: 0
recommendation_loss: 1.053849697113037, critic_loss: 0
recommendation_loss: 1.1463626623153687, critic_loss: 0
recommendation_loss: 1.1580133438110352, critic_loss: 0
recommendation_loss: 1.1063544750213623, critic_loss: 0
recommendation_loss: 1.110903263092041, critic_loss: 0
recommendation_loss: 1.1163941621780396, critic_loss: 0
recommendation_loss: 1.0694162845611572, critic_loss: 0
recommendation_loss: 1.1651780605316162, critic_loss: 0
recommendation_loss: 1.1395281553268433, critic_loss: 0
recommendation_loss: 1.123910903930664, critic_loss: 0
recommendation_loss: 1.0946189165115356, critic_loss: 0
recommendation_loss: 1.025174856185913, critic_loss: 0
recommendation_loss: 1.0832197666168213, critic_loss: 0
recommendation_loss: 1.1370030641555786, critic_loss: 0
recommendation_loss: 1.2210471630096436, critic_loss: 0
recommendation_loss: 1.201636791229248, critic_loss: 0
recommendation_loss: 1.0985746383666992, critic_loss: 0
recommendation_loss: 1.1507856845855713, critic_loss: 0
recommendation_loss: 1.074797511100769, critic_loss: 0
recommendation_loss: 1.125117540359497, critic_loss: 0
recommendation_loss: 1.1842544078826904, critic_loss: 0
recommendation_loss: 1.1138956546783447, critic_loss: 0
recommendation_loss: 1.198315978050232, critic_loss: 0
recommendation_loss: 1.1309093236923218, critic_loss: 0
recommendation_loss: 1.1163420677185059, critic_loss: 0
recommendation_loss: 1.1660106182098389, critic_loss: 0
recommendation_loss: 1.093572735786438, critic_loss: 0
recommendation_loss: 1.0767992734909058, critic_loss: 0
recommendation_loss: 1.087972640991211, critic_loss: 0
recommendation_loss: 1.1199531555175781, critic_loss: 0
recommendation_loss: 1.076857089996338, critic_loss: 0
recommendation_loss: 1.0847597122192383, critic_loss: 0
recommendation_loss: 1.1963560581207275, critic_loss: 0
recommendation_loss: 1.052182912826538, critic_loss: 0
recommendation_loss: 1.118971347808838, critic_loss: 0
recommendation_loss: 1.1320888996124268, critic_loss: 0
recommendation_loss: 1.1091625690460205, critic_loss: 0
recommendation_loss: 1.1468173265457153, critic_loss: 0
recommendation_loss: 1.044372797012329, critic_loss: 0
recommendation_loss: 1.032974123954773, critic_loss: 0
recommendation_loss: 1.1377747058868408, critic_loss: 0
recommendation_loss: 1.066575050354004, critic_loss: 0
recommendation_loss: 1.1365503072738647, critic_loss: 0
recommendation_loss: 1.1363918781280518, critic_loss: 0
recommendation_loss: 1.1390526294708252, critic_loss: 0
recommendation_loss: 1.1902248859405518, critic_loss: 0
recommendation_loss: 1.128684401512146, critic_loss: 0
recommendation_loss: 1.0559996366500854, critic_loss: 0
recommendation_loss: 1.1483005285263062, critic_loss: 0
recommendation_loss: 1.0897696018218994, critic_loss: 0
recommendation_loss: 1.1512236595153809, critic_loss: 0
recommendation_loss: 1.0918545722961426, critic_loss: 0
recommendation_loss: 1.1079363822937012, critic_loss: 0
recommendation_loss: 1.1181511878967285, critic_loss: 0
recommendation_loss: 1.082768440246582, critic_loss: 0
recommendation_loss: 1.1185128688812256, critic_loss: 0
recommendation_loss: 1.143902063369751, critic_loss: 0
recommendation_loss: 1.0172786712646484, critic_loss: 0
recommendation_loss: 1.2103676795959473, critic_loss: 0
recommendation_loss: 1.0569252967834473, critic_loss: 0
recommendation_loss: 1.0403906106948853, critic_loss: 0
recommendation_loss: 1.1330475807189941, critic_loss: 0
recommendation_loss: 1.046330451965332, critic_loss: 0
recommendation_loss: 1.0660169124603271, critic_loss: 0
recommendation_loss: 1.1515889167785645, critic_loss: 0
recommendation_loss: 1.1011319160461426, critic_loss: 0
recommendation_loss: 1.135051965713501, critic_loss: 0
recommendation_loss: 1.0868721008300781, critic_loss: 0
recommendation_loss: 1.1000289916992188, critic_loss: 0
recommendation_loss: 1.2134170532226562, critic_loss: 0
recommendation_loss: 1.0237377882003784, critic_loss: 0
recommendation_loss: 1.119275689125061, critic_loss: 0
recommendation_loss: 1.1002060174942017, critic_loss: 0
recommendation_loss: 1.1336228847503662, critic_loss: 0
recommendation_loss: 1.1224943399429321, critic_loss: 0
recommendation_loss: 1.0551366806030273, critic_loss: 0
recommendation_loss: 1.1258782148361206, critic_loss: 0
recommendation_loss: 1.0811004638671875, critic_loss: 0
recommendation_loss: 1.1010550260543823, critic_loss: 0
recommendation_loss: 1.044202446937561, critic_loss: 0
recommendation_loss: 1.1230460405349731, critic_loss: 0
recommendation_loss: 1.1359572410583496, critic_loss: 0
recommendation_loss: 1.1315908432006836, critic_loss: 0
recommendation_loss: 1.079957127571106, critic_loss: 0
recommendation_loss: 1.061692237854004, critic_loss: 0
recommendation_loss: 1.088977336883545, critic_loss: 0
recommendation_loss: 1.0992326736450195, critic_loss: 0
recommendation_loss: 1.0436714887619019, critic_loss: 0
recommendation_loss: 1.1336288452148438, critic_loss: 0
recommendation_loss: 1.1079041957855225, critic_loss: 0
recommendation_loss: 1.2046722173690796, critic_loss: 0
recommendation_loss: 1.0772342681884766, critic_loss: 0
recommendation_loss: 1.089592695236206, critic_loss: 0
recommendation_loss: 1.0624585151672363, critic_loss: 0
recommendation_loss: 1.1607916355133057, critic_loss: 0
recommendation_loss: 1.1953628063201904, critic_loss: 0
recommendation_loss: 1.1356267929077148, critic_loss: 0
recommendation_loss: 1.1023509502410889, critic_loss: 0
recommendation_loss: 1.1032543182373047, critic_loss: 0
recommendation_loss: 1.0557050704956055, critic_loss: 0
recommendation_loss: 1.0285069942474365, critic_loss: 0
recommendation_loss: 1.0331169366836548, critic_loss: 0
recommendation_loss: 1.1544349193572998, critic_loss: 0
recommendation_loss: 1.0883550643920898, critic_loss: 0
recommendation_loss: 1.1401013135910034, critic_loss: 0
recommendation_loss: 1.1254794597625732, critic_loss: 0
recommendation_loss: 1.1680407524108887, critic_loss: 0
recommendation_loss: 1.0971450805664062, critic_loss: 0
recommendation_loss: 1.0730812549591064, critic_loss: 0
recommendation_loss: 1.069664716720581, critic_loss: 0
recommendation_loss: 0.9938242435455322, critic_loss: 0
recommendation_loss: 1.0098779201507568, critic_loss: 0
recommendation_loss: 1.0929861068725586, critic_loss: 0
recommendation_loss: 1.1138097047805786, critic_loss: 0
recommendation_loss: 1.212065577507019, critic_loss: 0
recommendation_loss: 1.1210834980010986, critic_loss: 0
recommendation_loss: 1.0121192932128906, critic_loss: 0
recommendation_loss: 1.0970665216445923, critic_loss: 0
recommendation_loss: 1.0749763250350952, critic_loss: 0
recommendation_loss: 1.1885806322097778, critic_loss: 0
recommendation_loss: 1.0821400880813599, critic_loss: 0
recommendation_loss: 1.1062421798706055, critic_loss: 0
recommendation_loss: 1.0826644897460938, critic_loss: 0
recommendation_loss: 1.0985037088394165, critic_loss: 0
recommendation_loss: 1.0824439525604248, critic_loss: 0
recommendation_loss: 1.1780102252960205, critic_loss: 0
recommendation_loss: 1.0778347253799438, critic_loss: 0
recommendation_loss: 1.0211142301559448, critic_loss: 0
recommendation_loss: 1.1710342168807983, critic_loss: 0
recommendation_loss: 1.11663818359375, critic_loss: 0
recommendation_loss: 1.0515506267547607, critic_loss: 0
recommendation_loss: 1.1512668132781982, critic_loss: 0
recommendation_loss: 1.0648612976074219, critic_loss: 0
recommendation_loss: 1.0921896696090698, critic_loss: 0
recommendation_loss: 1.1312963962554932, critic_loss: 0
recommendation_loss: 1.139825463294983, critic_loss: 0
recommendation_loss: 1.0921651124954224, critic_loss: 0
recommendation_loss: 1.1143323183059692, critic_loss: 0
recommendation_loss: 1.0607197284698486, critic_loss: 0
recommendation_loss: 1.1209378242492676, critic_loss: 0
recommendation_loss: 1.121553659439087, critic_loss: 0
recommendation_loss: 1.1622172594070435, critic_loss: 0
recommendation_loss: 1.0568256378173828, critic_loss: 0
recommendation_loss: 1.0996711254119873, critic_loss: 0
recommendation_loss: 1.1313862800598145, critic_loss: 0
recommendation_loss: 1.0800968408584595, critic_loss: 0
recommendation_loss: 0.9913716316223145, critic_loss: 0
recommendation_loss: 1.0441007614135742, critic_loss: 0
recommendation_loss: 1.0804955959320068, critic_loss: 0
recommendation_loss: 1.0514872074127197, critic_loss: 0
recommendation_loss: 1.1386730670928955, critic_loss: 0
recommendation_loss: 1.098016619682312, critic_loss: 0
recommendation_loss: 1.1012908220291138, critic_loss: 0
recommendation_loss: 1.1154404878616333, critic_loss: 0
recommendation_loss: 1.139061450958252, critic_loss: 0
recommendation_loss: 1.141914963722229, critic_loss: 0
recommendation_loss: 1.054047703742981, critic_loss: 0
recommendation_loss: 1.067134141921997, critic_loss: 0
recommendation_loss: 1.2051734924316406, critic_loss: 0
recommendation_loss: 1.0477182865142822, critic_loss: 0
recommendation_loss: 1.0256925821304321, critic_loss: 0
recommendation_loss: 1.101008653640747, critic_loss: 0
recommendation_loss: 1.1258544921875, critic_loss: 0
recommendation_loss: 1.1354265213012695, critic_loss: 0
recommendation_loss: 1.1354289054870605, critic_loss: 0
recommendation_loss: 1.1074819564819336, critic_loss: 0
recommendation_loss: 1.1563104391098022, critic_loss: 0
recommendation_loss: 1.1147828102111816, critic_loss: 0
recommendation_loss: 1.1029784679412842, critic_loss: 0
recommendation_loss: 1.069442868232727, critic_loss: 0
recommendation_loss: 1.1065831184387207, critic_loss: 0
recommendation_loss: 1.1654231548309326, critic_loss: 0
recommendation_loss: 1.070275068283081, critic_loss: 0
recommendation_loss: 1.110282301902771, critic_loss: 0
recommendation_loss: 1.142380952835083, critic_loss: 0
recommendation_loss: 1.051011085510254, critic_loss: 0
recommendation_loss: 1.0605493783950806, critic_loss: 0
recommendation_loss: 1.224442958831787, critic_loss: 0
recommendation_loss: 1.2037746906280518, critic_loss: 0
recommendation_loss: 1.0870147943496704, critic_loss: 0
recommendation_loss: 1.1218416690826416, critic_loss: 0
recommendation_loss: 1.0685912370681763, critic_loss: 0
recommendation_loss: 1.0517752170562744, critic_loss: 0
recommendation_loss: 1.0781030654907227, critic_loss: 0
recommendation_loss: 1.203687071800232, critic_loss: 0
recommendation_loss: 1.0604913234710693, critic_loss: 0
recommendation_loss: 1.1410284042358398, critic_loss: 0
recommendation_loss: 1.1163747310638428, critic_loss: 0
recommendation_loss: 1.0970854759216309, critic_loss: 0
recommendation_loss: 1.0543506145477295, critic_loss: 0
recommendation_loss: 1.059988260269165, critic_loss: 0
recommendation_loss: 1.109843134880066, critic_loss: 0
recommendation_loss: 1.0914788246154785, critic_loss: 0
recommendation_loss: 1.174432396888733, critic_loss: 0
recommendation_loss: 1.089653491973877, critic_loss: 0
recommendation_loss: 1.0607550144195557, critic_loss: 0
recommendation_loss: 1.0632394552230835, critic_loss: 0
recommendation_loss: 1.0750633478164673, critic_loss: 0
recommendation_loss: 1.1139707565307617, critic_loss: 0
recommendation_loss: 1.1402497291564941, critic_loss: 0
recommendation_loss: 1.098509669303894, critic_loss: 0
recommendation_loss: 1.1414148807525635, critic_loss: 0
recommendation_loss: 1.1507469415664673, critic_loss: 0
recommendation_loss: 1.0026341676712036, critic_loss: 0
recommendation_loss: 1.0367763042449951, critic_loss: 0
recommendation_loss: 1.134705901145935, critic_loss: 0
recommendation_loss: 1.1523911952972412, critic_loss: 0
recommendation_loss: 1.1673909425735474, critic_loss: 0
recommendation_loss: 1.086236834526062, critic_loss: 0
recommendation_loss: 1.1281870603561401, critic_loss: 0
recommendation_loss: 1.0639410018920898, critic_loss: 0
recommendation_loss: 1.1107134819030762, critic_loss: 0
recommendation_loss: 1.1802685260772705, critic_loss: 0
2024-08-09 18:03:18.903781: step 8512/24320 (epoch 28/80), loss = 0.774648 (29.665 sec/epoch), lr: 0.001891
Evaluating on dev set...
...........................
source: 	 mrr: 0.032789	 ndcg_5: 0.0231	 ndcg_10: 0.0310	 hit@1:0.009413	 hit@5:0.0377	 hit@10: 0.0623
target: 	 mrr: 0.042846	 ndcg_5: 0.0348	 ndcg_10: 0.0445	 hit@1:0.016028	 hit@5:0.0537	 hit@10: 0.0843
epoch 28: train_loss = 0.774648, source_hit@10 = 0.0623, source_ndcg@10 = 0.0310, target_hit@10 = 0.0843, target_ndcg@10 = 0.0445

recommendation_loss: 1.0102332830429077, critic_loss: 0
recommendation_loss: 1.0949859619140625, critic_loss: 0
recommendation_loss: 1.0464081764221191, critic_loss: 0
recommendation_loss: 1.0792765617370605, critic_loss: 0
recommendation_loss: 1.1163593530654907, critic_loss: 0
recommendation_loss: 1.1010009050369263, critic_loss: 0
recommendation_loss: 1.090757966041565, critic_loss: 0
recommendation_loss: 1.1557164192199707, critic_loss: 0
recommendation_loss: 1.0921905040740967, critic_loss: 0
recommendation_loss: 1.12559175491333, critic_loss: 0
recommendation_loss: 1.1487534046173096, critic_loss: 0
recommendation_loss: 1.0238994359970093, critic_loss: 0
recommendation_loss: 1.0988185405731201, critic_loss: 0
recommendation_loss: 1.1347153186798096, critic_loss: 0
recommendation_loss: 1.153599500656128, critic_loss: 0
recommendation_loss: 1.1242024898529053, critic_loss: 0
recommendation_loss: 1.0544700622558594, critic_loss: 0
recommendation_loss: 1.1056036949157715, critic_loss: 0
recommendation_loss: 1.073240041732788, critic_loss: 0
recommendation_loss: 1.057366132736206, critic_loss: 0
recommendation_loss: 1.035359501838684, critic_loss: 0
recommendation_loss: 1.0576612949371338, critic_loss: 0
recommendation_loss: 1.124328851699829, critic_loss: 0
recommendation_loss: 1.129611849784851, critic_loss: 0
recommendation_loss: 1.20379638671875, critic_loss: 0
recommendation_loss: 1.0382463932037354, critic_loss: 0
recommendation_loss: 1.1144824028015137, critic_loss: 0
recommendation_loss: 1.0999667644500732, critic_loss: 0
recommendation_loss: 1.000762939453125, critic_loss: 0
recommendation_loss: 1.1279621124267578, critic_loss: 0
recommendation_loss: 1.1484071016311646, critic_loss: 0
recommendation_loss: 1.106999397277832, critic_loss: 0
recommendation_loss: 1.0903213024139404, critic_loss: 0
recommendation_loss: 1.0723717212677002, critic_loss: 0
recommendation_loss: 1.2035183906555176, critic_loss: 0
recommendation_loss: 1.1226520538330078, critic_loss: 0
recommendation_loss: 1.1282838582992554, critic_loss: 0
recommendation_loss: 1.067704200744629, critic_loss: 0
recommendation_loss: 1.0977814197540283, critic_loss: 0
recommendation_loss: 1.0875165462493896, critic_loss: 0
recommendation_loss: 1.0583008527755737, critic_loss: 0
recommendation_loss: 1.0486884117126465, critic_loss: 0
recommendation_loss: 1.0183334350585938, critic_loss: 0
recommendation_loss: 1.0148205757141113, critic_loss: 0
recommendation_loss: 1.0839767456054688, critic_loss: 0
recommendation_loss: 1.0987061262130737, critic_loss: 0
recommendation_loss: 1.1600157022476196, critic_loss: 0
recommendation_loss: 1.1220680475234985, critic_loss: 0
recommendation_loss: 1.0654771327972412, critic_loss: 0
recommendation_loss: 1.0696487426757812, critic_loss: 0
recommendation_loss: 1.101133108139038, critic_loss: 0
recommendation_loss: 1.080116629600525, critic_loss: 0
recommendation_loss: 1.0626790523529053, critic_loss: 0
recommendation_loss: 1.0361762046813965, critic_loss: 0
recommendation_loss: 1.0734539031982422, critic_loss: 0
recommendation_loss: 1.0578889846801758, critic_loss: 0
recommendation_loss: 1.0823814868927002, critic_loss: 0
recommendation_loss: 1.0727200508117676, critic_loss: 0
recommendation_loss: 0.9849621057510376, critic_loss: 0
recommendation_loss: 1.1306648254394531, critic_loss: 0
recommendation_loss: 1.098816156387329, critic_loss: 0
recommendation_loss: 1.1614558696746826, critic_loss: 0
recommendation_loss: 1.0936050415039062, critic_loss: 0
recommendation_loss: 1.0613090991973877, critic_loss: 0
recommendation_loss: 1.0843889713287354, critic_loss: 0
recommendation_loss: 1.0536123514175415, critic_loss: 0
recommendation_loss: 1.059373140335083, critic_loss: 0
recommendation_loss: 1.1279603242874146, critic_loss: 0
recommendation_loss: 1.0983713865280151, critic_loss: 0
recommendation_loss: 1.155310869216919, critic_loss: 0
recommendation_loss: 1.049262523651123, critic_loss: 0
recommendation_loss: 1.065486192703247, critic_loss: 0
recommendation_loss: 1.036112666130066, critic_loss: 0
recommendation_loss: 1.056195855140686, critic_loss: 0
recommendation_loss: 1.06863272190094, critic_loss: 0
recommendation_loss: 1.0716168880462646, critic_loss: 0
recommendation_loss: 1.0596613883972168, critic_loss: 0
recommendation_loss: 1.0915749073028564, critic_loss: 0
recommendation_loss: 1.0963813066482544, critic_loss: 0
recommendation_loss: 0.9767892956733704, critic_loss: 0
recommendation_loss: 0.9865975379943848, critic_loss: 0
recommendation_loss: 1.1504275798797607, critic_loss: 0
recommendation_loss: 1.0890781879425049, critic_loss: 0
recommendation_loss: 1.0929713249206543, critic_loss: 0
recommendation_loss: 1.1761959791183472, critic_loss: 0
recommendation_loss: 1.1639026403427124, critic_loss: 0
recommendation_loss: 1.0999215841293335, critic_loss: 0
recommendation_loss: 1.001325249671936, critic_loss: 0
recommendation_loss: 1.190070390701294, critic_loss: 0
recommendation_loss: 1.0971375703811646, critic_loss: 0
recommendation_loss: 1.1613484621047974, critic_loss: 0
recommendation_loss: 1.0855298042297363, critic_loss: 0
recommendation_loss: 1.132837176322937, critic_loss: 0
recommendation_loss: 1.0964014530181885, critic_loss: 0
recommendation_loss: 1.1313610076904297, critic_loss: 0
recommendation_loss: 1.099096655845642, critic_loss: 0
recommendation_loss: 1.182621717453003, critic_loss: 0
recommendation_loss: 1.234257459640503, critic_loss: 0
recommendation_loss: 1.1112734079360962, critic_loss: 0
recommendation_loss: 1.143127679824829, critic_loss: 0
recommendation_loss: 1.1737384796142578, critic_loss: 0
recommendation_loss: 1.0946922302246094, critic_loss: 0
recommendation_loss: 1.170975685119629, critic_loss: 0
recommendation_loss: 1.1035410165786743, critic_loss: 0
recommendation_loss: 1.1396723985671997, critic_loss: 0
recommendation_loss: 1.166388988494873, critic_loss: 0
recommendation_loss: 1.1503344774246216, critic_loss: 0
recommendation_loss: 1.1639585494995117, critic_loss: 0
recommendation_loss: 1.1044079065322876, critic_loss: 0
recommendation_loss: 1.0972716808319092, critic_loss: 0
recommendation_loss: 1.1824774742126465, critic_loss: 0
recommendation_loss: 1.186751127243042, critic_loss: 0
recommendation_loss: 1.0868189334869385, critic_loss: 0
recommendation_loss: 1.156591534614563, critic_loss: 0
recommendation_loss: 1.1985472440719604, critic_loss: 0
recommendation_loss: 1.0647834539413452, critic_loss: 0
recommendation_loss: 1.0922813415527344, critic_loss: 0
recommendation_loss: 1.130885362625122, critic_loss: 0
recommendation_loss: 1.078618049621582, critic_loss: 0
recommendation_loss: 1.0912888050079346, critic_loss: 0
recommendation_loss: 1.1877238750457764, critic_loss: 0
recommendation_loss: 1.077441692352295, critic_loss: 0
recommendation_loss: 1.1803205013275146, critic_loss: 0
recommendation_loss: 1.12747323513031, critic_loss: 0
recommendation_loss: 1.1316211223602295, critic_loss: 0
recommendation_loss: 1.1302796602249146, critic_loss: 0
recommendation_loss: 1.0881749391555786, critic_loss: 0
recommendation_loss: 1.0836840867996216, critic_loss: 0
recommendation_loss: 1.1286227703094482, critic_loss: 0
recommendation_loss: 1.125677466392517, critic_loss: 0
recommendation_loss: 1.093589425086975, critic_loss: 0
recommendation_loss: 1.1483311653137207, critic_loss: 0
recommendation_loss: 1.0494425296783447, critic_loss: 0
recommendation_loss: 1.0802407264709473, critic_loss: 0
recommendation_loss: 1.1100574731826782, critic_loss: 0
recommendation_loss: 1.052770733833313, critic_loss: 0
recommendation_loss: 1.1212812662124634, critic_loss: 0
recommendation_loss: 1.0985157489776611, critic_loss: 0
recommendation_loss: 1.0806612968444824, critic_loss: 0
recommendation_loss: 1.0978254079818726, critic_loss: 0
recommendation_loss: 1.0397489070892334, critic_loss: 0
recommendation_loss: 1.105262279510498, critic_loss: 0
recommendation_loss: 1.0487592220306396, critic_loss: 0
recommendation_loss: 1.0321083068847656, critic_loss: 0
recommendation_loss: 1.1252272129058838, critic_loss: 0
recommendation_loss: 1.0485844612121582, critic_loss: 0
recommendation_loss: 1.1421008110046387, critic_loss: 0
recommendation_loss: 1.0350592136383057, critic_loss: 0
recommendation_loss: 0.9793180227279663, critic_loss: 0
recommendation_loss: 1.1207735538482666, critic_loss: 0
recommendation_loss: 1.1070080995559692, critic_loss: 0
recommendation_loss: 1.1255321502685547, critic_loss: 0
recommendation_loss: 1.1256253719329834, critic_loss: 0
recommendation_loss: 0.9843025207519531, critic_loss: 0
recommendation_loss: 1.1012214422225952, critic_loss: 0
recommendation_loss: 1.1294450759887695, critic_loss: 0
recommendation_loss: 0.9968758821487427, critic_loss: 0
recommendation_loss: 1.1073660850524902, critic_loss: 0
recommendation_loss: 1.038678526878357, critic_loss: 0
recommendation_loss: 0.9683823585510254, critic_loss: 0
recommendation_loss: 1.085607886314392, critic_loss: 0
recommendation_loss: 1.0975887775421143, critic_loss: 0
recommendation_loss: 1.1082031726837158, critic_loss: 0
recommendation_loss: 0.9884281754493713, critic_loss: 0
recommendation_loss: 1.097049355506897, critic_loss: 0
recommendation_loss: 1.099928855895996, critic_loss: 0
recommendation_loss: 1.0049059391021729, critic_loss: 0
recommendation_loss: 1.0174586772918701, critic_loss: 0
recommendation_loss: 1.127958059310913, critic_loss: 0
recommendation_loss: 1.0770542621612549, critic_loss: 0
recommendation_loss: 1.0380544662475586, critic_loss: 0
recommendation_loss: 1.0905461311340332, critic_loss: 0
recommendation_loss: 1.0654176473617554, critic_loss: 0
recommendation_loss: 1.1166102886199951, critic_loss: 0
recommendation_loss: 1.0646923780441284, critic_loss: 0
recommendation_loss: 1.11549973487854, critic_loss: 0
recommendation_loss: 1.1852047443389893, critic_loss: 0
recommendation_loss: 1.066727876663208, critic_loss: 0
recommendation_loss: 1.1761016845703125, critic_loss: 0
recommendation_loss: 1.1012276411056519, critic_loss: 0
recommendation_loss: 1.1702880859375, critic_loss: 0
recommendation_loss: 1.174218773841858, critic_loss: 0
recommendation_loss: 1.0947227478027344, critic_loss: 0
recommendation_loss: 1.0390006303787231, critic_loss: 0
recommendation_loss: 1.1465431451797485, critic_loss: 0
recommendation_loss: 1.096537470817566, critic_loss: 0
recommendation_loss: 1.0824891328811646, critic_loss: 0
recommendation_loss: 1.1575744152069092, critic_loss: 0
recommendation_loss: 1.091407060623169, critic_loss: 0
recommendation_loss: 1.1698249578475952, critic_loss: 0
recommendation_loss: 1.0653367042541504, critic_loss: 0
recommendation_loss: 1.0908839702606201, critic_loss: 0
recommendation_loss: 1.0721172094345093, critic_loss: 0
recommendation_loss: 1.0711190700531006, critic_loss: 0
recommendation_loss: 1.1041367053985596, critic_loss: 0
recommendation_loss: 1.115155816078186, critic_loss: 0
recommendation_loss: 1.0868184566497803, critic_loss: 0
recommendation_loss: 1.079687237739563, critic_loss: 0
recommendation_loss: 1.1770637035369873, critic_loss: 0
recommendation_loss: 1.0693027973175049, critic_loss: 0
recommendation_loss: 1.108817219734192, critic_loss: 0
recommendation_loss: 1.0966119766235352, critic_loss: 0
recommendation_loss: 1.128138542175293, critic_loss: 0
recommendation_loss: 1.0373852252960205, critic_loss: 0
recommendation_loss: 1.1087347269058228, critic_loss: 0
recommendation_loss: 1.14499831199646, critic_loss: 0
recommendation_loss: 1.0934491157531738, critic_loss: 0
recommendation_loss: 1.0784080028533936, critic_loss: 0
recommendation_loss: 1.0308586359024048, critic_loss: 0
recommendation_loss: 1.102041482925415, critic_loss: 0
recommendation_loss: 1.1233010292053223, critic_loss: 0
recommendation_loss: 1.1532810926437378, critic_loss: 0
recommendation_loss: 1.0813522338867188, critic_loss: 0
recommendation_loss: 1.0411922931671143, critic_loss: 0
recommendation_loss: 0.9921334385871887, critic_loss: 0
recommendation_loss: 1.1546827554702759, critic_loss: 0
recommendation_loss: 1.1276798248291016, critic_loss: 0
recommendation_loss: 1.0768800973892212, critic_loss: 0
recommendation_loss: 1.0775213241577148, critic_loss: 0
recommendation_loss: 1.0489946603775024, critic_loss: 0
recommendation_loss: 1.1455812454223633, critic_loss: 0
recommendation_loss: 1.0784552097320557, critic_loss: 0
recommendation_loss: 1.087347149848938, critic_loss: 0
recommendation_loss: 1.0414801836013794, critic_loss: 0
recommendation_loss: 1.165471076965332, critic_loss: 0
recommendation_loss: 1.1040350198745728, critic_loss: 0
recommendation_loss: 1.117719292640686, critic_loss: 0
recommendation_loss: 1.167027473449707, critic_loss: 0
recommendation_loss: 1.1112713813781738, critic_loss: 0
recommendation_loss: 1.0535249710083008, critic_loss: 0
recommendation_loss: 1.114135503768921, critic_loss: 0
recommendation_loss: 1.124414086341858, critic_loss: 0
recommendation_loss: 1.136361002922058, critic_loss: 0
recommendation_loss: 1.089650273323059, critic_loss: 0
recommendation_loss: 1.1533658504486084, critic_loss: 0
recommendation_loss: 1.0833361148834229, critic_loss: 0
recommendation_loss: 1.096864938735962, critic_loss: 0
recommendation_loss: 0.999146044254303, critic_loss: 0
recommendation_loss: 0.9934504628181458, critic_loss: 0
recommendation_loss: 0.9397803544998169, critic_loss: 0
recommendation_loss: 1.053531527519226, critic_loss: 0
recommendation_loss: 1.104615330696106, critic_loss: 0
recommendation_loss: 1.069383144378662, critic_loss: 0
recommendation_loss: 0.9868360161781311, critic_loss: 0
recommendation_loss: 1.084082841873169, critic_loss: 0
recommendation_loss: 1.1479662656784058, critic_loss: 0
recommendation_loss: 1.1470086574554443, critic_loss: 0
recommendation_loss: 1.0793207883834839, critic_loss: 0
recommendation_loss: 1.046842098236084, critic_loss: 0
recommendation_loss: 1.0936164855957031, critic_loss: 0
recommendation_loss: 1.0703943967819214, critic_loss: 0
recommendation_loss: 1.0122250318527222, critic_loss: 0
recommendation_loss: 1.2368137836456299, critic_loss: 0
recommendation_loss: 1.1688320636749268, critic_loss: 0
recommendation_loss: 1.0828830003738403, critic_loss: 0
recommendation_loss: 1.0737439393997192, critic_loss: 0
recommendation_loss: 1.0805294513702393, critic_loss: 0
recommendation_loss: 1.0261558294296265, critic_loss: 0
recommendation_loss: 1.1293617486953735, critic_loss: 0
recommendation_loss: 1.0669323205947876, critic_loss: 0
recommendation_loss: 1.1541171073913574, critic_loss: 0
recommendation_loss: 1.0903774499893188, critic_loss: 0
recommendation_loss: 1.10450279712677, critic_loss: 0
recommendation_loss: 1.0296448469161987, critic_loss: 0
recommendation_loss: 1.1801939010620117, critic_loss: 0
recommendation_loss: 1.0738656520843506, critic_loss: 0
recommendation_loss: 1.0837006568908691, critic_loss: 0
recommendation_loss: 1.092596173286438, critic_loss: 0
recommendation_loss: 1.1669392585754395, critic_loss: 0
recommendation_loss: 1.155846357345581, critic_loss: 0
recommendation_loss: 1.1407575607299805, critic_loss: 0
recommendation_loss: 1.1477248668670654, critic_loss: 0
recommendation_loss: 1.086484432220459, critic_loss: 0
recommendation_loss: 1.1334688663482666, critic_loss: 0
recommendation_loss: 1.0834659337997437, critic_loss: 0
recommendation_loss: 1.1001514196395874, critic_loss: 0
recommendation_loss: 1.137727975845337, critic_loss: 0
recommendation_loss: 1.1408740282058716, critic_loss: 0
recommendation_loss: 1.1427905559539795, critic_loss: 0
recommendation_loss: 1.1032360792160034, critic_loss: 0
recommendation_loss: 1.0740764141082764, critic_loss: 0
recommendation_loss: 1.048079252243042, critic_loss: 0
recommendation_loss: 1.1298460960388184, critic_loss: 0
recommendation_loss: 1.103322148323059, critic_loss: 0
recommendation_loss: 1.1610450744628906, critic_loss: 0
recommendation_loss: 1.0802016258239746, critic_loss: 0
recommendation_loss: 1.1236162185668945, critic_loss: 0
recommendation_loss: 1.0836459398269653, critic_loss: 0
recommendation_loss: 1.0395338535308838, critic_loss: 0
recommendation_loss: 1.1001156568527222, critic_loss: 0
recommendation_loss: 1.120242714881897, critic_loss: 0
recommendation_loss: 1.042387843132019, critic_loss: 0
recommendation_loss: 0.997134804725647, critic_loss: 0
recommendation_loss: 1.0500025749206543, critic_loss: 0
recommendation_loss: 1.0324504375457764, critic_loss: 0
recommendation_loss: 1.055884838104248, critic_loss: 0
recommendation_loss: 1.113776683807373, critic_loss: 0
recommendation_loss: 1.0973973274230957, critic_loss: 0
recommendation_loss: 1.105210304260254, critic_loss: 0
recommendation_loss: 1.0864033699035645, critic_loss: 0
recommendation_loss: 1.1228716373443604, critic_loss: 0
recommendation_loss: 1.0767443180084229, critic_loss: 0
recommendation_loss: 1.094349980354309, critic_loss: 0
recommendation_loss: 1.0965602397918701, critic_loss: 0
2024-08-09 18:03:49.360596: step 8816/24320 (epoch 29/80), loss = 0.767190 (30.114 sec/epoch), lr: 0.001796
Evaluating on dev set...
...........................
source: 	 mrr: 0.039245	 ndcg_5: 0.0294	 ndcg_10: 0.0419	 hit@1:0.007965	 hit@5:0.0514	 hit@10: 0.0905
target: 	 mrr: 0.052904	 ndcg_5: 0.0438	 ndcg_10: 0.0565	 hit@1:0.023693	 hit@5:0.0648	 hit@10: 0.1045
epoch 29: train_loss = 0.767190, source_hit@10 = 0.0905, source_ndcg@10 = 0.0419, target_hit@10 = 0.1045, target_ndcg@10 = 0.0565

recommendation_loss: 1.0979608297348022, critic_loss: 0
recommendation_loss: 1.0926599502563477, critic_loss: 0
recommendation_loss: 1.0410767793655396, critic_loss: 0
recommendation_loss: 0.9978229999542236, critic_loss: 0
recommendation_loss: 1.1421841382980347, critic_loss: 0
recommendation_loss: 1.068293571472168, critic_loss: 0
recommendation_loss: 1.0318119525909424, critic_loss: 0
recommendation_loss: 1.083092451095581, critic_loss: 0
recommendation_loss: 1.0939425230026245, critic_loss: 0
recommendation_loss: 0.9862109422683716, critic_loss: 0
recommendation_loss: 1.0575141906738281, critic_loss: 0
recommendation_loss: 1.0832679271697998, critic_loss: 0
recommendation_loss: 1.069480299949646, critic_loss: 0
recommendation_loss: 1.124096393585205, critic_loss: 0
recommendation_loss: 1.1966607570648193, critic_loss: 0
recommendation_loss: 1.0454962253570557, critic_loss: 0
recommendation_loss: 1.0627593994140625, critic_loss: 0
recommendation_loss: 1.0844507217407227, critic_loss: 0
recommendation_loss: 1.065413236618042, critic_loss: 0
recommendation_loss: 1.0363421440124512, critic_loss: 0
recommendation_loss: 1.0245968103408813, critic_loss: 0
recommendation_loss: 1.0982990264892578, critic_loss: 0
recommendation_loss: 1.1048583984375, critic_loss: 0
recommendation_loss: 1.1185909509658813, critic_loss: 0
recommendation_loss: 1.0288581848144531, critic_loss: 0
recommendation_loss: 1.083634614944458, critic_loss: 0
recommendation_loss: 1.1077325344085693, critic_loss: 0
recommendation_loss: 1.095970869064331, critic_loss: 0
recommendation_loss: 1.0985348224639893, critic_loss: 0
recommendation_loss: 1.121301293373108, critic_loss: 0
recommendation_loss: 1.0773074626922607, critic_loss: 0
recommendation_loss: 1.0956974029541016, critic_loss: 0
recommendation_loss: 1.0976369380950928, critic_loss: 0
recommendation_loss: 1.116763710975647, critic_loss: 0
recommendation_loss: 1.0356132984161377, critic_loss: 0
recommendation_loss: 1.0341308116912842, critic_loss: 0
recommendation_loss: 1.092402458190918, critic_loss: 0
recommendation_loss: 1.0658951997756958, critic_loss: 0
recommendation_loss: 1.062462329864502, critic_loss: 0
recommendation_loss: 1.0139257907867432, critic_loss: 0
recommendation_loss: 1.0703362226486206, critic_loss: 0
recommendation_loss: 1.0882914066314697, critic_loss: 0
recommendation_loss: 1.048244833946228, critic_loss: 0
recommendation_loss: 1.0217020511627197, critic_loss: 0
recommendation_loss: 1.0846104621887207, critic_loss: 0
recommendation_loss: 1.064462423324585, critic_loss: 0
recommendation_loss: 1.1006407737731934, critic_loss: 0
recommendation_loss: 1.102202296257019, critic_loss: 0
recommendation_loss: 1.0507309436798096, critic_loss: 0
recommendation_loss: 1.1190383434295654, critic_loss: 0
recommendation_loss: 1.179389238357544, critic_loss: 0
recommendation_loss: 1.0495035648345947, critic_loss: 0
recommendation_loss: 0.9727169275283813, critic_loss: 0
recommendation_loss: 1.0341378450393677, critic_loss: 0
recommendation_loss: 1.0523059368133545, critic_loss: 0
recommendation_loss: 1.1105879545211792, critic_loss: 0
recommendation_loss: 1.0465112924575806, critic_loss: 0
recommendation_loss: 1.1071518659591675, critic_loss: 0
recommendation_loss: 1.1067403554916382, critic_loss: 0
recommendation_loss: 1.1296508312225342, critic_loss: 0
recommendation_loss: 1.1463370323181152, critic_loss: 0
recommendation_loss: 1.1186296939849854, critic_loss: 0
recommendation_loss: 1.1388039588928223, critic_loss: 0
recommendation_loss: 1.1445000171661377, critic_loss: 0
recommendation_loss: 1.0804460048675537, critic_loss: 0
recommendation_loss: 0.9509555101394653, critic_loss: 0
recommendation_loss: 1.1160145998001099, critic_loss: 0
recommendation_loss: 1.0642540454864502, critic_loss: 0
recommendation_loss: 1.0755434036254883, critic_loss: 0
recommendation_loss: 1.0726282596588135, critic_loss: 0
recommendation_loss: 1.0257766246795654, critic_loss: 0
recommendation_loss: 1.0365898609161377, critic_loss: 0
recommendation_loss: 1.0764285326004028, critic_loss: 0
recommendation_loss: 1.0279996395111084, critic_loss: 0
recommendation_loss: 1.1172925233840942, critic_loss: 0
recommendation_loss: 1.1363433599472046, critic_loss: 0
recommendation_loss: 1.1460145711898804, critic_loss: 0
recommendation_loss: 1.1335649490356445, critic_loss: 0
recommendation_loss: 1.0190038681030273, critic_loss: 0
recommendation_loss: 1.1152890920639038, critic_loss: 0
recommendation_loss: 1.1110128164291382, critic_loss: 0
recommendation_loss: 1.1093406677246094, critic_loss: 0
recommendation_loss: 0.9793492555618286, critic_loss: 0
recommendation_loss: 1.11294424533844, critic_loss: 0
recommendation_loss: 1.0063527822494507, critic_loss: 0
recommendation_loss: 1.1252062320709229, critic_loss: 0
recommendation_loss: 1.110435962677002, critic_loss: 0
recommendation_loss: 1.0338623523712158, critic_loss: 0
recommendation_loss: 1.0580718517303467, critic_loss: 0
recommendation_loss: 1.1051034927368164, critic_loss: 0
recommendation_loss: 1.0649244785308838, critic_loss: 0
recommendation_loss: 1.074842095375061, critic_loss: 0
recommendation_loss: 1.0569078922271729, critic_loss: 0
recommendation_loss: 1.0633370876312256, critic_loss: 0
recommendation_loss: 1.120041847229004, critic_loss: 0
recommendation_loss: 1.122344732284546, critic_loss: 0
recommendation_loss: 1.1826931238174438, critic_loss: 0
recommendation_loss: 1.06764554977417, critic_loss: 0
recommendation_loss: 1.054185152053833, critic_loss: 0
recommendation_loss: 1.0618846416473389, critic_loss: 0
recommendation_loss: 1.1500022411346436, critic_loss: 0
recommendation_loss: 1.1460018157958984, critic_loss: 0
recommendation_loss: 1.0711873769760132, critic_loss: 0
recommendation_loss: 1.1137213706970215, critic_loss: 0
recommendation_loss: 1.135550618171692, critic_loss: 0
recommendation_loss: 1.1351425647735596, critic_loss: 0
recommendation_loss: 1.2311198711395264, critic_loss: 0
recommendation_loss: 1.0942493677139282, critic_loss: 0
recommendation_loss: 1.1153461933135986, critic_loss: 0
recommendation_loss: 1.1219141483306885, critic_loss: 0
recommendation_loss: 1.1873688697814941, critic_loss: 0
recommendation_loss: 1.1697951555252075, critic_loss: 0
recommendation_loss: 1.12246835231781, critic_loss: 0
recommendation_loss: 1.0581721067428589, critic_loss: 0
recommendation_loss: 1.0807400941848755, critic_loss: 0
recommendation_loss: 1.0668928623199463, critic_loss: 0
recommendation_loss: 1.1074599027633667, critic_loss: 0
recommendation_loss: 1.1372849941253662, critic_loss: 0
recommendation_loss: 0.9892229437828064, critic_loss: 0
recommendation_loss: 1.2088780403137207, critic_loss: 0
recommendation_loss: 0.9925205707550049, critic_loss: 0
recommendation_loss: 1.0226185321807861, critic_loss: 0
recommendation_loss: 1.1995609998703003, critic_loss: 0
recommendation_loss: 1.1837990283966064, critic_loss: 0
recommendation_loss: 1.0111489295959473, critic_loss: 0
recommendation_loss: 1.0594578981399536, critic_loss: 0
recommendation_loss: 1.0747145414352417, critic_loss: 0
recommendation_loss: 1.1311630010604858, critic_loss: 0
recommendation_loss: 1.0419095754623413, critic_loss: 0
recommendation_loss: 1.133290410041809, critic_loss: 0
recommendation_loss: 1.2306585311889648, critic_loss: 0
recommendation_loss: 1.1480556726455688, critic_loss: 0
recommendation_loss: 1.0470733642578125, critic_loss: 0
recommendation_loss: 1.0796583890914917, critic_loss: 0
recommendation_loss: 1.1972332000732422, critic_loss: 0
recommendation_loss: 1.080236554145813, critic_loss: 0
recommendation_loss: 1.1195838451385498, critic_loss: 0
recommendation_loss: 1.1200618743896484, critic_loss: 0
recommendation_loss: 1.1796584129333496, critic_loss: 0
recommendation_loss: 1.0486541986465454, critic_loss: 0
recommendation_loss: 1.0520814657211304, critic_loss: 0
recommendation_loss: 1.1724960803985596, critic_loss: 0
recommendation_loss: 1.1067261695861816, critic_loss: 0
recommendation_loss: 1.011941909790039, critic_loss: 0
recommendation_loss: 1.0870282649993896, critic_loss: 0
recommendation_loss: 1.058802843093872, critic_loss: 0
recommendation_loss: 1.1449590921401978, critic_loss: 0
recommendation_loss: 1.0299054384231567, critic_loss: 0
recommendation_loss: 1.064975380897522, critic_loss: 0
recommendation_loss: 0.9967551231384277, critic_loss: 0
recommendation_loss: 1.1009018421173096, critic_loss: 0
recommendation_loss: 1.0678737163543701, critic_loss: 0
recommendation_loss: 1.135945200920105, critic_loss: 0
recommendation_loss: 1.1031981706619263, critic_loss: 0
recommendation_loss: 1.0590825080871582, critic_loss: 0
recommendation_loss: 1.1014118194580078, critic_loss: 0
recommendation_loss: 1.0097527503967285, critic_loss: 0
recommendation_loss: 1.1008453369140625, critic_loss: 0
recommendation_loss: 1.0366584062576294, critic_loss: 0
recommendation_loss: 1.097276210784912, critic_loss: 0
recommendation_loss: 1.1014389991760254, critic_loss: 0
recommendation_loss: 1.0578949451446533, critic_loss: 0
recommendation_loss: 1.106110692024231, critic_loss: 0
recommendation_loss: 1.1454291343688965, critic_loss: 0
recommendation_loss: 1.110194206237793, critic_loss: 0
recommendation_loss: 1.1906123161315918, critic_loss: 0
recommendation_loss: 1.050304651260376, critic_loss: 0
recommendation_loss: 1.0748387575149536, critic_loss: 0
recommendation_loss: 1.0357871055603027, critic_loss: 0
recommendation_loss: 1.1167486906051636, critic_loss: 0
recommendation_loss: 1.0604976415634155, critic_loss: 0
recommendation_loss: 1.0382122993469238, critic_loss: 0
recommendation_loss: 1.1015576124191284, critic_loss: 0
recommendation_loss: 1.0188117027282715, critic_loss: 0
recommendation_loss: 1.1303677558898926, critic_loss: 0
recommendation_loss: 1.1544897556304932, critic_loss: 0
recommendation_loss: 1.0724384784698486, critic_loss: 0
recommendation_loss: 1.0278875827789307, critic_loss: 0
recommendation_loss: 1.0538591146469116, critic_loss: 0
recommendation_loss: 1.0929473638534546, critic_loss: 0
recommendation_loss: 1.1200602054595947, critic_loss: 0
recommendation_loss: 1.0951502323150635, critic_loss: 0
recommendation_loss: 1.028537392616272, critic_loss: 0
recommendation_loss: 1.1154636144638062, critic_loss: 0
recommendation_loss: 1.1094286441802979, critic_loss: 0
recommendation_loss: 1.1301336288452148, critic_loss: 0
recommendation_loss: 1.102087378501892, critic_loss: 0
recommendation_loss: 1.0844498872756958, critic_loss: 0
recommendation_loss: 1.0963222980499268, critic_loss: 0
recommendation_loss: 1.1069824695587158, critic_loss: 0
recommendation_loss: 1.134570837020874, critic_loss: 0
recommendation_loss: 1.125281572341919, critic_loss: 0
recommendation_loss: 1.102293610572815, critic_loss: 0
recommendation_loss: 1.0979506969451904, critic_loss: 0
recommendation_loss: 1.0852149724960327, critic_loss: 0
recommendation_loss: 1.0790796279907227, critic_loss: 0
recommendation_loss: 1.1249271631240845, critic_loss: 0
recommendation_loss: 1.1280356645584106, critic_loss: 0
recommendation_loss: 1.083133339881897, critic_loss: 0
recommendation_loss: 1.120691180229187, critic_loss: 0
recommendation_loss: 1.0687716007232666, critic_loss: 0
recommendation_loss: 1.157812476158142, critic_loss: 0
recommendation_loss: 1.0935410261154175, critic_loss: 0
recommendation_loss: 1.071083426475525, critic_loss: 0
recommendation_loss: 1.0752086639404297, critic_loss: 0
recommendation_loss: 1.1150237321853638, critic_loss: 0
recommendation_loss: 1.0676908493041992, critic_loss: 0
recommendation_loss: 1.144249439239502, critic_loss: 0
recommendation_loss: 1.0885472297668457, critic_loss: 0
recommendation_loss: 1.114511489868164, critic_loss: 0
recommendation_loss: 1.0947237014770508, critic_loss: 0
recommendation_loss: 1.0388448238372803, critic_loss: 0
recommendation_loss: 1.039603590965271, critic_loss: 0
recommendation_loss: 1.0643917322158813, critic_loss: 0
recommendation_loss: 1.0921378135681152, critic_loss: 0
recommendation_loss: 1.1546016931533813, critic_loss: 0
recommendation_loss: 1.0411734580993652, critic_loss: 0
recommendation_loss: 0.9837074279785156, critic_loss: 0
recommendation_loss: 1.0183937549591064, critic_loss: 0
recommendation_loss: 1.0595463514328003, critic_loss: 0
recommendation_loss: 1.1421831846237183, critic_loss: 0
recommendation_loss: 1.0709694623947144, critic_loss: 0
recommendation_loss: 0.9621570110321045, critic_loss: 0
recommendation_loss: 1.1277737617492676, critic_loss: 0
recommendation_loss: 1.064131736755371, critic_loss: 0
recommendation_loss: 1.11826491355896, critic_loss: 0
recommendation_loss: 1.1386889219284058, critic_loss: 0
recommendation_loss: 1.1503527164459229, critic_loss: 0
recommendation_loss: 1.1774234771728516, critic_loss: 0
recommendation_loss: 1.0560702085494995, critic_loss: 0
recommendation_loss: 1.117356300354004, critic_loss: 0
recommendation_loss: 1.1826592683792114, critic_loss: 0
recommendation_loss: 1.0153441429138184, critic_loss: 0
recommendation_loss: 1.1693027019500732, critic_loss: 0
recommendation_loss: 1.0795458555221558, critic_loss: 0
recommendation_loss: 1.0920153856277466, critic_loss: 0
recommendation_loss: 1.152017593383789, critic_loss: 0
recommendation_loss: 1.1333978176116943, critic_loss: 0
recommendation_loss: 1.0467089414596558, critic_loss: 0
recommendation_loss: 1.027978777885437, critic_loss: 0
recommendation_loss: 1.0953766107559204, critic_loss: 0
recommendation_loss: 1.027421236038208, critic_loss: 0
recommendation_loss: 1.0424997806549072, critic_loss: 0
recommendation_loss: 1.133813500404358, critic_loss: 0
recommendation_loss: 1.1186795234680176, critic_loss: 0
recommendation_loss: 1.0775020122528076, critic_loss: 0
recommendation_loss: 1.1726226806640625, critic_loss: 0
recommendation_loss: 1.0151773691177368, critic_loss: 0
recommendation_loss: 1.027526617050171, critic_loss: 0
recommendation_loss: 1.0950742959976196, critic_loss: 0
recommendation_loss: 1.022470235824585, critic_loss: 0
recommendation_loss: 1.0253193378448486, critic_loss: 0
recommendation_loss: 1.0048444271087646, critic_loss: 0
recommendation_loss: 1.0973432064056396, critic_loss: 0
recommendation_loss: 1.0427498817443848, critic_loss: 0
recommendation_loss: 1.052016019821167, critic_loss: 0
recommendation_loss: 1.1067131757736206, critic_loss: 0
recommendation_loss: 1.0470616817474365, critic_loss: 0
recommendation_loss: 1.1253666877746582, critic_loss: 0
recommendation_loss: 1.0850142240524292, critic_loss: 0
recommendation_loss: 1.1797618865966797, critic_loss: 0
recommendation_loss: 1.0272489786148071, critic_loss: 0
recommendation_loss: 1.2197918891906738, critic_loss: 0
recommendation_loss: 1.100325584411621, critic_loss: 0
recommendation_loss: 1.099975824356079, critic_loss: 0
recommendation_loss: 1.067258596420288, critic_loss: 0
recommendation_loss: 1.0848100185394287, critic_loss: 0
recommendation_loss: 1.0634312629699707, critic_loss: 0
recommendation_loss: 1.2076507806777954, critic_loss: 0
recommendation_loss: 1.0847642421722412, critic_loss: 0
recommendation_loss: 1.0821754932403564, critic_loss: 0
recommendation_loss: 1.1417250633239746, critic_loss: 0
recommendation_loss: 1.079488754272461, critic_loss: 0
recommendation_loss: 1.1217697858810425, critic_loss: 0
recommendation_loss: 1.1028296947479248, critic_loss: 0
recommendation_loss: 1.1835418939590454, critic_loss: 0
recommendation_loss: 1.1849250793457031, critic_loss: 0
recommendation_loss: 1.0545389652252197, critic_loss: 0
recommendation_loss: 1.1980382204055786, critic_loss: 0
recommendation_loss: 1.1370632648468018, critic_loss: 0
recommendation_loss: 1.1018922328948975, critic_loss: 0
recommendation_loss: 1.0900508165359497, critic_loss: 0
recommendation_loss: 1.1250131130218506, critic_loss: 0
recommendation_loss: 1.1240029335021973, critic_loss: 0
recommendation_loss: 1.1117744445800781, critic_loss: 0
recommendation_loss: 1.006309986114502, critic_loss: 0
recommendation_loss: 1.1049387454986572, critic_loss: 0
recommendation_loss: 1.0341463088989258, critic_loss: 0
recommendation_loss: 1.0998327732086182, critic_loss: 0
recommendation_loss: 1.1890736818313599, critic_loss: 0
recommendation_loss: 1.1255725622177124, critic_loss: 0
recommendation_loss: 1.0367717742919922, critic_loss: 0
recommendation_loss: 1.103271245956421, critic_loss: 0
recommendation_loss: 1.0636478662490845, critic_loss: 0
recommendation_loss: 1.1064000129699707, critic_loss: 0
recommendation_loss: 1.03377103805542, critic_loss: 0
recommendation_loss: 1.0227199792861938, critic_loss: 0
recommendation_loss: 1.0511934757232666, critic_loss: 0
recommendation_loss: 1.0982255935668945, critic_loss: 0
recommendation_loss: 1.0418567657470703, critic_loss: 0
recommendation_loss: 1.146496057510376, critic_loss: 0
recommendation_loss: 1.0497552156448364, critic_loss: 0
recommendation_loss: 1.0496511459350586, critic_loss: 0
recommendation_loss: 1.1727615594863892, critic_loss: 0
2024-08-09 18:04:19.783872: step 9120/24320 (epoch 30/80), loss = 0.763004 (30.077 sec/epoch), lr: 0.001796
Evaluating on dev set...
...........................
source: 	 mrr: 0.036297	 ndcg_5: 0.0262	 ndcg_10: 0.0356	 hit@1:0.010862	 hit@5:0.0427	 hit@10: 0.0717
target: 	 mrr: 0.046300	 ndcg_5: 0.0402	 ndcg_10: 0.0485	 hit@1:0.017422	 hit@5:0.0613	 hit@10: 0.0871
epoch 30: train_loss = 0.763004, source_hit@10 = 0.0717, source_ndcg@10 = 0.0356, target_hit@10 = 0.0871, target_ndcg@10 = 0.0485
shift to transfer learning mode

recommendation_loss: 1.0885096788406372, critic_loss: 0
recommendation_loss: 1.023699402809143, critic_loss: 0
recommendation_loss: 1.0712270736694336, critic_loss: 0
recommendation_loss: 1.1329630613327026, critic_loss: 0
recommendation_loss: 1.0601706504821777, critic_loss: 0
recommendation_loss: 1.1208337545394897, critic_loss: 0
recommendation_loss: 1.1085988283157349, critic_loss: 0
recommendation_loss: 1.0906403064727783, critic_loss: 0
recommendation_loss: 0.996569037437439, critic_loss: 0
recommendation_loss: 1.1250444650650024, critic_loss: 0
recommendation_loss: 1.0808181762695312, critic_loss: 0
recommendation_loss: 1.0698891878128052, critic_loss: 0
recommendation_loss: 1.0882717370986938, critic_loss: 0
recommendation_loss: 1.0898723602294922, critic_loss: 0
recommendation_loss: 1.1442933082580566, critic_loss: 0
recommendation_loss: 1.0817452669143677, critic_loss: 0
recommendation_loss: 1.0892579555511475, critic_loss: 0
recommendation_loss: 1.036415696144104, critic_loss: 0
recommendation_loss: 1.0727295875549316, critic_loss: 0
recommendation_loss: 1.0959714651107788, critic_loss: 0
recommendation_loss: 1.0952866077423096, critic_loss: 0
recommendation_loss: 1.0482357740402222, critic_loss: 0
recommendation_loss: 1.0146753787994385, critic_loss: 0
recommendation_loss: 1.048566222190857, critic_loss: 0
recommendation_loss: 1.0747368335723877, critic_loss: 0
recommendation_loss: 1.187680959701538, critic_loss: 0
recommendation_loss: 1.0422383546829224, critic_loss: 0
recommendation_loss: 1.0378936529159546, critic_loss: 0
recommendation_loss: 1.04026198387146, critic_loss: 0
recommendation_loss: 1.1080957651138306, critic_loss: 0
recommendation_loss: 1.0179197788238525, critic_loss: 0
recommendation_loss: 1.0583269596099854, critic_loss: 0
recommendation_loss: 1.1133365631103516, critic_loss: 0
recommendation_loss: 1.1102678775787354, critic_loss: 0
recommendation_loss: 1.189908742904663, critic_loss: 0
recommendation_loss: 1.0694090127944946, critic_loss: 0
recommendation_loss: 1.1101797819137573, critic_loss: 0
recommendation_loss: 1.0488700866699219, critic_loss: 0
recommendation_loss: 1.0968916416168213, critic_loss: 0
recommendation_loss: 1.0214368104934692, critic_loss: 0
recommendation_loss: 1.0908493995666504, critic_loss: 0
recommendation_loss: 1.1645383834838867, critic_loss: 0
recommendation_loss: 0.9874204993247986, critic_loss: 0
recommendation_loss: 1.0513999462127686, critic_loss: 0
recommendation_loss: 1.1458916664123535, critic_loss: 0
recommendation_loss: 1.0989549160003662, critic_loss: 0
recommendation_loss: 1.1362016201019287, critic_loss: 0
recommendation_loss: 1.0456730127334595, critic_loss: 0
recommendation_loss: 1.1290969848632812, critic_loss: 0
recommendation_loss: 1.0431758165359497, critic_loss: 0
recommendation_loss: 1.0656328201293945, critic_loss: 0
recommendation_loss: 1.1206594705581665, critic_loss: 0
recommendation_loss: 1.0332927703857422, critic_loss: 0
recommendation_loss: 1.0711066722869873, critic_loss: 0
recommendation_loss: 1.0817874670028687, critic_loss: 0
recommendation_loss: 1.1031614542007446, critic_loss: 0
recommendation_loss: 1.0517910718917847, critic_loss: 0
recommendation_loss: 1.0508465766906738, critic_loss: 0
recommendation_loss: 1.0458433628082275, critic_loss: 0
recommendation_loss: 1.0681982040405273, critic_loss: 0
recommendation_loss: 1.0651049613952637, critic_loss: 0
recommendation_loss: 1.0858466625213623, critic_loss: 0
recommendation_loss: 1.0670397281646729, critic_loss: 0
recommendation_loss: 1.056602954864502, critic_loss: 0
recommendation_loss: 1.0529303550720215, critic_loss: 0
recommendation_loss: 1.0786374807357788, critic_loss: 0
recommendation_loss: 1.0866789817810059, critic_loss: 0
recommendation_loss: 1.1538928747177124, critic_loss: 0
recommendation_loss: 1.0337119102478027, critic_loss: 0
recommendation_loss: 1.0546653270721436, critic_loss: 0
recommendation_loss: 1.0446012020111084, critic_loss: 0
recommendation_loss: 1.1325244903564453, critic_loss: 0
recommendation_loss: 1.0261865854263306, critic_loss: 0
recommendation_loss: 1.1305385828018188, critic_loss: 0
recommendation_loss: 1.0651476383209229, critic_loss: 0
recommendation_loss: 1.110538125038147, critic_loss: 0
recommendation_loss: 1.0108181238174438, critic_loss: 0
recommendation_loss: 1.0443576574325562, critic_loss: 0
recommendation_loss: 0.9954044222831726, critic_loss: 0
recommendation_loss: 1.1139554977416992, critic_loss: 0
recommendation_loss: 0.9987929463386536, critic_loss: 0
recommendation_loss: 1.0747061967849731, critic_loss: 0
recommendation_loss: 1.0957741737365723, critic_loss: 0
recommendation_loss: 1.0266832113265991, critic_loss: 0
recommendation_loss: 1.0954811573028564, critic_loss: 0
recommendation_loss: 1.0612075328826904, critic_loss: 0
recommendation_loss: 1.0095494985580444, critic_loss: 0
recommendation_loss: 1.0851407051086426, critic_loss: 0
recommendation_loss: 1.1251704692840576, critic_loss: 0
recommendation_loss: 1.0143095254898071, critic_loss: 0
recommendation_loss: 1.103285551071167, critic_loss: 0
recommendation_loss: 1.0674207210540771, critic_loss: 0
recommendation_loss: 1.036892056465149, critic_loss: 0
recommendation_loss: 0.9790654182434082, critic_loss: 0
recommendation_loss: 1.076577067375183, critic_loss: 0
recommendation_loss: 1.0593159198760986, critic_loss: 0
recommendation_loss: 1.1638600826263428, critic_loss: 0
recommendation_loss: 1.09218430519104, critic_loss: 0
recommendation_loss: 0.9917318820953369, critic_loss: 0
recommendation_loss: 1.0965803861618042, critic_loss: 0
recommendation_loss: 1.1247408390045166, critic_loss: 0
recommendation_loss: 1.030161738395691, critic_loss: 0
recommendation_loss: 1.0686671733856201, critic_loss: 0
recommendation_loss: 1.1214311122894287, critic_loss: 0
recommendation_loss: 1.085066795349121, critic_loss: 0
recommendation_loss: 1.1535367965698242, critic_loss: 0
recommendation_loss: 1.1392769813537598, critic_loss: 0
recommendation_loss: 1.0793696641921997, critic_loss: 0
recommendation_loss: 1.1279630661010742, critic_loss: 0
recommendation_loss: 1.0009541511535645, critic_loss: 0
recommendation_loss: 1.2237446308135986, critic_loss: 0
recommendation_loss: 1.1401257514953613, critic_loss: 0
recommendation_loss: 1.065553903579712, critic_loss: 0
recommendation_loss: 1.135462760925293, critic_loss: 0
recommendation_loss: 1.1082813739776611, critic_loss: 0
recommendation_loss: 1.1549291610717773, critic_loss: 0
recommendation_loss: 1.1090807914733887, critic_loss: 0
recommendation_loss: 1.1426422595977783, critic_loss: 0
recommendation_loss: 1.056649923324585, critic_loss: 0
recommendation_loss: 1.1388137340545654, critic_loss: 0
recommendation_loss: 1.088822841644287, critic_loss: 0
recommendation_loss: 1.0477302074432373, critic_loss: 0
recommendation_loss: 1.0458616018295288, critic_loss: 0
recommendation_loss: 1.1860008239746094, critic_loss: 0
recommendation_loss: 1.1023039817810059, critic_loss: 0
recommendation_loss: 1.1673057079315186, critic_loss: 0
recommendation_loss: 1.0941665172576904, critic_loss: 0
recommendation_loss: 1.0102720260620117, critic_loss: 0
recommendation_loss: 1.120141625404358, critic_loss: 0
recommendation_loss: 1.1371033191680908, critic_loss: 0
recommendation_loss: 1.0856952667236328, critic_loss: 0
recommendation_loss: 1.1496142148971558, critic_loss: 0
recommendation_loss: 1.0262149572372437, critic_loss: 0
recommendation_loss: 1.073790431022644, critic_loss: 0
recommendation_loss: 1.1248295307159424, critic_loss: 0
recommendation_loss: 1.1664046049118042, critic_loss: 0
recommendation_loss: 1.0614893436431885, critic_loss: 0
recommendation_loss: 1.0916285514831543, critic_loss: 0
recommendation_loss: 1.0321786403656006, critic_loss: 0
recommendation_loss: 1.0553416013717651, critic_loss: 0
recommendation_loss: 0.9893454313278198, critic_loss: 0
recommendation_loss: 1.1302725076675415, critic_loss: 0
recommendation_loss: 1.131754755973816, critic_loss: 0
recommendation_loss: 1.0950725078582764, critic_loss: 0
recommendation_loss: 1.0703942775726318, critic_loss: 0
recommendation_loss: 0.9881173372268677, critic_loss: 0
recommendation_loss: 1.1467009782791138, critic_loss: 0
recommendation_loss: 1.1083118915557861, critic_loss: 0
recommendation_loss: 1.0964409112930298, critic_loss: 0
recommendation_loss: 1.0550212860107422, critic_loss: 0
recommendation_loss: 1.0620591640472412, critic_loss: 0
recommendation_loss: 1.0524492263793945, critic_loss: 0
recommendation_loss: 1.1042293310165405, critic_loss: 0
recommendation_loss: 1.0311479568481445, critic_loss: 0
recommendation_loss: 1.064126968383789, critic_loss: 0
recommendation_loss: 1.059706449508667, critic_loss: 0
recommendation_loss: 1.0727641582489014, critic_loss: 0
recommendation_loss: 1.0991448163986206, critic_loss: 0
recommendation_loss: 1.0707836151123047, critic_loss: 0
recommendation_loss: 1.1706109046936035, critic_loss: 0
recommendation_loss: 1.0554765462875366, critic_loss: 0
recommendation_loss: 1.1503797769546509, critic_loss: 0
recommendation_loss: 1.0807167291641235, critic_loss: 0
recommendation_loss: 1.0488219261169434, critic_loss: 0
recommendation_loss: 1.0565235614776611, critic_loss: 0
recommendation_loss: 0.998942494392395, critic_loss: 0
recommendation_loss: 1.0602893829345703, critic_loss: 0
recommendation_loss: 1.1101124286651611, critic_loss: 0
recommendation_loss: 1.095663070678711, critic_loss: 0
recommendation_loss: 1.0730520486831665, critic_loss: 0
recommendation_loss: 1.0264785289764404, critic_loss: 0
recommendation_loss: 1.0244131088256836, critic_loss: 0
recommendation_loss: 0.9989801645278931, critic_loss: 0
recommendation_loss: 1.0401660203933716, critic_loss: 0
recommendation_loss: 1.144170880317688, critic_loss: 0
recommendation_loss: 1.0381227731704712, critic_loss: 0
recommendation_loss: 1.0173529386520386, critic_loss: 0
recommendation_loss: 1.018674612045288, critic_loss: 0
recommendation_loss: 1.1519126892089844, critic_loss: 0
recommendation_loss: 1.0451576709747314, critic_loss: 0
recommendation_loss: 1.0377230644226074, critic_loss: 0
recommendation_loss: 1.1734097003936768, critic_loss: 0
recommendation_loss: 1.0879758596420288, critic_loss: 0
recommendation_loss: 1.0147844552993774, critic_loss: 0
recommendation_loss: 1.090659260749817, critic_loss: 0
recommendation_loss: 1.0856132507324219, critic_loss: 0
recommendation_loss: 1.1371616125106812, critic_loss: 0
recommendation_loss: 1.069246768951416, critic_loss: 0
recommendation_loss: 1.1342072486877441, critic_loss: 0
recommendation_loss: 1.1932461261749268, critic_loss: 0
recommendation_loss: 1.0731701850891113, critic_loss: 0
recommendation_loss: 1.108443260192871, critic_loss: 0
recommendation_loss: 1.0729345083236694, critic_loss: 0
recommendation_loss: 1.076570987701416, critic_loss: 0
recommendation_loss: 1.0801775455474854, critic_loss: 0
recommendation_loss: 1.1109602451324463, critic_loss: 0
recommendation_loss: 1.1462328433990479, critic_loss: 0
recommendation_loss: 1.0819523334503174, critic_loss: 0
recommendation_loss: 1.1559638977050781, critic_loss: 0
recommendation_loss: 0.9613660573959351, critic_loss: 0
recommendation_loss: 1.1423462629318237, critic_loss: 0
recommendation_loss: 1.1117342710494995, critic_loss: 0
recommendation_loss: 1.0476737022399902, critic_loss: 0
recommendation_loss: 1.0804568529129028, critic_loss: 0
recommendation_loss: 1.0998342037200928, critic_loss: 0
recommendation_loss: 1.1267080307006836, critic_loss: 0
recommendation_loss: 1.044431447982788, critic_loss: 0
recommendation_loss: 1.100117564201355, critic_loss: 0
recommendation_loss: 1.087167739868164, critic_loss: 0
recommendation_loss: 1.1282610893249512, critic_loss: 0
recommendation_loss: 1.1689149141311646, critic_loss: 0
recommendation_loss: 1.158060073852539, critic_loss: 0
recommendation_loss: 1.0326898097991943, critic_loss: 0
recommendation_loss: 1.0605422258377075, critic_loss: 0
recommendation_loss: 1.0637205839157104, critic_loss: 0
recommendation_loss: 1.101887822151184, critic_loss: 0
recommendation_loss: 1.070429801940918, critic_loss: 0
recommendation_loss: 1.019416332244873, critic_loss: 0
recommendation_loss: 0.9700711965560913, critic_loss: 0
recommendation_loss: 1.0557036399841309, critic_loss: 0
recommendation_loss: 1.0433509349822998, critic_loss: 0
recommendation_loss: 1.0393662452697754, critic_loss: 0
recommendation_loss: 1.089469075202942, critic_loss: 0
recommendation_loss: 1.0016157627105713, critic_loss: 0
recommendation_loss: 1.0687432289123535, critic_loss: 0
recommendation_loss: 1.0932281017303467, critic_loss: 0
recommendation_loss: 1.1170647144317627, critic_loss: 0
recommendation_loss: 1.0533024072647095, critic_loss: 0
recommendation_loss: 1.1388715505599976, critic_loss: 0
recommendation_loss: 1.1200306415557861, critic_loss: 0
recommendation_loss: 1.078322410583496, critic_loss: 0
recommendation_loss: 1.1371643543243408, critic_loss: 0
recommendation_loss: 1.0756752490997314, critic_loss: 0
recommendation_loss: 1.0726046562194824, critic_loss: 0
recommendation_loss: 1.0491232872009277, critic_loss: 0
recommendation_loss: 0.9934232234954834, critic_loss: 0
recommendation_loss: 1.0417821407318115, critic_loss: 0
recommendation_loss: 1.0285828113555908, critic_loss: 0
recommendation_loss: 0.9817612767219543, critic_loss: 0
recommendation_loss: 1.0437873601913452, critic_loss: 0
recommendation_loss: 1.1019023656845093, critic_loss: 0
recommendation_loss: 1.142600655555725, critic_loss: 0
recommendation_loss: 1.0972535610198975, critic_loss: 0
recommendation_loss: 1.0152617692947388, critic_loss: 0
recommendation_loss: 1.0098261833190918, critic_loss: 0
recommendation_loss: 1.1116386651992798, critic_loss: 0
recommendation_loss: 1.2403266429901123, critic_loss: 0
recommendation_loss: 1.060045599937439, critic_loss: 0
recommendation_loss: 1.0851000547409058, critic_loss: 0
recommendation_loss: 1.1533368825912476, critic_loss: 0
recommendation_loss: 1.0471770763397217, critic_loss: 0
recommendation_loss: 0.9801719188690186, critic_loss: 0
recommendation_loss: 1.042234182357788, critic_loss: 0
recommendation_loss: 1.1225262880325317, critic_loss: 0
recommendation_loss: 1.0906003713607788, critic_loss: 0
recommendation_loss: 1.0764243602752686, critic_loss: 0
recommendation_loss: 1.0767364501953125, critic_loss: 0
recommendation_loss: 1.0587718486785889, critic_loss: 0
recommendation_loss: 1.137927532196045, critic_loss: 0
recommendation_loss: 0.9840636849403381, critic_loss: 0
recommendation_loss: 1.132242202758789, critic_loss: 0
recommendation_loss: 1.1042966842651367, critic_loss: 0
recommendation_loss: 1.2074837684631348, critic_loss: 0
recommendation_loss: 0.9689896106719971, critic_loss: 0
recommendation_loss: 1.1008186340332031, critic_loss: 0
recommendation_loss: 1.1128346920013428, critic_loss: 0
recommendation_loss: 1.075364112854004, critic_loss: 0
recommendation_loss: 1.144489049911499, critic_loss: 0
recommendation_loss: 1.0128135681152344, critic_loss: 0
recommendation_loss: 1.0758507251739502, critic_loss: 0
recommendation_loss: 1.0709651708602905, critic_loss: 0
recommendation_loss: 1.0800122022628784, critic_loss: 0
recommendation_loss: 1.0739182233810425, critic_loss: 0
recommendation_loss: 1.0684900283813477, critic_loss: 0
recommendation_loss: 1.0229809284210205, critic_loss: 0
recommendation_loss: 1.110490322113037, critic_loss: 0
recommendation_loss: 1.099916696548462, critic_loss: 0
recommendation_loss: 1.1082125902175903, critic_loss: 0
recommendation_loss: 1.0798906087875366, critic_loss: 0
recommendation_loss: 1.070238471031189, critic_loss: 0
recommendation_loss: 1.1205534934997559, critic_loss: 0
recommendation_loss: 1.0279974937438965, critic_loss: 0
recommendation_loss: 1.123654842376709, critic_loss: 0
recommendation_loss: 1.0758882761001587, critic_loss: 0
recommendation_loss: 1.0938186645507812, critic_loss: 0
recommendation_loss: 1.0460866689682007, critic_loss: 0
recommendation_loss: 1.0605932474136353, critic_loss: 0
recommendation_loss: 1.1370306015014648, critic_loss: 0
recommendation_loss: 1.0771301984786987, critic_loss: 0
recommendation_loss: 1.0584611892700195, critic_loss: 0
recommendation_loss: 1.0173410177230835, critic_loss: 0
recommendation_loss: 1.022571325302124, critic_loss: 0
recommendation_loss: 1.0689769983291626, critic_loss: 0
recommendation_loss: 1.0713040828704834, critic_loss: 0
recommendation_loss: 1.0142030715942383, critic_loss: 0
recommendation_loss: 1.1506977081298828, critic_loss: 0
recommendation_loss: 1.142403483390808, critic_loss: 0
recommendation_loss: 1.0702183246612549, critic_loss: 0
recommendation_loss: 1.1061275005340576, critic_loss: 0
recommendation_loss: 1.0978513956069946, critic_loss: 0
recommendation_loss: 1.0390543937683105, critic_loss: 0
recommendation_loss: 1.0456664562225342, critic_loss: 0
recommendation_loss: 1.1794464588165283, critic_loss: 0
recommendation_loss: 1.0715141296386719, critic_loss: 0
2024-08-09 18:04:50.037807: step 9424/24320 (epoch 31/80), loss = 0.756321 (29.898 sec/epoch), lr: 0.001706
Evaluating on dev set...
...........................
source: 	 mrr: 0.044037	 ndcg_5: 0.0347	 ndcg_10: 0.0457	 hit@1:0.014482	 hit@5:0.0565	 hit@10: 0.0905
target: 	 mrr: 0.042395	 ndcg_5: 0.0363	 ndcg_10: 0.0440	 hit@1:0.017422	 hit@5:0.0544	 hit@10: 0.0787
epoch 31: train_loss = 0.756321, source_hit@10 = 0.0905, source_ndcg@10 = 0.0457, target_hit@10 = 0.0787, target_ndcg@10 = 0.0440

recommendation_loss: 1.115408182144165, critic_loss: 0
recommendation_loss: 1.01423180103302, critic_loss: 0
recommendation_loss: 1.0732479095458984, critic_loss: 0
recommendation_loss: 1.0006368160247803, critic_loss: 0
recommendation_loss: 1.0230480432510376, critic_loss: 0
recommendation_loss: 1.099916934967041, critic_loss: 0
recommendation_loss: 1.0755594968795776, critic_loss: 0
recommendation_loss: 0.998843789100647, critic_loss: 0
recommendation_loss: 1.142029047012329, critic_loss: 0
recommendation_loss: 1.0750197172164917, critic_loss: 0
recommendation_loss: 1.1318284273147583, critic_loss: 0
recommendation_loss: 1.1041088104248047, critic_loss: 0
recommendation_loss: 1.161637544631958, critic_loss: 0
recommendation_loss: 1.0180102586746216, critic_loss: 0
recommendation_loss: 1.106407642364502, critic_loss: 0
recommendation_loss: 1.0168424844741821, critic_loss: 0
recommendation_loss: 0.9919580221176147, critic_loss: 0
recommendation_loss: 0.9632208347320557, critic_loss: 0
recommendation_loss: 1.1097230911254883, critic_loss: 0
recommendation_loss: 1.1137784719467163, critic_loss: 0
recommendation_loss: 1.0303940773010254, critic_loss: 0
recommendation_loss: 1.014885425567627, critic_loss: 0
recommendation_loss: 1.0651328563690186, critic_loss: 0
recommendation_loss: 1.134401798248291, critic_loss: 0
recommendation_loss: 1.0885504484176636, critic_loss: 0
recommendation_loss: 0.9743212461471558, critic_loss: 0
recommendation_loss: 1.0998926162719727, critic_loss: 0
recommendation_loss: 1.0399045944213867, critic_loss: 0
recommendation_loss: 0.9834513664245605, critic_loss: 0
recommendation_loss: 1.124862790107727, critic_loss: 0
recommendation_loss: 1.0930685997009277, critic_loss: 0
recommendation_loss: 0.9725229740142822, critic_loss: 0
recommendation_loss: 1.1009796857833862, critic_loss: 0
recommendation_loss: 1.0923001766204834, critic_loss: 0
recommendation_loss: 1.0823557376861572, critic_loss: 0
recommendation_loss: 1.05319344997406, critic_loss: 0
recommendation_loss: 1.1176198720932007, critic_loss: 0
recommendation_loss: 1.0849106311798096, critic_loss: 0
recommendation_loss: 1.1273069381713867, critic_loss: 0
recommendation_loss: 1.0463790893554688, critic_loss: 0
recommendation_loss: 1.098136067390442, critic_loss: 0
recommendation_loss: 1.1103047132492065, critic_loss: 0
recommendation_loss: 1.0326497554779053, critic_loss: 0
recommendation_loss: 1.0663191080093384, critic_loss: 0
recommendation_loss: 1.1378495693206787, critic_loss: 0
recommendation_loss: 1.026259422302246, critic_loss: 0
recommendation_loss: 1.1542751789093018, critic_loss: 0
recommendation_loss: 1.0821988582611084, critic_loss: 0
recommendation_loss: 1.055981159210205, critic_loss: 0
recommendation_loss: 1.1012758016586304, critic_loss: 0
recommendation_loss: 1.0771312713623047, critic_loss: 0
recommendation_loss: 1.062068223953247, critic_loss: 0
recommendation_loss: 0.9391074180603027, critic_loss: 0
recommendation_loss: 1.155313491821289, critic_loss: 0
recommendation_loss: 1.123915195465088, critic_loss: 0
recommendation_loss: 1.1322658061981201, critic_loss: 0
recommendation_loss: 1.0688570737838745, critic_loss: 0
recommendation_loss: 0.9816861748695374, critic_loss: 0
recommendation_loss: 0.9684855937957764, critic_loss: 0
recommendation_loss: 1.0615971088409424, critic_loss: 0
recommendation_loss: 1.1249760389328003, critic_loss: 0
recommendation_loss: 1.1390165090560913, critic_loss: 0
recommendation_loss: 1.0837944746017456, critic_loss: 0
recommendation_loss: 1.0800175666809082, critic_loss: 0
recommendation_loss: 1.1278088092803955, critic_loss: 0
recommendation_loss: 1.0478962659835815, critic_loss: 0
recommendation_loss: 1.0870890617370605, critic_loss: 0
recommendation_loss: 1.1421411037445068, critic_loss: 0
recommendation_loss: 1.1182674169540405, critic_loss: 0
recommendation_loss: 1.077475905418396, critic_loss: 0
recommendation_loss: 1.0411063432693481, critic_loss: 0
recommendation_loss: 0.9934987425804138, critic_loss: 0
recommendation_loss: 1.099011778831482, critic_loss: 0
recommendation_loss: 1.0248733758926392, critic_loss: 0
recommendation_loss: 1.0956379175186157, critic_loss: 0
recommendation_loss: 1.0088250637054443, critic_loss: 0
recommendation_loss: 1.0324212312698364, critic_loss: 0
recommendation_loss: 1.0382871627807617, critic_loss: 0
recommendation_loss: 0.9915831685066223, critic_loss: 0
recommendation_loss: 1.0104880332946777, critic_loss: 0
recommendation_loss: 1.0554656982421875, critic_loss: 0
recommendation_loss: 1.0449447631835938, critic_loss: 0
recommendation_loss: 1.0451972484588623, critic_loss: 0
recommendation_loss: 1.0299948453903198, critic_loss: 0
recommendation_loss: 1.0732382535934448, critic_loss: 0
recommendation_loss: 1.0492286682128906, critic_loss: 0
recommendation_loss: 1.089766025543213, critic_loss: 0
recommendation_loss: 1.1187200546264648, critic_loss: 0
recommendation_loss: 1.0671679973602295, critic_loss: 0
recommendation_loss: 1.0367008447647095, critic_loss: 0
recommendation_loss: 1.0984371900558472, critic_loss: 0
recommendation_loss: 1.09224271774292, critic_loss: 0
recommendation_loss: 1.0373303890228271, critic_loss: 0
recommendation_loss: 1.0023709535598755, critic_loss: 0
recommendation_loss: 1.127272367477417, critic_loss: 0
recommendation_loss: 1.0378533601760864, critic_loss: 0
recommendation_loss: 1.0587366819381714, critic_loss: 0
recommendation_loss: 1.0461242198944092, critic_loss: 0
recommendation_loss: 0.974592387676239, critic_loss: 0
recommendation_loss: 1.1904945373535156, critic_loss: 0
recommendation_loss: 1.034314751625061, critic_loss: 0
recommendation_loss: 0.9973903894424438, critic_loss: 0
recommendation_loss: 1.096055507659912, critic_loss: 0
recommendation_loss: 1.081101417541504, critic_loss: 0
recommendation_loss: 1.0656440258026123, critic_loss: 0
recommendation_loss: 1.0868819952011108, critic_loss: 0
recommendation_loss: 1.105170726776123, critic_loss: 0
recommendation_loss: 1.0836116075515747, critic_loss: 0
recommendation_loss: 1.0856223106384277, critic_loss: 0
recommendation_loss: 1.0683398246765137, critic_loss: 0
recommendation_loss: 1.1041548252105713, critic_loss: 0
recommendation_loss: 1.1257771253585815, critic_loss: 0
recommendation_loss: 1.0664736032485962, critic_loss: 0
recommendation_loss: 1.1110811233520508, critic_loss: 0
recommendation_loss: 1.0907038450241089, critic_loss: 0
recommendation_loss: 1.157059907913208, critic_loss: 0
recommendation_loss: 1.0863813161849976, critic_loss: 0
recommendation_loss: 1.1141153573989868, critic_loss: 0
recommendation_loss: 1.0464873313903809, critic_loss: 0
recommendation_loss: 1.1154006719589233, critic_loss: 0
recommendation_loss: 1.0529314279556274, critic_loss: 0
recommendation_loss: 1.0363919734954834, critic_loss: 0
recommendation_loss: 1.1078606843948364, critic_loss: 0
recommendation_loss: 1.1399166584014893, critic_loss: 0
recommendation_loss: 0.9909769892692566, critic_loss: 0
recommendation_loss: 1.1235641241073608, critic_loss: 0
recommendation_loss: 1.0934473276138306, critic_loss: 0
recommendation_loss: 1.1011996269226074, critic_loss: 0
recommendation_loss: 1.0760092735290527, critic_loss: 0
recommendation_loss: 1.155740737915039, critic_loss: 0
recommendation_loss: 1.1061758995056152, critic_loss: 0
recommendation_loss: 1.1140681505203247, critic_loss: 0
recommendation_loss: 1.047402024269104, critic_loss: 0
recommendation_loss: 1.0801438093185425, critic_loss: 0
recommendation_loss: 1.1705875396728516, critic_loss: 0
recommendation_loss: 1.1146892309188843, critic_loss: 0
recommendation_loss: 1.1006277799606323, critic_loss: 0
recommendation_loss: 1.0656150579452515, critic_loss: 0
recommendation_loss: 1.096373200416565, critic_loss: 0
recommendation_loss: 1.1765434741973877, critic_loss: 0
recommendation_loss: 1.1084249019622803, critic_loss: 0
recommendation_loss: 1.0480656623840332, critic_loss: 0
recommendation_loss: 1.1231763362884521, critic_loss: 0
recommendation_loss: 1.1328319311141968, critic_loss: 0
recommendation_loss: 1.1071796417236328, critic_loss: 0
recommendation_loss: 1.054687261581421, critic_loss: 0
recommendation_loss: 1.1255686283111572, critic_loss: 0
recommendation_loss: 1.0710766315460205, critic_loss: 0
recommendation_loss: 0.9655110836029053, critic_loss: 0
recommendation_loss: 1.0659180879592896, critic_loss: 0
recommendation_loss: 1.0723894834518433, critic_loss: 0
recommendation_loss: 1.0794446468353271, critic_loss: 0
recommendation_loss: 1.0286349058151245, critic_loss: 0
recommendation_loss: 0.9971414804458618, critic_loss: 0
recommendation_loss: 1.0602174997329712, critic_loss: 0
recommendation_loss: 1.0877994298934937, critic_loss: 0
recommendation_loss: 0.9922481775283813, critic_loss: 0
recommendation_loss: 1.0346416234970093, critic_loss: 0
recommendation_loss: 1.0236725807189941, critic_loss: 0
recommendation_loss: 1.0070291757583618, critic_loss: 0
recommendation_loss: 1.0353471040725708, critic_loss: 0
recommendation_loss: 0.9615697860717773, critic_loss: 0
recommendation_loss: 1.0835798978805542, critic_loss: 0
recommendation_loss: 1.0531080961227417, critic_loss: 0
recommendation_loss: 1.0862466096878052, critic_loss: 0
recommendation_loss: 1.1095826625823975, critic_loss: 0
recommendation_loss: 0.9571905136108398, critic_loss: 0
recommendation_loss: 1.157421588897705, critic_loss: 0
recommendation_loss: 1.030274510383606, critic_loss: 0
recommendation_loss: 1.023350477218628, critic_loss: 0
recommendation_loss: 1.0163092613220215, critic_loss: 0
recommendation_loss: 1.054005742073059, critic_loss: 0
recommendation_loss: 1.072889804840088, critic_loss: 0
recommendation_loss: 1.0946428775787354, critic_loss: 0
recommendation_loss: 1.0603911876678467, critic_loss: 0
recommendation_loss: 1.0575050115585327, critic_loss: 0
recommendation_loss: 1.0405935049057007, critic_loss: 0
recommendation_loss: 1.0510807037353516, critic_loss: 0
recommendation_loss: 1.0791096687316895, critic_loss: 0
recommendation_loss: 1.1048516035079956, critic_loss: 0
recommendation_loss: 1.169721007347107, critic_loss: 0
recommendation_loss: 1.1127198934555054, critic_loss: 0
recommendation_loss: 1.0240049362182617, critic_loss: 0
recommendation_loss: 1.0444097518920898, critic_loss: 0
recommendation_loss: 1.077805757522583, critic_loss: 0
recommendation_loss: 1.0991864204406738, critic_loss: 0
recommendation_loss: 1.0804086923599243, critic_loss: 0
recommendation_loss: 1.0770387649536133, critic_loss: 0
recommendation_loss: 1.1129231452941895, critic_loss: 0
recommendation_loss: 1.1050785779953003, critic_loss: 0
recommendation_loss: 1.012653112411499, critic_loss: 0
recommendation_loss: 1.1045267581939697, critic_loss: 0
recommendation_loss: 1.030408501625061, critic_loss: 0
recommendation_loss: 1.1372308731079102, critic_loss: 0
recommendation_loss: 1.1507542133331299, critic_loss: 0
recommendation_loss: 1.1210702657699585, critic_loss: 0
recommendation_loss: 1.0614985227584839, critic_loss: 0
recommendation_loss: 1.072702407836914, critic_loss: 0
recommendation_loss: 1.0789809226989746, critic_loss: 0
recommendation_loss: 1.032642126083374, critic_loss: 0
recommendation_loss: 0.9870948791503906, critic_loss: 0
recommendation_loss: 1.0988019704818726, critic_loss: 0
recommendation_loss: 0.9405776262283325, critic_loss: 0
